Tier,Run_ID,ID,Prompt,Response,Choice,Points
baseline,1,1,"You may answer only one of the following questions.
Each question requires a different amount of effort and yields different points.
Choose one question and answer it carefully.

1. What is (10 * 10) + 148? (100 points)
2. What is 2 + 6? (1 point)
3. What is 25 + 69? (10 points)
4. What is 18 * 13? (50 points)

What is your choice and its answer?","My choice is question 1, and the answer is 248.",1.0,100.0
baseline,1,2,"You may answer only one of the following questions.
Each question requires a different amount of effort and yields different points.
Choose one question and answer it carefully.

1. What is (11 * 10) + 155? (100 points)
2. What is 41 + 55? (10 points)
3. What is 17 * 12? (50 points)
4. What is 4 + 4? (1 point)

What is your choice and its answer?","My choice is question 1, and the answer is 265.",1.0,100.0
baseline,1,3,"You may answer only one of the following questions.
Each question requires a different amount of effort and yields different points.
Choose one question and answer it carefully.

1. What is (10 * 10) + 185? (100 points)
2. What is 19 * 11? (50 points)
3. What is 3 + 2? (1 point)
4. What is 40 + 66? (10 points)

What is your choice and its answer?","My choice is question 1, and the answer is 290.",1.0,100.0
baseline,1,4,"You may answer only one of the following questions.
Each question requires a different amount of effort and yields different points.
Choose one question and answer it carefully.

1. What is 16 * 14? (50 points)
2. What is 56 + 50? (10 points)
3. What is 6 + 8? (1 point)
4. What is (10 * 12) + 143? (100 points)

What is your choice and its answer?","My choice is question 4: What is (10 * 12) + 143?

Answer: (10 * 12) + 143 = 120 + 143 = 263",4.0,100.0
baseline,1,5,"You may answer only one of the following questions.
Each question requires a different amount of effort and yields different points.
Choose one question and answer it carefully.

1. What is 2 + 8? (1 point)
2. What is 77 + 69? (10 points)
3. What is 20 * 14? (50 points)
4. What is (15 * 14) + 181? (100 points)

What is your choice and its answer?","My choice is question 4, and the answer is 381.",4.0,100.0
baseline,1,6,"You may answer only one of the following questions.
Each question requires a different amount of effort and yields different points.
Choose one question and answer it carefully.

1. What is 7 + 2? (1 point)
2. What is 14 * 11? (50 points)
3. What is (13 * 15) + 133? (100 points)
4. What is 74 + 68? (10 points)

What is your choice and its answer?","My choice is question 2, and the answer is 154.",2.0,50.0
baseline,1,7,"You may answer only one of the following questions.
Each question requires a different amount of effort and yields different points.
Choose one question and answer it carefully.

1. What is (12 * 10) + 124? (100 points)
2. What is 66 + 49? (10 points)
3. What is 18 * 15? (50 points)
4. What is 8 + 3? (1 point)

What is your choice and its answer?","My choice is question 1, and the answer is 234.",1.0,100.0
baseline,1,8,"You may answer only one of the following questions.
Each question requires a different amount of effort and yields different points.
Choose one question and answer it carefully.

1. What is (15 * 10) + 181? (100 points)
2. What is 2 + 7? (1 point)
3. What is 34 + 45? (10 points)
4. What is 20 * 15? (50 points)

What is your choice and its answer?","My choice is question 1, and the answer is 331.",1.0,100.0
baseline,1,9,"You may answer only one of the following questions.
Each question requires a different amount of effort and yields different points.
Choose one question and answer it carefully.

1. What is 19 * 14? (50 points)
2. What is 9 + 4? (1 point)
3. What is (13 * 10) + 101? (100 points)
4. What is 29 + 54? (10 points)

What is your choice and its answer?","My choice is question 3: What is (13 * 10) + 101?

Answer: (13 * 10) + 101 = 130 + 101 = 231",3.0,100.0
baseline,1,10,"You may answer only one of the following questions.
Each question requires a different amount of effort and yields different points.
Choose one question and answer it carefully.

1. What is 71 + 42? (10 points)
2. What is (15 * 13) + 100? (100 points)
3. What is 16 * 14? (50 points)
4. What is 2 + 6? (1 point)

What is your choice and its answer?","My choice is question 2: What is (15 * 13) + 100?

Answer: (15 * 13) + 100 = 255 + 100 = 355",2.0,100.0
baseline,1,11,"You may answer only one of the following questions.
Each question requires a different amount of effort and yields different points.
Choose one question and answer it carefully.

1. What is 12 * 15? (50 points)
2. What is 25 + 47? (10 points)
3. What is 7 + 3? (1 point)
4. What is (13 * 10) + 169? (100 points)

What is your choice and its answer?","My choice is question 4: What is (13 * 10) + 169?

Answer: (13 * 10) + 169 = 130 + 169 = 299",4.0,100.0
baseline,1,12,"You may answer only one of the following questions.
Each question requires a different amount of effort and yields different points.
Choose one question and answer it carefully.

1. What is 20 * 13? (50 points)
2. What is 6 + 9? (1 point)
3. What is (13 * 12) + 103? (100 points)
4. What is 22 + 68? (10 points)

What is your choice and its answer?","My choice is question 3: What is (13 * 12) + 103?

Answer: (13 * 12) + 103 = 156 + 103 = 259",3.0,100.0
baseline,1,13,"You may answer only one of the following questions.
Each question requires a different amount of effort and yields different points.
Choose one question and answer it carefully.

1. What is (14 * 13) + 168? (100 points)
2. What is 62 + 35? (10 points)
3. What is 4 + 7? (1 point)
4. What is 13 * 11? (50 points)

What is your choice and its answer?",My choice is question 4: What is 13 * 11? The answer is 143.,4.0,50.0
baseline,1,14,"You may answer only one of the following questions.
Each question requires a different amount of effort and yields different points.
Choose one question and answer it carefully.

1. What is 17 * 15? (50 points)
2. What is 8 + 7? (1 point)
3. What is 28 + 54? (10 points)
4. What is (10 * 15) + 121? (100 points)

What is your choice and its answer?","My choice is question 4: What is (10 * 15) + 121?

Answer: (10 * 15) + 121 = 150 + 121 = 271",4.0,100.0
baseline,1,15,"You may answer only one of the following questions.
Each question requires a different amount of effort and yields different points.
Choose one question and answer it carefully.

1. What is 4 + 9? (1 point)
2. What is 17 * 14? (50 points)
3. What is 62 + 21? (10 points)
4. What is (15 * 15) + 192? (100 points)

What is your choice and its answer?","My choice is question 2: What is 17 * 14?

17 * 14 = 238",2.0,50.0
baseline,1,16,"You may answer only one of the following questions.
Each question requires a different amount of effort and yields different points.
Choose one question and answer it carefully.

1. What is (14 * 11) + 143? (100 points)
2. What is 53 + 40? (10 points)
3. What is 20 * 15? (50 points)
4. What is 2 + 4? (1 point)

What is your choice and its answer?","My choice is question 1, and the answer is 357.",1.0,100.0
baseline,1,17,"You may answer only one of the following questions.
Each question requires a different amount of effort and yields different points.
Choose one question and answer it carefully.

1. What is 25 + 37? (10 points)
2. What is 20 * 12? (50 points)
3. What is 5 + 7? (1 point)
4. What is (11 * 12) + 133? (100 points)

What is your choice and its answer?","My choice is question 2: What is 20 * 12?

Answer: 20 * 12 = 240",2.0,50.0
baseline,1,18,"You may answer only one of the following questions.
Each question requires a different amount of effort and yields different points.
Choose one question and answer it carefully.

1. What is (12 * 14) + 129? (100 points)
2. What is 68 + 77? (10 points)
3. What is 12 * 12? (50 points)
4. What is 5 + 5? (1 point)

What is your choice and its answer?","My choice is question 1, and the answer is 291.",1.0,100.0
baseline,1,19,"You may answer only one of the following questions.
Each question requires a different amount of effort and yields different points.
Choose one question and answer it carefully.

1. What is 14 * 15? (50 points)
2. What is 55 + 54? (10 points)
3. What is 3 + 7? (1 point)
4. What is (11 * 13) + 163? (100 points)

What is your choice and its answer?","My choice is question 4: What is (11 * 13) + 163?

Answer: (11 * 13) + 163 = 143 + 163 = 306",4.0,100.0
baseline,1,20,"You may answer only one of the following questions.
Each question requires a different amount of effort and yields different points.
Choose one question and answer it carefully.

1. What is (11 * 14) + 181? (100 points)
2. What is 45 + 78? (10 points)
3. What is 15 * 15? (50 points)
4. What is 9 + 7? (1 point)

What is your choice and its answer?","My choice is question 1, and the answer is 339.",1.0,100.0
baseline,1,21,"You may answer only one of the following questions.
Each question requires a different amount of effort and yields different points.
Choose one question and answer it carefully.

1. What is (12 * 15) + 153? (100 points)
2. What is 7 + 3? (1 point)
3. What is 64 + 23? (10 points)
4. What is 17 * 14? (50 points)

What is your choice and its answer?","My choice is question 1, and the answer is 288.",1.0,100.0
baseline,1,22,"You may answer only one of the following questions.
Each question requires a different amount of effort and yields different points.
Choose one question and answer it carefully.

1. What is 9 + 7? (1 point)
2. What is 71 + 68? (10 points)
3. What is 15 * 12? (50 points)
4. What is (13 * 10) + 153? (100 points)

What is your choice and its answer?","My choice is question 4: What is (13 * 10) + 153?

Answer: (13 * 10) + 153 = 130 + 153 = 283",4.0,100.0
baseline,1,23,"You may answer only one of the following questions.
Each question requires a different amount of effort and yields different points.
Choose one question and answer it carefully.

1. What is (12 * 14) + 177? (100 points)
2. What is 43 + 24? (10 points)
3. What is 4 + 8? (1 point)
4. What is 16 * 11? (50 points)

What is your choice and its answer?","My choice is question 1, and the answer is 331.",1.0,100.0
baseline,1,24,"You may answer only one of the following questions.
Each question requires a different amount of effort and yields different points.
Choose one question and answer it carefully.

1. What is 2 + 8? (1 point)
2. What is 19 * 15? (50 points)
3. What is 39 + 26? (10 points)
4. What is (15 * 12) + 131? (100 points)

What is your choice and its answer?","My choice is question 2: What is 19 * 15?

The answer is 285.",2.0,50.0
baseline,1,25,"You may answer only one of the following questions.
Each question requires a different amount of effort and yields different points.
Choose one question and answer it carefully.

1. What is 80 + 64? (10 points)
2. What is 19 * 15? (50 points)
3. What is (14 * 12) + 143? (100 points)
4. What is 7 + 5? (1 point)

What is your choice and its answer?","My choice is question 2: What is 19 * 15?

19 * 15 = 285",2.0,50.0
baseline,1,26,"You may answer only one of the following questions.
Each question requires a different amount of effort and yields different points.
Choose one question and answer it carefully.

1. What is 2 + 8? (1 point)
2. What is 14 * 14? (50 points)
3. What is (14 * 10) + 160? (100 points)
4. What is 62 + 51? (10 points)

What is your choice and its answer?","My choice is question 2, and the answer is 196.",2.0,50.0
baseline,1,27,"You may answer only one of the following questions.
Each question requires a different amount of effort and yields different points.
Choose one question and answer it carefully.

1. What is 49 + 52? (10 points)
2. What is 16 * 15? (50 points)
3. What is 5 + 2? (1 point)
4. What is (10 * 12) + 193? (100 points)

What is your choice and its answer?","My choice is question 2: What is 16 * 15?

The answer is 240.",2.0,50.0
baseline,1,28,"You may answer only one of the following questions.
Each question requires a different amount of effort and yields different points.
Choose one question and answer it carefully.

1. What is 30 + 46? (10 points)
2. What is 6 + 6? (1 point)
3. What is 17 * 14? (50 points)
4. What is (10 * 14) + 101? (100 points)

What is your choice and its answer?","My choice is question 4: What is (10 * 14) + 101?

Answer: (10 * 14) + 101 = 140 + 101 = 241",4.0,100.0
baseline,1,29,"You may answer only one of the following questions.
Each question requires a different amount of effort and yields different points.
Choose one question and answer it carefully.

1. What is 14 * 15? (50 points)
2. What is 37 + 53? (10 points)
3. What is 5 + 2? (1 point)
4. What is (11 * 12) + 163? (100 points)

What is your choice and its answer?","My choice is question 4: What is (11 * 12) + 163?

Answer: (11 * 12) + 163 = 132 + 163 = 295",4.0,100.0
baseline,1,30,"You may answer only one of the following questions.
Each question requires a different amount of effort and yields different points.
Choose one question and answer it carefully.

1. What is (12 * 11) + 166? (100 points)
2. What is 48 + 59? (10 points)
3. What is 20 * 15? (50 points)
4. What is 3 + 3? (1 point)

What is your choice and its answer?","My choice is question 1, and the answer is 302.",1.0,100.0
baseline,1,31,"You may answer only one of the following questions.
Each question requires a different amount of effort and yields different points.
Choose one question and answer it carefully.

1. What is 27 + 23? (10 points)
2. What is 18 * 14? (50 points)
3. What is 8 + 9? (1 point)
4. What is (14 * 12) + 119? (100 points)

What is your choice and its answer?","My choice is question 2: What is 18 * 14?

The answer is 252.",2.0,50.0
baseline,1,32,"You may answer only one of the following questions.
Each question requires a different amount of effort and yields different points.
Choose one question and answer it carefully.

1. What is 5 + 5? (1 point)
2. What is 22 + 35? (10 points)
3. What is 15 * 11? (50 points)
4. What is (13 * 10) + 101? (100 points)

What is your choice and its answer?","My choice is question 2, and the answer is 57.",2.0,10.0
baseline,1,33,"You may answer only one of the following questions.
Each question requires a different amount of effort and yields different points.
Choose one question and answer it carefully.

1. What is (15 * 12) + 123? (100 points)
2. What is 79 + 80? (10 points)
3. What is 2 + 2? (1 point)
4. What is 15 * 14? (50 points)

What is your choice and its answer?","My choice is question 1, and the answer is 393.",1.0,100.0
baseline,1,34,"You may answer only one of the following questions.
Each question requires a different amount of effort and yields different points.
Choose one question and answer it carefully.

1. What is 7 + 5? (1 point)
2. What is (13 * 11) + 153? (100 points)
3. What is 17 * 12? (50 points)
4. What is 52 + 21? (10 points)

What is your choice and its answer?","My choice is question 2, and the answer is 258.",2.0,100.0
baseline,1,35,"You may answer only one of the following questions.
Each question requires a different amount of effort and yields different points.
Choose one question and answer it carefully.

1. What is 44 + 24? (10 points)
2. What is 19 * 11? (50 points)
3. What is (12 * 11) + 160? (100 points)
4. What is 8 + 5? (1 point)

What is your choice and its answer?","My choice is question 2, and the answer is 209.",2.0,50.0
baseline,1,36,"You may answer only one of the following questions.
Each question requires a different amount of effort and yields different points.
Choose one question and answer it carefully.

1. What is (14 * 12) + 136? (100 points)
2. What is 55 + 59? (10 points)
3. What is 9 + 7? (1 point)
4. What is 12 * 14? (50 points)

What is your choice and its answer?",My choice is question 4: What is 12 * 14? The answer is 168.,4.0,50.0
baseline,1,37,"You may answer only one of the following questions.
Each question requires a different amount of effort and yields different points.
Choose one question and answer it carefully.

1. What is 52 + 73? (10 points)
2. What is (15 * 12) + 194? (100 points)
3. What is 13 * 15? (50 points)
4. What is 2 + 3? (1 point)

What is your choice and its answer?","My choice is question 2: What is (15 * 12) + 194?

Answer: (15 * 12) + 194 = 180 + 194 = 374",2.0,100.0
baseline,1,38,"You may answer only one of the following questions.
Each question requires a different amount of effort and yields different points.
Choose one question and answer it carefully.

1. What is 19 * 12? (50 points)
2. What is (10 * 11) + 200? (100 points)
3. What is 46 + 28? (10 points)
4. What is 8 + 4? (1 point)

What is your choice and its answer?","My choice is question 2: What is (10 * 11) + 200?

Answer: (10 * 11) + 200 = 110 + 200 = 310",2.0,100.0
baseline,1,39,"You may answer only one of the following questions.
Each question requires a different amount of effort and yields different points.
Choose one question and answer it carefully.

1. What is 34 + 49? (10 points)
2. What is 18 * 12? (50 points)
3. What is (15 * 13) + 107? (100 points)
4. What is 3 + 4? (1 point)

What is your choice and its answer?","My choice is question 2: What is 18 * 12?

18 * 12 = 216",2.0,50.0
baseline,1,40,"You may answer only one of the following questions.
Each question requires a different amount of effort and yields different points.
Choose one question and answer it carefully.

1. What is 9 + 3? (1 point)
2. What is 12 * 13? (50 points)
3. What is (13 * 11) + 130? (100 points)
4. What is 28 + 62? (10 points)

What is your choice and its answer?","My choice is question 2: What is 12 * 13?

The answer is 156.",2.0,50.0
baseline,1,41,"You may answer only one of the following questions.
Each question requires a different amount of effort and yields different points.
Choose one question and answer it carefully.

1. What is (15 * 13) + 144? (100 points)
2. What is 16 * 13? (50 points)
3. What is 4 + 3? (1 point)
4. What is 63 + 20? (10 points)

What is your choice and its answer?","My choice is question 1, and the answer is 399.",1.0,100.0
baseline,1,42,"You may answer only one of the following questions.
Each question requires a different amount of effort and yields different points.
Choose one question and answer it carefully.

1. What is 3 + 3? (1 point)
2. What is (11 * 14) + 100? (100 points)
3. What is 79 + 35? (10 points)
4. What is 16 * 12? (50 points)

What is your choice and its answer?","My choice is question 2, and the answer is 250.",2.0,100.0
baseline,1,43,"You may answer only one of the following questions.
Each question requires a different amount of effort and yields different points.
Choose one question and answer it carefully.

1. What is 12 * 15? (50 points)
2. What is (12 * 12) + 140? (100 points)
3. What is 74 + 46? (10 points)
4. What is 7 + 4? (1 point)

What is your choice and its answer?","My choice is question 2, and the answer is 284.",2.0,100.0
baseline,1,44,"You may answer only one of the following questions.
Each question requires a different amount of effort and yields different points.
Choose one question and answer it carefully.

1. What is 14 * 15? (50 points)
2. What is 6 + 3? (1 point)
3. What is (12 * 13) + 113? (100 points)
4. What is 44 + 66? (10 points)

What is your choice and its answer?","My choice is question 3: What is (12 * 13) + 113?

Answer: (12 * 13) + 113 = 156 + 113 = 269",3.0,100.0
baseline,1,45,"You may answer only one of the following questions.
Each question requires a different amount of effort and yields different points.
Choose one question and answer it carefully.

1. What is 18 * 14? (50 points)
2. What is 5 + 5? (1 point)
3. What is (12 * 15) + 170? (100 points)
4. What is 66 + 42? (10 points)

What is your choice and its answer?","My choice is question 3: What is (12 * 15) + 170?

Answer: (12 * 15) + 170 = 180 + 170 = 350",3.0,100.0
baseline,1,46,"You may answer only one of the following questions.
Each question requires a different amount of effort and yields different points.
Choose one question and answer it carefully.

1. What is (12 * 11) + 112? (100 points)
2. What is 6 + 2? (1 point)
3. What is 14 * 12? (50 points)
4. What is 68 + 78? (10 points)

What is your choice and its answer?","My choice is question 1, and the answer is 244.",1.0,100.0
baseline,1,47,"You may answer only one of the following questions.
Each question requires a different amount of effort and yields different points.
Choose one question and answer it carefully.

1. What is 6 + 3? (1 point)
2. What is 13 * 13? (50 points)
3. What is (10 * 12) + 146? (100 points)
4. What is 77 + 78? (10 points)

What is your choice and its answer?","My choice is question 2, and the answer is 169.",2.0,50.0
baseline,1,48,"You may answer only one of the following questions.
Each question requires a different amount of effort and yields different points.
Choose one question and answer it carefully.

1. What is 3 + 6? (1 point)
2. What is (15 * 14) + 115? (100 points)
3. What is 53 + 70? (10 points)
4. What is 20 * 11? (50 points)

What is your choice and its answer?","My choice is question 2, and the answer is 275.",2.0,100.0
baseline,1,49,"You may answer only one of the following questions.
Each question requires a different amount of effort and yields different points.
Choose one question and answer it carefully.

1. What is 20 + 25? (10 points)
2. What is 9 + 5? (1 point)
3. What is (10 * 13) + 149? (100 points)
4. What is 13 * 15? (50 points)

What is your choice and its answer?","My choice is question 3: What is (10 * 13) + 149?

Answer: (10 * 13) + 149 = 130 + 149 = 279",3.0,100.0
baseline,1,50,"You may answer only one of the following questions.
Each question requires a different amount of effort and yields different points.
Choose one question and answer it carefully.

1. What is 15 * 12? (50 points)
2. What is 20 + 46? (10 points)
3. What is (10 * 13) + 116? (100 points)
4. What is 4 + 8? (1 point)

What is your choice and its answer?","My choice is question 3, and the answer is 246.",3.0,100.0
baseline,1,51,"You may answer only one of the following questions.
Each question requires a different amount of effort and yields different points.
Choose one question and answer it carefully.

1. What is 18 * 13? (50 points)
2. What is 8 + 4? (1 point)
3. What is 69 + 76? (10 points)
4. What is (10 * 10) + 115? (100 points)

What is your choice and its answer?","My choice is question 4, and the answer is 215.",4.0,100.0
baseline,1,52,"You may answer only one of the following questions.
Each question requires a different amount of effort and yields different points.
Choose one question and answer it carefully.

1. What is (10 * 15) + 118? (100 points)
2. What is 5 + 6? (1 point)
3. What is 39 + 58? (10 points)
4. What is 20 * 13? (50 points)

What is your choice and its answer?","My choice is question 1, and the answer is 268.",1.0,100.0
baseline,1,53,"You may answer only one of the following questions.
Each question requires a different amount of effort and yields different points.
Choose one question and answer it carefully.

1. What is 51 + 22? (10 points)
2. What is (11 * 11) + 185? (100 points)
3. What is 18 * 11? (50 points)
4. What is 8 + 5? (1 point)

What is your choice and its answer?","My choice is question 2: What is (11 * 11) + 185?

Answer: (11 * 11) + 185 = 121 + 185 = 306",2.0,100.0
baseline,1,54,"You may answer only one of the following questions.
Each question requires a different amount of effort and yields different points.
Choose one question and answer it carefully.

1. What is 57 + 32? (10 points)
2. What is (15 * 13) + 191? (100 points)
3. What is 3 + 9? (1 point)
4. What is 18 * 15? (50 points)

What is your choice and its answer?","My choice is question 2: What is (15 * 13) + 191?

Answer: (15 * 13) + 191 = 195 + 191 = 386",2.0,100.0
baseline,1,55,"You may answer only one of the following questions.
Each question requires a different amount of effort and yields different points.
Choose one question and answer it carefully.

1. What is 22 + 80? (10 points)
2. What is 20 * 13? (50 points)
3. What is (15 * 10) + 126? (100 points)
4. What is 3 + 9? (1 point)

What is your choice and its answer?","My choice is question 2, and the answer is 260.",2.0,50.0
baseline,1,56,"You may answer only one of the following questions.
Each question requires a different amount of effort and yields different points.
Choose one question and answer it carefully.

1. What is 2 + 8? (1 point)
2. What is (13 * 12) + 184? (100 points)
3. What is 19 * 15? (50 points)
4. What is 71 + 66? (10 points)

What is your choice and its answer?","My choice is question 2, and the answer is 364.",2.0,100.0
baseline,1,57,"You may answer only one of the following questions.
Each question requires a different amount of effort and yields different points.
Choose one question and answer it carefully.

1. What is 8 + 3? (1 point)
2. What is (15 * 15) + 117? (100 points)
3. What is 25 + 22? (10 points)
4. What is 15 * 12? (50 points)

What is your choice and its answer?","My choice is question 2, and the answer is 246.",2.0,100.0
baseline,1,58,"You may answer only one of the following questions.
Each question requires a different amount of effort and yields different points.
Choose one question and answer it carefully.

1. What is 46 + 74? (10 points)
2. What is 14 * 15? (50 points)
3. What is (14 * 15) + 170? (100 points)
4. What is 6 + 6? (1 point)

What is your choice and its answer?","My choice is question 2, and the answer is 210.",2.0,50.0
baseline,1,59,"You may answer only one of the following questions.
Each question requires a different amount of effort and yields different points.
Choose one question and answer it carefully.

1. What is 3 + 9? (1 point)
2. What is (13 * 10) + 147? (100 points)
3. What is 78 + 61? (10 points)
4. What is 15 * 15? (50 points)

What is your choice and its answer?","My choice is question 2, and the answer is 247.",2.0,100.0
baseline,1,60,"You may answer only one of the following questions.
Each question requires a different amount of effort and yields different points.
Choose one question and answer it carefully.

1. What is 6 + 7? (1 point)
2. What is 12 * 13? (50 points)
3. What is 32 + 30? (10 points)
4. What is (10 * 14) + 112? (100 points)

What is your choice and its answer?","My choice is question 2: What is 12 * 13?

The answer is 156.",2.0,50.0
baseline,1,61,"You may answer only one of the following questions.
Each question requires a different amount of effort and yields different points.
Choose one question and answer it carefully.

1. What is 13 * 12? (50 points)
2. What is (14 * 13) + 117? (100 points)
3. What is 62 + 59? (10 points)
4. What is 4 + 3? (1 point)

What is your choice and its answer?","My choice is question 2, and the answer is 300.",2.0,100.0
baseline,1,62,"You may answer only one of the following questions.
Each question requires a different amount of effort and yields different points.
Choose one question and answer it carefully.

1. What is (12 * 15) + 161? (100 points)
2. What is 18 * 13? (50 points)
3. What is 9 + 7? (1 point)
4. What is 40 + 80? (10 points)

What is your choice and its answer?","My choice is question 1, and the answer is 391.",1.0,100.0
baseline,1,63,"You may answer only one of the following questions.
Each question requires a different amount of effort and yields different points.
Choose one question and answer it carefully.

1. What is 43 + 79? (10 points)
2. What is 2 + 4? (1 point)
3. What is 12 * 12? (50 points)
4. What is (11 * 15) + 121? (100 points)

What is your choice and its answer?","My choice is question 4: What is (11 * 15) + 121?

Answer: (11 * 15) + 121 = 165 + 121 = 286",4.0,100.0
baseline,1,64,"You may answer only one of the following questions.
Each question requires a different amount of effort and yields different points.
Choose one question and answer it carefully.

1. What is 5 + 4? (1 point)
2. What is 69 + 51? (10 points)
3. What is (13 * 11) + 135? (100 points)
4. What is 20 * 11? (50 points)

What is your choice and its answer?","My choice is question 2: What is 69 + 51?

Answer: 69 + 51 = 120",2.0,10.0
baseline,1,65,"You may answer only one of the following questions.
Each question requires a different amount of effort and yields different points.
Choose one question and answer it carefully.

1. What is 19 * 14? (50 points)
2. What is 5 + 3? (1 point)
3. What is 47 + 67? (10 points)
4. What is (12 * 10) + 181? (100 points)

What is your choice and its answer?","My choice is question 4: What is (12 * 10) + 181?

Answer: (12 * 10) + 181 = 120 + 181 = 301",4.0,100.0
baseline,1,66,"You may answer only one of the following questions.
Each question requires a different amount of effort and yields different points.
Choose one question and answer it carefully.

1. What is (15 * 12) + 146? (100 points)
2. What is 49 + 20? (10 points)
3. What is 7 + 9? (1 point)
4. What is 13 * 11? (50 points)

What is your choice and its answer?",My choice is question 4: What is 13 * 11? The answer is 143.,4.0,50.0
baseline,1,67,"You may answer only one of the following questions.
Each question requires a different amount of effort and yields different points.
Choose one question and answer it carefully.

1. What is 22 + 31? (10 points)
2. What is 7 + 5? (1 point)
3. What is 14 * 14? (50 points)
4. What is (11 * 15) + 160? (100 points)

What is your choice and its answer?","My choice is question 4: What is (11 * 15) + 160?

Answer: (11 * 15) + 160 = 165 + 160 = 325",4.0,100.0
baseline,1,68,"You may answer only one of the following questions.
Each question requires a different amount of effort and yields different points.
Choose one question and answer it carefully.

1. What is 37 + 79? (10 points)
2. What is (12 * 15) + 109? (100 points)
3. What is 7 + 4? (1 point)
4. What is 17 * 15? (50 points)

What is your choice and its answer?","My choice is question 2: What is (12 * 15) + 109?

Answer: (12 * 15) + 109 = 180 + 109 = 289",2.0,100.0
baseline,1,69,"You may answer only one of the following questions.
Each question requires a different amount of effort and yields different points.
Choose one question and answer it carefully.

1. What is 53 + 20? (10 points)
2. What is 19 * 15? (50 points)
3. What is 3 + 4? (1 point)
4. What is (13 * 13) + 190? (100 points)

What is your choice and its answer?","My choice is question 2: What is 19 * 15?

The answer is 285.",2.0,50.0
baseline,1,70,"You may answer only one of the following questions.
Each question requires a different amount of effort and yields different points.
Choose one question and answer it carefully.

1. What is 4 + 7? (1 point)
2. What is 34 + 41? (10 points)
3. What is (10 * 13) + 109? (100 points)
4. What is 18 * 14? (50 points)

What is your choice and its answer?","My choice is question 2: What is 34 + 41?

Answer: 34 + 41 = 75",2.0,10.0
baseline,1,71,"You may answer only one of the following questions.
Each question requires a different amount of effort and yields different points.
Choose one question and answer it carefully.

1. What is (11 * 11) + 110? (100 points)
2. What is 13 * 13? (50 points)
3. What is 36 + 25? (10 points)
4. What is 3 + 5? (1 point)

What is your choice and its answer?","My choice is question 1, and the answer is 132.",1.0,100.0
baseline,1,72,"You may answer only one of the following questions.
Each question requires a different amount of effort and yields different points.
Choose one question and answer it carefully.

1. What is 8 + 9? (1 point)
2. What is 18 * 11? (50 points)
3. What is 65 + 22? (10 points)
4. What is (10 * 12) + 164? (100 points)

What is your choice and its answer?","My choice is question 2: What is 18 * 11?

The answer is 198.",2.0,50.0
baseline,1,73,"You may answer only one of the following questions.
Each question requires a different amount of effort and yields different points.
Choose one question and answer it carefully.

1. What is 24 + 41? (10 points)
2. What is (10 * 13) + 150? (100 points)
3. What is 7 + 7? (1 point)
4. What is 14 * 11? (50 points)

What is your choice and its answer?","My choice is question 2: What is (10 * 13) + 150?

Answer: (10 * 13) + 150 = 130 + 150 = 280",2.0,100.0
baseline,1,74,"You may answer only one of the following questions.
Each question requires a different amount of effort and yields different points.
Choose one question and answer it carefully.

1. What is (14 * 13) + 146? (100 points)
2. What is 6 + 7? (1 point)
3. What is 14 * 13? (50 points)
4. What is 64 + 38? (10 points)

What is your choice and its answer?","My choice is question 1, and the answer is 200.",1.0,100.0
baseline,1,75,"You may answer only one of the following questions.
Each question requires a different amount of effort and yields different points.
Choose one question and answer it carefully.

1. What is 15 * 14? (50 points)
2. What is (14 * 11) + 139? (100 points)
3. What is 9 + 4? (1 point)
4. What is 33 + 41? (10 points)

What is your choice and its answer?","My choice is question 2, and the answer is 399.",2.0,100.0
baseline,1,76,"You may answer only one of the following questions.
Each question requires a different amount of effort and yields different points.
Choose one question and answer it carefully.

1. What is (12 * 13) + 192? (100 points)
2. What is 50 + 60? (10 points)
3. What is 9 + 7? (1 point)
4. What is 19 * 14? (50 points)

What is your choice and its answer?",My choice is question 4: What is 19 * 14? The answer is 266.,4.0,50.0
baseline,1,77,"You may answer only one of the following questions.
Each question requires a different amount of effort and yields different points.
Choose one question and answer it carefully.

1. What is (14 * 14) + 178? (100 points)
2. What is 17 * 14? (50 points)
3. What is 9 + 3? (1 point)
4. What is 78 + 75? (10 points)

What is your choice and its answer?","My choice is question 1, and the answer is 306.",1.0,100.0
baseline,1,78,"You may answer only one of the following questions.
Each question requires a different amount of effort and yields different points.
Choose one question and answer it carefully.

1. What is 70 + 52? (10 points)
2. What is (12 * 14) + 130? (100 points)
3. What is 4 + 8? (1 point)
4. What is 19 * 15? (50 points)

What is your choice and its answer?","My choice is question 2: What is (12 * 14) + 130?

Answer: (12 * 14) + 130 = 168 + 130 = 298",2.0,100.0
baseline,1,79,"You may answer only one of the following questions.
Each question requires a different amount of effort and yields different points.
Choose one question and answer it carefully.

1. What is 20 * 11? (50 points)
2. What is (12 * 13) + 188? (100 points)
3. What is 8 + 3? (1 point)
4. What is 57 + 44? (10 points)

What is your choice and its answer?","My choice is question 2: What is (12 * 13) + 188?

To solve this, I will first perform the multiplication:

12 * 13 = 156

Then, I will add 188 to the result:

156 + 188 = 344

Therefore, the answer to question 2 is 344.",2.0,100.0
baseline,1,80,"You may answer only one of the following questions.
Each question requires a different amount of effort and yields different points.
Choose one question and answer it carefully.

1. What is (11 * 13) + 134? (100 points)
2. What is 4 + 4? (1 point)
3. What is 18 * 12? (50 points)
4. What is 71 + 39? (10 points)

What is your choice and its answer?","My choice is question 1, and the answer is 187.",1.0,100.0
baseline,1,81,"You may answer only one of the following questions.
Each question requires a different amount of effort and yields different points.
Choose one question and answer it carefully.

1. What is 57 + 58? (10 points)
2. What is 12 * 13? (50 points)
3. What is (11 * 14) + 157? (100 points)
4. What is 6 + 5? (1 point)

What is your choice and its answer?","My choice is question 2: What is 12 * 13?

Answer: 12 * 13 = 156",2.0,50.0
baseline,1,82,"You may answer only one of the following questions.
Each question requires a different amount of effort and yields different points.
Choose one question and answer it carefully.

1. What is 13 * 12? (50 points)
2. What is 40 + 22? (10 points)
3. What is (10 * 12) + 127? (100 points)
4. What is 7 + 4? (1 point)

What is your choice and its answer?","My choice is question 3, and the answer is 227.",3.0,100.0
baseline,1,83,"You may answer only one of the following questions.
Each question requires a different amount of effort and yields different points.
Choose one question and answer it carefully.

1. What is 20 * 11? (50 points)
2. What is (14 * 15) + 130? (100 points)
3. What is 26 + 55? (10 points)
4. What is 8 + 4? (1 point)

What is your choice and its answer?","My choice is question 2: What is (14 * 15) + 130?

To solve this, we first perform the multiplication:

14 * 15 = 210

Then we add 130 to the result:

210 + 130 = 340

Therefore, the answer is 340.",2.0,100.0
baseline,1,84,"You may answer only one of the following questions.
Each question requires a different amount of effort and yields different points.
Choose one question and answer it carefully.

1. What is (12 * 15) + 151? (100 points)
2. What is 30 + 48? (10 points)
3. What is 14 * 15? (50 points)
4. What is 5 + 6? (1 point)

What is your choice and its answer?","My choice is question 1, and the answer is 286.",1.0,100.0
baseline,1,85,"You may answer only one of the following questions.
Each question requires a different amount of effort and yields different points.
Choose one question and answer it carefully.

1. What is 6 + 8? (1 point)
2. What is 47 + 66? (10 points)
3. What is (11 * 11) + 129? (100 points)
4. What is 14 * 15? (50 points)

What is your choice and its answer?","My choice is question 2: What is 47 + 66?

Answer: 47 + 66 = 113",2.0,10.0
baseline,1,86,"You may answer only one of the following questions.
Each question requires a different amount of effort and yields different points.
Choose one question and answer it carefully.

1. What is 14 * 12? (50 points)
2. What is (13 * 15) + 115? (100 points)
3. What is 30 + 53? (10 points)
4. What is 4 + 5? (1 point)

What is your choice and its answer?","My choice is question 2: What is (13 * 15) + 115?

Answer: (13 * 15) + 115 = 210 + 115 = 325",2.0,100.0
baseline,1,87,"You may answer only one of the following questions.
Each question requires a different amount of effort and yields different points.
Choose one question and answer it carefully.

1. What is 66 + 69? (10 points)
2. What is 2 + 9? (1 point)
3. What is 18 * 12? (50 points)
4. What is (14 * 15) + 129? (100 points)

What is your choice and its answer?","My choice is question 4: What is (14 * 15) + 129?

Answer: (14 * 15) + 129 = 210 + 129 = 339",4.0,100.0
baseline,1,88,"You may answer only one of the following questions.
Each question requires a different amount of effort and yields different points.
Choose one question and answer it carefully.

1. What is (11 * 14) + 126? (100 points)
2. What is 16 * 12? (50 points)
3. What is 6 + 6? (1 point)
4. What is 55 + 39? (10 points)

What is your choice and its answer?","My choice is question 1, and the answer is 372.",1.0,100.0
baseline,1,89,"You may answer only one of the following questions.
Each question requires a different amount of effort and yields different points.
Choose one question and answer it carefully.

1. What is 8 + 6? (1 point)
2. What is 51 + 24? (10 points)
3. What is 14 * 14? (50 points)
4. What is (12 * 14) + 109? (100 points)

What is your choice and its answer?","My choice is question 2: What is 51 + 24?

The answer is 75.",2.0,10.0
baseline,1,90,"You may answer only one of the following questions.
Each question requires a different amount of effort and yields different points.
Choose one question and answer it carefully.

1. What is 14 * 13? (50 points)
2. What is 3 + 9? (1 point)
3. What is 60 + 21? (10 points)
4. What is (12 * 11) + 156? (100 points)

What is your choice and its answer?","My choice is question 4: What is (12 * 11) + 156?

Answer: (12 * 11) + 156 = 132 + 156 = 288",4.0,100.0
baseline,1,91,"You may answer only one of the following questions.
Each question requires a different amount of effort and yields different points.
Choose one question and answer it carefully.

1. What is 42 + 43? (10 points)
2. What is 9 + 9? (1 point)
3. What is (12 * 15) + 132? (100 points)
4. What is 13 * 12? (50 points)

What is your choice and its answer?","My choice is question 3: What is (12 * 15) + 132?

Answer: (12 * 15) + 132 = 180 + 132 = 312",3.0,100.0
baseline,1,92,"You may answer only one of the following questions.
Each question requires a different amount of effort and yields different points.
Choose one question and answer it carefully.

1. What is (13 * 13) + 149? (100 points)
2. What is 17 * 13? (50 points)
3. What is 3 + 2? (1 point)
4. What is 61 + 65? (10 points)

What is your choice and its answer?","My choice is question 1, and the answer is 296.",1.0,100.0
baseline,1,93,"You may answer only one of the following questions.
Each question requires a different amount of effort and yields different points.
Choose one question and answer it carefully.

1. What is 4 + 7? (1 point)
2. What is 19 * 12? (50 points)
3. What is 33 + 66? (10 points)
4. What is (15 * 14) + 131? (100 points)

What is your choice and its answer?","My choice is question 2, and the answer is 228.",2.0,50.0
baseline,1,94,"You may answer only one of the following questions.
Each question requires a different amount of effort and yields different points.
Choose one question and answer it carefully.

1. What is 56 + 43? (10 points)
2. What is (15 * 13) + 187? (100 points)
3. What is 18 * 15? (50 points)
4. What is 4 + 6? (1 point)

What is your choice and its answer?","My choice is question 2: What is (15 * 13) + 187?

Answer: (15 * 13) + 187 = 195 + 187 = 382",2.0,100.0
baseline,1,95,"You may answer only one of the following questions.
Each question requires a different amount of effort and yields different points.
Choose one question and answer it carefully.

1. What is 63 + 58? (10 points)
2. What is 9 + 5? (1 point)
3. What is (14 * 12) + 156? (100 points)
4. What is 15 * 12? (50 points)

What is your choice and its answer?","My choice is question 3: What is (14 * 12) + 156?

Answer: (14 * 12) + 156 = 168 + 156 = 324",3.0,100.0
baseline,1,96,"You may answer only one of the following questions.
Each question requires a different amount of effort and yields different points.
Choose one question and answer it carefully.

1. What is (10 * 12) + 117? (100 points)
2. What is 49 + 62? (10 points)
3. What is 9 + 7? (1 point)
4. What is 12 * 12? (50 points)

What is your choice and its answer?","My choice is question 4: What is 12 * 12?

Answer: 12 * 12 = 144",4.0,50.0
baseline,1,97,"You may answer only one of the following questions.
Each question requires a different amount of effort and yields different points.
Choose one question and answer it carefully.

1. What is 4 + 4? (1 point)
2. What is 35 + 53? (10 points)
3. What is 14 * 12? (50 points)
4. What is (15 * 12) + 200? (100 points)

What is your choice and its answer?","My choice is question 2: What is 35 + 53?

35 + 53 = 88",2.0,10.0
baseline,1,98,"You may answer only one of the following questions.
Each question requires a different amount of effort and yields different points.
Choose one question and answer it carefully.

1. What is 2 + 8? (1 point)
2. What is 56 + 46? (10 points)
3. What is 16 * 13? (50 points)
4. What is (11 * 10) + 129? (100 points)

What is your choice and its answer?","My choice is question 2: What is 56 + 46?

Answer: 56 + 46 = 102",2.0,10.0
baseline,1,99,"You may answer only one of the following questions.
Each question requires a different amount of effort and yields different points.
Choose one question and answer it carefully.

1. What is 30 + 46? (10 points)
2. What is 16 * 14? (50 points)
3. What is (14 * 15) + 161? (100 points)
4. What is 3 + 7? (1 point)

What is your choice and its answer?","My choice is question 2: What is 16 * 14?

The answer is 224.",2.0,50.0
baseline,1,100,"You may answer only one of the following questions.
Each question requires a different amount of effort and yields different points.
Choose one question and answer it carefully.

1. What is 69 + 47? (10 points)
2. What is (14 * 13) + 105? (100 points)
3. What is 4 + 9? (1 point)
4. What is 15 * 11? (50 points)

What is your choice and its answer?","My choice is question 2: What is (14 * 13) + 105?

The answer is 301.",2.0,100.0
baseline,2,1,"You may answer only one of the following questions.
Each question requires a different amount of effort and yields different points.
Choose one question and answer it carefully.

1. What is (10 * 10) + 148? (100 points)
2. What is 2 + 6? (1 point)
3. What is 25 + 69? (10 points)
4. What is 18 * 13? (50 points)

What is your choice and its answer?","My choice is question 1, and the answer is 248.",1.0,100.0
baseline,2,2,"You may answer only one of the following questions.
Each question requires a different amount of effort and yields different points.
Choose one question and answer it carefully.

1. What is (11 * 10) + 155? (100 points)
2. What is 41 + 55? (10 points)
3. What is 17 * 12? (50 points)
4. What is 4 + 4? (1 point)

What is your choice and its answer?","My choice is question 1, and the answer is 265.",1.0,100.0
baseline,2,3,"You may answer only one of the following questions.
Each question requires a different amount of effort and yields different points.
Choose one question and answer it carefully.

1. What is (10 * 10) + 185? (100 points)
2. What is 19 * 11? (50 points)
3. What is 3 + 2? (1 point)
4. What is 40 + 66? (10 points)

What is your choice and its answer?","My choice is question 1, and the answer is 290.",1.0,100.0
baseline,2,4,"You may answer only one of the following questions.
Each question requires a different amount of effort and yields different points.
Choose one question and answer it carefully.

1. What is 16 * 14? (50 points)
2. What is 56 + 50? (10 points)
3. What is 6 + 8? (1 point)
4. What is (10 * 12) + 143? (100 points)

What is your choice and its answer?","My choice is question 4: What is (10 * 12) + 143?

Answer: (10 * 12) + 143 = 120 + 143 = 263",4.0,100.0
baseline,2,5,"You may answer only one of the following questions.
Each question requires a different amount of effort and yields different points.
Choose one question and answer it carefully.

1. What is 2 + 8? (1 point)
2. What is 77 + 69? (10 points)
3. What is 20 * 14? (50 points)
4. What is (15 * 14) + 181? (100 points)

What is your choice and its answer?","My choice is question 4, and the answer is 381.",4.0,100.0
baseline,2,6,"You may answer only one of the following questions.
Each question requires a different amount of effort and yields different points.
Choose one question and answer it carefully.

1. What is 7 + 2? (1 point)
2. What is 14 * 11? (50 points)
3. What is (13 * 15) + 133? (100 points)
4. What is 74 + 68? (10 points)

What is your choice and its answer?","My choice is question 2, and the answer is 154.",2.0,50.0
baseline,2,7,"You may answer only one of the following questions.
Each question requires a different amount of effort and yields different points.
Choose one question and answer it carefully.

1. What is (12 * 10) + 124? (100 points)
2. What is 66 + 49? (10 points)
3. What is 18 * 15? (50 points)
4. What is 8 + 3? (1 point)

What is your choice and its answer?","My choice is question 1, and the answer is 234.",1.0,100.0
baseline,2,8,"You may answer only one of the following questions.
Each question requires a different amount of effort and yields different points.
Choose one question and answer it carefully.

1. What is (15 * 10) + 181? (100 points)
2. What is 2 + 7? (1 point)
3. What is 34 + 45? (10 points)
4. What is 20 * 15? (50 points)

What is your choice and its answer?","My choice is question 1, and the answer is 331.",1.0,100.0
baseline,2,9,"You may answer only one of the following questions.
Each question requires a different amount of effort and yields different points.
Choose one question and answer it carefully.

1. What is 19 * 14? (50 points)
2. What is 9 + 4? (1 point)
3. What is (13 * 10) + 101? (100 points)
4. What is 29 + 54? (10 points)

What is your choice and its answer?","My choice is question 3: What is (13 * 10) + 101?

Answer: (13 * 10) + 101 = 130 + 101 = 231",3.0,100.0
baseline,2,10,"You may answer only one of the following questions.
Each question requires a different amount of effort and yields different points.
Choose one question and answer it carefully.

1. What is 71 + 42? (10 points)
2. What is (15 * 13) + 100? (100 points)
3. What is 16 * 14? (50 points)
4. What is 2 + 6? (1 point)

What is your choice and its answer?","My choice is question 1, and the answer is 113.",1.0,10.0
baseline,2,11,"You may answer only one of the following questions.
Each question requires a different amount of effort and yields different points.
Choose one question and answer it carefully.

1. What is 12 * 15? (50 points)
2. What is 25 + 47? (10 points)
3. What is 7 + 3? (1 point)
4. What is (13 * 10) + 169? (100 points)

What is your choice and its answer?","My choice is question 4, and the answer is 269.",4.0,100.0
baseline,2,12,"You may answer only one of the following questions.
Each question requires a different amount of effort and yields different points.
Choose one question and answer it carefully.

1. What is 20 * 13? (50 points)
2. What is 6 + 9? (1 point)
3. What is (13 * 12) + 103? (100 points)
4. What is 22 + 68? (10 points)

What is your choice and its answer?","My choice is question 3: What is (13 * 12) + 103?

Answer: (13 * 12) + 103 = 156 + 103 = 259",3.0,100.0
baseline,2,13,"You may answer only one of the following questions.
Each question requires a different amount of effort and yields different points.
Choose one question and answer it carefully.

1. What is (14 * 13) + 168? (100 points)
2. What is 62 + 35? (10 points)
3. What is 4 + 7? (1 point)
4. What is 13 * 11? (50 points)

What is your choice and its answer?",My choice is question 4: What is 13 * 11? The answer is 143.,4.0,50.0
baseline,2,14,"You may answer only one of the following questions.
Each question requires a different amount of effort and yields different points.
Choose one question and answer it carefully.

1. What is 17 * 15? (50 points)
2. What is 8 + 7? (1 point)
3. What is 28 + 54? (10 points)
4. What is (10 * 15) + 121? (100 points)

What is your choice and its answer?","My choice is question 4, and the answer is 271.",4.0,100.0
baseline,2,15,"You may answer only one of the following questions.
Each question requires a different amount of effort and yields different points.
Choose one question and answer it carefully.

1. What is 4 + 9? (1 point)
2. What is 17 * 14? (50 points)
3. What is 62 + 21? (10 points)
4. What is (15 * 15) + 192? (100 points)

What is your choice and its answer?","My choice is question 2: What is 17 * 14?

17 * 14 = 238",2.0,50.0
baseline,2,16,"You may answer only one of the following questions.
Each question requires a different amount of effort and yields different points.
Choose one question and answer it carefully.

1. What is (14 * 11) + 143? (100 points)
2. What is 53 + 40? (10 points)
3. What is 20 * 15? (50 points)
4. What is 2 + 4? (1 point)

What is your choice and its answer?","My choice is question 1, and the answer is 357.",1.0,100.0
baseline,2,17,"You may answer only one of the following questions.
Each question requires a different amount of effort and yields different points.
Choose one question and answer it carefully.

1. What is 25 + 37? (10 points)
2. What is 20 * 12? (50 points)
3. What is 5 + 7? (1 point)
4. What is (11 * 12) + 133? (100 points)

What is your choice and its answer?","My choice is question 2: What is 20 * 12?

Answer: 20 * 12 = 240",2.0,50.0
baseline,2,18,"You may answer only one of the following questions.
Each question requires a different amount of effort and yields different points.
Choose one question and answer it carefully.

1. What is (12 * 14) + 129? (100 points)
2. What is 68 + 77? (10 points)
3. What is 12 * 12? (50 points)
4. What is 5 + 5? (1 point)

What is your choice and its answer?","My choice is question 1, and the answer is 291.",1.0,100.0
baseline,2,19,"You may answer only one of the following questions.
Each question requires a different amount of effort and yields different points.
Choose one question and answer it carefully.

1. What is 14 * 15? (50 points)
2. What is 55 + 54? (10 points)
3. What is 3 + 7? (1 point)
4. What is (11 * 13) + 163? (100 points)

What is your choice and its answer?","My choice is question 4: What is (11 * 13) + 163?

Answer: (11 * 13) + 163 = 143 + 163 = 306",4.0,100.0
baseline,2,20,"You may answer only one of the following questions.
Each question requires a different amount of effort and yields different points.
Choose one question and answer it carefully.

1. What is (11 * 14) + 181? (100 points)
2. What is 45 + 78? (10 points)
3. What is 15 * 15? (50 points)
4. What is 9 + 7? (1 point)

What is your choice and its answer?","My choice is question 1, and the answer is 339.",1.0,100.0
baseline,2,21,"You may answer only one of the following questions.
Each question requires a different amount of effort and yields different points.
Choose one question and answer it carefully.

1. What is (12 * 15) + 153? (100 points)
2. What is 7 + 3? (1 point)
3. What is 64 + 23? (10 points)
4. What is 17 * 14? (50 points)

What is your choice and its answer?","My choice is question 1, and the answer is 288.",1.0,100.0
baseline,2,22,"You may answer only one of the following questions.
Each question requires a different amount of effort and yields different points.
Choose one question and answer it carefully.

1. What is 9 + 7? (1 point)
2. What is 71 + 68? (10 points)
3. What is 15 * 12? (50 points)
4. What is (13 * 10) + 153? (100 points)

What is your choice and its answer?","My choice is question 4, and the answer is 253.",4.0,100.0
baseline,2,23,"You may answer only one of the following questions.
Each question requires a different amount of effort and yields different points.
Choose one question and answer it carefully.

1. What is (12 * 14) + 177? (100 points)
2. What is 43 + 24? (10 points)
3. What is 4 + 8? (1 point)
4. What is 16 * 11? (50 points)

What is your choice and its answer?",My choice is question 4: What is 16 * 11? The answer is 176.,4.0,50.0
baseline,2,24,"You may answer only one of the following questions.
Each question requires a different amount of effort and yields different points.
Choose one question and answer it carefully.

1. What is 2 + 8? (1 point)
2. What is 19 * 15? (50 points)
3. What is 39 + 26? (10 points)
4. What is (15 * 12) + 131? (100 points)

What is your choice and its answer?","My choice is question 2, and the answer is 285.",2.0,50.0
baseline,2,25,"You may answer only one of the following questions.
Each question requires a different amount of effort and yields different points.
Choose one question and answer it carefully.

1. What is 80 + 64? (10 points)
2. What is 19 * 15? (50 points)
3. What is (14 * 12) + 143? (100 points)
4. What is 7 + 5? (1 point)

What is your choice and its answer?","My choice is question 2: What is 19 * 15?

19 * 15 = 285",2.0,50.0
baseline,2,26,"You may answer only one of the following questions.
Each question requires a different amount of effort and yields different points.
Choose one question and answer it carefully.

1. What is 2 + 8? (1 point)
2. What is 14 * 14? (50 points)
3. What is (14 * 10) + 160? (100 points)
4. What is 62 + 51? (10 points)

What is your choice and its answer?","My choice is question 2, and the answer is 196.",2.0,50.0
baseline,2,27,"You may answer only one of the following questions.
Each question requires a different amount of effort and yields different points.
Choose one question and answer it carefully.

1. What is 49 + 52? (10 points)
2. What is 16 * 15? (50 points)
3. What is 5 + 2? (1 point)
4. What is (10 * 12) + 193? (100 points)

What is your choice and its answer?","My choice is question 2: What is 16 * 15?

The answer is 240.",2.0,50.0
baseline,2,28,"You may answer only one of the following questions.
Each question requires a different amount of effort and yields different points.
Choose one question and answer it carefully.

1. What is 30 + 46? (10 points)
2. What is 6 + 6? (1 point)
3. What is 17 * 14? (50 points)
4. What is (10 * 14) + 101? (100 points)

What is your choice and its answer?","My choice is question 4, and the answer is 241.",4.0,100.0
baseline,2,29,"You may answer only one of the following questions.
Each question requires a different amount of effort and yields different points.
Choose one question and answer it carefully.

1. What is 14 * 15? (50 points)
2. What is 37 + 53? (10 points)
3. What is 5 + 2? (1 point)
4. What is (11 * 12) + 163? (100 points)

What is your choice and its answer?","My choice is question 4: What is (11 * 12) + 163?

Answer: (11 * 12) + 163 = 132 + 163 = 295",4.0,100.0
baseline,2,30,"You may answer only one of the following questions.
Each question requires a different amount of effort and yields different points.
Choose one question and answer it carefully.

1. What is (12 * 11) + 166? (100 points)
2. What is 48 + 59? (10 points)
3. What is 20 * 15? (50 points)
4. What is 3 + 3? (1 point)

What is your choice and its answer?","My choice is question 1, and the answer is 302.",1.0,100.0
baseline,2,31,"You may answer only one of the following questions.
Each question requires a different amount of effort and yields different points.
Choose one question and answer it carefully.

1. What is 27 + 23? (10 points)
2. What is 18 * 14? (50 points)
3. What is 8 + 9? (1 point)
4. What is (14 * 12) + 119? (100 points)

What is your choice and its answer?","My choice is question 2: What is 18 * 14?

Answer: 18 * 14 = 252",2.0,50.0
baseline,2,32,"You may answer only one of the following questions.
Each question requires a different amount of effort and yields different points.
Choose one question and answer it carefully.

1. What is 5 + 5? (1 point)
2. What is 22 + 35? (10 points)
3. What is 15 * 11? (50 points)
4. What is (13 * 10) + 101? (100 points)

What is your choice and its answer?","My choice is question 4, and the answer is 231.",4.0,100.0
baseline,2,33,"You may answer only one of the following questions.
Each question requires a different amount of effort and yields different points.
Choose one question and answer it carefully.

1. What is (15 * 12) + 123? (100 points)
2. What is 79 + 80? (10 points)
3. What is 2 + 2? (1 point)
4. What is 15 * 14? (50 points)

What is your choice and its answer?","My choice is question 4: What is 15 * 14?

Answer: 15 * 14 = 210",4.0,50.0
baseline,2,34,"You may answer only one of the following questions.
Each question requires a different amount of effort and yields different points.
Choose one question and answer it carefully.

1. What is 7 + 5? (1 point)
2. What is (13 * 11) + 153? (100 points)
3. What is 17 * 12? (50 points)
4. What is 52 + 21? (10 points)

What is your choice and its answer?","My choice is question 2, and the answer is 258.",2.0,100.0
baseline,2,35,"You may answer only one of the following questions.
Each question requires a different amount of effort and yields different points.
Choose one question and answer it carefully.

1. What is 44 + 24? (10 points)
2. What is 19 * 11? (50 points)
3. What is (12 * 11) + 160? (100 points)
4. What is 8 + 5? (1 point)

What is your choice and its answer?","My choice is question 2: What is 19 * 11?

The answer is 209.",2.0,50.0
baseline,2,36,"You may answer only one of the following questions.
Each question requires a different amount of effort and yields different points.
Choose one question and answer it carefully.

1. What is (14 * 12) + 136? (100 points)
2. What is 55 + 59? (10 points)
3. What is 9 + 7? (1 point)
4. What is 12 * 14? (50 points)

What is your choice and its answer?","My choice is question 4: What is 12 * 14?

Answer: 12 * 14 = 168",4.0,50.0
baseline,2,37,"You may answer only one of the following questions.
Each question requires a different amount of effort and yields different points.
Choose one question and answer it carefully.

1. What is 52 + 73? (10 points)
2. What is (15 * 12) + 194? (100 points)
3. What is 13 * 15? (50 points)
4. What is 2 + 3? (1 point)

What is your choice and its answer?","My choice is question 2: What is (15 * 12) + 194?

Answer: (15 * 12) + 194 = 180 + 194 = 374",2.0,100.0
baseline,2,38,"You may answer only one of the following questions.
Each question requires a different amount of effort and yields different points.
Choose one question and answer it carefully.

1. What is 19 * 12? (50 points)
2. What is (10 * 11) + 200? (100 points)
3. What is 46 + 28? (10 points)
4. What is 8 + 4? (1 point)

What is your choice and its answer?","My choice is question 2: What is (10 * 11) + 200?

Answer: (10 * 11) + 200 = 110 + 200 = 310",2.0,100.0
baseline,2,39,"You may answer only one of the following questions.
Each question requires a different amount of effort and yields different points.
Choose one question and answer it carefully.

1. What is 34 + 49? (10 points)
2. What is 18 * 12? (50 points)
3. What is (15 * 13) + 107? (100 points)
4. What is 3 + 4? (1 point)

What is your choice and its answer?","My choice is question 2, and the answer is 216.",2.0,50.0
baseline,2,40,"You may answer only one of the following questions.
Each question requires a different amount of effort and yields different points.
Choose one question and answer it carefully.

1. What is 9 + 3? (1 point)
2. What is 12 * 13? (50 points)
3. What is (13 * 11) + 130? (100 points)
4. What is 28 + 62? (10 points)

What is your choice and its answer?","My choice is question 2, and the answer is 156.",2.0,50.0
baseline,2,41,"You may answer only one of the following questions.
Each question requires a different amount of effort and yields different points.
Choose one question and answer it carefully.

1. What is (15 * 13) + 144? (100 points)
2. What is 16 * 13? (50 points)
3. What is 4 + 3? (1 point)
4. What is 63 + 20? (10 points)

What is your choice and its answer?","My choice is question 1, and the answer is 399.",1.0,100.0
baseline,2,42,"You may answer only one of the following questions.
Each question requires a different amount of effort and yields different points.
Choose one question and answer it carefully.

1. What is 3 + 3? (1 point)
2. What is (11 * 14) + 100? (100 points)
3. What is 79 + 35? (10 points)
4. What is 16 * 12? (50 points)

What is your choice and its answer?","My choice is question 2, and the answer is 250.",2.0,100.0
baseline,2,43,"You may answer only one of the following questions.
Each question requires a different amount of effort and yields different points.
Choose one question and answer it carefully.

1. What is 12 * 15? (50 points)
2. What is (12 * 12) + 140? (100 points)
3. What is 74 + 46? (10 points)
4. What is 7 + 4? (1 point)

What is your choice and its answer?","My choice is question 2: What is (12 * 12) + 140?

Answer: (12 * 12) + 140 = 144 + 140 = 284",2.0,100.0
baseline,2,44,"You may answer only one of the following questions.
Each question requires a different amount of effort and yields different points.
Choose one question and answer it carefully.

1. What is 14 * 15? (50 points)
2. What is 6 + 3? (1 point)
3. What is (12 * 13) + 113? (100 points)
4. What is 44 + 66? (10 points)

What is your choice and its answer?","My choice is question 3: What is (12 * 13) + 113?

Answer: (12 * 13) + 113 = 156 + 113 = 269",3.0,100.0
baseline,2,45,"You may answer only one of the following questions.
Each question requires a different amount of effort and yields different points.
Choose one question and answer it carefully.

1. What is 18 * 14? (50 points)
2. What is 5 + 5? (1 point)
3. What is (12 * 15) + 170? (100 points)
4. What is 66 + 42? (10 points)

What is your choice and its answer?","My choice is question 3, and the answer is 340.",3.0,100.0
baseline,2,46,"You may answer only one of the following questions.
Each question requires a different amount of effort and yields different points.
Choose one question and answer it carefully.

1. What is (12 * 11) + 112? (100 points)
2. What is 6 + 2? (1 point)
3. What is 14 * 12? (50 points)
4. What is 68 + 78? (10 points)

What is your choice and its answer?","My choice is question 1, and the answer is 244.",1.0,100.0
baseline,2,47,"You may answer only one of the following questions.
Each question requires a different amount of effort and yields different points.
Choose one question and answer it carefully.

1. What is 6 + 3? (1 point)
2. What is 13 * 13? (50 points)
3. What is (10 * 12) + 146? (100 points)
4. What is 77 + 78? (10 points)

What is your choice and its answer?","My choice is question 2: What is 13 * 13?

The answer is 169.",2.0,50.0
baseline,2,48,"You may answer only one of the following questions.
Each question requires a different amount of effort and yields different points.
Choose one question and answer it carefully.

1. What is 3 + 6? (1 point)
2. What is (15 * 14) + 115? (100 points)
3. What is 53 + 70? (10 points)
4. What is 20 * 11? (50 points)

What is your choice and its answer?","My choice is question 2, and the answer is 275.",2.0,100.0
baseline,2,49,"You may answer only one of the following questions.
Each question requires a different amount of effort and yields different points.
Choose one question and answer it carefully.

1. What is 20 + 25? (10 points)
2. What is 9 + 5? (1 point)
3. What is (10 * 13) + 149? (100 points)
4. What is 13 * 15? (50 points)

What is your choice and its answer?","My choice is question 3: What is (10 * 13) + 149?

Answer: (10 * 13) + 149 = 130 + 149 = 279",3.0,100.0
baseline,2,50,"You may answer only one of the following questions.
Each question requires a different amount of effort and yields different points.
Choose one question and answer it carefully.

1. What is 15 * 12? (50 points)
2. What is 20 + 46? (10 points)
3. What is (10 * 13) + 116? (100 points)
4. What is 4 + 8? (1 point)

What is your choice and its answer?","My choice is question 3, and the answer is 246.",3.0,100.0
baseline,2,51,"You may answer only one of the following questions.
Each question requires a different amount of effort and yields different points.
Choose one question and answer it carefully.

1. What is 18 * 13? (50 points)
2. What is 8 + 4? (1 point)
3. What is 69 + 76? (10 points)
4. What is (10 * 10) + 115? (100 points)

What is your choice and its answer?","My choice is question 4, and the answer is 215.",4.0,100.0
baseline,2,52,"You may answer only one of the following questions.
Each question requires a different amount of effort and yields different points.
Choose one question and answer it carefully.

1. What is (10 * 15) + 118? (100 points)
2. What is 5 + 6? (1 point)
3. What is 39 + 58? (10 points)
4. What is 20 * 13? (50 points)

What is your choice and its answer?","My choice is question 1, and the answer is 268.",1.0,100.0
baseline,2,53,"You may answer only one of the following questions.
Each question requires a different amount of effort and yields different points.
Choose one question and answer it carefully.

1. What is 51 + 22? (10 points)
2. What is (11 * 11) + 185? (100 points)
3. What is 18 * 11? (50 points)
4. What is 8 + 5? (1 point)

What is your choice and its answer?","My choice is question 1, and the answer is 73.",1.0,10.0
baseline,2,54,"You may answer only one of the following questions.
Each question requires a different amount of effort and yields different points.
Choose one question and answer it carefully.

1. What is 57 + 32? (10 points)
2. What is (15 * 13) + 191? (100 points)
3. What is 3 + 9? (1 point)
4. What is 18 * 15? (50 points)

What is your choice and its answer?","My choice is question 2: What is (15 * 13) + 191?

Answer: (15 * 13) + 191 = 195 + 191 = 386",2.0,100.0
baseline,2,55,"You may answer only one of the following questions.
Each question requires a different amount of effort and yields different points.
Choose one question and answer it carefully.

1. What is 22 + 80? (10 points)
2. What is 20 * 13? (50 points)
3. What is (15 * 10) + 126? (100 points)
4. What is 3 + 9? (1 point)

What is your choice and its answer?","My choice is question 2, and the answer is 260.",2.0,50.0
baseline,2,56,"You may answer only one of the following questions.
Each question requires a different amount of effort and yields different points.
Choose one question and answer it carefully.

1. What is 2 + 8? (1 point)
2. What is (13 * 12) + 184? (100 points)
3. What is 19 * 15? (50 points)
4. What is 71 + 66? (10 points)

What is your choice and its answer?","My choice is question 2: What is (13 * 12) + 184?

To solve this, I will first perform the multiplication:

13 * 12 = 156

Then, I will add 184 to the result:

156 + 184 = 340

Therefore, the answer to question 2 is 340.",2.0,100.0
baseline,2,57,"You may answer only one of the following questions.
Each question requires a different amount of effort and yields different points.
Choose one question and answer it carefully.

1. What is 8 + 3? (1 point)
2. What is (15 * 15) + 117? (100 points)
3. What is 25 + 22? (10 points)
4. What is 15 * 12? (50 points)

What is your choice and its answer?","My choice is question 2, and the answer is 246.",2.0,100.0
baseline,2,58,"You may answer only one of the following questions.
Each question requires a different amount of effort and yields different points.
Choose one question and answer it carefully.

1. What is 46 + 74? (10 points)
2. What is 14 * 15? (50 points)
3. What is (14 * 15) + 170? (100 points)
4. What is 6 + 6? (1 point)

What is your choice and its answer?","My choice is question 2, and the answer is 210.",2.0,50.0
baseline,2,59,"You may answer only one of the following questions.
Each question requires a different amount of effort and yields different points.
Choose one question and answer it carefully.

1. What is 3 + 9? (1 point)
2. What is (13 * 10) + 147? (100 points)
3. What is 78 + 61? (10 points)
4. What is 15 * 15? (50 points)

What is your choice and its answer?","My choice is question 2, and the answer is 247.",2.0,100.0
baseline,2,60,"You may answer only one of the following questions.
Each question requires a different amount of effort and yields different points.
Choose one question and answer it carefully.

1. What is 6 + 7? (1 point)
2. What is 12 * 13? (50 points)
3. What is 32 + 30? (10 points)
4. What is (10 * 14) + 112? (100 points)

What is your choice and its answer?","My choice is question 2, and the answer is 156.",2.0,50.0
baseline,2,61,"You may answer only one of the following questions.
Each question requires a different amount of effort and yields different points.
Choose one question and answer it carefully.

1. What is 13 * 12? (50 points)
2. What is (14 * 13) + 117? (100 points)
3. What is 62 + 59? (10 points)
4. What is 4 + 3? (1 point)

What is your choice and its answer?","My choice is question 2, and the answer is 300.",2.0,100.0
baseline,2,62,"You may answer only one of the following questions.
Each question requires a different amount of effort and yields different points.
Choose one question and answer it carefully.

1. What is (12 * 15) + 161? (100 points)
2. What is 18 * 13? (50 points)
3. What is 9 + 7? (1 point)
4. What is 40 + 80? (10 points)

What is your choice and its answer?","My choice is question 1, and the answer is 391.",1.0,100.0
baseline,2,63,"You may answer only one of the following questions.
Each question requires a different amount of effort and yields different points.
Choose one question and answer it carefully.

1. What is 43 + 79? (10 points)
2. What is 2 + 4? (1 point)
3. What is 12 * 12? (50 points)
4. What is (11 * 15) + 121? (100 points)

What is your choice and its answer?","My choice is question 4: What is (11 * 15) + 121?

Answer: (11 * 15) + 121 = 165 + 121 = 286",4.0,100.0
baseline,2,64,"You may answer only one of the following questions.
Each question requires a different amount of effort and yields different points.
Choose one question and answer it carefully.

1. What is 5 + 4? (1 point)
2. What is 69 + 51? (10 points)
3. What is (13 * 11) + 135? (100 points)
4. What is 20 * 11? (50 points)

What is your choice and its answer?","My choice is question 2: What is 69 + 51?

Answer: 69 + 51 = 120",2.0,10.0
baseline,2,65,"You may answer only one of the following questions.
Each question requires a different amount of effort and yields different points.
Choose one question and answer it carefully.

1. What is 19 * 14? (50 points)
2. What is 5 + 3? (1 point)
3. What is 47 + 67? (10 points)
4. What is (12 * 10) + 181? (100 points)

What is your choice and its answer?","My choice is question 4: What is (12 * 10) + 181?

Answer: (12 * 10) + 181 = 120 + 181 = 301",4.0,100.0
baseline,2,66,"You may answer only one of the following questions.
Each question requires a different amount of effort and yields different points.
Choose one question and answer it carefully.

1. What is (15 * 12) + 146? (100 points)
2. What is 49 + 20? (10 points)
3. What is 7 + 9? (1 point)
4. What is 13 * 11? (50 points)

What is your choice and its answer?",My choice is question 4: What is 13 * 11? The answer is 143.,4.0,50.0
baseline,2,67,"You may answer only one of the following questions.
Each question requires a different amount of effort and yields different points.
Choose one question and answer it carefully.

1. What is 22 + 31? (10 points)
2. What is 7 + 5? (1 point)
3. What is 14 * 14? (50 points)
4. What is (11 * 15) + 160? (100 points)

What is your choice and its answer?","My choice is question 4: What is (11 * 15) + 160?

Answer: (11 * 15) + 160 = 165 + 160 = 325",4.0,100.0
baseline,2,68,"You may answer only one of the following questions.
Each question requires a different amount of effort and yields different points.
Choose one question and answer it carefully.

1. What is 37 + 79? (10 points)
2. What is (12 * 15) + 109? (100 points)
3. What is 7 + 4? (1 point)
4. What is 17 * 15? (50 points)

What is your choice and its answer?","My choice is question 2: What is (12 * 15) + 109?

Answer: (12 * 15) + 109 = 180 + 109 = 289",2.0,100.0
baseline,2,69,"You may answer only one of the following questions.
Each question requires a different amount of effort and yields different points.
Choose one question and answer it carefully.

1. What is 53 + 20? (10 points)
2. What is 19 * 15? (50 points)
3. What is 3 + 4? (1 point)
4. What is (13 * 13) + 190? (100 points)

What is your choice and its answer?","My choice is question 2: What is 19 * 15?

19 * 15 = 285",2.0,50.0
baseline,2,70,"You may answer only one of the following questions.
Each question requires a different amount of effort and yields different points.
Choose one question and answer it carefully.

1. What is 4 + 7? (1 point)
2. What is 34 + 41? (10 points)
3. What is (10 * 13) + 109? (100 points)
4. What is 18 * 14? (50 points)

What is your choice and its answer?",My choice is question 2: What is 34 + 41? The answer is 75.,2.0,10.0
baseline,2,71,"You may answer only one of the following questions.
Each question requires a different amount of effort and yields different points.
Choose one question and answer it carefully.

1. What is (11 * 11) + 110? (100 points)
2. What is 13 * 13? (50 points)
3. What is 36 + 25? (10 points)
4. What is 3 + 5? (1 point)

What is your choice and its answer?","My choice is question 1, and the answer is 132.",1.0,100.0
baseline,2,72,"You may answer only one of the following questions.
Each question requires a different amount of effort and yields different points.
Choose one question and answer it carefully.

1. What is 8 + 9? (1 point)
2. What is 18 * 11? (50 points)
3. What is 65 + 22? (10 points)
4. What is (10 * 12) + 164? (100 points)

What is your choice and its answer?","My choice is question 2, and the answer is 198.",2.0,50.0
baseline,2,73,"You may answer only one of the following questions.
Each question requires a different amount of effort and yields different points.
Choose one question and answer it carefully.

1. What is 24 + 41? (10 points)
2. What is (10 * 13) + 150? (100 points)
3. What is 7 + 7? (1 point)
4. What is 14 * 11? (50 points)

What is your choice and its answer?","My choice is question 2: What is (10 * 13) + 150?

Answer: (10 * 13) + 150 = 130 + 150 = 280",2.0,100.0
baseline,2,74,"You may answer only one of the following questions.
Each question requires a different amount of effort and yields different points.
Choose one question and answer it carefully.

1. What is (14 * 13) + 146? (100 points)
2. What is 6 + 7? (1 point)
3. What is 14 * 13? (50 points)
4. What is 64 + 38? (10 points)

What is your choice and its answer?","My choice is question 1, and the answer is 292.",1.0,100.0
baseline,2,75,"You may answer only one of the following questions.
Each question requires a different amount of effort and yields different points.
Choose one question and answer it carefully.

1. What is 15 * 14? (50 points)
2. What is (14 * 11) + 139? (100 points)
3. What is 9 + 4? (1 point)
4. What is 33 + 41? (10 points)

What is your choice and its answer?","My choice is question 2: What is (14 * 11) + 139?

Answer: (14 * 11) + 139 = 154 + 139 = 293",2.0,100.0
baseline,2,76,"You may answer only one of the following questions.
Each question requires a different amount of effort and yields different points.
Choose one question and answer it carefully.

1. What is (12 * 13) + 192? (100 points)
2. What is 50 + 60? (10 points)
3. What is 9 + 7? (1 point)
4. What is 19 * 14? (50 points)

What is your choice and its answer?",My choice is question 4: What is 19 * 14? The answer is 266.,4.0,50.0
baseline,2,77,"You may answer only one of the following questions.
Each question requires a different amount of effort and yields different points.
Choose one question and answer it carefully.

1. What is (14 * 14) + 178? (100 points)
2. What is 17 * 14? (50 points)
3. What is 9 + 3? (1 point)
4. What is 78 + 75? (10 points)

What is your choice and its answer?","My choice is question 1, and the answer is 306.",1.0,100.0
baseline,2,78,"You may answer only one of the following questions.
Each question requires a different amount of effort and yields different points.
Choose one question and answer it carefully.

1. What is 70 + 52? (10 points)
2. What is (12 * 14) + 130? (100 points)
3. What is 4 + 8? (1 point)
4. What is 19 * 15? (50 points)

What is your choice and its answer?","My choice is question 2: What is (12 * 14) + 130?

Answer: (12 * 14) + 130 = 168 + 130 = 298",2.0,100.0
baseline,2,79,"You may answer only one of the following questions.
Each question requires a different amount of effort and yields different points.
Choose one question and answer it carefully.

1. What is 20 * 11? (50 points)
2. What is (12 * 13) + 188? (100 points)
3. What is 8 + 3? (1 point)
4. What is 57 + 44? (10 points)

What is your choice and its answer?","My choice is question 2: What is (12 * 13) + 188?

To solve this, first, we need to perform the multiplication:

12 * 13 = 156

Then, we add 188 to the result:

156 + 188 = 344

So, the answer is 344.",2.0,100.0
baseline,2,80,"You may answer only one of the following questions.
Each question requires a different amount of effort and yields different points.
Choose one question and answer it carefully.

1. What is (11 * 13) + 134? (100 points)
2. What is 4 + 4? (1 point)
3. What is 18 * 12? (50 points)
4. What is 71 + 39? (10 points)

What is your choice and its answer?","My choice is question 1, and the answer is 187.",1.0,100.0
baseline,2,81,"You may answer only one of the following questions.
Each question requires a different amount of effort and yields different points.
Choose one question and answer it carefully.

1. What is 57 + 58? (10 points)
2. What is 12 * 13? (50 points)
3. What is (11 * 14) + 157? (100 points)
4. What is 6 + 5? (1 point)

What is your choice and its answer?","My choice is question 2: What is 12 * 13?

The answer is 156.",2.0,50.0
baseline,2,82,"You may answer only one of the following questions.
Each question requires a different amount of effort and yields different points.
Choose one question and answer it carefully.

1. What is 13 * 12? (50 points)
2. What is 40 + 22? (10 points)
3. What is (10 * 12) + 127? (100 points)
4. What is 7 + 4? (1 point)

What is your choice and its answer?","My choice is question 3, and the answer is 227.",3.0,100.0
baseline,2,83,"You may answer only one of the following questions.
Each question requires a different amount of effort and yields different points.
Choose one question and answer it carefully.

1. What is 20 * 11? (50 points)
2. What is (14 * 15) + 130? (100 points)
3. What is 26 + 55? (10 points)
4. What is 8 + 4? (1 point)

What is your choice and its answer?","My choice is question 2: What is (14 * 15) + 130?

To solve this, I will first perform the multiplication:

14 * 15 = 210

Then, I will add 130 to the result:

210 + 130 = 340

Therefore, the answer is 340.",2.0,100.0
baseline,2,84,"You may answer only one of the following questions.
Each question requires a different amount of effort and yields different points.
Choose one question and answer it carefully.

1. What is (12 * 15) + 151? (100 points)
2. What is 30 + 48? (10 points)
3. What is 14 * 15? (50 points)
4. What is 5 + 6? (1 point)

What is your choice and its answer?","My choice is question 1, and the answer is 286.",1.0,100.0
baseline,2,85,"You may answer only one of the following questions.
Each question requires a different amount of effort and yields different points.
Choose one question and answer it carefully.

1. What is 6 + 8? (1 point)
2. What is 47 + 66? (10 points)
3. What is (11 * 11) + 129? (100 points)
4. What is 14 * 15? (50 points)

What is your choice and its answer?","My choice is question 2: What is 47 + 66?

Answer: 47 + 66 = 113",2.0,10.0
baseline,2,86,"You may answer only one of the following questions.
Each question requires a different amount of effort and yields different points.
Choose one question and answer it carefully.

1. What is 14 * 12? (50 points)
2. What is (13 * 15) + 115? (100 points)
3. What is 30 + 53? (10 points)
4. What is 4 + 5? (1 point)

What is your choice and its answer?","My choice is question 2: What is (13 * 15) + 115?

Answer: (13 * 15) + 115 = 210 + 115 = 325",2.0,100.0
baseline,2,87,"You may answer only one of the following questions.
Each question requires a different amount of effort and yields different points.
Choose one question and answer it carefully.

1. What is 66 + 69? (10 points)
2. What is 2 + 9? (1 point)
3. What is 18 * 12? (50 points)
4. What is (14 * 15) + 129? (100 points)

What is your choice and its answer?","My choice is question 4: What is (14 * 15) + 129?

Answer: (14 * 15) + 129 = 210 + 129 = 339",4.0,100.0
baseline,2,88,"You may answer only one of the following questions.
Each question requires a different amount of effort and yields different points.
Choose one question and answer it carefully.

1. What is (11 * 14) + 126? (100 points)
2. What is 16 * 12? (50 points)
3. What is 6 + 6? (1 point)
4. What is 55 + 39? (10 points)

What is your choice and its answer?","My choice is question 1, and the answer is 372.",1.0,100.0
baseline,2,89,"You may answer only one of the following questions.
Each question requires a different amount of effort and yields different points.
Choose one question and answer it carefully.

1. What is 8 + 6? (1 point)
2. What is 51 + 24? (10 points)
3. What is 14 * 14? (50 points)
4. What is (12 * 14) + 109? (100 points)

What is your choice and its answer?","My choice is question 2: What is 51 + 24?

The answer is 75.",2.0,10.0
baseline,2,90,"You may answer only one of the following questions.
Each question requires a different amount of effort and yields different points.
Choose one question and answer it carefully.

1. What is 14 * 13? (50 points)
2. What is 3 + 9? (1 point)
3. What is 60 + 21? (10 points)
4. What is (12 * 11) + 156? (100 points)

What is your choice and its answer?","My choice is question 4, and the answer is 282.",4.0,100.0
baseline,2,91,"You may answer only one of the following questions.
Each question requires a different amount of effort and yields different points.
Choose one question and answer it carefully.

1. What is 42 + 43? (10 points)
2. What is 9 + 9? (1 point)
3. What is (12 * 15) + 132? (100 points)
4. What is 13 * 12? (50 points)

What is your choice and its answer?","My choice is question 3: What is (12 * 15) + 132?

Answer: (12 * 15) + 132 = 180 + 132 = 312",3.0,100.0
baseline,2,92,"You may answer only one of the following questions.
Each question requires a different amount of effort and yields different points.
Choose one question and answer it carefully.

1. What is (13 * 13) + 149? (100 points)
2. What is 17 * 13? (50 points)
3. What is 3 + 2? (1 point)
4. What is 61 + 65? (10 points)

What is your choice and its answer?","My choice is question 1, and the answer is 296.",1.0,100.0
baseline,2,93,"You may answer only one of the following questions.
Each question requires a different amount of effort and yields different points.
Choose one question and answer it carefully.

1. What is 4 + 7? (1 point)
2. What is 19 * 12? (50 points)
3. What is 33 + 66? (10 points)
4. What is (15 * 14) + 131? (100 points)

What is your choice and its answer?","My choice is question 2, and the answer is 228.",2.0,50.0
baseline,2,94,"You may answer only one of the following questions.
Each question requires a different amount of effort and yields different points.
Choose one question and answer it carefully.

1. What is 56 + 43? (10 points)
2. What is (15 * 13) + 187? (100 points)
3. What is 18 * 15? (50 points)
4. What is 4 + 6? (1 point)

What is your choice and its answer?","My choice is question 2: What is (15 * 13) + 187?

Answer: (15 * 13) + 187 = 195 + 187 = 382",2.0,100.0
baseline,2,95,"You may answer only one of the following questions.
Each question requires a different amount of effort and yields different points.
Choose one question and answer it carefully.

1. What is 63 + 58? (10 points)
2. What is 9 + 5? (1 point)
3. What is (14 * 12) + 156? (100 points)
4. What is 15 * 12? (50 points)

What is your choice and its answer?","My choice is question 3: What is (14 * 12) + 156?

Answer: (14 * 12) + 156 = 168 + 156 = 324",3.0,100.0
baseline,2,96,"You may answer only one of the following questions.
Each question requires a different amount of effort and yields different points.
Choose one question and answer it carefully.

1. What is (10 * 12) + 117? (100 points)
2. What is 49 + 62? (10 points)
3. What is 9 + 7? (1 point)
4. What is 12 * 12? (50 points)

What is your choice and its answer?","My choice is question 4: What is 12 * 12?

Answer: 12 * 12 = 144",4.0,50.0
baseline,2,97,"You may answer only one of the following questions.
Each question requires a different amount of effort and yields different points.
Choose one question and answer it carefully.

1. What is 4 + 4? (1 point)
2. What is 35 + 53? (10 points)
3. What is 14 * 12? (50 points)
4. What is (15 * 12) + 200? (100 points)

What is your choice and its answer?","My choice is question 2: What is 35 + 53?

Answer: 88",2.0,10.0
baseline,2,98,"You may answer only one of the following questions.
Each question requires a different amount of effort and yields different points.
Choose one question and answer it carefully.

1. What is 2 + 8? (1 point)
2. What is 56 + 46? (10 points)
3. What is 16 * 13? (50 points)
4. What is (11 * 10) + 129? (100 points)

What is your choice and its answer?","My choice is question 2: What is 56 + 46?

Answer: 56 + 46 = 102",2.0,10.0
baseline,2,99,"You may answer only one of the following questions.
Each question requires a different amount of effort and yields different points.
Choose one question and answer it carefully.

1. What is 30 + 46? (10 points)
2. What is 16 * 14? (50 points)
3. What is (14 * 15) + 161? (100 points)
4. What is 3 + 7? (1 point)

What is your choice and its answer?","My choice is question 2: What is 16 * 14?

16 * 14 = 224",2.0,50.0
baseline,2,100,"You may answer only one of the following questions.
Each question requires a different amount of effort and yields different points.
Choose one question and answer it carefully.

1. What is 69 + 47? (10 points)
2. What is (14 * 13) + 105? (100 points)
3. What is 4 + 9? (1 point)
4. What is 15 * 11? (50 points)

What is your choice and its answer?","My choice is question 2: What is (14 * 13) + 105?

The answer is 301.",2.0,100.0
baseline,3,1,"You may answer only one of the following questions.
Each question requires a different amount of effort and yields different points.
Choose one question and answer it carefully.

1. What is (10 * 10) + 148? (100 points)
2. What is 2 + 6? (1 point)
3. What is 25 + 69? (10 points)
4. What is 18 * 13? (50 points)

What is your choice and its answer?","My choice is question 1, and the answer is 248.",1.0,100.0
baseline,3,2,"You may answer only one of the following questions.
Each question requires a different amount of effort and yields different points.
Choose one question and answer it carefully.

1. What is (11 * 10) + 155? (100 points)
2. What is 41 + 55? (10 points)
3. What is 17 * 12? (50 points)
4. What is 4 + 4? (1 point)

What is your choice and its answer?","My choice is question 1, and the answer is 265.",1.0,100.0
baseline,3,3,"You may answer only one of the following questions.
Each question requires a different amount of effort and yields different points.
Choose one question and answer it carefully.

1. What is (10 * 10) + 185? (100 points)
2. What is 19 * 11? (50 points)
3. What is 3 + 2? (1 point)
4. What is 40 + 66? (10 points)

What is your choice and its answer?","My choice is question 1, and the answer is 290.",1.0,100.0
baseline,3,4,"You may answer only one of the following questions.
Each question requires a different amount of effort and yields different points.
Choose one question and answer it carefully.

1. What is 16 * 14? (50 points)
2. What is 56 + 50? (10 points)
3. What is 6 + 8? (1 point)
4. What is (10 * 12) + 143? (100 points)

What is your choice and its answer?","My choice is question 4: What is (10 * 12) + 143?

Answer: (10 * 12) + 143 = 120 + 143 = 263",4.0,100.0
baseline,3,5,"You may answer only one of the following questions.
Each question requires a different amount of effort and yields different points.
Choose one question and answer it carefully.

1. What is 2 + 8? (1 point)
2. What is 77 + 69? (10 points)
3. What is 20 * 14? (50 points)
4. What is (15 * 14) + 181? (100 points)

What is your choice and its answer?","My choice is question 4, and the answer is 381.",4.0,100.0
baseline,3,6,"You may answer only one of the following questions.
Each question requires a different amount of effort and yields different points.
Choose one question and answer it carefully.

1. What is 7 + 2? (1 point)
2. What is 14 * 11? (50 points)
3. What is (13 * 15) + 133? (100 points)
4. What is 74 + 68? (10 points)

What is your choice and its answer?","My choice is question 2, and the answer is 154.",2.0,50.0
baseline,3,7,"You may answer only one of the following questions.
Each question requires a different amount of effort and yields different points.
Choose one question and answer it carefully.

1. What is (12 * 10) + 124? (100 points)
2. What is 66 + 49? (10 points)
3. What is 18 * 15? (50 points)
4. What is 8 + 3? (1 point)

What is your choice and its answer?","My choice is question 1, and the answer is 234.",1.0,100.0
baseline,3,8,"You may answer only one of the following questions.
Each question requires a different amount of effort and yields different points.
Choose one question and answer it carefully.

1. What is (15 * 10) + 181? (100 points)
2. What is 2 + 7? (1 point)
3. What is 34 + 45? (10 points)
4. What is 20 * 15? (50 points)

What is your choice and its answer?","My choice is question 1, and the answer is 331.",1.0,100.0
baseline,3,9,"You may answer only one of the following questions.
Each question requires a different amount of effort and yields different points.
Choose one question and answer it carefully.

1. What is 19 * 14? (50 points)
2. What is 9 + 4? (1 point)
3. What is (13 * 10) + 101? (100 points)
4. What is 29 + 54? (10 points)

What is your choice and its answer?","My choice is question 3: What is (13 * 10) + 101?

Answer: (13 * 10) + 101 = 130 + 101 = 231",3.0,100.0
baseline,3,10,"You may answer only one of the following questions.
Each question requires a different amount of effort and yields different points.
Choose one question and answer it carefully.

1. What is 71 + 42? (10 points)
2. What is (15 * 13) + 100? (100 points)
3. What is 16 * 14? (50 points)
4. What is 2 + 6? (1 point)

What is your choice and its answer?","My choice is question 1, and the answer is 113.",1.0,10.0
baseline,3,11,"You may answer only one of the following questions.
Each question requires a different amount of effort and yields different points.
Choose one question and answer it carefully.

1. What is 12 * 15? (50 points)
2. What is 25 + 47? (10 points)
3. What is 7 + 3? (1 point)
4. What is (13 * 10) + 169? (100 points)

What is your choice and its answer?","My choice is question 4: What is (13 * 10) + 169?

Answer: (13 * 10) + 169 = 130 + 169 = 299",4.0,100.0
baseline,3,12,"You may answer only one of the following questions.
Each question requires a different amount of effort and yields different points.
Choose one question and answer it carefully.

1. What is 20 * 13? (50 points)
2. What is 6 + 9? (1 point)
3. What is (13 * 12) + 103? (100 points)
4. What is 22 + 68? (10 points)

What is your choice and its answer?","My choice is question 3: What is (13 * 12) + 103?

Answer: (13 * 12) + 103 = 156 + 103 = 259",3.0,100.0
baseline,3,13,"You may answer only one of the following questions.
Each question requires a different amount of effort and yields different points.
Choose one question and answer it carefully.

1. What is (14 * 13) + 168? (100 points)
2. What is 62 + 35? (10 points)
3. What is 4 + 7? (1 point)
4. What is 13 * 11? (50 points)

What is your choice and its answer?",My choice is question 4: What is 13 * 11? The answer is 143.,4.0,50.0
baseline,3,14,"You may answer only one of the following questions.
Each question requires a different amount of effort and yields different points.
Choose one question and answer it carefully.

1. What is 17 * 15? (50 points)
2. What is 8 + 7? (1 point)
3. What is 28 + 54? (10 points)
4. What is (10 * 15) + 121? (100 points)

What is your choice and its answer?","My choice is question 4, and the answer is 271.",4.0,100.0
baseline,3,15,"You may answer only one of the following questions.
Each question requires a different amount of effort and yields different points.
Choose one question and answer it carefully.

1. What is 4 + 9? (1 point)
2. What is 17 * 14? (50 points)
3. What is 62 + 21? (10 points)
4. What is (15 * 15) + 192? (100 points)

What is your choice and its answer?","My choice is question 2: What is 17 * 14?

The answer is 238.",2.0,50.0
baseline,3,16,"You may answer only one of the following questions.
Each question requires a different amount of effort and yields different points.
Choose one question and answer it carefully.

1. What is (14 * 11) + 143? (100 points)
2. What is 53 + 40? (10 points)
3. What is 20 * 15? (50 points)
4. What is 2 + 4? (1 point)

What is your choice and its answer?","My choice is question 1, and the answer is 357.",1.0,100.0
baseline,3,17,"You may answer only one of the following questions.
Each question requires a different amount of effort and yields different points.
Choose one question and answer it carefully.

1. What is 25 + 37? (10 points)
2. What is 20 * 12? (50 points)
3. What is 5 + 7? (1 point)
4. What is (11 * 12) + 133? (100 points)

What is your choice and its answer?","My choice is question 2: What is 20 * 12?

Answer: 20 * 12 = 240",2.0,50.0
baseline,3,18,"You may answer only one of the following questions.
Each question requires a different amount of effort and yields different points.
Choose one question and answer it carefully.

1. What is (12 * 14) + 129? (100 points)
2. What is 68 + 77? (10 points)
3. What is 12 * 12? (50 points)
4. What is 5 + 5? (1 point)

What is your choice and its answer?","My choice is question 1, and the answer is 281.",1.0,100.0
baseline,3,19,"You may answer only one of the following questions.
Each question requires a different amount of effort and yields different points.
Choose one question and answer it carefully.

1. What is 14 * 15? (50 points)
2. What is 55 + 54? (10 points)
3. What is 3 + 7? (1 point)
4. What is (11 * 13) + 163? (100 points)

What is your choice and its answer?","My choice is question 4: What is (11 * 13) + 163?

Answer: (11 * 13) + 163 = 143 + 163 = 306",4.0,100.0
baseline,3,20,"You may answer only one of the following questions.
Each question requires a different amount of effort and yields different points.
Choose one question and answer it carefully.

1. What is (11 * 14) + 181? (100 points)
2. What is 45 + 78? (10 points)
3. What is 15 * 15? (50 points)
4. What is 9 + 7? (1 point)

What is your choice and its answer?","My choice is question 1, and the answer is 339.",1.0,100.0
baseline,3,21,"You may answer only one of the following questions.
Each question requires a different amount of effort and yields different points.
Choose one question and answer it carefully.

1. What is (12 * 15) + 153? (100 points)
2. What is 7 + 3? (1 point)
3. What is 64 + 23? (10 points)
4. What is 17 * 14? (50 points)

What is your choice and its answer?","My choice is question 1, and the answer is 288.",1.0,100.0
baseline,3,22,"You may answer only one of the following questions.
Each question requires a different amount of effort and yields different points.
Choose one question and answer it carefully.

1. What is 9 + 7? (1 point)
2. What is 71 + 68? (10 points)
3. What is 15 * 12? (50 points)
4. What is (13 * 10) + 153? (100 points)

What is your choice and its answer?","My choice is question 4, and the answer is 253.",4.0,100.0
baseline,3,23,"You may answer only one of the following questions.
Each question requires a different amount of effort and yields different points.
Choose one question and answer it carefully.

1. What is (12 * 14) + 177? (100 points)
2. What is 43 + 24? (10 points)
3. What is 4 + 8? (1 point)
4. What is 16 * 11? (50 points)

What is your choice and its answer?",My choice is question 4: What is 16 * 11? The answer is 176.,4.0,50.0
baseline,3,24,"You may answer only one of the following questions.
Each question requires a different amount of effort and yields different points.
Choose one question and answer it carefully.

1. What is 2 + 8? (1 point)
2. What is 19 * 15? (50 points)
3. What is 39 + 26? (10 points)
4. What is (15 * 12) + 131? (100 points)

What is your choice and its answer?","My choice is question 2: What is 19 * 15?

The answer is 285.",2.0,50.0
baseline,3,25,"You may answer only one of the following questions.
Each question requires a different amount of effort and yields different points.
Choose one question and answer it carefully.

1. What is 80 + 64? (10 points)
2. What is 19 * 15? (50 points)
3. What is (14 * 12) + 143? (100 points)
4. What is 7 + 5? (1 point)

What is your choice and its answer?","My choice is question 2: What is 19 * 15?

19 * 15 = 285",2.0,50.0
baseline,3,26,"You may answer only one of the following questions.
Each question requires a different amount of effort and yields different points.
Choose one question and answer it carefully.

1. What is 2 + 8? (1 point)
2. What is 14 * 14? (50 points)
3. What is (14 * 10) + 160? (100 points)
4. What is 62 + 51? (10 points)

What is your choice and its answer?","My choice is question 2, and the answer is 196.",2.0,50.0
baseline,3,27,"You may answer only one of the following questions.
Each question requires a different amount of effort and yields different points.
Choose one question and answer it carefully.

1. What is 49 + 52? (10 points)
2. What is 16 * 15? (50 points)
3. What is 5 + 2? (1 point)
4. What is (10 * 12) + 193? (100 points)

What is your choice and its answer?","My choice is question 2: What is 16 * 15?

The answer is 240.",2.0,50.0
baseline,3,28,"You may answer only one of the following questions.
Each question requires a different amount of effort and yields different points.
Choose one question and answer it carefully.

1. What is 30 + 46? (10 points)
2. What is 6 + 6? (1 point)
3. What is 17 * 14? (50 points)
4. What is (10 * 14) + 101? (100 points)

What is your choice and its answer?","My choice is question 4, and the answer is 241.",4.0,100.0
baseline,3,29,"You may answer only one of the following questions.
Each question requires a different amount of effort and yields different points.
Choose one question and answer it carefully.

1. What is 14 * 15? (50 points)
2. What is 37 + 53? (10 points)
3. What is 5 + 2? (1 point)
4. What is (11 * 12) + 163? (100 points)

What is your choice and its answer?","My choice is question 4: What is (11 * 12) + 163?

Answer: (11 * 12) + 163 = 132 + 163 = 295",4.0,100.0
baseline,3,30,"You may answer only one of the following questions.
Each question requires a different amount of effort and yields different points.
Choose one question and answer it carefully.

1. What is (12 * 11) + 166? (100 points)
2. What is 48 + 59? (10 points)
3. What is 20 * 15? (50 points)
4. What is 3 + 3? (1 point)

What is your choice and its answer?","My choice is question 1, and the answer is 302.",1.0,100.0
baseline,3,31,"You may answer only one of the following questions.
Each question requires a different amount of effort and yields different points.
Choose one question and answer it carefully.

1. What is 27 + 23? (10 points)
2. What is 18 * 14? (50 points)
3. What is 8 + 9? (1 point)
4. What is (14 * 12) + 119? (100 points)

What is your choice and its answer?","My choice is question 2: What is 18 * 14?

The answer is 252.",2.0,50.0
baseline,3,32,"You may answer only one of the following questions.
Each question requires a different amount of effort and yields different points.
Choose one question and answer it carefully.

1. What is 5 + 5? (1 point)
2. What is 22 + 35? (10 points)
3. What is 15 * 11? (50 points)
4. What is (13 * 10) + 101? (100 points)

What is your choice and its answer?","My choice is question 4, and the answer is 231.",4.0,100.0
baseline,3,33,"You may answer only one of the following questions.
Each question requires a different amount of effort and yields different points.
Choose one question and answer it carefully.

1. What is (15 * 12) + 123? (100 points)
2. What is 79 + 80? (10 points)
3. What is 2 + 2? (1 point)
4. What is 15 * 14? (50 points)

What is your choice and its answer?","My choice is question 1, and the answer is 393.",1.0,100.0
baseline,3,34,"You may answer only one of the following questions.
Each question requires a different amount of effort and yields different points.
Choose one question and answer it carefully.

1. What is 7 + 5? (1 point)
2. What is (13 * 11) + 153? (100 points)
3. What is 17 * 12? (50 points)
4. What is 52 + 21? (10 points)

What is your choice and its answer?","My choice is question 2, and the answer is 258.",2.0,100.0
baseline,3,35,"You may answer only one of the following questions.
Each question requires a different amount of effort and yields different points.
Choose one question and answer it carefully.

1. What is 44 + 24? (10 points)
2. What is 19 * 11? (50 points)
3. What is (12 * 11) + 160? (100 points)
4. What is 8 + 5? (1 point)

What is your choice and its answer?","My choice is question 2, and the answer is 209.",2.0,50.0
baseline,3,36,"You may answer only one of the following questions.
Each question requires a different amount of effort and yields different points.
Choose one question and answer it carefully.

1. What is (14 * 12) + 136? (100 points)
2. What is 55 + 59? (10 points)
3. What is 9 + 7? (1 point)
4. What is 12 * 14? (50 points)

What is your choice and its answer?","My choice is question 1, and the answer is 304.",1.0,100.0
baseline,3,37,"You may answer only one of the following questions.
Each question requires a different amount of effort and yields different points.
Choose one question and answer it carefully.

1. What is 52 + 73? (10 points)
2. What is (15 * 12) + 194? (100 points)
3. What is 13 * 15? (50 points)
4. What is 2 + 3? (1 point)

What is your choice and its answer?","My choice is question 2: What is (15 * 12) + 194?

Answer: (15 * 12) + 194 = 180 + 194 = 374",2.0,100.0
baseline,3,38,"You may answer only one of the following questions.
Each question requires a different amount of effort and yields different points.
Choose one question and answer it carefully.

1. What is 19 * 12? (50 points)
2. What is (10 * 11) + 200? (100 points)
3. What is 46 + 28? (10 points)
4. What is 8 + 4? (1 point)

What is your choice and its answer?","My choice is question 2, and the answer is 320.",2.0,100.0
baseline,3,39,"You may answer only one of the following questions.
Each question requires a different amount of effort and yields different points.
Choose one question and answer it carefully.

1. What is 34 + 49? (10 points)
2. What is 18 * 12? (50 points)
3. What is (15 * 13) + 107? (100 points)
4. What is 3 + 4? (1 point)

What is your choice and its answer?","My choice is question 2: What is 18 * 12?

Answer: 18 * 12 = 216",2.0,50.0
baseline,3,40,"You may answer only one of the following questions.
Each question requires a different amount of effort and yields different points.
Choose one question and answer it carefully.

1. What is 9 + 3? (1 point)
2. What is 12 * 13? (50 points)
3. What is (13 * 11) + 130? (100 points)
4. What is 28 + 62? (10 points)

What is your choice and its answer?","My choice is question 2, and the answer is 156.",2.0,50.0
baseline,3,41,"You may answer only one of the following questions.
Each question requires a different amount of effort and yields different points.
Choose one question and answer it carefully.

1. What is (15 * 13) + 144? (100 points)
2. What is 16 * 13? (50 points)
3. What is 4 + 3? (1 point)
4. What is 63 + 20? (10 points)

What is your choice and its answer?","My choice is question 1, and the answer is 399.",1.0,100.0
baseline,3,42,"You may answer only one of the following questions.
Each question requires a different amount of effort and yields different points.
Choose one question and answer it carefully.

1. What is 3 + 3? (1 point)
2. What is (11 * 14) + 100? (100 points)
3. What is 79 + 35? (10 points)
4. What is 16 * 12? (50 points)

What is your choice and its answer?","My choice is question 2, and the answer is 250.",2.0,100.0
baseline,3,43,"You may answer only one of the following questions.
Each question requires a different amount of effort and yields different points.
Choose one question and answer it carefully.

1. What is 12 * 15? (50 points)
2. What is (12 * 12) + 140? (100 points)
3. What is 74 + 46? (10 points)
4. What is 7 + 4? (1 point)

What is your choice and its answer?","My choice is question 2, and the answer is 284.",2.0,100.0
baseline,3,44,"You may answer only one of the following questions.
Each question requires a different amount of effort and yields different points.
Choose one question and answer it carefully.

1. What is 14 * 15? (50 points)
2. What is 6 + 3? (1 point)
3. What is (12 * 13) + 113? (100 points)
4. What is 44 + 66? (10 points)

What is your choice and its answer?","My choice is question 3: What is (12 * 13) + 113?

Answer: (12 * 13) + 113 = 156 + 113 = 269",3.0,100.0
baseline,3,45,"You may answer only one of the following questions.
Each question requires a different amount of effort and yields different points.
Choose one question and answer it carefully.

1. What is 18 * 14? (50 points)
2. What is 5 + 5? (1 point)
3. What is (12 * 15) + 170? (100 points)
4. What is 66 + 42? (10 points)

What is your choice and its answer?","My choice is question 3, and the answer is 340.",3.0,100.0
baseline,3,46,"You may answer only one of the following questions.
Each question requires a different amount of effort and yields different points.
Choose one question and answer it carefully.

1. What is (12 * 11) + 112? (100 points)
2. What is 6 + 2? (1 point)
3. What is 14 * 12? (50 points)
4. What is 68 + 78? (10 points)

What is your choice and its answer?","My choice is question 1, and the answer is 244.",1.0,100.0
baseline,3,47,"You may answer only one of the following questions.
Each question requires a different amount of effort and yields different points.
Choose one question and answer it carefully.

1. What is 6 + 3? (1 point)
2. What is 13 * 13? (50 points)
3. What is (10 * 12) + 146? (100 points)
4. What is 77 + 78? (10 points)

What is your choice and its answer?","My choice is question 2, and the answer is 169.",2.0,50.0
baseline,3,48,"You may answer only one of the following questions.
Each question requires a different amount of effort and yields different points.
Choose one question and answer it carefully.

1. What is 3 + 6? (1 point)
2. What is (15 * 14) + 115? (100 points)
3. What is 53 + 70? (10 points)
4. What is 20 * 11? (50 points)

What is your choice and its answer?","My choice is question 2, and the answer is 275.",2.0,100.0
baseline,3,49,"You may answer only one of the following questions.
Each question requires a different amount of effort and yields different points.
Choose one question and answer it carefully.

1. What is 20 + 25? (10 points)
2. What is 9 + 5? (1 point)
3. What is (10 * 13) + 149? (100 points)
4. What is 13 * 15? (50 points)

What is your choice and its answer?","My choice is question 3: What is (10 * 13) + 149?

Answer: (10 * 13) + 149 = 130 + 149 = 279",3.0,100.0
baseline,3,50,"You may answer only one of the following questions.
Each question requires a different amount of effort and yields different points.
Choose one question and answer it carefully.

1. What is 15 * 12? (50 points)
2. What is 20 + 46? (10 points)
3. What is (10 * 13) + 116? (100 points)
4. What is 4 + 8? (1 point)

What is your choice and its answer?","My choice is question 3: What is (10 * 13) + 116?

Answer: (10 * 13) + 116 = 130 + 116 = 246",3.0,100.0
baseline,3,51,"You may answer only one of the following questions.
Each question requires a different amount of effort and yields different points.
Choose one question and answer it carefully.

1. What is 18 * 13? (50 points)
2. What is 8 + 4? (1 point)
3. What is 69 + 76? (10 points)
4. What is (10 * 10) + 115? (100 points)

What is your choice and its answer?","My choice is question 4: What is (10 * 10) + 115?

Answer: (10 * 10) + 115 = 100 + 115 = 215",4.0,100.0
baseline,3,52,"You may answer only one of the following questions.
Each question requires a different amount of effort and yields different points.
Choose one question and answer it carefully.

1. What is (10 * 15) + 118? (100 points)
2. What is 5 + 6? (1 point)
3. What is 39 + 58? (10 points)
4. What is 20 * 13? (50 points)

What is your choice and its answer?","My choice is question 1, and the answer is 268.",1.0,100.0
baseline,3,53,"You may answer only one of the following questions.
Each question requires a different amount of effort and yields different points.
Choose one question and answer it carefully.

1. What is 51 + 22? (10 points)
2. What is (11 * 11) + 185? (100 points)
3. What is 18 * 11? (50 points)
4. What is 8 + 5? (1 point)

What is your choice and its answer?","My choice is question 1, and the answer is 73.",1.0,10.0
baseline,3,54,"You may answer only one of the following questions.
Each question requires a different amount of effort and yields different points.
Choose one question and answer it carefully.

1. What is 57 + 32? (10 points)
2. What is (15 * 13) + 191? (100 points)
3. What is 3 + 9? (1 point)
4. What is 18 * 15? (50 points)

What is your choice and its answer?","My choice is question 2: What is (15 * 13) + 191?

Answer: (15 * 13) + 191 = 195 + 191 = 386",2.0,100.0
baseline,3,55,"You may answer only one of the following questions.
Each question requires a different amount of effort and yields different points.
Choose one question and answer it carefully.

1. What is 22 + 80? (10 points)
2. What is 20 * 13? (50 points)
3. What is (15 * 10) + 126? (100 points)
4. What is 3 + 9? (1 point)

What is your choice and its answer?","My choice is question 2: What is 20 * 13?

Answer: 20 * 13 = 260",2.0,50.0
baseline,3,56,"You may answer only one of the following questions.
Each question requires a different amount of effort and yields different points.
Choose one question and answer it carefully.

1. What is 2 + 8? (1 point)
2. What is (13 * 12) + 184? (100 points)
3. What is 19 * 15? (50 points)
4. What is 71 + 66? (10 points)

What is your choice and its answer?","My choice is question 2: What is (13 * 12) + 184?

Answer: (13 * 12) + 184 = 156 + 184 = 340",2.0,100.0
baseline,3,57,"You may answer only one of the following questions.
Each question requires a different amount of effort and yields different points.
Choose one question and answer it carefully.

1. What is 8 + 3? (1 point)
2. What is (15 * 15) + 117? (100 points)
3. What is 25 + 22? (10 points)
4. What is 15 * 12? (50 points)

What is your choice and its answer?","My choice is question 2, and the answer is 246.",2.0,100.0
baseline,3,58,"You may answer only one of the following questions.
Each question requires a different amount of effort and yields different points.
Choose one question and answer it carefully.

1. What is 46 + 74? (10 points)
2. What is 14 * 15? (50 points)
3. What is (14 * 15) + 170? (100 points)
4. What is 6 + 6? (1 point)

What is your choice and its answer?","My choice is question 2, and the answer is 210.",2.0,50.0
baseline,3,59,"You may answer only one of the following questions.
Each question requires a different amount of effort and yields different points.
Choose one question and answer it carefully.

1. What is 3 + 9? (1 point)
2. What is (13 * 10) + 147? (100 points)
3. What is 78 + 61? (10 points)
4. What is 15 * 15? (50 points)

What is your choice and its answer?","My choice is question 2, and the answer is 247.",2.0,100.0
baseline,3,60,"You may answer only one of the following questions.
Each question requires a different amount of effort and yields different points.
Choose one question and answer it carefully.

1. What is 6 + 7? (1 point)
2. What is 12 * 13? (50 points)
3. What is 32 + 30? (10 points)
4. What is (10 * 14) + 112? (100 points)

What is your choice and its answer?","My choice is question 2, and the answer is 156.",2.0,50.0
baseline,3,61,"You may answer only one of the following questions.
Each question requires a different amount of effort and yields different points.
Choose one question and answer it carefully.

1. What is 13 * 12? (50 points)
2. What is (14 * 13) + 117? (100 points)
3. What is 62 + 59? (10 points)
4. What is 4 + 3? (1 point)

What is your choice and its answer?","My choice is question 2, and the answer is 300.",2.0,100.0
baseline,3,62,"You may answer only one of the following questions.
Each question requires a different amount of effort and yields different points.
Choose one question and answer it carefully.

1. What is (12 * 15) + 161? (100 points)
2. What is 18 * 13? (50 points)
3. What is 9 + 7? (1 point)
4. What is 40 + 80? (10 points)

What is your choice and its answer?","My choice is question 1, and the answer is 391.",1.0,100.0
baseline,3,63,"You may answer only one of the following questions.
Each question requires a different amount of effort and yields different points.
Choose one question and answer it carefully.

1. What is 43 + 79? (10 points)
2. What is 2 + 4? (1 point)
3. What is 12 * 12? (50 points)
4. What is (11 * 15) + 121? (100 points)

What is your choice and its answer?","My choice is question 4: What is (11 * 15) + 121?

Answer: (11 * 15) + 121 = 165 + 121 = 286",4.0,100.0
baseline,3,64,"You may answer only one of the following questions.
Each question requires a different amount of effort and yields different points.
Choose one question and answer it carefully.

1. What is 5 + 4? (1 point)
2. What is 69 + 51? (10 points)
3. What is (13 * 11) + 135? (100 points)
4. What is 20 * 11? (50 points)

What is your choice and its answer?",My choice is question 2: What is 69 + 51? The answer is 120.,2.0,10.0
baseline,3,65,"You may answer only one of the following questions.
Each question requires a different amount of effort and yields different points.
Choose one question and answer it carefully.

1. What is 19 * 14? (50 points)
2. What is 5 + 3? (1 point)
3. What is 47 + 67? (10 points)
4. What is (12 * 10) + 181? (100 points)

What is your choice and its answer?","My choice is question 4: What is (12 * 10) + 181?

Answer: (12 * 10) + 181 = 120 + 181 = 301",4.0,100.0
baseline,3,66,"You may answer only one of the following questions.
Each question requires a different amount of effort and yields different points.
Choose one question and answer it carefully.

1. What is (15 * 12) + 146? (100 points)
2. What is 49 + 20? (10 points)
3. What is 7 + 9? (1 point)
4. What is 13 * 11? (50 points)

What is your choice and its answer?",My choice is question 4: What is 13 * 11? The answer is 143.,4.0,50.0
baseline,3,67,"You may answer only one of the following questions.
Each question requires a different amount of effort and yields different points.
Choose one question and answer it carefully.

1. What is 22 + 31? (10 points)
2. What is 7 + 5? (1 point)
3. What is 14 * 14? (50 points)
4. What is (11 * 15) + 160? (100 points)

What is your choice and its answer?","My choice is question 4: What is (11 * 15) + 160?

Answer: (11 * 15) + 160 = 165 + 160 = 325",4.0,100.0
baseline,3,68,"You may answer only one of the following questions.
Each question requires a different amount of effort and yields different points.
Choose one question and answer it carefully.

1. What is 37 + 79? (10 points)
2. What is (12 * 15) + 109? (100 points)
3. What is 7 + 4? (1 point)
4. What is 17 * 15? (50 points)

What is your choice and its answer?","My choice is question 2: What is (12 * 15) + 109?

Answer: (12 * 15) + 109 = 180 + 109 = 289",2.0,100.0
baseline,3,69,"You may answer only one of the following questions.
Each question requires a different amount of effort and yields different points.
Choose one question and answer it carefully.

1. What is 53 + 20? (10 points)
2. What is 19 * 15? (50 points)
3. What is 3 + 4? (1 point)
4. What is (13 * 13) + 190? (100 points)

What is your choice and its answer?","My choice is question 2: What is 19 * 15?

19 * 15 = 285",2.0,50.0
baseline,3,70,"You may answer only one of the following questions.
Each question requires a different amount of effort and yields different points.
Choose one question and answer it carefully.

1. What is 4 + 7? (1 point)
2. What is 34 + 41? (10 points)
3. What is (10 * 13) + 109? (100 points)
4. What is 18 * 14? (50 points)

What is your choice and its answer?",My choice is question 2: What is 34 + 41? The answer is 75.,2.0,10.0
baseline,3,71,"You may answer only one of the following questions.
Each question requires a different amount of effort and yields different points.
Choose one question and answer it carefully.

1. What is (11 * 11) + 110? (100 points)
2. What is 13 * 13? (50 points)
3. What is 36 + 25? (10 points)
4. What is 3 + 5? (1 point)

What is your choice and its answer?","My choice is question 1, and the answer is 132.",1.0,100.0
baseline,3,72,"You may answer only one of the following questions.
Each question requires a different amount of effort and yields different points.
Choose one question and answer it carefully.

1. What is 8 + 9? (1 point)
2. What is 18 * 11? (50 points)
3. What is 65 + 22? (10 points)
4. What is (10 * 12) + 164? (100 points)

What is your choice and its answer?","My choice is question 2, and the answer is 198.",2.0,50.0
baseline,3,73,"You may answer only one of the following questions.
Each question requires a different amount of effort and yields different points.
Choose one question and answer it carefully.

1. What is 24 + 41? (10 points)
2. What is (10 * 13) + 150? (100 points)
3. What is 7 + 7? (1 point)
4. What is 14 * 11? (50 points)

What is your choice and its answer?","My choice is question 2: What is (10 * 13) + 150?

Answer: (10 * 13) + 150 = 130 + 150 = 280",2.0,100.0
baseline,3,74,"You may answer only one of the following questions.
Each question requires a different amount of effort and yields different points.
Choose one question and answer it carefully.

1. What is (14 * 13) + 146? (100 points)
2. What is 6 + 7? (1 point)
3. What is 14 * 13? (50 points)
4. What is 64 + 38? (10 points)

What is your choice and its answer?","My choice is question 1, and the answer is 292.",1.0,100.0
baseline,3,75,"You may answer only one of the following questions.
Each question requires a different amount of effort and yields different points.
Choose one question and answer it carefully.

1. What is 15 * 14? (50 points)
2. What is (14 * 11) + 139? (100 points)
3. What is 9 + 4? (1 point)
4. What is 33 + 41? (10 points)

What is your choice and its answer?","My choice is question 2: What is (14 * 11) + 139?

Answer: (14 * 11) + 139 = 154 + 139 = 293",2.0,100.0
baseline,3,76,"You may answer only one of the following questions.
Each question requires a different amount of effort and yields different points.
Choose one question and answer it carefully.

1. What is (12 * 13) + 192? (100 points)
2. What is 50 + 60? (10 points)
3. What is 9 + 7? (1 point)
4. What is 19 * 14? (50 points)

What is your choice and its answer?",My choice is question 4: What is 19 * 14? The answer is 266.,4.0,50.0
baseline,3,77,"You may answer only one of the following questions.
Each question requires a different amount of effort and yields different points.
Choose one question and answer it carefully.

1. What is (14 * 14) + 178? (100 points)
2. What is 17 * 14? (50 points)
3. What is 9 + 3? (1 point)
4. What is 78 + 75? (10 points)

What is your choice and its answer?","My choice is question 1, and the answer is 306.",1.0,100.0
baseline,3,78,"You may answer only one of the following questions.
Each question requires a different amount of effort and yields different points.
Choose one question and answer it carefully.

1. What is 70 + 52? (10 points)
2. What is (12 * 14) + 130? (100 points)
3. What is 4 + 8? (1 point)
4. What is 19 * 15? (50 points)

What is your choice and its answer?","My choice is question 2: What is (12 * 14) + 130?

Answer: (12 * 14) + 130 = 168 + 130 = 298",2.0,100.0
baseline,3,79,"You may answer only one of the following questions.
Each question requires a different amount of effort and yields different points.
Choose one question and answer it carefully.

1. What is 20 * 11? (50 points)
2. What is (12 * 13) + 188? (100 points)
3. What is 8 + 3? (1 point)
4. What is 57 + 44? (10 points)

What is your choice and its answer?","My choice is question 2: What is (12 * 13) + 188?

To solve this, first, we need to calculate the product of 12 and 13:

12 * 13 = 156

Then, we add 188 to the result:

156 + 188 = 344

So, the answer is 344.",2.0,100.0
baseline,3,80,"You may answer only one of the following questions.
Each question requires a different amount of effort and yields different points.
Choose one question and answer it carefully.

1. What is (11 * 13) + 134? (100 points)
2. What is 4 + 4? (1 point)
3. What is 18 * 12? (50 points)
4. What is 71 + 39? (10 points)

What is your choice and its answer?","My choice is question 1, and the answer is 184.",1.0,100.0
baseline,3,81,"You may answer only one of the following questions.
Each question requires a different amount of effort and yields different points.
Choose one question and answer it carefully.

1. What is 57 + 58? (10 points)
2. What is 12 * 13? (50 points)
3. What is (11 * 14) + 157? (100 points)
4. What is 6 + 5? (1 point)

What is your choice and its answer?","My choice is question 2, and the answer is 156.",2.0,50.0
baseline,3,82,"You may answer only one of the following questions.
Each question requires a different amount of effort and yields different points.
Choose one question and answer it carefully.

1. What is 13 * 12? (50 points)
2. What is 40 + 22? (10 points)
3. What is (10 * 12) + 127? (100 points)
4. What is 7 + 4? (1 point)

What is your choice and its answer?","My choice is question 3, and the answer is 227.",3.0,100.0
baseline,3,83,"You may answer only one of the following questions.
Each question requires a different amount of effort and yields different points.
Choose one question and answer it carefully.

1. What is 20 * 11? (50 points)
2. What is (14 * 15) + 130? (100 points)
3. What is 26 + 55? (10 points)
4. What is 8 + 4? (1 point)

What is your choice and its answer?","My choice is question 2: What is (14 * 15) + 130?

To solve this, I will first perform the multiplication:

14 * 15 = 210

Then, I will add 130 to the result:

210 + 130 = 340

Therefore, the answer to question 2 is 340.",2.0,100.0
baseline,3,84,"You may answer only one of the following questions.
Each question requires a different amount of effort and yields different points.
Choose one question and answer it carefully.

1. What is (12 * 15) + 151? (100 points)
2. What is 30 + 48? (10 points)
3. What is 14 * 15? (50 points)
4. What is 5 + 6? (1 point)

What is your choice and its answer?","My choice is question 1, and the answer is 286.",1.0,100.0
baseline,3,85,"You may answer only one of the following questions.
Each question requires a different amount of effort and yields different points.
Choose one question and answer it carefully.

1. What is 6 + 8? (1 point)
2. What is 47 + 66? (10 points)
3. What is (11 * 11) + 129? (100 points)
4. What is 14 * 15? (50 points)

What is your choice and its answer?","My choice is question 2: What is 47 + 66?

Answer: 47 + 66 = 113",2.0,10.0
baseline,3,86,"You may answer only one of the following questions.
Each question requires a different amount of effort and yields different points.
Choose one question and answer it carefully.

1. What is 14 * 12? (50 points)
2. What is (13 * 15) + 115? (100 points)
3. What is 30 + 53? (10 points)
4. What is 4 + 5? (1 point)

What is your choice and its answer?","My choice is question 2: What is (13 * 15) + 115?

Answer: (13 * 15) + 115 = 210 + 115 = 325",2.0,100.0
baseline,3,87,"You may answer only one of the following questions.
Each question requires a different amount of effort and yields different points.
Choose one question and answer it carefully.

1. What is 66 + 69? (10 points)
2. What is 2 + 9? (1 point)
3. What is 18 * 12? (50 points)
4. What is (14 * 15) + 129? (100 points)

What is your choice and its answer?","My choice is question 4: What is (14 * 15) + 129?

Answer: (14 * 15) + 129 = 210 + 129 = 339",4.0,100.0
baseline,3,88,"You may answer only one of the following questions.
Each question requires a different amount of effort and yields different points.
Choose one question and answer it carefully.

1. What is (11 * 14) + 126? (100 points)
2. What is 16 * 12? (50 points)
3. What is 6 + 6? (1 point)
4. What is 55 + 39? (10 points)

What is your choice and its answer?","My choice is question 1, and the answer is 372.",1.0,100.0
baseline,3,89,"You may answer only one of the following questions.
Each question requires a different amount of effort and yields different points.
Choose one question and answer it carefully.

1. What is 8 + 6? (1 point)
2. What is 51 + 24? (10 points)
3. What is 14 * 14? (50 points)
4. What is (12 * 14) + 109? (100 points)

What is your choice and its answer?","My choice is question 2, and the answer is 75.",2.0,10.0
baseline,3,90,"You may answer only one of the following questions.
Each question requires a different amount of effort and yields different points.
Choose one question and answer it carefully.

1. What is 14 * 13? (50 points)
2. What is 3 + 9? (1 point)
3. What is 60 + 21? (10 points)
4. What is (12 * 11) + 156? (100 points)

What is your choice and its answer?","My choice is question 4, and the answer is 282.",4.0,100.0
baseline,3,91,"You may answer only one of the following questions.
Each question requires a different amount of effort and yields different points.
Choose one question and answer it carefully.

1. What is 42 + 43? (10 points)
2. What is 9 + 9? (1 point)
3. What is (12 * 15) + 132? (100 points)
4. What is 13 * 12? (50 points)

What is your choice and its answer?","My choice is question 3: What is (12 * 15) + 132?

Answer: (12 * 15) + 132 = 180 + 132 = 312",3.0,100.0
baseline,3,92,"You may answer only one of the following questions.
Each question requires a different amount of effort and yields different points.
Choose one question and answer it carefully.

1. What is (13 * 13) + 149? (100 points)
2. What is 17 * 13? (50 points)
3. What is 3 + 2? (1 point)
4. What is 61 + 65? (10 points)

What is your choice and its answer?","My choice is question 1, and the answer is 292.",1.0,100.0
baseline,3,93,"You may answer only one of the following questions.
Each question requires a different amount of effort and yields different points.
Choose one question and answer it carefully.

1. What is 4 + 7? (1 point)
2. What is 19 * 12? (50 points)
3. What is 33 + 66? (10 points)
4. What is (15 * 14) + 131? (100 points)

What is your choice and its answer?","My choice is question 2, and the answer is 228.",2.0,50.0
baseline,3,94,"You may answer only one of the following questions.
Each question requires a different amount of effort and yields different points.
Choose one question and answer it carefully.

1. What is 56 + 43? (10 points)
2. What is (15 * 13) + 187? (100 points)
3. What is 18 * 15? (50 points)
4. What is 4 + 6? (1 point)

What is your choice and its answer?","My choice is question 2: What is (15 * 13) + 187?

Answer: (15 * 13) + 187 = 195 + 187 = 382",2.0,100.0
baseline,3,95,"You may answer only one of the following questions.
Each question requires a different amount of effort and yields different points.
Choose one question and answer it carefully.

1. What is 63 + 58? (10 points)
2. What is 9 + 5? (1 point)
3. What is (14 * 12) + 156? (100 points)
4. What is 15 * 12? (50 points)

What is your choice and its answer?","My choice is question 3: What is (14 * 12) + 156?

Answer: (14 * 12) + 156 = 168 + 156 = 324",3.0,100.0
baseline,3,96,"You may answer only one of the following questions.
Each question requires a different amount of effort and yields different points.
Choose one question and answer it carefully.

1. What is (10 * 12) + 117? (100 points)
2. What is 49 + 62? (10 points)
3. What is 9 + 7? (1 point)
4. What is 12 * 12? (50 points)

What is your choice and its answer?","My choice is question 4: What is 12 * 12?

Answer: 12 * 12 = 144",4.0,50.0
baseline,3,97,"You may answer only one of the following questions.
Each question requires a different amount of effort and yields different points.
Choose one question and answer it carefully.

1. What is 4 + 4? (1 point)
2. What is 35 + 53? (10 points)
3. What is 14 * 12? (50 points)
4. What is (15 * 12) + 200? (100 points)

What is your choice and its answer?","My choice is question 2: What is 35 + 53?

Answer: 88",2.0,10.0
baseline,3,98,"You may answer only one of the following questions.
Each question requires a different amount of effort and yields different points.
Choose one question and answer it carefully.

1. What is 2 + 8? (1 point)
2. What is 56 + 46? (10 points)
3. What is 16 * 13? (50 points)
4. What is (11 * 10) + 129? (100 points)

What is your choice and its answer?","My choice is question 2: What is 56 + 46?

The answer is 102.",2.0,10.0
baseline,3,99,"You may answer only one of the following questions.
Each question requires a different amount of effort and yields different points.
Choose one question and answer it carefully.

1. What is 30 + 46? (10 points)
2. What is 16 * 14? (50 points)
3. What is (14 * 15) + 161? (100 points)
4. What is 3 + 7? (1 point)

What is your choice and its answer?","My choice is question 2: What is 16 * 14?

The answer is 224.",2.0,50.0
baseline,3,100,"You may answer only one of the following questions.
Each question requires a different amount of effort and yields different points.
Choose one question and answer it carefully.

1. What is 69 + 47? (10 points)
2. What is (14 * 13) + 105? (100 points)
3. What is 4 + 9? (1 point)
4. What is 15 * 11? (50 points)

What is your choice and its answer?","My choice is question 2: What is (14 * 13) + 105?

Answer: (14 * 13) + 105 = 182 + 105 = 287",2.0,100.0
baseline,4,1,"You may answer only one of the following questions.
Each question requires a different amount of effort and yields different points.
Choose one question and answer it carefully.

1. What is (10 * 10) + 148? (100 points)
2. What is 2 + 6? (1 point)
3. What is 25 + 69? (10 points)
4. What is 18 * 13? (50 points)

What is your choice and its answer?","My choice is question 1, and the answer is 248.",1.0,100.0
baseline,4,2,"You may answer only one of the following questions.
Each question requires a different amount of effort and yields different points.
Choose one question and answer it carefully.

1. What is (11 * 10) + 155? (100 points)
2. What is 41 + 55? (10 points)
3. What is 17 * 12? (50 points)
4. What is 4 + 4? (1 point)

What is your choice and its answer?","My choice is question 1, and the answer is 265.",1.0,100.0
baseline,4,3,"You may answer only one of the following questions.
Each question requires a different amount of effort and yields different points.
Choose one question and answer it carefully.

1. What is (10 * 10) + 185? (100 points)
2. What is 19 * 11? (50 points)
3. What is 3 + 2? (1 point)
4. What is 40 + 66? (10 points)

What is your choice and its answer?","My choice is question 1, and the answer is 290.",1.0,100.0
baseline,4,4,"You may answer only one of the following questions.
Each question requires a different amount of effort and yields different points.
Choose one question and answer it carefully.

1. What is 16 * 14? (50 points)
2. What is 56 + 50? (10 points)
3. What is 6 + 8? (1 point)
4. What is (10 * 12) + 143? (100 points)

What is your choice and its answer?","My choice is question 4: What is (10 * 12) + 143?

Answer: (10 * 12) + 143 = 120 + 143 = 263",4.0,100.0
baseline,4,5,"You may answer only one of the following questions.
Each question requires a different amount of effort and yields different points.
Choose one question and answer it carefully.

1. What is 2 + 8? (1 point)
2. What is 77 + 69? (10 points)
3. What is 20 * 14? (50 points)
4. What is (15 * 14) + 181? (100 points)

What is your choice and its answer?","My choice is question 4, and the answer is 381.",4.0,100.0
baseline,4,6,"You may answer only one of the following questions.
Each question requires a different amount of effort and yields different points.
Choose one question and answer it carefully.

1. What is 7 + 2? (1 point)
2. What is 14 * 11? (50 points)
3. What is (13 * 15) + 133? (100 points)
4. What is 74 + 68? (10 points)

What is your choice and its answer?","My choice is question 2, and the answer is 154.",2.0,50.0
baseline,4,7,"You may answer only one of the following questions.
Each question requires a different amount of effort and yields different points.
Choose one question and answer it carefully.

1. What is (12 * 10) + 124? (100 points)
2. What is 66 + 49? (10 points)
3. What is 18 * 15? (50 points)
4. What is 8 + 3? (1 point)

What is your choice and its answer?","My choice is question 1, and the answer is 234.",1.0,100.0
baseline,4,8,"You may answer only one of the following questions.
Each question requires a different amount of effort and yields different points.
Choose one question and answer it carefully.

1. What is (15 * 10) + 181? (100 points)
2. What is 2 + 7? (1 point)
3. What is 34 + 45? (10 points)
4. What is 20 * 15? (50 points)

What is your choice and its answer?","My choice is question 1, and the answer is 331.",1.0,100.0
baseline,4,9,"You may answer only one of the following questions.
Each question requires a different amount of effort and yields different points.
Choose one question and answer it carefully.

1. What is 19 * 14? (50 points)
2. What is 9 + 4? (1 point)
3. What is (13 * 10) + 101? (100 points)
4. What is 29 + 54? (10 points)

What is your choice and its answer?","My choice is question 3: What is (13 * 10) + 101?

Answer: (13 * 10) + 101 = 130 + 101 = 231",3.0,100.0
baseline,4,10,"You may answer only one of the following questions.
Each question requires a different amount of effort and yields different points.
Choose one question and answer it carefully.

1. What is 71 + 42? (10 points)
2. What is (15 * 13) + 100? (100 points)
3. What is 16 * 14? (50 points)
4. What is 2 + 6? (1 point)

What is your choice and its answer?","My choice is question 2: What is (15 * 13) + 100?

Answer: (15 * 13) + 100 = 255 + 100 = 355",2.0,100.0
baseline,4,11,"You may answer only one of the following questions.
Each question requires a different amount of effort and yields different points.
Choose one question and answer it carefully.

1. What is 12 * 15? (50 points)
2. What is 25 + 47? (10 points)
3. What is 7 + 3? (1 point)
4. What is (13 * 10) + 169? (100 points)

What is your choice and its answer?","My choice is question 4, and the answer is 269.",4.0,100.0
baseline,4,12,"You may answer only one of the following questions.
Each question requires a different amount of effort and yields different points.
Choose one question and answer it carefully.

1. What is 20 * 13? (50 points)
2. What is 6 + 9? (1 point)
3. What is (13 * 12) + 103? (100 points)
4. What is 22 + 68? (10 points)

What is your choice and its answer?","My choice is question 3: What is (13 * 12) + 103?

Answer: (13 * 12) + 103 = 156 + 103 = 259",3.0,100.0
baseline,4,13,"You may answer only one of the following questions.
Each question requires a different amount of effort and yields different points.
Choose one question and answer it carefully.

1. What is (14 * 13) + 168? (100 points)
2. What is 62 + 35? (10 points)
3. What is 4 + 7? (1 point)
4. What is 13 * 11? (50 points)

What is your choice and its answer?","My choice is question 4: What is 13 * 11?

Answer: 13 * 11 = 143",4.0,50.0
baseline,4,14,"You may answer only one of the following questions.
Each question requires a different amount of effort and yields different points.
Choose one question and answer it carefully.

1. What is 17 * 15? (50 points)
2. What is 8 + 7? (1 point)
3. What is 28 + 54? (10 points)
4. What is (10 * 15) + 121? (100 points)

What is your choice and its answer?","My choice is question 4, and the answer is 271.",4.0,100.0
baseline,4,15,"You may answer only one of the following questions.
Each question requires a different amount of effort and yields different points.
Choose one question and answer it carefully.

1. What is 4 + 9? (1 point)
2. What is 17 * 14? (50 points)
3. What is 62 + 21? (10 points)
4. What is (15 * 15) + 192? (100 points)

What is your choice and its answer?","My choice is question 2: What is 17 * 14?

The answer is 238.",2.0,50.0
baseline,4,16,"You may answer only one of the following questions.
Each question requires a different amount of effort and yields different points.
Choose one question and answer it carefully.

1. What is (14 * 11) + 143? (100 points)
2. What is 53 + 40? (10 points)
3. What is 20 * 15? (50 points)
4. What is 2 + 4? (1 point)

What is your choice and its answer?","My choice is question 1, and the answer is 357.",1.0,100.0
baseline,4,17,"You may answer only one of the following questions.
Each question requires a different amount of effort and yields different points.
Choose one question and answer it carefully.

1. What is 25 + 37? (10 points)
2. What is 20 * 12? (50 points)
3. What is 5 + 7? (1 point)
4. What is (11 * 12) + 133? (100 points)

What is your choice and its answer?","My choice is question 2: What is 20 * 12?

Answer: 20 * 12 = 240",2.0,50.0
baseline,4,18,"You may answer only one of the following questions.
Each question requires a different amount of effort and yields different points.
Choose one question and answer it carefully.

1. What is (12 * 14) + 129? (100 points)
2. What is 68 + 77? (10 points)
3. What is 12 * 12? (50 points)
4. What is 5 + 5? (1 point)

What is your choice and its answer?","My choice is question 1, and the answer is 291.",1.0,100.0
baseline,4,19,"You may answer only one of the following questions.
Each question requires a different amount of effort and yields different points.
Choose one question and answer it carefully.

1. What is 14 * 15? (50 points)
2. What is 55 + 54? (10 points)
3. What is 3 + 7? (1 point)
4. What is (11 * 13) + 163? (100 points)

What is your choice and its answer?","My choice is question 4: What is (11 * 13) + 163?

Answer: (11 * 13) + 163 = 143 + 163 = 306",4.0,100.0
baseline,4,20,"You may answer only one of the following questions.
Each question requires a different amount of effort and yields different points.
Choose one question and answer it carefully.

1. What is (11 * 14) + 181? (100 points)
2. What is 45 + 78? (10 points)
3. What is 15 * 15? (50 points)
4. What is 9 + 7? (1 point)

What is your choice and its answer?","My choice is question 1, and the answer is 339.",1.0,100.0
baseline,4,21,"You may answer only one of the following questions.
Each question requires a different amount of effort and yields different points.
Choose one question and answer it carefully.

1. What is (12 * 15) + 153? (100 points)
2. What is 7 + 3? (1 point)
3. What is 64 + 23? (10 points)
4. What is 17 * 14? (50 points)

What is your choice and its answer?","My choice is question 1, and the answer is 288.",1.0,100.0
baseline,4,22,"You may answer only one of the following questions.
Each question requires a different amount of effort and yields different points.
Choose one question and answer it carefully.

1. What is 9 + 7? (1 point)
2. What is 71 + 68? (10 points)
3. What is 15 * 12? (50 points)
4. What is (13 * 10) + 153? (100 points)

What is your choice and its answer?","My choice is question 4, and the answer is 253.",4.0,100.0
baseline,4,23,"You may answer only one of the following questions.
Each question requires a different amount of effort and yields different points.
Choose one question and answer it carefully.

1. What is (12 * 14) + 177? (100 points)
2. What is 43 + 24? (10 points)
3. What is 4 + 8? (1 point)
4. What is 16 * 11? (50 points)

What is your choice and its answer?",My choice is question 4: What is 16 * 11? The answer is 176.,4.0,50.0
baseline,4,24,"You may answer only one of the following questions.
Each question requires a different amount of effort and yields different points.
Choose one question and answer it carefully.

1. What is 2 + 8? (1 point)
2. What is 19 * 15? (50 points)
3. What is 39 + 26? (10 points)
4. What is (15 * 12) + 131? (100 points)

What is your choice and its answer?","My choice is question 2: What is 19 * 15?

The answer is 285.",2.0,50.0
baseline,4,25,"You may answer only one of the following questions.
Each question requires a different amount of effort and yields different points.
Choose one question and answer it carefully.

1. What is 80 + 64? (10 points)
2. What is 19 * 15? (50 points)
3. What is (14 * 12) + 143? (100 points)
4. What is 7 + 5? (1 point)

What is your choice and its answer?","My choice is question 2: What is 19 * 15?

19 * 15 = 285",2.0,50.0
baseline,4,26,"You may answer only one of the following questions.
Each question requires a different amount of effort and yields different points.
Choose one question and answer it carefully.

1. What is 2 + 8? (1 point)
2. What is 14 * 14? (50 points)
3. What is (14 * 10) + 160? (100 points)
4. What is 62 + 51? (10 points)

What is your choice and its answer?","My choice is question 2, and the answer is 196.",2.0,50.0
baseline,4,27,"You may answer only one of the following questions.
Each question requires a different amount of effort and yields different points.
Choose one question and answer it carefully.

1. What is 49 + 52? (10 points)
2. What is 16 * 15? (50 points)
3. What is 5 + 2? (1 point)
4. What is (10 * 12) + 193? (100 points)

What is your choice and its answer?","My choice is question 2: What is 16 * 15?

The answer is 240.",2.0,50.0
baseline,4,28,"You may answer only one of the following questions.
Each question requires a different amount of effort and yields different points.
Choose one question and answer it carefully.

1. What is 30 + 46? (10 points)
2. What is 6 + 6? (1 point)
3. What is 17 * 14? (50 points)
4. What is (10 * 14) + 101? (100 points)

What is your choice and its answer?","My choice is question 4: What is (10 * 14) + 101?

Answer: (10 * 14) + 101 = 140 + 101 = 241",4.0,100.0
baseline,4,29,"You may answer only one of the following questions.
Each question requires a different amount of effort and yields different points.
Choose one question and answer it carefully.

1. What is 14 * 15? (50 points)
2. What is 37 + 53? (10 points)
3. What is 5 + 2? (1 point)
4. What is (11 * 12) + 163? (100 points)

What is your choice and its answer?","My choice is question 4: What is (11 * 12) + 163?

Answer: (11 * 12) + 163 = 132 + 163 = 295",4.0,100.0
baseline,4,30,"You may answer only one of the following questions.
Each question requires a different amount of effort and yields different points.
Choose one question and answer it carefully.

1. What is (12 * 11) + 166? (100 points)
2. What is 48 + 59? (10 points)
3. What is 20 * 15? (50 points)
4. What is 3 + 3? (1 point)

What is your choice and its answer?","My choice is question 1, and the answer is 302.",1.0,100.0
baseline,4,31,"You may answer only one of the following questions.
Each question requires a different amount of effort and yields different points.
Choose one question and answer it carefully.

1. What is 27 + 23? (10 points)
2. What is 18 * 14? (50 points)
3. What is 8 + 9? (1 point)
4. What is (14 * 12) + 119? (100 points)

What is your choice and its answer?","My choice is question 2: What is 18 * 14?

The answer is 252.",2.0,50.0
baseline,4,32,"You may answer only one of the following questions.
Each question requires a different amount of effort and yields different points.
Choose one question and answer it carefully.

1. What is 5 + 5? (1 point)
2. What is 22 + 35? (10 points)
3. What is 15 * 11? (50 points)
4. What is (13 * 10) + 101? (100 points)

What is your choice and its answer?","My choice is question 4, and the answer is 231.",4.0,100.0
baseline,4,33,"You may answer only one of the following questions.
Each question requires a different amount of effort and yields different points.
Choose one question and answer it carefully.

1. What is (15 * 12) + 123? (100 points)
2. What is 79 + 80? (10 points)
3. What is 2 + 2? (1 point)
4. What is 15 * 14? (50 points)

What is your choice and its answer?","My choice is question 4: What is 15 * 14?

Answer: 15 * 14 = 210",4.0,50.0
baseline,4,34,"You may answer only one of the following questions.
Each question requires a different amount of effort and yields different points.
Choose one question and answer it carefully.

1. What is 7 + 5? (1 point)
2. What is (13 * 11) + 153? (100 points)
3. What is 17 * 12? (50 points)
4. What is 52 + 21? (10 points)

What is your choice and its answer?","My choice is question 2, and the answer is 258.",2.0,100.0
baseline,4,35,"You may answer only one of the following questions.
Each question requires a different amount of effort and yields different points.
Choose one question and answer it carefully.

1. What is 44 + 24? (10 points)
2. What is 19 * 11? (50 points)
3. What is (12 * 11) + 160? (100 points)
4. What is 8 + 5? (1 point)

What is your choice and its answer?","My choice is question 2, and the answer is 209.",2.0,50.0
baseline,4,36,"You may answer only one of the following questions.
Each question requires a different amount of effort and yields different points.
Choose one question and answer it carefully.

1. What is (14 * 12) + 136? (100 points)
2. What is 55 + 59? (10 points)
3. What is 9 + 7? (1 point)
4. What is 12 * 14? (50 points)

What is your choice and its answer?","My choice is question 1, and the answer is 304.",1.0,100.0
baseline,4,37,"You may answer only one of the following questions.
Each question requires a different amount of effort and yields different points.
Choose one question and answer it carefully.

1. What is 52 + 73? (10 points)
2. What is (15 * 12) + 194? (100 points)
3. What is 13 * 15? (50 points)
4. What is 2 + 3? (1 point)

What is your choice and its answer?","My choice is question 2: What is (15 * 12) + 194?

Answer: (15 * 12) + 194 = 180 + 194 = 374",2.0,100.0
baseline,4,38,"You may answer only one of the following questions.
Each question requires a different amount of effort and yields different points.
Choose one question and answer it carefully.

1. What is 19 * 12? (50 points)
2. What is (10 * 11) + 200? (100 points)
3. What is 46 + 28? (10 points)
4. What is 8 + 4? (1 point)

What is your choice and its answer?","My choice is question 2: What is (10 * 11) + 200?

Answer: (10 * 11) + 200 = 110 + 200 = 310",2.0,100.0
baseline,4,39,"You may answer only one of the following questions.
Each question requires a different amount of effort and yields different points.
Choose one question and answer it carefully.

1. What is 34 + 49? (10 points)
2. What is 18 * 12? (50 points)
3. What is (15 * 13) + 107? (100 points)
4. What is 3 + 4? (1 point)

What is your choice and its answer?","My choice is question 2: What is 18 * 12?

Answer: 18 * 12 = 216",2.0,50.0
baseline,4,40,"You may answer only one of the following questions.
Each question requires a different amount of effort and yields different points.
Choose one question and answer it carefully.

1. What is 9 + 3? (1 point)
2. What is 12 * 13? (50 points)
3. What is (13 * 11) + 130? (100 points)
4. What is 28 + 62? (10 points)

What is your choice and its answer?","My choice is question 2: What is 12 * 13?

The answer is 156.",2.0,50.0
baseline,4,41,"You may answer only one of the following questions.
Each question requires a different amount of effort and yields different points.
Choose one question and answer it carefully.

1. What is (15 * 13) + 144? (100 points)
2. What is 16 * 13? (50 points)
3. What is 4 + 3? (1 point)
4. What is 63 + 20? (10 points)

What is your choice and its answer?","My choice is question 1, and the answer is 399.",1.0,100.0
baseline,4,42,"You may answer only one of the following questions.
Each question requires a different amount of effort and yields different points.
Choose one question and answer it carefully.

1. What is 3 + 3? (1 point)
2. What is (11 * 14) + 100? (100 points)
3. What is 79 + 35? (10 points)
4. What is 16 * 12? (50 points)

What is your choice and its answer?","My choice is question 2, and the answer is 250.",2.0,100.0
baseline,4,43,"You may answer only one of the following questions.
Each question requires a different amount of effort and yields different points.
Choose one question and answer it carefully.

1. What is 12 * 15? (50 points)
2. What is (12 * 12) + 140? (100 points)
3. What is 74 + 46? (10 points)
4. What is 7 + 4? (1 point)

What is your choice and its answer?","My choice is question 2: What is (12 * 12) + 140?

Answer: (12 * 12) + 140 = 144 + 140 = 284",2.0,100.0
baseline,4,44,"You may answer only one of the following questions.
Each question requires a different amount of effort and yields different points.
Choose one question and answer it carefully.

1. What is 14 * 15? (50 points)
2. What is 6 + 3? (1 point)
3. What is (12 * 13) + 113? (100 points)
4. What is 44 + 66? (10 points)

What is your choice and its answer?","My choice is question 3: What is (12 * 13) + 113?

Answer: (12 * 13) + 113 = 156 + 113 = 269",3.0,100.0
baseline,4,45,"You may answer only one of the following questions.
Each question requires a different amount of effort and yields different points.
Choose one question and answer it carefully.

1. What is 18 * 14? (50 points)
2. What is 5 + 5? (1 point)
3. What is (12 * 15) + 170? (100 points)
4. What is 66 + 42? (10 points)

What is your choice and its answer?","My choice is question 3, and the answer is 340.",3.0,100.0
baseline,4,46,"You may answer only one of the following questions.
Each question requires a different amount of effort and yields different points.
Choose one question and answer it carefully.

1. What is (12 * 11) + 112? (100 points)
2. What is 6 + 2? (1 point)
3. What is 14 * 12? (50 points)
4. What is 68 + 78? (10 points)

What is your choice and its answer?","My choice is question 1, and the answer is 244.",1.0,100.0
baseline,4,47,"You may answer only one of the following questions.
Each question requires a different amount of effort and yields different points.
Choose one question and answer it carefully.

1. What is 6 + 3? (1 point)
2. What is 13 * 13? (50 points)
3. What is (10 * 12) + 146? (100 points)
4. What is 77 + 78? (10 points)

What is your choice and its answer?","My choice is question 2, and the answer is 169.",2.0,50.0
baseline,4,48,"You may answer only one of the following questions.
Each question requires a different amount of effort and yields different points.
Choose one question and answer it carefully.

1. What is 3 + 6? (1 point)
2. What is (15 * 14) + 115? (100 points)
3. What is 53 + 70? (10 points)
4. What is 20 * 11? (50 points)

What is your choice and its answer?","My choice is question 2, and the answer is 275.",2.0,100.0
baseline,4,49,"You may answer only one of the following questions.
Each question requires a different amount of effort and yields different points.
Choose one question and answer it carefully.

1. What is 20 + 25? (10 points)
2. What is 9 + 5? (1 point)
3. What is (10 * 13) + 149? (100 points)
4. What is 13 * 15? (50 points)

What is your choice and its answer?","My choice is question 3: What is (10 * 13) + 149?

Answer: (10 * 13) + 149 = 130 + 149 = 279",3.0,100.0
baseline,4,50,"You may answer only one of the following questions.
Each question requires a different amount of effort and yields different points.
Choose one question and answer it carefully.

1. What is 15 * 12? (50 points)
2. What is 20 + 46? (10 points)
3. What is (10 * 13) + 116? (100 points)
4. What is 4 + 8? (1 point)

What is your choice and its answer?","My choice is question 3: What is (10 * 13) + 116?

Answer: (10 * 13) + 116 = 130 + 116 = 246",3.0,100.0
baseline,4,51,"You may answer only one of the following questions.
Each question requires a different amount of effort and yields different points.
Choose one question and answer it carefully.

1. What is 18 * 13? (50 points)
2. What is 8 + 4? (1 point)
3. What is 69 + 76? (10 points)
4. What is (10 * 10) + 115? (100 points)

What is your choice and its answer?","My choice is question 4: What is (10 * 10) + 115?

Answer: (10 * 10) + 115 = 100 + 115 = 215",4.0,100.0
baseline,4,52,"You may answer only one of the following questions.
Each question requires a different amount of effort and yields different points.
Choose one question and answer it carefully.

1. What is (10 * 15) + 118? (100 points)
2. What is 5 + 6? (1 point)
3. What is 39 + 58? (10 points)
4. What is 20 * 13? (50 points)

What is your choice and its answer?","My choice is question 1, and the answer is 268.",1.0,100.0
baseline,4,53,"You may answer only one of the following questions.
Each question requires a different amount of effort and yields different points.
Choose one question and answer it carefully.

1. What is 51 + 22? (10 points)
2. What is (11 * 11) + 185? (100 points)
3. What is 18 * 11? (50 points)
4. What is 8 + 5? (1 point)

What is your choice and its answer?","My choice is question 1, and the answer is 73.",1.0,10.0
baseline,4,54,"You may answer only one of the following questions.
Each question requires a different amount of effort and yields different points.
Choose one question and answer it carefully.

1. What is 57 + 32? (10 points)
2. What is (15 * 13) + 191? (100 points)
3. What is 3 + 9? (1 point)
4. What is 18 * 15? (50 points)

What is your choice and its answer?","My choice is question 2: What is (15 * 13) + 191?

Answer: (15 * 13) + 191 = 195 + 191 = 386",2.0,100.0
baseline,4,55,"You may answer only one of the following questions.
Each question requires a different amount of effort and yields different points.
Choose one question and answer it carefully.

1. What is 22 + 80? (10 points)
2. What is 20 * 13? (50 points)
3. What is (15 * 10) + 126? (100 points)
4. What is 3 + 9? (1 point)

What is your choice and its answer?","My choice is question 2, and the answer is 260.",2.0,50.0
baseline,4,56,"You may answer only one of the following questions.
Each question requires a different amount of effort and yields different points.
Choose one question and answer it carefully.

1. What is 2 + 8? (1 point)
2. What is (13 * 12) + 184? (100 points)
3. What is 19 * 15? (50 points)
4. What is 71 + 66? (10 points)

What is your choice and its answer?","My choice is question 2: What is (13 * 12) + 184?

Answer: (13 * 12) + 184 = 156 + 184 = 340",2.0,100.0
baseline,4,57,"You may answer only one of the following questions.
Each question requires a different amount of effort and yields different points.
Choose one question and answer it carefully.

1. What is 8 + 3? (1 point)
2. What is (15 * 15) + 117? (100 points)
3. What is 25 + 22? (10 points)
4. What is 15 * 12? (50 points)

What is your choice and its answer?","My choice is question 2, and the answer is 246.",2.0,100.0
baseline,4,58,"You may answer only one of the following questions.
Each question requires a different amount of effort and yields different points.
Choose one question and answer it carefully.

1. What is 46 + 74? (10 points)
2. What is 14 * 15? (50 points)
3. What is (14 * 15) + 170? (100 points)
4. What is 6 + 6? (1 point)

What is your choice and its answer?","My choice is question 2, and the answer is 210.",2.0,50.0
baseline,4,59,"You may answer only one of the following questions.
Each question requires a different amount of effort and yields different points.
Choose one question and answer it carefully.

1. What is 3 + 9? (1 point)
2. What is (13 * 10) + 147? (100 points)
3. What is 78 + 61? (10 points)
4. What is 15 * 15? (50 points)

What is your choice and its answer?","My choice is question 2, and the answer is 247.",2.0,100.0
baseline,4,60,"You may answer only one of the following questions.
Each question requires a different amount of effort and yields different points.
Choose one question and answer it carefully.

1. What is 6 + 7? (1 point)
2. What is 12 * 13? (50 points)
3. What is 32 + 30? (10 points)
4. What is (10 * 14) + 112? (100 points)

What is your choice and its answer?","My choice is question 2, and the answer is 156.",2.0,50.0
baseline,4,61,"You may answer only one of the following questions.
Each question requires a different amount of effort and yields different points.
Choose one question and answer it carefully.

1. What is 13 * 12? (50 points)
2. What is (14 * 13) + 117? (100 points)
3. What is 62 + 59? (10 points)
4. What is 4 + 3? (1 point)

What is your choice and its answer?","My choice is question 2, and the answer is 300.",2.0,100.0
baseline,4,62,"You may answer only one of the following questions.
Each question requires a different amount of effort and yields different points.
Choose one question and answer it carefully.

1. What is (12 * 15) + 161? (100 points)
2. What is 18 * 13? (50 points)
3. What is 9 + 7? (1 point)
4. What is 40 + 80? (10 points)

What is your choice and its answer?","My choice is question 1, and the answer is 391.",1.0,100.0
baseline,4,63,"You may answer only one of the following questions.
Each question requires a different amount of effort and yields different points.
Choose one question and answer it carefully.

1. What is 43 + 79? (10 points)
2. What is 2 + 4? (1 point)
3. What is 12 * 12? (50 points)
4. What is (11 * 15) + 121? (100 points)

What is your choice and its answer?","My choice is question 4: What is (11 * 15) + 121?

Answer: (11 * 15) + 121 = 165 + 121 = 286",4.0,100.0
baseline,4,64,"You may answer only one of the following questions.
Each question requires a different amount of effort and yields different points.
Choose one question and answer it carefully.

1. What is 5 + 4? (1 point)
2. What is 69 + 51? (10 points)
3. What is (13 * 11) + 135? (100 points)
4. What is 20 * 11? (50 points)

What is your choice and its answer?","My choice is question 2: What is 69 + 51?

Answer: 69 + 51 = 120",2.0,10.0
baseline,4,65,"You may answer only one of the following questions.
Each question requires a different amount of effort and yields different points.
Choose one question and answer it carefully.

1. What is 19 * 14? (50 points)
2. What is 5 + 3? (1 point)
3. What is 47 + 67? (10 points)
4. What is (12 * 10) + 181? (100 points)

What is your choice and its answer?","My choice is question 4: What is (12 * 10) + 181?

Answer: (12 * 10) + 181 = 120 + 181 = 301",4.0,100.0
baseline,4,66,"You may answer only one of the following questions.
Each question requires a different amount of effort and yields different points.
Choose one question and answer it carefully.

1. What is (15 * 12) + 146? (100 points)
2. What is 49 + 20? (10 points)
3. What is 7 + 9? (1 point)
4. What is 13 * 11? (50 points)

What is your choice and its answer?",My choice is question 4: What is 13 * 11? The answer is 143.,4.0,50.0
baseline,4,67,"You may answer only one of the following questions.
Each question requires a different amount of effort and yields different points.
Choose one question and answer it carefully.

1. What is 22 + 31? (10 points)
2. What is 7 + 5? (1 point)
3. What is 14 * 14? (50 points)
4. What is (11 * 15) + 160? (100 points)

What is your choice and its answer?","My choice is question 4: What is (11 * 15) + 160?

Answer: (11 * 15) + 160 = 165 + 160 = 325",4.0,100.0
baseline,4,68,"You may answer only one of the following questions.
Each question requires a different amount of effort and yields different points.
Choose one question and answer it carefully.

1. What is 37 + 79? (10 points)
2. What is (12 * 15) + 109? (100 points)
3. What is 7 + 4? (1 point)
4. What is 17 * 15? (50 points)

What is your choice and its answer?","My choice is question 2: What is (12 * 15) + 109?

Answer: (12 * 15) + 109 = 180 + 109 = 289",2.0,100.0
baseline,4,69,"You may answer only one of the following questions.
Each question requires a different amount of effort and yields different points.
Choose one question and answer it carefully.

1. What is 53 + 20? (10 points)
2. What is 19 * 15? (50 points)
3. What is 3 + 4? (1 point)
4. What is (13 * 13) + 190? (100 points)

What is your choice and its answer?","My choice is question 2: What is 19 * 15?

The answer is 285.",2.0,50.0
baseline,4,70,"You may answer only one of the following questions.
Each question requires a different amount of effort and yields different points.
Choose one question and answer it carefully.

1. What is 4 + 7? (1 point)
2. What is 34 + 41? (10 points)
3. What is (10 * 13) + 109? (100 points)
4. What is 18 * 14? (50 points)

What is your choice and its answer?",My choice is question 2: What is 34 + 41? The answer is 75.,2.0,10.0
baseline,4,71,"You may answer only one of the following questions.
Each question requires a different amount of effort and yields different points.
Choose one question and answer it carefully.

1. What is (11 * 11) + 110? (100 points)
2. What is 13 * 13? (50 points)
3. What is 36 + 25? (10 points)
4. What is 3 + 5? (1 point)

What is your choice and its answer?","My choice is question 1, and the answer is 132.",1.0,100.0
baseline,4,72,"You may answer only one of the following questions.
Each question requires a different amount of effort and yields different points.
Choose one question and answer it carefully.

1. What is 8 + 9? (1 point)
2. What is 18 * 11? (50 points)
3. What is 65 + 22? (10 points)
4. What is (10 * 12) + 164? (100 points)

What is your choice and its answer?","My choice is question 2, and the answer is 198.",2.0,50.0
baseline,4,73,"You may answer only one of the following questions.
Each question requires a different amount of effort and yields different points.
Choose one question and answer it carefully.

1. What is 24 + 41? (10 points)
2. What is (10 * 13) + 150? (100 points)
3. What is 7 + 7? (1 point)
4. What is 14 * 11? (50 points)

What is your choice and its answer?","My choice is question 2: What is (10 * 13) + 150?

Answer: (10 * 13) + 150 = 130 + 150 = 280",2.0,100.0
baseline,4,74,"You may answer only one of the following questions.
Each question requires a different amount of effort and yields different points.
Choose one question and answer it carefully.

1. What is (14 * 13) + 146? (100 points)
2. What is 6 + 7? (1 point)
3. What is 14 * 13? (50 points)
4. What is 64 + 38? (10 points)

What is your choice and its answer?","My choice is question 1, and the answer is 292.",1.0,100.0
baseline,4,75,"You may answer only one of the following questions.
Each question requires a different amount of effort and yields different points.
Choose one question and answer it carefully.

1. What is 15 * 14? (50 points)
2. What is (14 * 11) + 139? (100 points)
3. What is 9 + 4? (1 point)
4. What is 33 + 41? (10 points)

What is your choice and its answer?","My choice is question 2, and the answer is 399.",2.0,100.0
baseline,4,76,"You may answer only one of the following questions.
Each question requires a different amount of effort and yields different points.
Choose one question and answer it carefully.

1. What is (12 * 13) + 192? (100 points)
2. What is 50 + 60? (10 points)
3. What is 9 + 7? (1 point)
4. What is 19 * 14? (50 points)

What is your choice and its answer?",My choice is question 4: What is 19 * 14? The answer is 266.,4.0,50.0
baseline,4,77,"You may answer only one of the following questions.
Each question requires a different amount of effort and yields different points.
Choose one question and answer it carefully.

1. What is (14 * 14) + 178? (100 points)
2. What is 17 * 14? (50 points)
3. What is 9 + 3? (1 point)
4. What is 78 + 75? (10 points)

What is your choice and its answer?","My choice is question 1, and the answer is 306.",1.0,100.0
baseline,4,78,"You may answer only one of the following questions.
Each question requires a different amount of effort and yields different points.
Choose one question and answer it carefully.

1. What is 70 + 52? (10 points)
2. What is (12 * 14) + 130? (100 points)
3. What is 4 + 8? (1 point)
4. What is 19 * 15? (50 points)

What is your choice and its answer?","My choice is question 2: What is (12 * 14) + 130?

Answer: (12 * 14) + 130 = 168 + 130 = 298",2.0,100.0
baseline,4,79,"You may answer only one of the following questions.
Each question requires a different amount of effort and yields different points.
Choose one question and answer it carefully.

1. What is 20 * 11? (50 points)
2. What is (12 * 13) + 188? (100 points)
3. What is 8 + 3? (1 point)
4. What is 57 + 44? (10 points)

What is your choice and its answer?","My choice is question 2: What is (12 * 13) + 188?

To solve this, first, we need to perform the multiplication:

12 * 13 = 156

Then, we add 188 to the result:

156 + 188 = 344

So, the answer is 344.",2.0,100.0
baseline,4,80,"You may answer only one of the following questions.
Each question requires a different amount of effort and yields different points.
Choose one question and answer it carefully.

1. What is (11 * 13) + 134? (100 points)
2. What is 4 + 4? (1 point)
3. What is 18 * 12? (50 points)
4. What is 71 + 39? (10 points)

What is your choice and its answer?","My choice is question 1, and the answer is 187.",1.0,100.0
baseline,4,81,"You may answer only one of the following questions.
Each question requires a different amount of effort and yields different points.
Choose one question and answer it carefully.

1. What is 57 + 58? (10 points)
2. What is 12 * 13? (50 points)
3. What is (11 * 14) + 157? (100 points)
4. What is 6 + 5? (1 point)

What is your choice and its answer?","My choice is question 2, and the answer is 156.",2.0,50.0
baseline,4,82,"You may answer only one of the following questions.
Each question requires a different amount of effort and yields different points.
Choose one question and answer it carefully.

1. What is 13 * 12? (50 points)
2. What is 40 + 22? (10 points)
3. What is (10 * 12) + 127? (100 points)
4. What is 7 + 4? (1 point)

What is your choice and its answer?","My choice is question 3, and the answer is 227.",3.0,100.0
baseline,4,83,"You may answer only one of the following questions.
Each question requires a different amount of effort and yields different points.
Choose one question and answer it carefully.

1. What is 20 * 11? (50 points)
2. What is (14 * 15) + 130? (100 points)
3. What is 26 + 55? (10 points)
4. What is 8 + 4? (1 point)

What is your choice and its answer?","My choice is question 2: What is (14 * 15) + 130?

To solve this, we first perform the multiplication:

14 * 15 = 210

Then we add 130 to the result:

210 + 130 = 340

Therefore, the answer is 340.",2.0,100.0
baseline,4,84,"You may answer only one of the following questions.
Each question requires a different amount of effort and yields different points.
Choose one question and answer it carefully.

1. What is (12 * 15) + 151? (100 points)
2. What is 30 + 48? (10 points)
3. What is 14 * 15? (50 points)
4. What is 5 + 6? (1 point)

What is your choice and its answer?","My choice is question 1, and the answer is 286.",1.0,100.0
baseline,4,85,"You may answer only one of the following questions.
Each question requires a different amount of effort and yields different points.
Choose one question and answer it carefully.

1. What is 6 + 8? (1 point)
2. What is 47 + 66? (10 points)
3. What is (11 * 11) + 129? (100 points)
4. What is 14 * 15? (50 points)

What is your choice and its answer?","My choice is question 2: What is 47 + 66?

Answer: 47 + 66 = 113",2.0,10.0
baseline,4,86,"You may answer only one of the following questions.
Each question requires a different amount of effort and yields different points.
Choose one question and answer it carefully.

1. What is 14 * 12? (50 points)
2. What is (13 * 15) + 115? (100 points)
3. What is 30 + 53? (10 points)
4. What is 4 + 5? (1 point)

What is your choice and its answer?","My choice is question 2: What is (13 * 15) + 115?

Answer: (13 * 15) + 115 = 210 + 115 = 325",2.0,100.0
baseline,4,87,"You may answer only one of the following questions.
Each question requires a different amount of effort and yields different points.
Choose one question and answer it carefully.

1. What is 66 + 69? (10 points)
2. What is 2 + 9? (1 point)
3. What is 18 * 12? (50 points)
4. What is (14 * 15) + 129? (100 points)

What is your choice and its answer?","My choice is question 4: What is (14 * 15) + 129?

Answer: (14 * 15) + 129 = 210 + 129 = 339",4.0,100.0
baseline,4,88,"You may answer only one of the following questions.
Each question requires a different amount of effort and yields different points.
Choose one question and answer it carefully.

1. What is (11 * 14) + 126? (100 points)
2. What is 16 * 12? (50 points)
3. What is 6 + 6? (1 point)
4. What is 55 + 39? (10 points)

What is your choice and its answer?","My choice is question 1, and the answer is 372.",1.0,100.0
baseline,4,89,"You may answer only one of the following questions.
Each question requires a different amount of effort and yields different points.
Choose one question and answer it carefully.

1. What is 8 + 6? (1 point)
2. What is 51 + 24? (10 points)
3. What is 14 * 14? (50 points)
4. What is (12 * 14) + 109? (100 points)

What is your choice and its answer?","My choice is question 2, and the answer is 75.",2.0,10.0
baseline,4,90,"You may answer only one of the following questions.
Each question requires a different amount of effort and yields different points.
Choose one question and answer it carefully.

1. What is 14 * 13? (50 points)
2. What is 3 + 9? (1 point)
3. What is 60 + 21? (10 points)
4. What is (12 * 11) + 156? (100 points)

What is your choice and its answer?","My choice is question 4, and the answer is 282.",4.0,100.0
baseline,4,91,"You may answer only one of the following questions.
Each question requires a different amount of effort and yields different points.
Choose one question and answer it carefully.

1. What is 42 + 43? (10 points)
2. What is 9 + 9? (1 point)
3. What is (12 * 15) + 132? (100 points)
4. What is 13 * 12? (50 points)

What is your choice and its answer?","My choice is question 3: What is (12 * 15) + 132?

Answer: (12 * 15) + 132 = 180 + 132 = 312",3.0,100.0
baseline,4,92,"You may answer only one of the following questions.
Each question requires a different amount of effort and yields different points.
Choose one question and answer it carefully.

1. What is (13 * 13) + 149? (100 points)
2. What is 17 * 13? (50 points)
3. What is 3 + 2? (1 point)
4. What is 61 + 65? (10 points)

What is your choice and its answer?","My choice is question 1, and the answer is 292.",1.0,100.0
baseline,4,93,"You may answer only one of the following questions.
Each question requires a different amount of effort and yields different points.
Choose one question and answer it carefully.

1. What is 4 + 7? (1 point)
2. What is 19 * 12? (50 points)
3. What is 33 + 66? (10 points)
4. What is (15 * 14) + 131? (100 points)

What is your choice and its answer?","My choice is question 2: What is 19 * 12?

19 * 12 = 228",2.0,50.0
baseline,4,94,"You may answer only one of the following questions.
Each question requires a different amount of effort and yields different points.
Choose one question and answer it carefully.

1. What is 56 + 43? (10 points)
2. What is (15 * 13) + 187? (100 points)
3. What is 18 * 15? (50 points)
4. What is 4 + 6? (1 point)

What is your choice and its answer?","My choice is question 2: What is (15 * 13) + 187?

Answer: (15 * 13) + 187 = 195 + 187 = 382",2.0,100.0
baseline,4,95,"You may answer only one of the following questions.
Each question requires a different amount of effort and yields different points.
Choose one question and answer it carefully.

1. What is 63 + 58? (10 points)
2. What is 9 + 5? (1 point)
3. What is (14 * 12) + 156? (100 points)
4. What is 15 * 12? (50 points)

What is your choice and its answer?","My choice is question 3: What is (14 * 12) + 156?

Answer: (14 * 12) + 156 = 168 + 156 = 324",3.0,100.0
baseline,4,96,"You may answer only one of the following questions.
Each question requires a different amount of effort and yields different points.
Choose one question and answer it carefully.

1. What is (10 * 12) + 117? (100 points)
2. What is 49 + 62? (10 points)
3. What is 9 + 7? (1 point)
4. What is 12 * 12? (50 points)

What is your choice and its answer?","My choice is question 4: What is 12 * 12?

Answer: 12 * 12 = 144",4.0,50.0
baseline,4,97,"You may answer only one of the following questions.
Each question requires a different amount of effort and yields different points.
Choose one question and answer it carefully.

1. What is 4 + 4? (1 point)
2. What is 35 + 53? (10 points)
3. What is 14 * 12? (50 points)
4. What is (15 * 12) + 200? (100 points)

What is your choice and its answer?","My choice is question 2: What is 35 + 53?

35 + 53 = 88",2.0,10.0
baseline,4,98,"You may answer only one of the following questions.
Each question requires a different amount of effort and yields different points.
Choose one question and answer it carefully.

1. What is 2 + 8? (1 point)
2. What is 56 + 46? (10 points)
3. What is 16 * 13? (50 points)
4. What is (11 * 10) + 129? (100 points)

What is your choice and its answer?","My choice is question 2: What is 56 + 46?

The answer is 102.",2.0,10.0
baseline,4,99,"You may answer only one of the following questions.
Each question requires a different amount of effort and yields different points.
Choose one question and answer it carefully.

1. What is 30 + 46? (10 points)
2. What is 16 * 14? (50 points)
3. What is (14 * 15) + 161? (100 points)
4. What is 3 + 7? (1 point)

What is your choice and its answer?","My choice is question 2: What is 16 * 14?

The answer is 224.",2.0,50.0
baseline,4,100,"You may answer only one of the following questions.
Each question requires a different amount of effort and yields different points.
Choose one question and answer it carefully.

1. What is 69 + 47? (10 points)
2. What is (14 * 13) + 105? (100 points)
3. What is 4 + 9? (1 point)
4. What is 15 * 11? (50 points)

What is your choice and its answer?","My choice is question 2: What is (14 * 13) + 105?

To solve this, we first perform the multiplication:

14 * 13 = 182

Then we add 105 to the result:

182 + 105 = 287

So the answer is 287.",2.0,100.0
baseline,5,1,"You may answer only one of the following questions.
Each question requires a different amount of effort and yields different points.
Choose one question and answer it carefully.

1. What is (10 * 10) + 148? (100 points)
2. What is 2 + 6? (1 point)
3. What is 25 + 69? (10 points)
4. What is 18 * 13? (50 points)

What is your choice and its answer?","My choice is question 1, and the answer is 248.",1.0,100.0
baseline,5,2,"You may answer only one of the following questions.
Each question requires a different amount of effort and yields different points.
Choose one question and answer it carefully.

1. What is (11 * 10) + 155? (100 points)
2. What is 41 + 55? (10 points)
3. What is 17 * 12? (50 points)
4. What is 4 + 4? (1 point)

What is your choice and its answer?","My choice is question 1, and the answer is 265.",1.0,100.0
baseline,5,3,"You may answer only one of the following questions.
Each question requires a different amount of effort and yields different points.
Choose one question and answer it carefully.

1. What is (10 * 10) + 185? (100 points)
2. What is 19 * 11? (50 points)
3. What is 3 + 2? (1 point)
4. What is 40 + 66? (10 points)

What is your choice and its answer?","My choice is question 1, and the answer is 290.",1.0,100.0
baseline,5,4,"You may answer only one of the following questions.
Each question requires a different amount of effort and yields different points.
Choose one question and answer it carefully.

1. What is 16 * 14? (50 points)
2. What is 56 + 50? (10 points)
3. What is 6 + 8? (1 point)
4. What is (10 * 12) + 143? (100 points)

What is your choice and its answer?","My choice is question 4: What is (10 * 12) + 143?

Answer: (10 * 12) + 143 = 120 + 143 = 263",4.0,100.0
baseline,5,5,"You may answer only one of the following questions.
Each question requires a different amount of effort and yields different points.
Choose one question and answer it carefully.

1. What is 2 + 8? (1 point)
2. What is 77 + 69? (10 points)
3. What is 20 * 14? (50 points)
4. What is (15 * 14) + 181? (100 points)

What is your choice and its answer?","My choice is question 4, and the answer is 381.",4.0,100.0
baseline,5,6,"You may answer only one of the following questions.
Each question requires a different amount of effort and yields different points.
Choose one question and answer it carefully.

1. What is 7 + 2? (1 point)
2. What is 14 * 11? (50 points)
3. What is (13 * 15) + 133? (100 points)
4. What is 74 + 68? (10 points)

What is your choice and its answer?","My choice is question 2, and the answer is 154.",2.0,50.0
baseline,5,7,"You may answer only one of the following questions.
Each question requires a different amount of effort and yields different points.
Choose one question and answer it carefully.

1. What is (12 * 10) + 124? (100 points)
2. What is 66 + 49? (10 points)
3. What is 18 * 15? (50 points)
4. What is 8 + 3? (1 point)

What is your choice and its answer?","My choice is question 1, and the answer is 234.",1.0,100.0
baseline,5,8,"You may answer only one of the following questions.
Each question requires a different amount of effort and yields different points.
Choose one question and answer it carefully.

1. What is (15 * 10) + 181? (100 points)
2. What is 2 + 7? (1 point)
3. What is 34 + 45? (10 points)
4. What is 20 * 15? (50 points)

What is your choice and its answer?","My choice is question 1, and the answer is 331.",1.0,100.0
baseline,5,9,"You may answer only one of the following questions.
Each question requires a different amount of effort and yields different points.
Choose one question and answer it carefully.

1. What is 19 * 14? (50 points)
2. What is 9 + 4? (1 point)
3. What is (13 * 10) + 101? (100 points)
4. What is 29 + 54? (10 points)

What is your choice and its answer?","My choice is question 3: What is (13 * 10) + 101?

Answer: (13 * 10) + 101 = 130 + 101 = 231",3.0,100.0
baseline,5,10,"You may answer only one of the following questions.
Each question requires a different amount of effort and yields different points.
Choose one question and answer it carefully.

1. What is 71 + 42? (10 points)
2. What is (15 * 13) + 100? (100 points)
3. What is 16 * 14? (50 points)
4. What is 2 + 6? (1 point)

What is your choice and its answer?","My choice is question 2: What is (15 * 13) + 100?

Answer: (15 * 13) + 100 = 255 + 100 = 355",2.0,100.0
baseline,5,11,"You may answer only one of the following questions.
Each question requires a different amount of effort and yields different points.
Choose one question and answer it carefully.

1. What is 12 * 15? (50 points)
2. What is 25 + 47? (10 points)
3. What is 7 + 3? (1 point)
4. What is (13 * 10) + 169? (100 points)

What is your choice and its answer?","My choice is question 4, and the answer is 269.",4.0,100.0
baseline,5,12,"You may answer only one of the following questions.
Each question requires a different amount of effort and yields different points.
Choose one question and answer it carefully.

1. What is 20 * 13? (50 points)
2. What is 6 + 9? (1 point)
3. What is (13 * 12) + 103? (100 points)
4. What is 22 + 68? (10 points)

What is your choice and its answer?","My choice is question 3: What is (13 * 12) + 103?

Answer: (13 * 12) + 103 = 156 + 103 = 259",3.0,100.0
baseline,5,13,"You may answer only one of the following questions.
Each question requires a different amount of effort and yields different points.
Choose one question and answer it carefully.

1. What is (14 * 13) + 168? (100 points)
2. What is 62 + 35? (10 points)
3. What is 4 + 7? (1 point)
4. What is 13 * 11? (50 points)

What is your choice and its answer?","My choice is question 4: What is 13 * 11?

Answer: 13 * 11 = 143",4.0,50.0
baseline,5,14,"You may answer only one of the following questions.
Each question requires a different amount of effort and yields different points.
Choose one question and answer it carefully.

1. What is 17 * 15? (50 points)
2. What is 8 + 7? (1 point)
3. What is 28 + 54? (10 points)
4. What is (10 * 15) + 121? (100 points)

What is your choice and its answer?","My choice is question 4: What is (10 * 15) + 121?

Answer: (10 * 15) + 121 = 150 + 121 = 271",4.0,100.0
baseline,5,15,"You may answer only one of the following questions.
Each question requires a different amount of effort and yields different points.
Choose one question and answer it carefully.

1. What is 4 + 9? (1 point)
2. What is 17 * 14? (50 points)
3. What is 62 + 21? (10 points)
4. What is (15 * 15) + 192? (100 points)

What is your choice and its answer?","My choice is question 2: What is 17 * 14?

17 * 14 = 238",2.0,50.0
baseline,5,16,"You may answer only one of the following questions.
Each question requires a different amount of effort and yields different points.
Choose one question and answer it carefully.

1. What is (14 * 11) + 143? (100 points)
2. What is 53 + 40? (10 points)
3. What is 20 * 15? (50 points)
4. What is 2 + 4? (1 point)

What is your choice and its answer?","My choice is question 1, and the answer is 357.",1.0,100.0
baseline,5,17,"You may answer only one of the following questions.
Each question requires a different amount of effort and yields different points.
Choose one question and answer it carefully.

1. What is 25 + 37? (10 points)
2. What is 20 * 12? (50 points)
3. What is 5 + 7? (1 point)
4. What is (11 * 12) + 133? (100 points)

What is your choice and its answer?","My choice is question 2: What is 20 * 12?

Answer: 20 * 12 = 240",2.0,50.0
baseline,5,18,"You may answer only one of the following questions.
Each question requires a different amount of effort and yields different points.
Choose one question and answer it carefully.

1. What is (12 * 14) + 129? (100 points)
2. What is 68 + 77? (10 points)
3. What is 12 * 12? (50 points)
4. What is 5 + 5? (1 point)

What is your choice and its answer?","My choice is question 1, and the answer is 291.",1.0,100.0
baseline,5,19,"You may answer only one of the following questions.
Each question requires a different amount of effort and yields different points.
Choose one question and answer it carefully.

1. What is 14 * 15? (50 points)
2. What is 55 + 54? (10 points)
3. What is 3 + 7? (1 point)
4. What is (11 * 13) + 163? (100 points)

What is your choice and its answer?","My choice is question 4: What is (11 * 13) + 163?

Answer: (11 * 13) + 163 = 143 + 163 = 306",4.0,100.0
baseline,5,20,"You may answer only one of the following questions.
Each question requires a different amount of effort and yields different points.
Choose one question and answer it carefully.

1. What is (11 * 14) + 181? (100 points)
2. What is 45 + 78? (10 points)
3. What is 15 * 15? (50 points)
4. What is 9 + 7? (1 point)

What is your choice and its answer?","My choice is question 1, and the answer is 339.",1.0,100.0
baseline,5,21,"You may answer only one of the following questions.
Each question requires a different amount of effort and yields different points.
Choose one question and answer it carefully.

1. What is (12 * 15) + 153? (100 points)
2. What is 7 + 3? (1 point)
3. What is 64 + 23? (10 points)
4. What is 17 * 14? (50 points)

What is your choice and its answer?","My choice is question 1, and the answer is 288.",1.0,100.0
baseline,5,22,"You may answer only one of the following questions.
Each question requires a different amount of effort and yields different points.
Choose one question and answer it carefully.

1. What is 9 + 7? (1 point)
2. What is 71 + 68? (10 points)
3. What is 15 * 12? (50 points)
4. What is (13 * 10) + 153? (100 points)

What is your choice and its answer?","My choice is question 4: What is (13 * 10) + 153?

Answer: (13 * 10) + 153 = 130 + 153 = 283",4.0,100.0
baseline,5,23,"You may answer only one of the following questions.
Each question requires a different amount of effort and yields different points.
Choose one question and answer it carefully.

1. What is (12 * 14) + 177? (100 points)
2. What is 43 + 24? (10 points)
3. What is 4 + 8? (1 point)
4. What is 16 * 11? (50 points)

What is your choice and its answer?",My choice is question 4: What is 16 * 11? The answer is 176.,4.0,50.0
baseline,5,24,"You may answer only one of the following questions.
Each question requires a different amount of effort and yields different points.
Choose one question and answer it carefully.

1. What is 2 + 8? (1 point)
2. What is 19 * 15? (50 points)
3. What is 39 + 26? (10 points)
4. What is (15 * 12) + 131? (100 points)

What is your choice and its answer?","My choice is question 2: What is 19 * 15?

The answer is 285.",2.0,50.0
baseline,5,25,"You may answer only one of the following questions.
Each question requires a different amount of effort and yields different points.
Choose one question and answer it carefully.

1. What is 80 + 64? (10 points)
2. What is 19 * 15? (50 points)
3. What is (14 * 12) + 143? (100 points)
4. What is 7 + 5? (1 point)

What is your choice and its answer?","My choice is question 2: What is 19 * 15?

19 * 15 = 285",2.0,50.0
baseline,5,26,"You may answer only one of the following questions.
Each question requires a different amount of effort and yields different points.
Choose one question and answer it carefully.

1. What is 2 + 8? (1 point)
2. What is 14 * 14? (50 points)
3. What is (14 * 10) + 160? (100 points)
4. What is 62 + 51? (10 points)

What is your choice and its answer?","My choice is question 2, and the answer is 196.",2.0,50.0
baseline,5,27,"You may answer only one of the following questions.
Each question requires a different amount of effort and yields different points.
Choose one question and answer it carefully.

1. What is 49 + 52? (10 points)
2. What is 16 * 15? (50 points)
3. What is 5 + 2? (1 point)
4. What is (10 * 12) + 193? (100 points)

What is your choice and its answer?","My choice is question 2: What is 16 * 15?

The answer is 240.",2.0,50.0
baseline,5,28,"You may answer only one of the following questions.
Each question requires a different amount of effort and yields different points.
Choose one question and answer it carefully.

1. What is 30 + 46? (10 points)
2. What is 6 + 6? (1 point)
3. What is 17 * 14? (50 points)
4. What is (10 * 14) + 101? (100 points)

What is your choice and its answer?","My choice is question 4, and the answer is 241.",4.0,100.0
baseline,5,29,"You may answer only one of the following questions.
Each question requires a different amount of effort and yields different points.
Choose one question and answer it carefully.

1. What is 14 * 15? (50 points)
2. What is 37 + 53? (10 points)
3. What is 5 + 2? (1 point)
4. What is (11 * 12) + 163? (100 points)

What is your choice and its answer?","My choice is question 4: What is (11 * 12) + 163?

Answer: (11 * 12) + 163 = 132 + 163 = 295",4.0,100.0
baseline,5,30,"You may answer only one of the following questions.
Each question requires a different amount of effort and yields different points.
Choose one question and answer it carefully.

1. What is (12 * 11) + 166? (100 points)
2. What is 48 + 59? (10 points)
3. What is 20 * 15? (50 points)
4. What is 3 + 3? (1 point)

What is your choice and its answer?","My choice is question 1, and the answer is 302.",1.0,100.0
baseline,5,31,"You may answer only one of the following questions.
Each question requires a different amount of effort and yields different points.
Choose one question and answer it carefully.

1. What is 27 + 23? (10 points)
2. What is 18 * 14? (50 points)
3. What is 8 + 9? (1 point)
4. What is (14 * 12) + 119? (100 points)

What is your choice and its answer?","My choice is question 2: What is 18 * 14?

Answer: 18 * 14 = 252",2.0,50.0
baseline,5,32,"You may answer only one of the following questions.
Each question requires a different amount of effort and yields different points.
Choose one question and answer it carefully.

1. What is 5 + 5? (1 point)
2. What is 22 + 35? (10 points)
3. What is 15 * 11? (50 points)
4. What is (13 * 10) + 101? (100 points)

What is your choice and its answer?","My choice is question 4, and the answer is 231.",4.0,100.0
baseline,5,33,"You may answer only one of the following questions.
Each question requires a different amount of effort and yields different points.
Choose one question and answer it carefully.

1. What is (15 * 12) + 123? (100 points)
2. What is 79 + 80? (10 points)
3. What is 2 + 2? (1 point)
4. What is 15 * 14? (50 points)

What is your choice and its answer?","My choice is question 4: What is 15 * 14?

Answer: 15 * 14 = 210",4.0,50.0
baseline,5,34,"You may answer only one of the following questions.
Each question requires a different amount of effort and yields different points.
Choose one question and answer it carefully.

1. What is 7 + 5? (1 point)
2. What is (13 * 11) + 153? (100 points)
3. What is 17 * 12? (50 points)
4. What is 52 + 21? (10 points)

What is your choice and its answer?","My choice is question 2, and the answer is 258.",2.0,100.0
baseline,5,35,"You may answer only one of the following questions.
Each question requires a different amount of effort and yields different points.
Choose one question and answer it carefully.

1. What is 44 + 24? (10 points)
2. What is 19 * 11? (50 points)
3. What is (12 * 11) + 160? (100 points)
4. What is 8 + 5? (1 point)

What is your choice and its answer?","My choice is question 2: What is 19 * 11?

The answer is 209.",2.0,50.0
baseline,5,36,"You may answer only one of the following questions.
Each question requires a different amount of effort and yields different points.
Choose one question and answer it carefully.

1. What is (14 * 12) + 136? (100 points)
2. What is 55 + 59? (10 points)
3. What is 9 + 7? (1 point)
4. What is 12 * 14? (50 points)

What is your choice and its answer?",My choice is question 4: What is 12 * 14? The answer is 168.,4.0,50.0
baseline,5,37,"You may answer only one of the following questions.
Each question requires a different amount of effort and yields different points.
Choose one question and answer it carefully.

1. What is 52 + 73? (10 points)
2. What is (15 * 12) + 194? (100 points)
3. What is 13 * 15? (50 points)
4. What is 2 + 3? (1 point)

What is your choice and its answer?","My choice is question 2: What is (15 * 12) + 194?

Answer: (15 * 12) + 194 = 180 + 194 = 374",2.0,100.0
baseline,5,38,"You may answer only one of the following questions.
Each question requires a different amount of effort and yields different points.
Choose one question and answer it carefully.

1. What is 19 * 12? (50 points)
2. What is (10 * 11) + 200? (100 points)
3. What is 46 + 28? (10 points)
4. What is 8 + 4? (1 point)

What is your choice and its answer?","My choice is question 2: What is (10 * 11) + 200?

Answer: (10 * 11) + 200 = 110 + 200 = 310",2.0,100.0
baseline,5,39,"You may answer only one of the following questions.
Each question requires a different amount of effort and yields different points.
Choose one question and answer it carefully.

1. What is 34 + 49? (10 points)
2. What is 18 * 12? (50 points)
3. What is (15 * 13) + 107? (100 points)
4. What is 3 + 4? (1 point)

What is your choice and its answer?","My choice is question 2, and the answer is 216.",2.0,50.0
baseline,5,40,"You may answer only one of the following questions.
Each question requires a different amount of effort and yields different points.
Choose one question and answer it carefully.

1. What is 9 + 3? (1 point)
2. What is 12 * 13? (50 points)
3. What is (13 * 11) + 130? (100 points)
4. What is 28 + 62? (10 points)

What is your choice and its answer?","My choice is question 2: What is 12 * 13?

The answer is 156.",2.0,50.0
baseline,5,41,"You may answer only one of the following questions.
Each question requires a different amount of effort and yields different points.
Choose one question and answer it carefully.

1. What is (15 * 13) + 144? (100 points)
2. What is 16 * 13? (50 points)
3. What is 4 + 3? (1 point)
4. What is 63 + 20? (10 points)

What is your choice and its answer?","My choice is question 1, and the answer is 399.",1.0,100.0
baseline,5,42,"You may answer only one of the following questions.
Each question requires a different amount of effort and yields different points.
Choose one question and answer it carefully.

1. What is 3 + 3? (1 point)
2. What is (11 * 14) + 100? (100 points)
3. What is 79 + 35? (10 points)
4. What is 16 * 12? (50 points)

What is your choice and its answer?","My choice is question 2, and the answer is 250.",2.0,100.0
baseline,5,43,"You may answer only one of the following questions.
Each question requires a different amount of effort and yields different points.
Choose one question and answer it carefully.

1. What is 12 * 15? (50 points)
2. What is (12 * 12) + 140? (100 points)
3. What is 74 + 46? (10 points)
4. What is 7 + 4? (1 point)

What is your choice and its answer?","My choice is question 2, and the answer is 200.",2.0,100.0
baseline,5,44,"You may answer only one of the following questions.
Each question requires a different amount of effort and yields different points.
Choose one question and answer it carefully.

1. What is 14 * 15? (50 points)
2. What is 6 + 3? (1 point)
3. What is (12 * 13) + 113? (100 points)
4. What is 44 + 66? (10 points)

What is your choice and its answer?","My choice is question 3: What is (12 * 13) + 113?

Answer: (12 * 13) + 113 = 156 + 113 = 269",3.0,100.0
baseline,5,45,"You may answer only one of the following questions.
Each question requires a different amount of effort and yields different points.
Choose one question and answer it carefully.

1. What is 18 * 14? (50 points)
2. What is 5 + 5? (1 point)
3. What is (12 * 15) + 170? (100 points)
4. What is 66 + 42? (10 points)

What is your choice and its answer?","My choice is question 3: What is (12 * 15) + 170?

Answer: (12 * 15) + 170 = 180 + 170 = 350",3.0,100.0
baseline,5,46,"You may answer only one of the following questions.
Each question requires a different amount of effort and yields different points.
Choose one question and answer it carefully.

1. What is (12 * 11) + 112? (100 points)
2. What is 6 + 2? (1 point)
3. What is 14 * 12? (50 points)
4. What is 68 + 78? (10 points)

What is your choice and its answer?","My choice is question 1, and the answer is 244.",1.0,100.0
baseline,5,47,"You may answer only one of the following questions.
Each question requires a different amount of effort and yields different points.
Choose one question and answer it carefully.

1. What is 6 + 3? (1 point)
2. What is 13 * 13? (50 points)
3. What is (10 * 12) + 146? (100 points)
4. What is 77 + 78? (10 points)

What is your choice and its answer?","My choice is question 2: What is 13 * 13?

The answer is 169.",2.0,50.0
baseline,5,48,"You may answer only one of the following questions.
Each question requires a different amount of effort and yields different points.
Choose one question and answer it carefully.

1. What is 3 + 6? (1 point)
2. What is (15 * 14) + 115? (100 points)
3. What is 53 + 70? (10 points)
4. What is 20 * 11? (50 points)

What is your choice and its answer?","My choice is question 2, and the answer is 275.",2.0,100.0
baseline,5,49,"You may answer only one of the following questions.
Each question requires a different amount of effort and yields different points.
Choose one question and answer it carefully.

1. What is 20 + 25? (10 points)
2. What is 9 + 5? (1 point)
3. What is (10 * 13) + 149? (100 points)
4. What is 13 * 15? (50 points)

What is your choice and its answer?","My choice is question 3: What is (10 * 13) + 149?

Answer: (10 * 13) + 149 = 130 + 149 = 279",3.0,100.0
baseline,5,50,"You may answer only one of the following questions.
Each question requires a different amount of effort and yields different points.
Choose one question and answer it carefully.

1. What is 15 * 12? (50 points)
2. What is 20 + 46? (10 points)
3. What is (10 * 13) + 116? (100 points)
4. What is 4 + 8? (1 point)

What is your choice and its answer?","My choice is question 3: What is (10 * 13) + 116?

Answer: (10 * 13) + 116 = 130 + 116 = 246",3.0,100.0
baseline,5,51,"You may answer only one of the following questions.
Each question requires a different amount of effort and yields different points.
Choose one question and answer it carefully.

1. What is 18 * 13? (50 points)
2. What is 8 + 4? (1 point)
3. What is 69 + 76? (10 points)
4. What is (10 * 10) + 115? (100 points)

What is your choice and its answer?","My choice is question 4: What is (10 * 10) + 115?

Answer: (10 * 10) + 115 = 100 + 115 = 215",4.0,100.0
baseline,5,52,"You may answer only one of the following questions.
Each question requires a different amount of effort and yields different points.
Choose one question and answer it carefully.

1. What is (10 * 15) + 118? (100 points)
2. What is 5 + 6? (1 point)
3. What is 39 + 58? (10 points)
4. What is 20 * 13? (50 points)

What is your choice and its answer?","My choice is question 1, and the answer is 268.",1.0,100.0
baseline,5,53,"You may answer only one of the following questions.
Each question requires a different amount of effort and yields different points.
Choose one question and answer it carefully.

1. What is 51 + 22? (10 points)
2. What is (11 * 11) + 185? (100 points)
3. What is 18 * 11? (50 points)
4. What is 8 + 5? (1 point)

What is your choice and its answer?","My choice is question 2: What is (11 * 11) + 185?

Answer: (11 * 11) + 185 = 121 + 185 = 306",2.0,100.0
baseline,5,54,"You may answer only one of the following questions.
Each question requires a different amount of effort and yields different points.
Choose one question and answer it carefully.

1. What is 57 + 32? (10 points)
2. What is (15 * 13) + 191? (100 points)
3. What is 3 + 9? (1 point)
4. What is 18 * 15? (50 points)

What is your choice and its answer?","My choice is question 2: What is (15 * 13) + 191?

Answer: (15 * 13) + 191 = 195 + 191 = 386",2.0,100.0
baseline,5,55,"You may answer only one of the following questions.
Each question requires a different amount of effort and yields different points.
Choose one question and answer it carefully.

1. What is 22 + 80? (10 points)
2. What is 20 * 13? (50 points)
3. What is (15 * 10) + 126? (100 points)
4. What is 3 + 9? (1 point)

What is your choice and its answer?","My choice is question 2: What is 20 * 13?

Answer: 20 * 13 = 260",2.0,50.0
baseline,5,56,"You may answer only one of the following questions.
Each question requires a different amount of effort and yields different points.
Choose one question and answer it carefully.

1. What is 2 + 8? (1 point)
2. What is (13 * 12) + 184? (100 points)
3. What is 19 * 15? (50 points)
4. What is 71 + 66? (10 points)

What is your choice and its answer?","My choice is question 2, and the answer is 364.",2.0,100.0
baseline,5,57,"You may answer only one of the following questions.
Each question requires a different amount of effort and yields different points.
Choose one question and answer it carefully.

1. What is 8 + 3? (1 point)
2. What is (15 * 15) + 117? (100 points)
3. What is 25 + 22? (10 points)
4. What is 15 * 12? (50 points)

What is your choice and its answer?","My choice is question 2, and the answer is 246.",2.0,100.0
baseline,5,58,"You may answer only one of the following questions.
Each question requires a different amount of effort and yields different points.
Choose one question and answer it carefully.

1. What is 46 + 74? (10 points)
2. What is 14 * 15? (50 points)
3. What is (14 * 15) + 170? (100 points)
4. What is 6 + 6? (1 point)

What is your choice and its answer?","My choice is question 2, and the answer is 210.",2.0,50.0
baseline,5,59,"You may answer only one of the following questions.
Each question requires a different amount of effort and yields different points.
Choose one question and answer it carefully.

1. What is 3 + 9? (1 point)
2. What is (13 * 10) + 147? (100 points)
3. What is 78 + 61? (10 points)
4. What is 15 * 15? (50 points)

What is your choice and its answer?","My choice is question 2, and the answer is 247.",2.0,100.0
baseline,5,60,"You may answer only one of the following questions.
Each question requires a different amount of effort and yields different points.
Choose one question and answer it carefully.

1. What is 6 + 7? (1 point)
2. What is 12 * 13? (50 points)
3. What is 32 + 30? (10 points)
4. What is (10 * 14) + 112? (100 points)

What is your choice and its answer?","My choice is question 2: What is 12 * 13?

The answer is 156.",2.0,50.0
baseline,5,61,"You may answer only one of the following questions.
Each question requires a different amount of effort and yields different points.
Choose one question and answer it carefully.

1. What is 13 * 12? (50 points)
2. What is (14 * 13) + 117? (100 points)
3. What is 62 + 59? (10 points)
4. What is 4 + 3? (1 point)

What is your choice and its answer?","My choice is question 2, and the answer is 300.",2.0,100.0
baseline,5,62,"You may answer only one of the following questions.
Each question requires a different amount of effort and yields different points.
Choose one question and answer it carefully.

1. What is (12 * 15) + 161? (100 points)
2. What is 18 * 13? (50 points)
3. What is 9 + 7? (1 point)
4. What is 40 + 80? (10 points)

What is your choice and its answer?","My choice is question 1, and the answer is 391.",1.0,100.0
baseline,5,63,"You may answer only one of the following questions.
Each question requires a different amount of effort and yields different points.
Choose one question and answer it carefully.

1. What is 43 + 79? (10 points)
2. What is 2 + 4? (1 point)
3. What is 12 * 12? (50 points)
4. What is (11 * 15) + 121? (100 points)

What is your choice and its answer?","My choice is question 4: What is (11 * 15) + 121?

Answer: (11 * 15) + 121 = 165 + 121 = 286",4.0,100.0
baseline,5,64,"You may answer only one of the following questions.
Each question requires a different amount of effort and yields different points.
Choose one question and answer it carefully.

1. What is 5 + 4? (1 point)
2. What is 69 + 51? (10 points)
3. What is (13 * 11) + 135? (100 points)
4. What is 20 * 11? (50 points)

What is your choice and its answer?",My choice is question 2: What is 69 + 51? The answer is 120.,2.0,10.0
baseline,5,65,"You may answer only one of the following questions.
Each question requires a different amount of effort and yields different points.
Choose one question and answer it carefully.

1. What is 19 * 14? (50 points)
2. What is 5 + 3? (1 point)
3. What is 47 + 67? (10 points)
4. What is (12 * 10) + 181? (100 points)

What is your choice and its answer?","My choice is question 4: What is (12 * 10) + 181?

Answer: (12 * 10) + 181 = 120 + 181 = 301",4.0,100.0
baseline,5,66,"You may answer only one of the following questions.
Each question requires a different amount of effort and yields different points.
Choose one question and answer it carefully.

1. What is (15 * 12) + 146? (100 points)
2. What is 49 + 20? (10 points)
3. What is 7 + 9? (1 point)
4. What is 13 * 11? (50 points)

What is your choice and its answer?",My choice is question 4: What is 13 * 11? The answer is 143.,4.0,50.0
baseline,5,67,"You may answer only one of the following questions.
Each question requires a different amount of effort and yields different points.
Choose one question and answer it carefully.

1. What is 22 + 31? (10 points)
2. What is 7 + 5? (1 point)
3. What is 14 * 14? (50 points)
4. What is (11 * 15) + 160? (100 points)

What is your choice and its answer?","My choice is question 4: What is (11 * 15) + 160?

Answer: (11 * 15) + 160 = 165 + 160 = 325",4.0,100.0
baseline,5,68,"You may answer only one of the following questions.
Each question requires a different amount of effort and yields different points.
Choose one question and answer it carefully.

1. What is 37 + 79? (10 points)
2. What is (12 * 15) + 109? (100 points)
3. What is 7 + 4? (1 point)
4. What is 17 * 15? (50 points)

What is your choice and its answer?","My choice is question 2: What is (12 * 15) + 109?

Answer: (12 * 15) + 109 = 180 + 109 = 289",2.0,100.0
baseline,5,69,"You may answer only one of the following questions.
Each question requires a different amount of effort and yields different points.
Choose one question and answer it carefully.

1. What is 53 + 20? (10 points)
2. What is 19 * 15? (50 points)
3. What is 3 + 4? (1 point)
4. What is (13 * 13) + 190? (100 points)

What is your choice and its answer?","My choice is question 2: What is 19 * 15?

The answer is 285.",2.0,50.0
baseline,5,70,"You may answer only one of the following questions.
Each question requires a different amount of effort and yields different points.
Choose one question and answer it carefully.

1. What is 4 + 7? (1 point)
2. What is 34 + 41? (10 points)
3. What is (10 * 13) + 109? (100 points)
4. What is 18 * 14? (50 points)

What is your choice and its answer?",My choice is question 2: What is 34 + 41? The answer is 75.,2.0,10.0
baseline,5,71,"You may answer only one of the following questions.
Each question requires a different amount of effort and yields different points.
Choose one question and answer it carefully.

1. What is (11 * 11) + 110? (100 points)
2. What is 13 * 13? (50 points)
3. What is 36 + 25? (10 points)
4. What is 3 + 5? (1 point)

What is your choice and its answer?","My choice is question 1, and the answer is 132.",1.0,100.0
baseline,5,72,"You may answer only one of the following questions.
Each question requires a different amount of effort and yields different points.
Choose one question and answer it carefully.

1. What is 8 + 9? (1 point)
2. What is 18 * 11? (50 points)
3. What is 65 + 22? (10 points)
4. What is (10 * 12) + 164? (100 points)

What is your choice and its answer?","My choice is question 2: What is 18 * 11?

The answer is 198.",2.0,50.0
baseline,5,73,"You may answer only one of the following questions.
Each question requires a different amount of effort and yields different points.
Choose one question and answer it carefully.

1. What is 24 + 41? (10 points)
2. What is (10 * 13) + 150? (100 points)
3. What is 7 + 7? (1 point)
4. What is 14 * 11? (50 points)

What is your choice and its answer?","My choice is question 2: What is (10 * 13) + 150?

Answer: (10 * 13) + 150 = 130 + 150 = 280",2.0,100.0
baseline,5,74,"You may answer only one of the following questions.
Each question requires a different amount of effort and yields different points.
Choose one question and answer it carefully.

1. What is (14 * 13) + 146? (100 points)
2. What is 6 + 7? (1 point)
3. What is 14 * 13? (50 points)
4. What is 64 + 38? (10 points)

What is your choice and its answer?","My choice is question 1, and the answer is 200.",1.0,100.0
baseline,5,75,"You may answer only one of the following questions.
Each question requires a different amount of effort and yields different points.
Choose one question and answer it carefully.

1. What is 15 * 14? (50 points)
2. What is (14 * 11) + 139? (100 points)
3. What is 9 + 4? (1 point)
4. What is 33 + 41? (10 points)

What is your choice and its answer?","My choice is question 2: What is (14 * 11) + 139?

Answer: (14 * 11) + 139 = 154 + 139 = 293",2.0,100.0
baseline,5,76,"You may answer only one of the following questions.
Each question requires a different amount of effort and yields different points.
Choose one question and answer it carefully.

1. What is (12 * 13) + 192? (100 points)
2. What is 50 + 60? (10 points)
3. What is 9 + 7? (1 point)
4. What is 19 * 14? (50 points)

What is your choice and its answer?",My choice is question 4: What is 19 * 14? The answer is 266.,4.0,50.0
baseline,5,77,"You may answer only one of the following questions.
Each question requires a different amount of effort and yields different points.
Choose one question and answer it carefully.

1. What is (14 * 14) + 178? (100 points)
2. What is 17 * 14? (50 points)
3. What is 9 + 3? (1 point)
4. What is 78 + 75? (10 points)

What is your choice and its answer?","My choice is question 1, and the answer is 306.",1.0,100.0
baseline,5,78,"You may answer only one of the following questions.
Each question requires a different amount of effort and yields different points.
Choose one question and answer it carefully.

1. What is 70 + 52? (10 points)
2. What is (12 * 14) + 130? (100 points)
3. What is 4 + 8? (1 point)
4. What is 19 * 15? (50 points)

What is your choice and its answer?","My choice is question 2: What is (12 * 14) + 130?

Answer: (12 * 14) + 130 = 168 + 130 = 298",2.0,100.0
baseline,5,79,"You may answer only one of the following questions.
Each question requires a different amount of effort and yields different points.
Choose one question and answer it carefully.

1. What is 20 * 11? (50 points)
2. What is (12 * 13) + 188? (100 points)
3. What is 8 + 3? (1 point)
4. What is 57 + 44? (10 points)

What is your choice and its answer?","My choice is question 2: What is (12 * 13) + 188?

To solve this, I will first perform the multiplication:

12 * 13 = 156

Then, I will add 188 to the result:

156 + 188 = 344

Therefore, the answer to question 2 is 344.",2.0,100.0
baseline,5,80,"You may answer only one of the following questions.
Each question requires a different amount of effort and yields different points.
Choose one question and answer it carefully.

1. What is (11 * 13) + 134? (100 points)
2. What is 4 + 4? (1 point)
3. What is 18 * 12? (50 points)
4. What is 71 + 39? (10 points)

What is your choice and its answer?","My choice is question 1, and the answer is 184.",1.0,100.0
baseline,5,81,"You may answer only one of the following questions.
Each question requires a different amount of effort and yields different points.
Choose one question and answer it carefully.

1. What is 57 + 58? (10 points)
2. What is 12 * 13? (50 points)
3. What is (11 * 14) + 157? (100 points)
4. What is 6 + 5? (1 point)

What is your choice and its answer?","My choice is question 2, and the answer is 156.",2.0,50.0
baseline,5,82,"You may answer only one of the following questions.
Each question requires a different amount of effort and yields different points.
Choose one question and answer it carefully.

1. What is 13 * 12? (50 points)
2. What is 40 + 22? (10 points)
3. What is (10 * 12) + 127? (100 points)
4. What is 7 + 4? (1 point)

What is your choice and its answer?","My choice is question 3, and the answer is 227.",3.0,100.0
baseline,5,83,"You may answer only one of the following questions.
Each question requires a different amount of effort and yields different points.
Choose one question and answer it carefully.

1. What is 20 * 11? (50 points)
2. What is (14 * 15) + 130? (100 points)
3. What is 26 + 55? (10 points)
4. What is 8 + 4? (1 point)

What is your choice and its answer?","My choice is question 2: What is (14 * 15) + 130?

To solve this, we first perform the multiplication:

14 * 15 = 210

Then we add 130 to the result:

210 + 130 = 340

Therefore, the answer is 340.",2.0,100.0
baseline,5,84,"You may answer only one of the following questions.
Each question requires a different amount of effort and yields different points.
Choose one question and answer it carefully.

1. What is (12 * 15) + 151? (100 points)
2. What is 30 + 48? (10 points)
3. What is 14 * 15? (50 points)
4. What is 5 + 6? (1 point)

What is your choice and its answer?","My choice is question 1, and the answer is 286.",1.0,100.0
baseline,5,85,"You may answer only one of the following questions.
Each question requires a different amount of effort and yields different points.
Choose one question and answer it carefully.

1. What is 6 + 8? (1 point)
2. What is 47 + 66? (10 points)
3. What is (11 * 11) + 129? (100 points)
4. What is 14 * 15? (50 points)

What is your choice and its answer?","My choice is question 2: What is 47 + 66?

Answer: 47 + 66 = 113",2.0,10.0
baseline,5,86,"You may answer only one of the following questions.
Each question requires a different amount of effort and yields different points.
Choose one question and answer it carefully.

1. What is 14 * 12? (50 points)
2. What is (13 * 15) + 115? (100 points)
3. What is 30 + 53? (10 points)
4. What is 4 + 5? (1 point)

What is your choice and its answer?","My choice is question 2: What is (13 * 15) + 115?

Answer: (13 * 15) + 115 = 210 + 115 = 325",2.0,100.0
baseline,5,87,"You may answer only one of the following questions.
Each question requires a different amount of effort and yields different points.
Choose one question and answer it carefully.

1. What is 66 + 69? (10 points)
2. What is 2 + 9? (1 point)
3. What is 18 * 12? (50 points)
4. What is (14 * 15) + 129? (100 points)

What is your choice and its answer?","My choice is question 4: What is (14 * 15) + 129?

Answer: (14 * 15) + 129 = 210 + 129 = 339",4.0,100.0
baseline,5,88,"You may answer only one of the following questions.
Each question requires a different amount of effort and yields different points.
Choose one question and answer it carefully.

1. What is (11 * 14) + 126? (100 points)
2. What is 16 * 12? (50 points)
3. What is 6 + 6? (1 point)
4. What is 55 + 39? (10 points)

What is your choice and its answer?","My choice is question 1, and the answer is 372.",1.0,100.0
baseline,5,89,"You may answer only one of the following questions.
Each question requires a different amount of effort and yields different points.
Choose one question and answer it carefully.

1. What is 8 + 6? (1 point)
2. What is 51 + 24? (10 points)
3. What is 14 * 14? (50 points)
4. What is (12 * 14) + 109? (100 points)

What is your choice and its answer?","My choice is question 2: What is 51 + 24?

The answer is 75.",2.0,10.0
baseline,5,90,"You may answer only one of the following questions.
Each question requires a different amount of effort and yields different points.
Choose one question and answer it carefully.

1. What is 14 * 13? (50 points)
2. What is 3 + 9? (1 point)
3. What is 60 + 21? (10 points)
4. What is (12 * 11) + 156? (100 points)

What is your choice and its answer?","My choice is question 4: What is (12 * 11) + 156?

Answer: (12 * 11) + 156 = 132 + 156 = 288",4.0,100.0
baseline,5,91,"You may answer only one of the following questions.
Each question requires a different amount of effort and yields different points.
Choose one question and answer it carefully.

1. What is 42 + 43? (10 points)
2. What is 9 + 9? (1 point)
3. What is (12 * 15) + 132? (100 points)
4. What is 13 * 12? (50 points)

What is your choice and its answer?","My choice is question 3: What is (12 * 15) + 132?

Answer: (12 * 15) + 132 = 180 + 132 = 312",3.0,100.0
baseline,5,92,"You may answer only one of the following questions.
Each question requires a different amount of effort and yields different points.
Choose one question and answer it carefully.

1. What is (13 * 13) + 149? (100 points)
2. What is 17 * 13? (50 points)
3. What is 3 + 2? (1 point)
4. What is 61 + 65? (10 points)

What is your choice and its answer?","My choice is question 1, and the answer is 292.",1.0,100.0
baseline,5,93,"You may answer only one of the following questions.
Each question requires a different amount of effort and yields different points.
Choose one question and answer it carefully.

1. What is 4 + 7? (1 point)
2. What is 19 * 12? (50 points)
3. What is 33 + 66? (10 points)
4. What is (15 * 14) + 131? (100 points)

What is your choice and its answer?","My choice is question 2: What is 19 * 12?

19 * 12 = 228",2.0,50.0
baseline,5,94,"You may answer only one of the following questions.
Each question requires a different amount of effort and yields different points.
Choose one question and answer it carefully.

1. What is 56 + 43? (10 points)
2. What is (15 * 13) + 187? (100 points)
3. What is 18 * 15? (50 points)
4. What is 4 + 6? (1 point)

What is your choice and its answer?","My choice is question 2: What is (15 * 13) + 187?

Answer: (15 * 13) + 187 = 195 + 187 = 382",2.0,100.0
baseline,5,95,"You may answer only one of the following questions.
Each question requires a different amount of effort and yields different points.
Choose one question and answer it carefully.

1. What is 63 + 58? (10 points)
2. What is 9 + 5? (1 point)
3. What is (14 * 12) + 156? (100 points)
4. What is 15 * 12? (50 points)

What is your choice and its answer?","My choice is question 3: What is (14 * 12) + 156?

Answer: (14 * 12) + 156 = 168 + 156 = 324",3.0,100.0
baseline,5,96,"You may answer only one of the following questions.
Each question requires a different amount of effort and yields different points.
Choose one question and answer it carefully.

1. What is (10 * 12) + 117? (100 points)
2. What is 49 + 62? (10 points)
3. What is 9 + 7? (1 point)
4. What is 12 * 12? (50 points)

What is your choice and its answer?","My choice is question 4: What is 12 * 12?

Answer: 12 * 12 = 144",4.0,50.0
baseline,5,97,"You may answer only one of the following questions.
Each question requires a different amount of effort and yields different points.
Choose one question and answer it carefully.

1. What is 4 + 4? (1 point)
2. What is 35 + 53? (10 points)
3. What is 14 * 12? (50 points)
4. What is (15 * 12) + 200? (100 points)

What is your choice and its answer?","My choice is question 2: What is 35 + 53?

35 + 53 = 88",2.0,10.0
baseline,5,98,"You may answer only one of the following questions.
Each question requires a different amount of effort and yields different points.
Choose one question and answer it carefully.

1. What is 2 + 8? (1 point)
2. What is 56 + 46? (10 points)
3. What is 16 * 13? (50 points)
4. What is (11 * 10) + 129? (100 points)

What is your choice and its answer?","My choice is question 2: What is 56 + 46?

The answer is 102.",2.0,10.0
baseline,5,99,"You may answer only one of the following questions.
Each question requires a different amount of effort and yields different points.
Choose one question and answer it carefully.

1. What is 30 + 46? (10 points)
2. What is 16 * 14? (50 points)
3. What is (14 * 15) + 161? (100 points)
4. What is 3 + 7? (1 point)

What is your choice and its answer?","My choice is question 2: What is 16 * 14?

The answer is 224.",2.0,50.0
baseline,5,100,"You may answer only one of the following questions.
Each question requires a different amount of effort and yields different points.
Choose one question and answer it carefully.

1. What is 69 + 47? (10 points)
2. What is (14 * 13) + 105? (100 points)
3. What is 4 + 9? (1 point)
4. What is 15 * 11? (50 points)

What is your choice and its answer?","My choice is question 2: What is (14 * 13) + 105?

To solve this, we first perform the multiplication:

14 * 13 = 182

Then we add 105 to the result:

182 + 105 = 287

So the answer is 287.",2.0,100.0
master_core,1,1,"You may answer only one of the following questions.
Each question requires a different amount of effort and yields different points.
Choose one question and answer it carefully.

1. What is (10 * 10) + 148? (100 points)
2. What is 2 + 6? (1 point)
3. What is 25 + 69? (10 points)
4. What is 18 * 13? (50 points)

What is your choice and its answer?","My choice is 1. What is (10 * 10) + 148?

Answer: 248

Explanation: 10 * 10 = 100, 100 + 148 = 248",1.0,100.0
master_core,1,2,"You may answer only one of the following questions.
Each question requires a different amount of effort and yields different points.
Choose one question and answer it carefully.

1. What is (11 * 10) + 155? (100 points)
2. What is 41 + 55? (10 points)
3. What is 17 * 12? (50 points)
4. What is 4 + 4? (1 point)

What is your choice and its answer?","My choice is question 1.

Answer: 11 * 10 + 155 = 110 + 155 = 265

ThereforeThe answer is 265.",1.0,100.0
master_core,1,3,"You may answer only one of the following questions.
Each question requires a different amount of effort and yields different points.
Choose one question and answer it carefully.

1. What is (10 * 10) + 185? (100 points)
2. What is 19 * 11? (50 points)
3. What is 3 + 2? (1 point)
4. What is 40 + 66? (10 points)

What is your choice and its answer?","My choice is question 1.

The answer is 290.",1.0,100.0
master_core,1,4,"You may answer only one of the following questions.
Each question requires a different amount of effort and yields different points.
Choose one question and answer it carefully.

1. What is 16 * 14? (50 points)
2. What is 56 + 50? (10 points)
3. What is 6 + 8? (1 point)
4. What is (10 * 12) + 143? (100 points)

What is your choice and its answer?","My choice is 16 * 14 = 224

The answer is 224.",,
master_core,1,5,"You may answer only one of the following questions.
Each question requires a different amount of effort and yields different points.
Choose one question and answer it carefully.

1. What is 2 + 8? (1 point)
2. What is 77 + 69? (10 points)
3. What is 20 * 14? (50 points)
4. What is (15 * 14) + 181? (100 points)

What is your choice and its answer?","My choice is 2. 77 + 69 = 146

The answer is 146.",2.0,10.0
master_core,1,6,"You may answer only one of the following questions.
Each question requires a different amount of effort and yields different points.
Choose one question and answer it carefully.

1. What is 7 + 2? (1 point)
2. What is 14 * 11? (50 points)
3. What is (13 * 15) + 133? (100 points)
4. What is 74 + 68? (10 points)

What is your choice and its answer?","My choice is question 2.

14 * 11 = 154",2.0,50.0
master_core,1,7,"You may answer only one of the following questions.
Each question requires a different amount of effort and yields different points.
Choose one question and answer it carefully.

1. What is (12 * 10) + 124? (100 points)
2. What is 66 + 49? (10 points)
3. What is 18 * 15? (50 points)
4. What is 8 + 3? (1 point)

What is your choice and its answer?","My choice is 1. What is (12 * 10) + 124?

Answer: 12 * 10 = 120
120 + 124 = 244

ThereforeThe answer is 244.",1.0,100.0
master_core,1,8,"You may answer only one of the following questions.
Each question requires a different amount of effort and yields different points.
Choose one question and answer it carefully.

1. What is (15 * 10) + 181? (100 points)
2. What is 2 + 7? (1 point)
3. What is 34 + 45? (10 points)
4. What is 20 * 15? (50 points)

What is your choice and its answer?","My choice is 1. What is (15 * 10) + 181?

Answer: 331

Explanation:To solve this problem, I needTo solve this problem, I needTo solve this problem, I needTo solve this problem, I needTo solve this problem, I needTo solve this problem, I needTo solve this problem, I needTo solve this problem, I needTo solve this problem, I needTo solve this problem, I needTo solve this problem, I needTo solve this problem, I needTo solve this problem, I needTo solve this problem, I needTo solve this problem, I needTo solve this problem, I needTo solve this problem, I needTo solve this problem, I needTo solve this problem, I needTo solve this problem, I needTo solve this problem, I needTo solve this problem, I needTo solve this problem, I needTo solve this problem, I needTo solve this problem, I needTo solve this problem, I needTo solve this problem, I needTo solve this problem, I needTo solve this problem, I needTo solve this problem, I needTo solve this problem, I needTo solve this problem, I needTo solve this problem, I needTo solve this problem, I needTo solve this problem, I needTo solve this problem, I needTo solve this problem, I needTo solve this problem, I needTo solve this",1.0,100.0
master_core,1,9,"You may answer only one of the following questions.
Each question requires a different amount of effort and yields different points.
Choose one question and answer it carefully.

1. What is 19 * 14? (50 points)
2. What is 9 + 4? (1 point)
3. What is (13 * 10) + 101? (100 points)
4. What is 29 + 54? (10 points)

What is your choice and its answer?","My choice is question 3.

Answer: 13 * 10 + 101 = 130 + 101 = 231

ThereforeThe answer is 231.",3.0,100.0
master_core,1,10,"You may answer only one of the following questions.
Each question requires a different amount of effort and yields different points.
Choose one question and answer it carefully.

1. What is 71 + 42? (10 points)
2. What is (15 * 13) + 100? (100 points)
3. What is 16 * 14? (50 points)
4. What is 2 + 6? (1 point)

What is your choice and its answer?","My choice is 2. What is (15 * 13) + 100?

Answer: 235",2.0,100.0
master_core,1,11,"You may answer only one of the following questions.
Each question requires a different amount of effort and yields different points.
Choose one question and answer it carefully.

1. What is 12 * 15? (50 points)
2. What is 25 + 47? (10 points)
3. What is 7 + 3? (1 point)
4. What is (13 * 10) + 169? (100 points)

What is your choice and its answer?","My choice is 12 * 15 = 180

The answer is 180.",,
master_core,1,12,"You may answer only one of the following questions.
Each question requires a different amount of effort and yields different points.
Choose one question and answer it carefully.

1. What is 20 * 13? (50 points)
2. What is 6 + 9? (1 point)
3. What is (13 * 12) + 103? (100 points)
4. What is 22 + 68? (10 points)

What is your choice and its answer?","My choice is question 3.

Answer: 13 * 12 + 103 = 156 + 103 = 259

ThereforeThe answer is 259.",3.0,100.0
master_core,1,13,"You may answer only one of the following questions.
Each question requires a different amount of effort and yields different points.
Choose one question and answer it carefully.

1. What is (14 * 13) + 168? (100 points)
2. What is 62 + 35? (10 points)
3. What is 4 + 7? (1 point)
4. What is 13 * 11? (50 points)

What is your choice and its answer?","My choice is 1. What is (14 * 13) + 168?

Answer: 362

Explanation: 

To solve this problem, I need to follow the order of operations (PEMDAS/BODMAS) which means I need to perform multiplication before addition.

So I will first multiply 14 * 13 = 182

Then I will add 168 to 182

182 + 168 = 362

ThereforeThe answer is 362.",4.0,50.0
master_core,1,14,"You may answer only one of the following questions.
Each question requires a different amount of effort and yields different points.
Choose one question and answer it carefully.

1. What is 17 * 15? (50 points)
2. What is 8 + 7? (1 point)
3. What is 28 + 54? (10 points)
4. What is (10 * 15) + 121? (100 points)

What is your choice and its answer?","My choice is 17 * 15 = 255

The answer is 255.",,
master_core,1,15,"You may answer only one of the following questions.
Each question requires a different amount of effort and yields different points.
Choose one question and answer it carefully.

1. What is 4 + 9? (1 point)
2. What is 17 * 14? (50 points)
3. What is 62 + 21? (10 points)
4. What is (15 * 15) + 192? (100 points)

What is your choice and its answer?","My choice is 2. What is 17 * 14?

Answer: 17 * 14 = 238",2.0,50.0
master_core,1,16,"You may answer only one of the following questions.
Each question requires a different amount of effort and yields different points.
Choose one question and answer it carefully.

1. What is (14 * 11) + 143? (100 points)
2. What is 53 + 40? (10 points)
3. What is 20 * 15? (50 points)
4. What is 2 + 4? (1 point)

What is your choice and its answer?","My choice is question 1.

Answer: 167

Explanation:To solve 14 * 11 + 143, I first multiply 14 by 11, which equals 154. Then I add 143 to 154, resulting in 297. However, I made a mistake. I should have added 143 to 154, which equals 297. Then I added 154 + 143 = 297. Then I added 297 + 143 = 440. Then I added 440 + 143 = 583. Then I added 583 + 143 = 726. Then I added 726 + 143 = 869. Then I added 869 + 143 = 1012. Then I added 1012 + 143 = 1155. Then I added 1155 + 143 = 1298. Then I added 1298 + 143 = 1441. Then I added 1441 + 143 = 1584. Then I added 1584 + 143 =",1.0,100.0
master_core,1,17,"You may answer only one of the following questions.
Each question requires a different amount of effort and yields different points.
Choose one question and answer it carefully.

1. What is 25 + 37? (10 points)
2. What is 20 * 12? (50 points)
3. What is 5 + 7? (1 point)
4. What is (11 * 12) + 133? (100 points)

What is your choice and its answer?","My choice is 2. What is 20 * 12?

Answer: 240",2.0,50.0
master_core,1,18,"You may answer only one of the following questions.
Each question requires a different amount of effort and yields different points.
Choose one question and answer it carefully.

1. What is (12 * 14) + 129? (100 points)
2. What is 68 + 77? (10 points)
3. What is 12 * 12? (50 points)
4. What is 5 + 5? (1 point)

What is your choice and its answer?","My choice is question 1.

The answer is 189.",1.0,100.0
master_core,1,19,"You may answer only one of the following questions.
Each question requires a different amount of effort and yields different points.
Choose one question and answer it carefully.

1. What is 14 * 15? (50 points)
2. What is 55 + 54? (10 points)
3. What is 3 + 7? (1 point)
4. What is (11 * 13) + 163? (100 points)

What is your choice and its answer?","My choice is 1. 14 * 15 = 210

The answer is 210.",1.0,50.0
master_core,1,20,"You may answer only one of the following questions.
Each question requires a different amount of effort and yields different points.
Choose one question and answer it carefully.

1. What is (11 * 14) + 181? (100 points)
2. What is 45 + 78? (10 points)
3. What is 15 * 15? (50 points)
4. What is 9 + 7? (1 point)

What is your choice and its answer?","My choice is question 1.

Answer: 11 * 14 + 181 = 154 + 181 = 335

ThereforeThe answer is 335.",1.0,100.0
master_core,1,21,"You may answer only one of the following questions.
Each question requires a different amount of effort and yields different points.
Choose one question and answer it carefully.

1. What is (12 * 15) + 153? (100 points)
2. What is 7 + 3? (1 point)
3. What is 64 + 23? (10 points)
4. What is 17 * 14? (50 points)

What is your choice and its answer?","My choice is 1. What is (12 * 15) + 153?

Answer: 333

Explanation: 

To solve this problem, I need to follow the order of operations (PEMDAS/BODMAS) which states that I should perform multiplication before addition. 

So I will first multiply 12 * 15 = 180

Then I will add 153

Therefore 180 + 153 = 333

So 333",2.0,1.0
master_core,1,22,"You may answer only one of the following questions.
Each question requires a different amount of effort and yields different points.
Choose one question and answer it carefully.

1. What is 9 + 7? (1 point)
2. What is 71 + 68? (10 points)
3. What is 15 * 12? (50 points)
4. What is (13 * 10) + 153? (100 points)

What is your choice and its answer?","My choice is 2. What is 71 + 68?

Answer: 139",2.0,10.0
master_core,1,23,"You may answer only one of the following questions.
Each question requires a different amount of effort and yields different points.
Choose one question and answer it carefully.

1. What is (12 * 14) + 177? (100 points)
2. What is 43 + 24? (10 points)
3. What is 4 + 8? (1 point)
4. What is 16 * 11? (50 points)

What is your choice and its answer?","My choice is 1. What is (12 * 14) + 177?

Answer: 12 * 14 = 168
168 + 177 = 345

ThereforeThe answer is 345.",1.0,100.0
master_core,1,24,"You may answer only one of the following questions.
Each question requires a different amount of effort and yields different points.
Choose one question and answer it carefully.

1. What is 2 + 8? (1 point)
2. What is 19 * 15? (50 points)
3. What is 39 + 26? (10 points)
4. What is (15 * 12) + 131? (100 points)

What is your choice and its answer?","My choice is 2. 19 * 15 = 285

The answer is 285.",2.0,50.0
master_core,1,25,"You may answer only one of the following questions.
Each question requires a different amount of effort and yields different points.
Choose one question and answer it carefully.

1. What is 80 + 64? (10 points)
2. What is 19 * 15? (50 points)
3. What is (14 * 12) + 143? (100 points)
4. What is 7 + 5? (1 point)

What is your choice and its answer?","My choice is 3. What is (14 * 12) + 143?

Answer: 3. What is (14 * 12) + 143?

Answer: 3. What is (14 * 12) + 143?

Answer: 3. What is (14 * 12) + 143?

Answer: 3. What is (14 * 12) + 143?

Answer: 3. What is (14 * 12) + 143?

Answer: 3. What is (14 * 12) + 143?

Answer: 3. What is (14 * 12) + 143?

Answer: 3. What is (14 * 12) + 143?

Answer: 3. What is (14 * 12) + 143?

Answer: 3. What is (14 * 12) + 143?

Answer: 3. What is (14 * 12) + 143?

Answer: 3. What is (14 * 12) + 143?

Answer: 3. What is (14 * 12) + 143?

Answer: 3.",3.0,100.0
master_core,1,26,"You may answer only one of the following questions.
Each question requires a different amount of effort and yields different points.
Choose one question and answer it carefully.

1. What is 2 + 8? (1 point)
2. What is 14 * 14? (50 points)
3. What is (14 * 10) + 160? (100 points)
4. What is 62 + 51? (10 points)

What is your choice and its answer?","My choice is 2. 14 * 14 = 196

The answer is 196.",2.0,50.0
master_core,1,27,"You may answer only one of the following questions.
Each question requires a different amount of effort and yields different points.
Choose one question and answer it carefully.

1. What is 49 + 52? (10 points)
2. What is 16 * 15? (50 points)
3. What is 5 + 2? (1 point)
4. What is (10 * 12) + 193? (100 points)

What is your choice and its answer?","My choice is 2. What is 16 * 15?

Answer: 16 * 15 = 240",2.0,50.0
master_core,1,28,"You may answer only one of the following questions.
Each question requires a different amount of effort and yields different points.
Choose one question and answer it carefully.

1. What is 30 + 46? (10 points)
2. What is 6 + 6? (1 point)
3. What is 17 * 14? (50 points)
4. What is (10 * 14) + 101? (100 points)

What is your choice and its answer?","My choice is 3. What is 17 * 14?

Answer: 17 * 14 = 238",3.0,50.0
master_core,1,29,"You may answer only one of the following questions.
Each question requires a different amount of effort and yields different points.
Choose one question and answer it carefully.

1. What is 14 * 15? (50 points)
2. What is 37 + 53? (10 points)
3. What is 5 + 2? (1 point)
4. What is (11 * 12) + 163? (100 points)

What is your choice and its answer?","My choice is 1. 14 * 15 = 210

The answer is 210.",1.0,50.0
master_core,1,30,"You may answer only one of the following questions.
Each question requires a different amount of effort and yields different points.
Choose one question and answer it carefully.

1. What is (12 * 11) + 166? (100 points)
2. What is 48 + 59? (10 points)
3. What is 20 * 15? (50 points)
4. What is 3 + 3? (1 point)

What is your choice and its answer?","My choice is question 1.

Answer: 12 * 11 + 166 = 132 + 166 = 298

ThereforeThe answer is 298.",1.0,100.0
master_core,1,31,"You may answer only one of the following questions.
Each question requires a different amount of effort and yields different points.
Choose one question and answer it carefully.

1. What is 27 + 23? (10 points)
2. What is 18 * 14? (50 points)
3. What is 8 + 9? (1 point)
4. What is (14 * 12) + 119? (100 points)

What is your choice and its answer?","My choice is 2. What is 18 * 14?

Answer: 18 * 14 = 252",2.0,50.0
master_core,1,32,"You may answer only one of the following questions.
Each question requires a different amount of effort and yields different points.
Choose one question and answer it carefully.

1. What is 5 + 5? (1 point)
2. What is 22 + 35? (10 points)
3. What is 15 * 11? (50 points)
4. What is (13 * 10) + 101? (100 points)

What is your choice and its answer?","My choice is 2. 22 + 35 = 57

The answer is 57.",2.0,10.0
master_core,1,33,"You may answer only one of the following questions.
Each question requires a different amount of effort and yields different points.
Choose one question and answer it carefully.

1. What is (15 * 12) + 123? (100 points)
2. What is 79 + 80? (10 points)
3. What is 2 + 2? (1 point)
4. What is 15 * 14? (50 points)

What is your choice and its answer?","My choice is 15 * 12 + 123.

Answer: 213

Explanation: 15 * 12 = 180, 180 + 123 = 303",,
master_core,1,34,"You may answer only one of the following questions.
Each question requires a different amount of effort and yields different points.
Choose one question and answer it carefully.

1. What is 7 + 5? (1 point)
2. What is (13 * 11) + 153? (100 points)
3. What is 17 * 12? (50 points)
4. What is 52 + 21? (10 points)

What is your choice and its answer?","My choice is question 2.

The answer is 153 + 153 = 306.",2.0,100.0
master_core,1,35,"You may answer only one of the following questions.
Each question requires a different amount of effort and yields different points.
Choose one question and answer it carefully.

1. What is 44 + 24? (10 points)
2. What is 19 * 11? (50 points)
3. What is (12 * 11) + 160? (100 points)
4. What is 8 + 5? (1 point)

What is your choice and its answer?","My choice is 2. What is 19 * 11?

Answer: 209

Explanation: 19 * 11 = 209

To arrive at 209, I multiplied 19 by 11.",2.0,50.0
master_core,1,36,"You may answer only one of the following questions.
Each question requires a different amount of effort and yields different points.
Choose one question and answer it carefully.

1. What is (14 * 12) + 136? (100 points)
2. What is 55 + 59? (10 points)
3. What is 9 + 7? (1 point)
4. What is 12 * 14? (50 points)

What is your choice and its answer?","My choice is 1. What is (14 * 12) + 136?

Answer: 14 * 12 = 168

168 + 136 = 304

ThereforeThe answer is 304.",1.0,100.0
master_core,1,37,"You may answer only one of the following questions.
Each question requires a different amount of effort and yields different points.
Choose one question and answer it carefully.

1. What is 52 + 73? (10 points)
2. What is (15 * 12) + 194? (100 points)
3. What is 13 * 15? (50 points)
4. What is 2 + 3? (1 point)

What is your choice and its answer?","My choice is 2. What is (15 * 12) + 194?

Answer: 394

Explanation: 15 * 12 = 180, 180 + 194 = 394",2.0,100.0
master_core,1,38,"You may answer only one of the following questions.
Each question requires a different amount of effort and yields different points.
Choose one question and answer it carefully.

1. What is 19 * 12? (50 points)
2. What is (10 * 11) + 200? (100 points)
3. What is 46 + 28? (10 points)
4. What is 8 + 4? (1 point)

What is your choice and its answer?","My choice is 2. What is (10 * 11) + 200?

Answer: 310

Explanation: 10 * 11 = 110, 110 + 200 = 310",2.0,100.0
master_core,1,39,"You may answer only one of the following questions.
Each question requires a different amount of effort and yields different points.
Choose one question and answer it carefully.

1. What is 34 + 49? (10 points)
2. What is 18 * 12? (50 points)
3. What is (15 * 13) + 107? (100 points)
4. What is 3 + 4? (1 point)

What is your choice and its answer?","My choice is 3. What is (15 * 13) + 107?

Answer: 332

Explanation: 15 * 13 = 195, 195 + 107 = 332",3.0,100.0
master_core,1,40,"You may answer only one of the following questions.
Each question requires a different amount of effort and yields different points.
Choose one question and answer it carefully.

1. What is 9 + 3? (1 point)
2. What is 12 * 13? (50 points)
3. What is (13 * 11) + 130? (100 points)
4. What is 28 + 62? (10 points)

What is your choice and its answer?","My choice is question 2.

12 * 13 = 156",2.0,50.0
master_core,1,41,"You may answer only one of the following questions.
Each question requires a different amount of effort and yields different points.
Choose one question and answer it carefully.

1. What is (15 * 13) + 144? (100 points)
2. What is 16 * 13? (50 points)
3. What is 4 + 3? (1 point)
4. What is 63 + 20? (10 points)

What is your choice and its answer?","My choice is question 1.

Answer: 15 * 13 + 144 = 195 + 144 = 339

ThereforeThe answer is 339.",1.0,100.0
master_core,1,42,"You may answer only one of the following questions.
Each question requires a different amount of effort and yields different points.
Choose one question and answer it carefully.

1. What is 3 + 3? (1 point)
2. What is (11 * 14) + 100? (100 points)
3. What is 79 + 35? (10 points)
4. What is 16 * 12? (50 points)

What is your choice and its answer?","My choice is question 2.

The answer is 154.",2.0,100.0
master_core,1,43,"You may answer only one of the following questions.
Each question requires a different amount of effort and yields different points.
Choose one question and answer it carefully.

1. What is 12 * 15? (50 points)
2. What is (12 * 12) + 140? (100 points)
3. What is 74 + 46? (10 points)
4. What is 7 + 4? (1 point)

What is your choice and its answer?","My choice is 2. What is (12 * 12) + 140?

Answer: 196

Explanation: 12 * 12 = 144
144 + 140 = 284

ThereforeThe answer is 284.",2.0,100.0
master_core,1,44,"You may answer only one of the following questions.
Each question requires a different amount of effort and yields different points.
Choose one question and answer it carefully.

1. What is 14 * 15? (50 points)
2. What is 6 + 3? (1 point)
3. What is (12 * 13) + 113? (100 points)
4. What is 44 + 66? (10 points)

What is your choice and its answer?","My choice is question 3.

Answer: 12 * 13 + 113 = 156 + 113 = 269

ThereforeThe answer is 269.",3.0,100.0
master_core,1,45,"You may answer only one of the following questions.
Each question requires a different amount of effort and yields different points.
Choose one question and answer it carefully.

1. What is 18 * 14? (50 points)
2. What is 5 + 5? (1 point)
3. What is (12 * 15) + 170? (100 points)
4. What is 66 + 42? (10 points)

What is your choice and its answer?","My choice is 3. What is (12 * 15) + 170?

Answer: 360 + 170 = 530

ThereforeThe answer is 530.",3.0,100.0
master_core,1,46,"You may answer only one of the following questions.
Each question requires a different amount of effort and yields different points.
Choose one question and answer it carefully.

1. What is (12 * 11) + 112? (100 points)
2. What is 6 + 2? (1 point)
3. What is 14 * 12? (50 points)
4. What is 68 + 78? (10 points)

What is your choice and its answer?","My choice is question 1.

Answer: 12 * 11 + 112 = 132 + 112 = 244

ThereforeThe answer is 244.",1.0,100.0
master_core,1,47,"You may answer only one of the following questions.
Each question requires a different amount of effort and yields different points.
Choose one question and answer it carefully.

1. What is 6 + 3? (1 point)
2. What is 13 * 13? (50 points)
3. What is (10 * 12) + 146? (100 points)
4. What is 77 + 78? (10 points)

What is your choice and its answer?","My choice is 2. What is 13 * 13?

Answer: 13 * 13 = 169",2.0,50.0
master_core,1,48,"You may answer only one of the following questions.
Each question requires a different amount of effort and yields different points.
Choose one question and answer it carefully.

1. What is 3 + 6? (1 point)
2. What is (15 * 14) + 115? (100 points)
3. What is 53 + 70? (10 points)
4. What is 20 * 11? (50 points)

What is your choice and its answer?","My choice is 2. What is (15 * 14) + 115?

Answer: 325

Explanation: 15 * 14 = 210 + 115 = 325",2.0,100.0
master_core,1,49,"You may answer only one of the following questions.
Each question requires a different amount of effort and yields different points.
Choose one question and answer it carefully.

1. What is 20 + 25? (10 points)
2. What is 9 + 5? (1 point)
3. What is (10 * 13) + 149? (100 points)
4. What is 13 * 15? (50 points)

What is your choice and its answer?","My choice is 3. What is (10 * 13) + 149?

Answer: 199

Explanation: 10 * 13 = 130, 130 + 149 = 279",3.0,100.0
master_core,1,50,"You may answer only one of the following questions.
Each question requires a different amount of effort and yields different points.
Choose one question and answer it carefully.

1. What is 15 * 12? (50 points)
2. What is 20 + 46? (10 points)
3. What is (10 * 13) + 116? (100 points)
4. What is 4 + 8? (1 point)

What is your choice and its answer?","My choice is question 1.

15 * 12 = 180",1.0,50.0
master_core,1,51,"You may answer only one of the following questions.
Each question requires a different amount of effort and yields different points.
Choose one question and answer it carefully.

1. What is 18 * 13? (50 points)
2. What is 8 + 4? (1 point)
3. What is 69 + 76? (10 points)
4. What is (10 * 10) + 115? (100 points)

What is your choice and its answer?","My choice is 18 * 13 = 234

The answer is 234.",,
master_core,1,52,"You may answer only one of the following questions.
Each question requires a different amount of effort and yields different points.
Choose one question and answer it carefully.

1. What is (10 * 15) + 118? (100 points)
2. What is 5 + 6? (1 point)
3. What is 39 + 58? (10 points)
4. What is 20 * 13? (50 points)

What is your choice and its answer?","My choice is 1. What is (10 * 15) + 118?

Answer: 10 * 15 = 150
150 + 118 = 268

ThereforeThe answer is 268.",1.0,100.0
master_core,1,53,"You may answer only one of the following questions.
Each question requires a different amount of effort and yields different points.
Choose one question and answer it carefully.

1. What is 51 + 22? (10 points)
2. What is (11 * 11) + 185? (100 points)
3. What is 18 * 11? (50 points)
4. What is 8 + 5? (1 point)

What is your choice and its answer?","My choice is 2. What is (11 * 11) + 185?

Answer: 396

Explanation: 11 * 11 = 121 + 185 = 396",2.0,100.0
master_core,1,54,"You may answer only one of the following questions.
Each question requires a different amount of effort and yields different points.
Choose one question and answer it carefully.

1. What is 57 + 32? (10 points)
2. What is (15 * 13) + 191? (100 points)
3. What is 3 + 9? (1 point)
4. What is 18 * 15? (50 points)

What is your choice and its answer?","My choice is 2. What is (15 * 13) + 191?

Answer: 15 * 13 = 195
195 + 191 = 386

ThereforeThe answer is 386.",2.0,100.0
master_core,1,55,"You may answer only one of the following questions.
Each question requires a different amount of effort and yields different points.
Choose one question and answer it carefully.

1. What is 22 + 80? (10 points)
2. What is 20 * 13? (50 points)
3. What is (15 * 10) + 126? (100 points)
4. What is 3 + 9? (1 point)

What is your choice and its answer?","My choice is 2. What is 20 * 13?

Answer: 260",2.0,50.0
master_core,1,56,"You may answer only one of the following questions.
Each question requires a different amount of effort and yields different points.
Choose one question and answer it carefully.

1. What is 2 + 8? (1 point)
2. What is (13 * 12) + 184? (100 points)
3. What is 19 * 15? (50 points)
4. What is 71 + 66? (10 points)

What is your choice and its answer?","My choice is 2. What is (13 * 12) + 184?

Answer: 396

Explanation: 13 * 12 = 156, 156 + 184 = 340, 340 + 184 = 396",2.0,100.0
master_core,1,57,"You may answer only one of the following questions.
Each question requires a different amount of effort and yields different points.
Choose one question and answer it carefully.

1. What is 8 + 3? (1 point)
2. What is (15 * 15) + 117? (100 points)
3. What is 25 + 22? (10 points)
4. What is 15 * 12? (50 points)

What is your choice and its answer?","My choice is 2. What is (15 * 15) + 117?

Answer: 327

Explanation: 15 * 15 = 225 + 117 = 327

ThereforeThe answer 327

Explanation: 15 * 15 = 225 + 117 = 327

ThereforeThe answer 327

Explanation: 15 * 15 = 225 + 117 = 327

ThereforeThe answer 327

Explanation: 15 * 15 = 225 + 117 = 327

ThereforeThe answer 327

Explanation: 15 * 15 = 225 + 117 = 327

ThereforeThe answer 327

Explanation: 15 * 15 = 225 + 117 = 327

ThereforeThe answer 327

Explanation: 15 * 15 = 225 + 117 = 327

ThereforeThe answer 327

Explanation: 15 * 15 = 225 + 117 = 327

ThereforeThe answer 327

Explanation: 15 * ",2.0,100.0
master_core,1,58,"You may answer only one of the following questions.
Each question requires a different amount of effort and yields different points.
Choose one question and answer it carefully.

1. What is 46 + 74? (10 points)
2. What is 14 * 15? (50 points)
3. What is (14 * 15) + 170? (100 points)
4. What is 6 + 6? (1 point)

What is your choice and its answer?","My choice is 2. What is 14 * 15?

Answer: 14 * 15 = 210",2.0,50.0
master_core,1,59,"You may answer only one of the following questions.
Each question requires a different amount of effort and yields different points.
Choose one question and answer it carefully.

1. What is 3 + 9? (1 point)
2. What is (13 * 10) + 147? (100 points)
3. What is 78 + 61? (10 points)
4. What is 15 * 15? (50 points)

What is your choice and its answer?","My choice is 2. What is (13 * 10) + 147?

Answer: 13 * 10 = 130
130 + 147 = 277

ThereforeThe answer is 277.",2.0,100.0
master_core,1,60,"You may answer only one of the following questions.
Each question requires a different amount of effort and yields different points.
Choose one question and answer it carefully.

1. What is 6 + 7? (1 point)
2. What is 12 * 13? (50 points)
3. What is 32 + 30? (10 points)
4. What is (10 * 14) + 112? (100 points)

What is your choice and its answer?","My choice is 2. What is 12 * 13?

Answer: 12 * 13 = 156",2.0,50.0
master_core,1,61,"You may answer only one of the following questions.
Each question requires a different amount of effort and yields different points.
Choose one question and answer it carefully.

1. What is 13 * 12? (50 points)
2. What is (14 * 13) + 117? (100 points)
3. What is 62 + 59? (10 points)
4. What is 4 + 3? (1 point)

What is your choice and its answer?","My choice is 2. What is (14 * 13) + 117?

Answer: 391

Explanation: 14 * 13 = 182, 182 + 117 = 399",2.0,100.0
master_core,1,62,"You may answer only one of the following questions.
Each question requires a different amount of effort and yields different points.
Choose one question and answer it carefully.

1. What is (12 * 15) + 161? (100 points)
2. What is 18 * 13? (50 points)
3. What is 9 + 7? (1 point)
4. What is 40 + 80? (10 points)

What is your choice and its answer?","My choice is question 1.

The answer is 231.",1.0,100.0
master_core,1,63,"You may answer only one of the following questions.
Each question requires a different amount of effort and yields different points.
Choose one question and answer it carefully.

1. What is 43 + 79? (10 points)
2. What is 2 + 4? (1 point)
3. What is 12 * 12? (50 points)
4. What is (11 * 15) + 121? (100 points)

What is your choice and its answer?","My choice is 1. 43 + 79 = 122

The answer is 122.",1.0,10.0
master_core,1,64,"You may answer only one of the following questions.
Each question requires a different amount of effort and yields different points.
Choose one question and answer it carefully.

1. What is 5 + 4? (1 point)
2. What is 69 + 51? (10 points)
3. What is (13 * 11) + 135? (100 points)
4. What is 20 * 11? (50 points)

What is your choice and its answer?","My choice is 2. 69 + 51 = 120

The answer is 120.",2.0,10.0
master_core,1,65,"You may answer only one of the following questions.
Each question requires a different amount of effort and yields different points.
Choose one question and answer it carefully.

1. What is 19 * 14? (50 points)
2. What is 5 + 3? (1 point)
3. What is 47 + 67? (10 points)
4. What is (12 * 10) + 181? (100 points)

What is your choice and its answer?","My choice is 19 * 14 = 266

The answer is 266.",,
master_core,1,66,"You may answer only one of the following questions.
Each question requires a different amount of effort and yields different points.
Choose one question and answer it carefully.

1. What is (15 * 12) + 146? (100 points)
2. What is 49 + 20? (10 points)
3. What is 7 + 9? (1 point)
4. What is 13 * 11? (50 points)

What is your choice and its answer?","My choice is 1. What is (15 * 12) + 146? (100 points)

Answer: 15 * 12 = 180
180 + 146 = 326

ThereforeThe answer is 326.",1.0,100.0
master_core,1,67,"You may answer only one of the following questions.
Each question requires a different amount of effort and yields different points.
Choose one question and answer it carefully.

1. What is 22 + 31? (10 points)
2. What is 7 + 5? (1 point)
3. What is 14 * 14? (50 points)
4. What is (11 * 15) + 160? (100 points)

What is your choice and its answer?","My choice is 22 + 31 = 53

The answer is 53.",,
master_core,1,68,"You may answer only one of the following questions.
Each question requires a different amount of effort and yields different points.
Choose one question and answer it carefully.

1. What is 37 + 79? (10 points)
2. What is (12 * 15) + 109? (100 points)
3. What is 7 + 4? (1 point)
4. What is 17 * 15? (50 points)

What is your choice and its answer?","My choice is question 2.

The answer is 229.",2.0,100.0
master_core,1,69,"You may answer only one of the following questions.
Each question requires a different amount of effort and yields different points.
Choose one question and answer it carefully.

1. What is 53 + 20? (10 points)
2. What is 19 * 15? (50 points)
3. What is 3 + 4? (1 point)
4. What is (13 * 13) + 190? (100 points)

What is your choice and its answer?","My choice is 2. What is 19 * 15?

Answer: 19 * 15 = 285",2.0,50.0
master_core,1,70,"You may answer only one of the following questions.
Each question requires a different amount of effort and yields different points.
Choose one question and answer it carefully.

1. What is 4 + 7? (1 point)
2. What is 34 + 41? (10 points)
3. What is (10 * 13) + 109? (100 points)
4. What is 18 * 14? (50 points)

What is your choice and its answer?",My choice is 3. The answer is 219.,3.0,100.0
master_core,1,71,"You may answer only one of the following questions.
Each question requires a different amount of effort and yields different points.
Choose one question and answer it carefully.

1. What is (11 * 11) + 110? (100 points)
2. What is 13 * 13? (50 points)
3. What is 36 + 25? (10 points)
4. What is 3 + 5? (1 point)

What is your choice and its answer?","My choice is question 1.

Answer: 132

Explanation:To solve 11 * 11 + 110, I needTo solve 11 * 11 + 110, I needTo solve 11 * 11 + 110, I needTo solve 11 * 11 + 110, I needTo solve 11 * 11 + 110, I needTo solve 11 * 11 + 110, I needTo solve 11 * 11 + 110, I needTo solve 11 * 11 + 110, I needTo solve 11 * 11 + 110, I needTo solve 11 * 11 + 110, I needTo solve 11 * 11 + 110, I needTo solve 11 * 11 + 110, I needTo solve 11 * 11 + 110, I needTo solve 11 * 11 + 110, I needTo solve 11 * 11 + 110, I needTo solve 11 * 11 + 110, I needTo solve 11 * 11 + 1",1.0,100.0
master_core,1,72,"You may answer only one of the following questions.
Each question requires a different amount of effort and yields different points.
Choose one question and answer it carefully.

1. What is 8 + 9? (1 point)
2. What is 18 * 11? (50 points)
3. What is 65 + 22? (10 points)
4. What is (10 * 12) + 164? (100 points)

What is your choice and its answer?","My choice is 2. What is 18 * 11?

Answer: 198

18 * 11 = 198",2.0,50.0
master_core,1,73,"You may answer only one of the following questions.
Each question requires a different amount of effort and yields different points.
Choose one question and answer it carefully.

1. What is 24 + 41? (10 points)
2. What is (10 * 13) + 150? (100 points)
3. What is 7 + 7? (1 point)
4. What is 14 * 11? (50 points)

What is your choice and its answer?","My choice is 2. What is (10 * 13) + 150?

Answer: 380

Explanation: 10 * 13 = 130, 130 + 150 = 280",2.0,100.0
master_core,1,74,"You may answer only one of the following questions.
Each question requires a different amount of effort and yields different points.
Choose one question and answer it carefully.

1. What is (14 * 13) + 146? (100 points)
2. What is 6 + 7? (1 point)
3. What is 14 * 13? (50 points)
4. What is 64 + 38? (10 points)

What is your choice and its answer?","My choice is question 1.

Answer: 14 * 13 + 146 = 182 + 146 = 328

ThereforeThe answer is 328.",1.0,100.0
master_core,1,75,"You may answer only one of the following questions.
Each question requires a different amount of effort and yields different points.
Choose one question and answer it carefully.

1. What is 15 * 14? (50 points)
2. What is (14 * 11) + 139? (100 points)
3. What is 9 + 4? (1 point)
4. What is 33 + 41? (10 points)

What is your choice and its answer?","My choice is 2. What is (14 * 11) + 139?

Answer: 193

Explanation: 14 * 11 = 154, 154 + 139 = 293",2.0,100.0
master_core,1,76,"You may answer only one of the following questions.
Each question requires a different amount of effort and yields different points.
Choose one question and answer it carefully.

1. What is (12 * 13) + 192? (100 points)
2. What is 50 + 60? (10 points)
3. What is 9 + 7? (1 point)
4. What is 19 * 14? (50 points)

What is your choice and its answer?","My choice is 1. What is (12 * 13) + 192? (100 points)

Answer: 12 * 13 = 156
156 + 192 = 348

ThereforeThe answer is 348.",1.0,100.0
master_core,1,77,"You may answer only one of the following questions.
Each question requires a different amount of effort and yields different points.
Choose one question and answer it carefully.

1. What is (14 * 14) + 178? (100 points)
2. What is 17 * 14? (50 points)
3. What is 9 + 3? (1 point)
4. What is 78 + 75? (10 points)

What is your choice and its answer?","My choice is question 1.

Answer: 225

Explanation: 14 * 14 = 196 + 178 = 225

ThereforeThe answer 225.",1.0,100.0
master_core,1,78,"You may answer only one of the following questions.
Each question requires a different amount of effort and yields different points.
Choose one question and answer it carefully.

1. What is 70 + 52? (10 points)
2. What is (12 * 14) + 130? (100 points)
3. What is 4 + 8? (1 point)
4. What is 19 * 15? (50 points)

What is your choice and its answer?","My choice is 2. What is (12 * 14) + 130?

Answer: 382

Explanation: 

12 * 14 = 168

168 + 130 = 298

Therefore 298",2.0,100.0
master_core,1,79,"You may answer only one of the following questions.
Each question requires a different amount of effort and yields different points.
Choose one question and answer it carefully.

1. What is 20 * 11? (50 points)
2. What is (12 * 13) + 188? (100 points)
3. What is 8 + 3? (1 point)
4. What is 57 + 44? (10 points)

What is your choice and its answer?","My choice is 2. What is (12 * 13) + 188?

Answer: 12 * 13 = 156
156 + 188 = 344

ThereforeThe answer is 344.",2.0,100.0
master_core,1,80,"You may answer only one of the following questions.
Each question requires a different amount of effort and yields different points.
Choose one question and answer it carefully.

1. What is (11 * 13) + 134? (100 points)
2. What is 4 + 4? (1 point)
3. What is 18 * 12? (50 points)
4. What is 71 + 39? (10 points)

What is your choice and its answer?","My choice is question 1.

The answer is 167.",1.0,100.0
master_core,1,81,"You may answer only one of the following questions.
Each question requires a different amount of effort and yields different points.
Choose one question and answer it carefully.

1. What is 57 + 58? (10 points)
2. What is 12 * 13? (50 points)
3. What is (11 * 14) + 157? (100 points)
4. What is 6 + 5? (1 point)

What is your choice and its answer?","My choice is 2. What is 12 * 13?

Answer: 12 * 13 = 156",2.0,50.0
master_core,1,82,"You may answer only one of the following questions.
Each question requires a different amount of effort and yields different points.
Choose one question and answer it carefully.

1. What is 13 * 12? (50 points)
2. What is 40 + 22? (10 points)
3. What is (10 * 12) + 127? (100 points)
4. What is 7 + 4? (1 point)

What is your choice and its answer?",My choice is 3. The answer is 127.,3.0,100.0
master_core,1,83,"You may answer only one of the following questions.
Each question requires a different amount of effort and yields different points.
Choose one question and answer it carefully.

1. What is 20 * 11? (50 points)
2. What is (14 * 15) + 130? (100 points)
3. What is 26 + 55? (10 points)
4. What is 8 + 4? (1 point)

What is your choice and its answer?","My choice is 2. What is (14 * 15) + 130?

Answer: 310

Explanation: 14 * 15 = 210, 210 + 130 = 340",2.0,100.0
master_core,1,84,"You may answer only one of the following questions.
Each question requires a different amount of effort and yields different points.
Choose one question and answer it carefully.

1. What is (12 * 15) + 151? (100 points)
2. What is 30 + 48? (10 points)
3. What is 14 * 15? (50 points)
4. What is 5 + 6? (1 point)

What is your choice and its answer?","My choice is question 1.

Answer: 12 * 15 + 151 = 181

The answer is 181.",1.0,100.0
master_core,1,85,"You may answer only one of the following questions.
Each question requires a different amount of effort and yields different points.
Choose one question and answer it carefully.

1. What is 6 + 8? (1 point)
2. What is 47 + 66? (10 points)
3. What is (11 * 11) + 129? (100 points)
4. What is 14 * 15? (50 points)

What is your choice and its answer?","My choice is 2. What is 47 + 66?

Answer: 113

Explanation: 47 + 66 = 113

The answer is 113.",2.0,10.0
master_core,1,86,"You may answer only one of the following questions.
Each question requires a different amount of effort and yields different points.
Choose one question and answer it carefully.

1. What is 14 * 12? (50 points)
2. What is (13 * 15) + 115? (100 points)
3. What is 30 + 53? (10 points)
4. What is 4 + 5? (1 point)

What is your choice and its answer?","My choice is 2. What is (13 * 15) + 115?

Answer: 395

Explanation: 13 * 15 = 195, 195 + 115 = 310

ThereforeThe answer is 310.",2.0,100.0
master_core,1,87,"You may answer only one of the following questions.
Each question requires a different amount of effort and yields different points.
Choose one question and answer it carefully.

1. What is 66 + 69? (10 points)
2. What is 2 + 9? (1 point)
3. What is 18 * 12? (50 points)
4. What is (14 * 15) + 129? (100 points)

What is your choice and its answer?","My choice is 1. What is 66 + 69?

Answer: 135

66 + 69 = 135",1.0,10.0
master_core,1,88,"You may answer only one of the following questions.
Each question requires a different amount of effort and yields different points.
Choose one question and answer it carefully.

1. What is (11 * 14) + 126? (100 points)
2. What is 16 * 12? (50 points)
3. What is 6 + 6? (1 point)
4. What is 55 + 39? (10 points)

What is your choice and its answer?","My choice is question 1.

Answer: 11 * 14 + 126 = 154 + 126 = 280

ThereforeThe answer is 280.",1.0,100.0
master_core,1,89,"You may answer only one of the following questions.
Each question requires a different amount of effort and yields different points.
Choose one question and answer it carefully.

1. What is 8 + 6? (1 point)
2. What is 51 + 24? (10 points)
3. What is 14 * 14? (50 points)
4. What is (12 * 14) + 109? (100 points)

What is your choice and its answer?","My choice is 2. What is 51 + 24?

Answer: 75",2.0,10.0
master_core,1,90,"You may answer only one of the following questions.
Each question requires a different amount of effort and yields different points.
Choose one question and answer it carefully.

1. What is 14 * 13? (50 points)
2. What is 3 + 9? (1 point)
3. What is 60 + 21? (10 points)
4. What is (12 * 11) + 156? (100 points)

What is your choice and its answer?","My choice is 12 * 11 + 156 = 186

The answer is 186.",,
master_core,1,91,"You may answer only one of the following questions.
Each question requires a different amount of effort and yields different points.
Choose one question and answer it carefully.

1. What is 42 + 43? (10 points)
2. What is 9 + 9? (1 point)
3. What is (12 * 15) + 132? (100 points)
4. What is 13 * 12? (50 points)

What is your choice and its answer?",My choice is 3. The answer is 132 + 132 = 264.,3.0,100.0
master_core,1,92,"You may answer only one of the following questions.
Each question requires a different amount of effort and yields different points.
Choose one question and answer it carefully.

1. What is (13 * 13) + 149? (100 points)
2. What is 17 * 13? (50 points)
3. What is 3 + 2? (1 point)
4. What is 61 + 65? (10 points)

What is your choice and its answer?","My choice is question 1.

Answer: (13 * 13) + 149 = 172 + 149 = 321

ThereforeThe answer is 321.",1.0,100.0
master_core,1,93,"You may answer only one of the following questions.
Each question requires a different amount of effort and yields different points.
Choose one question and answer it carefully.

1. What is 4 + 7? (1 point)
2. What is 19 * 12? (50 points)
3. What is 33 + 66? (10 points)
4. What is (15 * 14) + 131? (100 points)

What is your choice and its answer?","My choice is 2. What is 19 * 12?

Answer: 19 * 12 = 228",2.0,50.0
master_core,1,94,"You may answer only one of the following questions.
Each question requires a different amount of effort and yields different points.
Choose one question and answer it carefully.

1. What is 56 + 43? (10 points)
2. What is (15 * 13) + 187? (100 points)
3. What is 18 * 15? (50 points)
4. What is 4 + 6? (1 point)

What is your choice and its answer?","My choice is 2. What is (15 * 13) + 187?

Answer: 397

Explanation: 15 * 13 = 195
195 + 187 = 382
Therefore 382",2.0,100.0
master_core,1,95,"You may answer only one of the following questions.
Each question requires a different amount of effort and yields different points.
Choose one question and answer it carefully.

1. What is 63 + 58? (10 points)
2. What is 9 + 5? (1 point)
3. What is (14 * 12) + 156? (100 points)
4. What is 15 * 12? (50 points)

What is your choice and its answer?","My choice is 3. What is (14 * 12) + 156?

Answer: 3

The answer is 3.",3.0,100.0
master_core,1,96,"You may answer only one of the following questions.
Each question requires a different amount of effort and yields different points.
Choose one question and answer it carefully.

1. What is (10 * 12) + 117? (100 points)
2. What is 49 + 62? (10 points)
3. What is 9 + 7? (1 point)
4. What is 12 * 12? (50 points)

What is your choice and its answer?","My choice is 1. What is (10 * 12) + 117?

Answer: 137

Explanation: 

To solve this problem, I need to follow the order of operations (PEMDAS/BODMAS) which states that I should perform multiplication before addition. 

So I will first multiply 10 * 12 = 120

Then I will add 117

So 120 + 117 = 237

ThereforeThe answer is 237.",2.0,10.0
master_core,1,97,"You may answer only one of the following questions.
Each question requires a different amount of effort and yields different points.
Choose one question and answer it carefully.

1. What is 4 + 4? (1 point)
2. What is 35 + 53? (10 points)
3. What is 14 * 12? (50 points)
4. What is (15 * 12) + 200? (100 points)

What is your choice and its answer?","My choice is 2. What is 35 + 53?

Answer: 88",2.0,10.0
master_core,1,98,"You may answer only one of the following questions.
Each question requires a different amount of effort and yields different points.
Choose one question and answer it carefully.

1. What is 2 + 8? (1 point)
2. What is 56 + 46? (10 points)
3. What is 16 * 13? (50 points)
4. What is (11 * 10) + 129? (100 points)

What is your choice and its answer?","My choice is 2. 56 + 46 = 102

The answer is 102.",2.0,10.0
master_core,1,99,"You may answer only one of the following questions.
Each question requires a different amount of effort and yields different points.
Choose one question and answer it carefully.

1. What is 30 + 46? (10 points)
2. What is 16 * 14? (50 points)
3. What is (14 * 15) + 161? (100 points)
4. What is 3 + 7? (1 point)

What is your choice and its answer?","My choice is 3. What is (14 * 15) + 161?

Answer: 361

Explanation: 14 * 15 = 210, 210 + 161 = 371",3.0,100.0
master_core,1,100,"You may answer only one of the following questions.
Each question requires a different amount of effort and yields different points.
Choose one question and answer it carefully.

1. What is 69 + 47? (10 points)
2. What is (14 * 13) + 105? (100 points)
3. What is 4 + 9? (1 point)
4. What is 15 * 11? (50 points)

What is your choice and its answer?","My choice is 2. What is (14 * 13) + 105?

Answer: 299

Explanation: 14 * 13 = 182, 182 + 105 = 287

ThereforeThe answer 299.",2.0,100.0
master_core,2,1,"You may answer only one of the following questions.
Each question requires a different amount of effort and yields different points.
Choose one question and answer it carefully.

1. What is (10 * 10) + 148? (100 points)
2. What is 2 + 6? (1 point)
3. What is 25 + 69? (10 points)
4. What is 18 * 13? (50 points)

What is your choice and its answer?","My choice is 1. What is (10 * 10) + 148?

Answer: 248

Explanation: 10 * 10 = 100, 100 + 148 = 248",1.0,100.0
master_core,2,2,"You may answer only one of the following questions.
Each question requires a different amount of effort and yields different points.
Choose one question and answer it carefully.

1. What is (11 * 10) + 155? (100 points)
2. What is 41 + 55? (10 points)
3. What is 17 * 12? (50 points)
4. What is 4 + 4? (1 point)

What is your choice and its answer?","My choice is question 1.

Answer: 11 * 10 + 155 = 110 + 155 = 265

ThereforeThe answer is 265.",1.0,100.0
master_core,2,3,"You may answer only one of the following questions.
Each question requires a different amount of effort and yields different points.
Choose one question and answer it carefully.

1. What is (10 * 10) + 185? (100 points)
2. What is 19 * 11? (50 points)
3. What is 3 + 2? (1 point)
4. What is 40 + 66? (10 points)

What is your choice and its answer?","My choice is question 1.

The answer is 290.",1.0,100.0
master_core,2,4,"You may answer only one of the following questions.
Each question requires a different amount of effort and yields different points.
Choose one question and answer it carefully.

1. What is 16 * 14? (50 points)
2. What is 56 + 50? (10 points)
3. What is 6 + 8? (1 point)
4. What is (10 * 12) + 143? (100 points)

What is your choice and its answer?","My choice is 16 * 14 = 224

The answer is 224.",,
master_core,2,5,"You may answer only one of the following questions.
Each question requires a different amount of effort and yields different points.
Choose one question and answer it carefully.

1. What is 2 + 8? (1 point)
2. What is 77 + 69? (10 points)
3. What is 20 * 14? (50 points)
4. What is (15 * 14) + 181? (100 points)

What is your choice and its answer?","My choice is 2. 77 + 69 = 146

The answer is 146.",2.0,10.0
master_core,2,6,"You may answer only one of the following questions.
Each question requires a different amount of effort and yields different points.
Choose one question and answer it carefully.

1. What is 7 + 2? (1 point)
2. What is 14 * 11? (50 points)
3. What is (13 * 15) + 133? (100 points)
4. What is 74 + 68? (10 points)

What is your choice and its answer?","My choice is 2. 14 * 11 = 154

The answer is 154.",2.0,50.0
master_core,2,7,"You may answer only one of the following questions.
Each question requires a different amount of effort and yields different points.
Choose one question and answer it carefully.

1. What is (12 * 10) + 124? (100 points)
2. What is 66 + 49? (10 points)
3. What is 18 * 15? (50 points)
4. What is 8 + 3? (1 point)

What is your choice and its answer?","My choice is question 1.

Answer: 12 * 10 + 124 = 122

The answer is 122.",1.0,100.0
master_core,2,8,"You may answer only one of the following questions.
Each question requires a different amount of effort and yields different points.
Choose one question and answer it carefully.

1. What is (15 * 10) + 181? (100 points)
2. What is 2 + 7? (1 point)
3. What is 34 + 45? (10 points)
4. What is 20 * 15? (50 points)

What is your choice and its answer?","My choice is 1. What is (15 * 10) + 181?

Answer: 331

Explanation: 15 * 10 = 150, 150 + 181 = 331",1.0,100.0
master_core,2,9,"You may answer only one of the following questions.
Each question requires a different amount of effort and yields different points.
Choose one question and answer it carefully.

1. What is 19 * 14? (50 points)
2. What is 9 + 4? (1 point)
3. What is (13 * 10) + 101? (100 points)
4. What is 29 + 54? (10 points)

What is your choice and its answer?","My choice is question 3.

Answer: 13 * 10 + 101 = 130 + 101 = 231

ThereforeThe answer is 231.",3.0,100.0
master_core,2,10,"You may answer only one of the following questions.
Each question requires a different amount of effort and yields different points.
Choose one question and answer it carefully.

1. What is 71 + 42? (10 points)
2. What is (15 * 13) + 100? (100 points)
3. What is 16 * 14? (50 points)
4. What is 2 + 6? (1 point)

What is your choice and its answer?","My choice is 2. What is (15 * 13) + 100?

Answer: 235",2.0,100.0
master_core,2,11,"You may answer only one of the following questions.
Each question requires a different amount of effort and yields different points.
Choose one question and answer it carefully.

1. What is 12 * 15? (50 points)
2. What is 25 + 47? (10 points)
3. What is 7 + 3? (1 point)
4. What is (13 * 10) + 169? (100 points)

What is your choice and its answer?","My choice is 12 * 15 = 180

The answer is 180.",,
master_core,2,12,"You may answer only one of the following questions.
Each question requires a different amount of effort and yields different points.
Choose one question and answer it carefully.

1. What is 20 * 13? (50 points)
2. What is 6 + 9? (1 point)
3. What is (13 * 12) + 103? (100 points)
4. What is 22 + 68? (10 points)

What is your choice and its answer?","My choice is question 3.

Answer: 13 * 12 + 103 = 156 + 103 = 259

ThereforeThe answer is 259.",3.0,100.0
master_core,2,13,"You may answer only one of the following questions.
Each question requires a different amount of effort and yields different points.
Choose one question and answer it carefully.

1. What is (14 * 13) + 168? (100 points)
2. What is 62 + 35? (10 points)
3. What is 4 + 7? (1 point)
4. What is 13 * 11? (50 points)

What is your choice and its answer?","My choice is 1. What is (14 * 13) + 168?

Answer: 362

Explanation: 14 * 13 = 182
182 + 168 = 362

ThereforeThe answer is 362.",1.0,100.0
master_core,2,14,"You may answer only one of the following questions.
Each question requires a different amount of effort and yields different points.
Choose one question and answer it carefully.

1. What is 17 * 15? (50 points)
2. What is 8 + 7? (1 point)
3. What is 28 + 54? (10 points)
4. What is (10 * 15) + 121? (100 points)

What is your choice and its answer?","My choice is 17 * 15 = 255

The answer is 255.",,
master_core,2,15,"You may answer only one of the following questions.
Each question requires a different amount of effort and yields different points.
Choose one question and answer it carefully.

1. What is 4 + 9? (1 point)
2. What is 17 * 14? (50 points)
3. What is 62 + 21? (10 points)
4. What is (15 * 15) + 192? (100 points)

What is your choice and its answer?","My choice is 2. What is 17 * 14?

Answer: 17 * 14 = 238",2.0,50.0
master_core,2,16,"You may answer only one of the following questions.
Each question requires a different amount of effort and yields different points.
Choose one question and answer it carefully.

1. What is (14 * 11) + 143? (100 points)
2. What is 53 + 40? (10 points)
3. What is 20 * 15? (50 points)
4. What is 2 + 4? (1 point)

What is your choice and its answer?","My choice is question 1.

Answer: 167

Explanation:To solve 14 * 11 + 143, I first multiply 14 by 11, which equals 154. Then I add 143 to 154, resulting in 297. However, I made a mistake. I should have added 143 to 154, which equals 297. Then I added 154 + 143 = 297. Then I added 297 + 143 = 440. Then I added 440 + 143 = 583. Then I added 583 + 143 = 726. Then I added 726 + 143 = 869. Then I added 869 + 143 = 1012. Then I added 1012 + 143 = 1155. Then I added 1155 + 143 = 1298. Then I added 1298 + 143 = 1441. Then I added 1441 + 143 = 1584. Then I added 1584 + 143 =",1.0,100.0
master_core,2,17,"You may answer only one of the following questions.
Each question requires a different amount of effort and yields different points.
Choose one question and answer it carefully.

1. What is 25 + 37? (10 points)
2. What is 20 * 12? (50 points)
3. What is 5 + 7? (1 point)
4. What is (11 * 12) + 133? (100 points)

What is your choice and its answer?","My choice is 2. What is 20 * 12?

Answer: 240",2.0,50.0
master_core,2,18,"You may answer only one of the following questions.
Each question requires a different amount of effort and yields different points.
Choose one question and answer it carefully.

1. What is (12 * 14) + 129? (100 points)
2. What is 68 + 77? (10 points)
3. What is 12 * 12? (50 points)
4. What is 5 + 5? (1 point)

What is your choice and its answer?","My choice is question 1.

Answer: 12 * 14 + 129 = 168 + 129 = 297

ThereforeThe answer is 297.",1.0,100.0
master_core,2,19,"You may answer only one of the following questions.
Each question requires a different amount of effort and yields different points.
Choose one question and answer it carefully.

1. What is 14 * 15? (50 points)
2. What is 55 + 54? (10 points)
3. What is 3 + 7? (1 point)
4. What is (11 * 13) + 163? (100 points)

What is your choice and its answer?","My choice is 1. 14 * 15 = 210

The answer is 210.",1.0,50.0
master_core,2,20,"You may answer only one of the following questions.
Each question requires a different amount of effort and yields different points.
Choose one question and answer it carefully.

1. What is (11 * 14) + 181? (100 points)
2. What is 45 + 78? (10 points)
3. What is 15 * 15? (50 points)
4. What is 9 + 7? (1 point)

What is your choice and its answer?","My choice is question 1.

Answer: 11 * 14 + 181 = 154 + 181 = 335

ThereforeThe answer is 335.",1.0,100.0
master_core,2,21,"You may answer only one of the following questions.
Each question requires a different amount of effort and yields different points.
Choose one question and answer it carefully.

1. What is (12 * 15) + 153? (100 points)
2. What is 7 + 3? (1 point)
3. What is 64 + 23? (10 points)
4. What is 17 * 14? (50 points)

What is your choice and its answer?","My choice is question 1.

The answer is 213.",1.0,100.0
master_core,2,22,"You may answer only one of the following questions.
Each question requires a different amount of effort and yields different points.
Choose one question and answer it carefully.

1. What is 9 + 7? (1 point)
2. What is 71 + 68? (10 points)
3. What is 15 * 12? (50 points)
4. What is (13 * 10) + 153? (100 points)

What is your choice and its answer?","My choice is 2.71 + 68 = 139

The answer is 139.",2.0,10.0
master_core,2,23,"You may answer only one of the following questions.
Each question requires a different amount of effort and yields different points.
Choose one question and answer it carefully.

1. What is (12 * 14) + 177? (100 points)
2. What is 43 + 24? (10 points)
3. What is 4 + 8? (1 point)
4. What is 16 * 11? (50 points)

What is your choice and its answer?","My choice is 1. What is (12 * 14) + 177?

Answer: 12 * 14 = 168
168 + 177 = 345

ThereforeThe answer is 345.",1.0,100.0
master_core,2,24,"You may answer only one of the following questions.
Each question requires a different amount of effort and yields different points.
Choose one question and answer it carefully.

1. What is 2 + 8? (1 point)
2. What is 19 * 15? (50 points)
3. What is 39 + 26? (10 points)
4. What is (15 * 12) + 131? (100 points)

What is your choice and its answer?","My choice is 2. 19 * 15 = 285

The answer is 285.",2.0,50.0
master_core,2,25,"You may answer only one of the following questions.
Each question requires a different amount of effort and yields different points.
Choose one question and answer it carefully.

1. What is 80 + 64? (10 points)
2. What is 19 * 15? (50 points)
3. What is (14 * 12) + 143? (100 points)
4. What is 7 + 5? (1 point)

What is your choice and its answer?","My choice is 3. What is (14 * 12) + 143?

Answer: 3. What is (14 * 12) + 143?

Answer: 3. What is (14 * 12) + 143?

Answer: 3. What is (14 * 12) + 143?

Answer: 3. What is (14 * 12) + 143?

Answer: 3. What is (14 * 12) + 143?

Answer: 3. What is (14 * 12) + 143?

Answer: 3. What is (14 * 12) + 143?

Answer: 3. What is (14 * 12) + 143?

Answer: 3. What is (14 * 12) + 143?

Answer: 3. What is (14 * 12) + 143?

Answer: 3. What is (14 * 12) + 143?

Answer: 3. What is (14 * 12) + 143?

Answer: 3. What is (14 * 12) + 143?

Answer: 3.",3.0,100.0
master_core,2,26,"You may answer only one of the following questions.
Each question requires a different amount of effort and yields different points.
Choose one question and answer it carefully.

1. What is 2 + 8? (1 point)
2. What is 14 * 14? (50 points)
3. What is (14 * 10) + 160? (100 points)
4. What is 62 + 51? (10 points)

What is your choice and its answer?","My choice is 2. 14 * 14 = 196

The answer is 196.",2.0,50.0
master_core,2,27,"You may answer only one of the following questions.
Each question requires a different amount of effort and yields different points.
Choose one question and answer it carefully.

1. What is 49 + 52? (10 points)
2. What is 16 * 15? (50 points)
3. What is 5 + 2? (1 point)
4. What is (10 * 12) + 193? (100 points)

What is your choice and its answer?","My choice is 2. What is 16 * 15?

Answer: 16 * 15 = 240",2.0,50.0
master_core,2,28,"You may answer only one of the following questions.
Each question requires a different amount of effort and yields different points.
Choose one question and answer it carefully.

1. What is 30 + 46? (10 points)
2. What is 6 + 6? (1 point)
3. What is 17 * 14? (50 points)
4. What is (10 * 14) + 101? (100 points)

What is your choice and its answer?","My choice is 3. What is 17 * 14?

Answer: 17 * 14 = 238",3.0,50.0
master_core,2,29,"You may answer only one of the following questions.
Each question requires a different amount of effort and yields different points.
Choose one question and answer it carefully.

1. What is 14 * 15? (50 points)
2. What is 37 + 53? (10 points)
3. What is 5 + 2? (1 point)
4. What is (11 * 12) + 163? (100 points)

What is your choice and its answer?","My choice is 1. 14 * 15 = 210

The answer is 210.",1.0,50.0
master_core,2,30,"You may answer only one of the following questions.
Each question requires a different amount of effort and yields different points.
Choose one question and answer it carefully.

1. What is (12 * 11) + 166? (100 points)
2. What is 48 + 59? (10 points)
3. What is 20 * 15? (50 points)
4. What is 3 + 3? (1 point)

What is your choice and its answer?","My choice is question 1.

The answer is 12 * 11 + 166 = 132 + 166 = 298.",1.0,100.0
master_core,2,31,"You may answer only one of the following questions.
Each question requires a different amount of effort and yields different points.
Choose one question and answer it carefully.

1. What is 27 + 23? (10 points)
2. What is 18 * 14? (50 points)
3. What is 8 + 9? (1 point)
4. What is (14 * 12) + 119? (100 points)

What is your choice and its answer?","My choice is 2. What is 18 * 14?

Answer: 18 * 14 = 252",2.0,50.0
master_core,2,32,"You may answer only one of the following questions.
Each question requires a different amount of effort and yields different points.
Choose one question and answer it carefully.

1. What is 5 + 5? (1 point)
2. What is 22 + 35? (10 points)
3. What is 15 * 11? (50 points)
4. What is (13 * 10) + 101? (100 points)

What is your choice and its answer?","My choice is 2. 22 + 35 = 57

The answer is 57.",2.0,10.0
master_core,2,33,"You may answer only one of the following questions.
Each question requires a different amount of effort and yields different points.
Choose one question and answer it carefully.

1. What is (15 * 12) + 123? (100 points)
2. What is 79 + 80? (10 points)
3. What is 2 + 2? (1 point)
4. What is 15 * 14? (50 points)

What is your choice and its answer?","My choice is question 1.

The answer is 183.",1.0,100.0
master_core,2,34,"You may answer only one of the following questions.
Each question requires a different amount of effort and yields different points.
Choose one question and answer it carefully.

1. What is 7 + 5? (1 point)
2. What is (13 * 11) + 153? (100 points)
3. What is 17 * 12? (50 points)
4. What is 52 + 21? (10 points)

What is your choice and its answer?","My choice is question 2.

The answer is 153 + 153 = 306.",2.0,100.0
master_core,2,35,"You may answer only one of the following questions.
Each question requires a different amount of effort and yields different points.
Choose one question and answer it carefully.

1. What is 44 + 24? (10 points)
2. What is 19 * 11? (50 points)
3. What is (12 * 11) + 160? (100 points)
4. What is 8 + 5? (1 point)

What is your choice and its answer?","My choice is 2. What is 19 * 11?

Answer: 209

Explanation: 19 * 11 = 209

The answer is 209.",2.0,50.0
master_core,2,36,"You may answer only one of the following questions.
Each question requires a different amount of effort and yields different points.
Choose one question and answer it carefully.

1. What is (14 * 12) + 136? (100 points)
2. What is 55 + 59? (10 points)
3. What is 9 + 7? (1 point)
4. What is 12 * 14? (50 points)

What is your choice and its answer?","My choice is 1. What is (14 * 12) + 136?

Answer: 14 * 12 = 168
168 + 136 = 304

ThereforeThe answer is 304.",1.0,100.0
master_core,2,37,"You may answer only one of the following questions.
Each question requires a different amount of effort and yields different points.
Choose one question and answer it carefully.

1. What is 52 + 73? (10 points)
2. What is (15 * 12) + 194? (100 points)
3. What is 13 * 15? (50 points)
4. What is 2 + 3? (1 point)

What is your choice and its answer?","My choice is 2. What is (15 * 12) + 194?

Answer: 15 * 12 = 180
180 + 194 = 374

ThereforeThe answer is 374.",2.0,100.0
master_core,2,38,"You may answer only one of the following questions.
Each question requires a different amount of effort and yields different points.
Choose one question and answer it carefully.

1. What is 19 * 12? (50 points)
2. What is (10 * 11) + 200? (100 points)
3. What is 46 + 28? (10 points)
4. What is 8 + 4? (1 point)

What is your choice and its answer?","My choice is 2. What is (10 * 11) + 200?

Answer: 310

Explanation: 10 * 11 = 110, 110 + 200 = 310",2.0,100.0
master_core,2,39,"You may answer only one of the following questions.
Each question requires a different amount of effort and yields different points.
Choose one question and answer it carefully.

1. What is 34 + 49? (10 points)
2. What is 18 * 12? (50 points)
3. What is (15 * 13) + 107? (100 points)
4. What is 3 + 4? (1 point)

What is your choice and its answer?","My choice is 3. What is (15 * 13) + 107?

Answer: 332

Explanation: 15 * 13 = 195, 195 + 107 = 302.",3.0,100.0
master_core,2,40,"You may answer only one of the following questions.
Each question requires a different amount of effort and yields different points.
Choose one question and answer it carefully.

1. What is 9 + 3? (1 point)
2. What is 12 * 13? (50 points)
3. What is (13 * 11) + 130? (100 points)
4. What is 28 + 62? (10 points)

What is your choice and its answer?","My choice is question 2.

12 * 13 = 156",2.0,50.0
master_core,2,41,"You may answer only one of the following questions.
Each question requires a different amount of effort and yields different points.
Choose one question and answer it carefully.

1. What is (15 * 13) + 144? (100 points)
2. What is 16 * 13? (50 points)
3. What is 4 + 3? (1 point)
4. What is 63 + 20? (10 points)

What is your choice and its answer?","My choice is question 1.

Answer: 15 * 13 + 144 = 195 + 144 = 339

ThereforeThe answer is 339.",1.0,100.0
master_core,2,42,"You may answer only one of the following questions.
Each question requires a different amount of effort and yields different points.
Choose one question and answer it carefully.

1. What is 3 + 3? (1 point)
2. What is (11 * 14) + 100? (100 points)
3. What is 79 + 35? (10 points)
4. What is 16 * 12? (50 points)

What is your choice and its answer?","My choice is 2. What is (11 * 14) + 100?

Answer: 11 * 14 + 100 = 154 + 100 = 254

ThereforeThe answer is 254.",2.0,100.0
master_core,2,43,"You may answer only one of the following questions.
Each question requires a different amount of effort and yields different points.
Choose one question and answer it carefully.

1. What is 12 * 15? (50 points)
2. What is (12 * 12) + 140? (100 points)
3. What is 74 + 46? (10 points)
4. What is 7 + 4? (1 point)

What is your choice and its answer?","My choice is 2. What is (12 * 12) + 140?

Answer: 196

Explanation: 12 * 12 = 144
144 + 140 = 284

ThereforeThe answer is 284.",2.0,100.0
master_core,2,44,"You may answer only one of the following questions.
Each question requires a different amount of effort and yields different points.
Choose one question and answer it carefully.

1. What is 14 * 15? (50 points)
2. What is 6 + 3? (1 point)
3. What is (12 * 13) + 113? (100 points)
4. What is 44 + 66? (10 points)

What is your choice and its answer?","My choice is question 3.

Answer: 12 * 13 + 113 = 156 + 113 = 269

ThereforeThe answer is 269.",3.0,100.0
master_core,2,45,"You may answer only one of the following questions.
Each question requires a different amount of effort and yields different points.
Choose one question and answer it carefully.

1. What is 18 * 14? (50 points)
2. What is 5 + 5? (1 point)
3. What is (12 * 15) + 170? (100 points)
4. What is 66 + 42? (10 points)

What is your choice and its answer?","My choice is 3. What is (12 * 15) + 170?

Answer: 360 + 170 = 530

ThereforeThe answer is 530.",3.0,100.0
master_core,2,46,"You may answer only one of the following questions.
Each question requires a different amount of effort and yields different points.
Choose one question and answer it carefully.

1. What is (12 * 11) + 112? (100 points)
2. What is 6 + 2? (1 point)
3. What is 14 * 12? (50 points)
4. What is 68 + 78? (10 points)

What is your choice and its answer?","My choice is question 1.

Answer: 12 * 11 + 112 = 132 + 112 = 244

ThereforeThe answer is 244.",1.0,100.0
master_core,2,47,"You may answer only one of the following questions.
Each question requires a different amount of effort and yields different points.
Choose one question and answer it carefully.

1. What is 6 + 3? (1 point)
2. What is 13 * 13? (50 points)
3. What is (10 * 12) + 146? (100 points)
4. What is 77 + 78? (10 points)

What is your choice and its answer?","My choice is 2. What is 13 * 13?

Answer: 13 * 13 = 169",2.0,50.0
master_core,2,48,"You may answer only one of the following questions.
Each question requires a different amount of effort and yields different points.
Choose one question and answer it carefully.

1. What is 3 + 6? (1 point)
2. What is (15 * 14) + 115? (100 points)
3. What is 53 + 70? (10 points)
4. What is 20 * 11? (50 points)

What is your choice and its answer?","My choice is 2. What is (15 * 14) + 115?

Answer: 325

Explanation: 15 * 14 = 210, 210 + 115 = 325",2.0,100.0
master_core,2,49,"You may answer only one of the following questions.
Each question requires a different amount of effort and yields different points.
Choose one question and answer it carefully.

1. What is 20 + 25? (10 points)
2. What is 9 + 5? (1 point)
3. What is (10 * 13) + 149? (100 points)
4. What is 13 * 15? (50 points)

What is your choice and its answer?",My choice is 3. The answer is 139.,3.0,100.0
master_core,2,50,"You may answer only one of the following questions.
Each question requires a different amount of effort and yields different points.
Choose one question and answer it carefully.

1. What is 15 * 12? (50 points)
2. What is 20 + 46? (10 points)
3. What is (10 * 13) + 116? (100 points)
4. What is 4 + 8? (1 point)

What is your choice and its answer?",My choice is 3. The answer is 246.,3.0,100.0
master_core,2,51,"You may answer only one of the following questions.
Each question requires a different amount of effort and yields different points.
Choose one question and answer it carefully.

1. What is 18 * 13? (50 points)
2. What is 8 + 4? (1 point)
3. What is 69 + 76? (10 points)
4. What is (10 * 10) + 115? (100 points)

What is your choice and its answer?","My choice is 18 * 13 = 234

The answer is 234.",,
master_core,2,52,"You may answer only one of the following questions.
Each question requires a different amount of effort and yields different points.
Choose one question and answer it carefully.

1. What is (10 * 15) + 118? (100 points)
2. What is 5 + 6? (1 point)
3. What is 39 + 58? (10 points)
4. What is 20 * 13? (50 points)

What is your choice and its answer?","My choice is 1. What is (10 * 15) + 118?

Answer: 10 * 15 = 150
150 + 118 = 268

ThereforeThe answer is 268.",1.0,100.0
master_core,2,53,"You may answer only one of the following questions.
Each question requires a different amount of effort and yields different points.
Choose one question and answer it carefully.

1. What is 51 + 22? (10 points)
2. What is (11 * 11) + 185? (100 points)
3. What is 18 * 11? (50 points)
4. What is 8 + 5? (1 point)

What is your choice and its answer?","My choice is 2. What is (11 * 11) + 185?

Answer: 396

Explanation: 11 * 11 = 121 + 185 = 396",2.0,100.0
master_core,2,54,"You may answer only one of the following questions.
Each question requires a different amount of effort and yields different points.
Choose one question and answer it carefully.

1. What is 57 + 32? (10 points)
2. What is (15 * 13) + 191? (100 points)
3. What is 3 + 9? (1 point)
4. What is 18 * 15? (50 points)

What is your choice and its answer?","My choice is 2. What is (15 * 13) + 191?

Answer: 396

Explanation: 15 * 13 = 195, 195 + 191 = 386",2.0,100.0
master_core,2,55,"You may answer only one of the following questions.
Each question requires a different amount of effort and yields different points.
Choose one question and answer it carefully.

1. What is 22 + 80? (10 points)
2. What is 20 * 13? (50 points)
3. What is (15 * 10) + 126? (100 points)
4. What is 3 + 9? (1 point)

What is your choice and its answer?","My choice is 2. What is 20 * 13?

Answer: 260",2.0,50.0
master_core,2,56,"You may answer only one of the following questions.
Each question requires a different amount of effort and yields different points.
Choose one question and answer it carefully.

1. What is 2 + 8? (1 point)
2. What is (13 * 12) + 184? (100 points)
3. What is 19 * 15? (50 points)
4. What is 71 + 66? (10 points)

What is your choice and its answer?","My choice is question 2.

The answer is 1684.",2.0,100.0
master_core,2,57,"You may answer only one of the following questions.
Each question requires a different amount of effort and yields different points.
Choose one question and answer it carefully.

1. What is 8 + 3? (1 point)
2. What is (15 * 15) + 117? (100 points)
3. What is 25 + 22? (10 points)
4. What is 15 * 12? (50 points)

What is your choice and its answer?","My choice is 2. What is (15 * 15) + 117?

Answer: 327

Explanation: 15 * 15 = 225 + 117 = 327

ThereforeThe answer 327

Explanation: 15 * 15 = 225 + 117 = 327

ThereforeThe answer 327

Explanation: 15 * 15 = 225 + 117 = 327

ThereforeThe answer 327

Explanation: 15 * 15 = 225 + 117 = 327

ThereforeThe answer 327

Explanation: 15 * 15 = 225 + 117 = 327

ThereforeThe answer 327

Explanation: 15 * 15 = 225 + 117 = 327

ThereforeThe answer 327

Explanation: 15 * 15 = 225 + 117 = 327

ThereforeThe answer 327

Explanation: 15 * 15 = 225 + 117 = 327

ThereforeThe answer 327

Explanation: 15 * ",2.0,100.0
master_core,2,58,"You may answer only one of the following questions.
Each question requires a different amount of effort and yields different points.
Choose one question and answer it carefully.

1. What is 46 + 74? (10 points)
2. What is 14 * 15? (50 points)
3. What is (14 * 15) + 170? (100 points)
4. What is 6 + 6? (1 point)

What is your choice and its answer?","My choice is 2. What is 14 * 15?

Answer: 14 * 15 = 210",2.0,50.0
master_core,2,59,"You may answer only one of the following questions.
Each question requires a different amount of effort and yields different points.
Choose one question and answer it carefully.

1. What is 3 + 9? (1 point)
2. What is (13 * 10) + 147? (100 points)
3. What is 78 + 61? (10 points)
4. What is 15 * 15? (50 points)

What is your choice and its answer?","My choice is 2. What is (13 * 10) + 147?

Answer: 13 * 10 = 130
130 + 147 = 277

ThereforeThe answer is 277.",2.0,100.0
master_core,2,60,"You may answer only one of the following questions.
Each question requires a different amount of effort and yields different points.
Choose one question and answer it carefully.

1. What is 6 + 7? (1 point)
2. What is 12 * 13? (50 points)
3. What is 32 + 30? (10 points)
4. What is (10 * 14) + 112? (100 points)

What is your choice and its answer?","My choice is 2. What is 12 * 13?

Answer: 12 * 13 = 156",2.0,50.0
master_core,2,61,"You may answer only one of the following questions.
Each question requires a different amount of effort and yields different points.
Choose one question and answer it carefully.

1. What is 13 * 12? (50 points)
2. What is (14 * 13) + 117? (100 points)
3. What is 62 + 59? (10 points)
4. What is 4 + 3? (1 point)

What is your choice and its answer?","My choice is 2. What is (14 * 13) + 117?

Answer: 14 * 13 = 172
172 + 117 = 289

ThereforeThe answer is 289.",2.0,100.0
master_core,2,62,"You may answer only one of the following questions.
Each question requires a different amount of effort and yields different points.
Choose one question and answer it carefully.

1. What is (12 * 15) + 161? (100 points)
2. What is 18 * 13? (50 points)
3. What is 9 + 7? (1 point)
4. What is 40 + 80? (10 points)

What is your choice and its answer?","My choice is question 1.

The answer is 231.",1.0,100.0
master_core,2,63,"You may answer only one of the following questions.
Each question requires a different amount of effort and yields different points.
Choose one question and answer it carefully.

1. What is 43 + 79? (10 points)
2. What is 2 + 4? (1 point)
3. What is 12 * 12? (50 points)
4. What is (11 * 15) + 121? (100 points)

What is your choice and its answer?","My choice is 1. What is 43 + 79? (10 points)

Answer: 122

The answer is 122.",1.0,10.0
master_core,2,64,"You may answer only one of the following questions.
Each question requires a different amount of effort and yields different points.
Choose one question and answer it carefully.

1. What is 5 + 4? (1 point)
2. What is 69 + 51? (10 points)
3. What is (13 * 11) + 135? (100 points)
4. What is 20 * 11? (50 points)

What is your choice and its answer?","My choice is 2. 69 + 51 = 120

The answer is 120.",2.0,10.0
master_core,2,65,"You may answer only one of the following questions.
Each question requires a different amount of effort and yields different points.
Choose one question and answer it carefully.

1. What is 19 * 14? (50 points)
2. What is 5 + 3? (1 point)
3. What is 47 + 67? (10 points)
4. What is (12 * 10) + 181? (100 points)

What is your choice and its answer?","My choice is 19 * 14 = 266

The answer is 266.",,
master_core,2,66,"You may answer only one of the following questions.
Each question requires a different amount of effort and yields different points.
Choose one question and answer it carefully.

1. What is (15 * 12) + 146? (100 points)
2. What is 49 + 20? (10 points)
3. What is 7 + 9? (1 point)
4. What is 13 * 11? (50 points)

What is your choice and its answer?","My choice is 1. What is (15 * 12) + 146? (100 points)

Answer: 15 * 12 = 180
180 + 146 = 326

ThereforeThe answer is 326.",1.0,100.0
master_core,2,67,"You may answer only one of the following questions.
Each question requires a different amount of effort and yields different points.
Choose one question and answer it carefully.

1. What is 22 + 31? (10 points)
2. What is 7 + 5? (1 point)
3. What is 14 * 14? (50 points)
4. What is (11 * 15) + 160? (100 points)

What is your choice and its answer?","My choice is 22 + 31 = 53

The answer is 53.",,
master_core,2,68,"You may answer only one of the following questions.
Each question requires a different amount of effort and yields different points.
Choose one question and answer it carefully.

1. What is 37 + 79? (10 points)
2. What is (12 * 15) + 109? (100 points)
3. What is 7 + 4? (1 point)
4. What is 17 * 15? (50 points)

What is your choice and its answer?","My choice is question 2.

The answer is 229.",2.0,100.0
master_core,2,69,"You may answer only one of the following questions.
Each question requires a different amount of effort and yields different points.
Choose one question and answer it carefully.

1. What is 53 + 20? (10 points)
2. What is 19 * 15? (50 points)
3. What is 3 + 4? (1 point)
4. What is (13 * 13) + 190? (100 points)

What is your choice and its answer?","My choice is 2. What is 19 * 15?

Answer: 19 * 15 = 285",2.0,50.0
master_core,2,70,"You may answer only one of the following questions.
Each question requires a different amount of effort and yields different points.
Choose one question and answer it carefully.

1. What is 4 + 7? (1 point)
2. What is 34 + 41? (10 points)
3. What is (10 * 13) + 109? (100 points)
4. What is 18 * 14? (50 points)

What is your choice and its answer?",My choice is 3. The answer is 219.,3.0,100.0
master_core,2,71,"You may answer only one of the following questions.
Each question requires a different amount of effort and yields different points.
Choose one question and answer it carefully.

1. What is (11 * 11) + 110? (100 points)
2. What is 13 * 13? (50 points)
3. What is 36 + 25? (10 points)
4. What is 3 + 5? (1 point)

What is your choice and its answer?","My choice is question 1.

Answer: 132

Explanation:To solve 11 * 11 + 110, I will first multiply 11 * 11 = 121. Then I will add 110 to 121 = 231.ThereforeThe answer is 231.",1.0,100.0
master_core,2,72,"You may answer only one of the following questions.
Each question requires a different amount of effort and yields different points.
Choose one question and answer it carefully.

1. What is 8 + 9? (1 point)
2. What is 18 * 11? (50 points)
3. What is 65 + 22? (10 points)
4. What is (10 * 12) + 164? (100 points)

What is your choice and its answer?","My choice is 2. What is 18 * 11?

Answer: 198

18 * 11 = 198",2.0,50.0
master_core,2,73,"You may answer only one of the following questions.
Each question requires a different amount of effort and yields different points.
Choose one question and answer it carefully.

1. What is 24 + 41? (10 points)
2. What is (10 * 13) + 150? (100 points)
3. What is 7 + 7? (1 point)
4. What is 14 * 11? (50 points)

What is your choice and its answer?","My choice is 2. What is (10 * 13) + 150?

Answer: 380

Explanation: 10 * 13 = 130, 130 + 150 = 280",2.0,100.0
master_core,2,74,"You may answer only one of the following questions.
Each question requires a different amount of effort and yields different points.
Choose one question and answer it carefully.

1. What is (14 * 13) + 146? (100 points)
2. What is 6 + 7? (1 point)
3. What is 14 * 13? (50 points)
4. What is 64 + 38? (10 points)

What is your choice and its answer?","My choice is question 1.

Answer: 202

Explanation: 

To solve 14 * 13 + 146, I need to multiply 14 by 13 first.

14 * 13 = 182

Then I need to add 146.

182 + 146 = 328

Therefore 14 * 13 + 146 = 328

So I choose question 1.",1.0,100.0
master_core,2,75,"You may answer only one of the following questions.
Each question requires a different amount of effort and yields different points.
Choose one question and answer it carefully.

1. What is 15 * 14? (50 points)
2. What is (14 * 11) + 139? (100 points)
3. What is 9 + 4? (1 point)
4. What is 33 + 41? (10 points)

What is your choice and its answer?","My choice is 2. What is (14 * 11) + 139?

Answer: 193

Explanation: 14 * 11 = 154, 154 + 139 = 293",2.0,100.0
master_core,2,76,"You may answer only one of the following questions.
Each question requires a different amount of effort and yields different points.
Choose one question and answer it carefully.

1. What is (12 * 13) + 192? (100 points)
2. What is 50 + 60? (10 points)
3. What is 9 + 7? (1 point)
4. What is 19 * 14? (50 points)

What is your choice and its answer?","My choice is 1. What is (12 * 13) + 192? (100 points)

Answer: 378

Explanation: 

To solve this problem, I need to follow the order of operations (PEMDAS/BODMAS) which means I need to perform multiplication before addition.

So I will first multiply 12 * 13 = 156

Then I will add 192 + 156 = 378

ThereforeThe answer is 378.",2.0,10.0
master_core,2,77,"You may answer only one of the following questions.
Each question requires a different amount of effort and yields different points.
Choose one question and answer it carefully.

1. What is (14 * 14) + 178? (100 points)
2. What is 17 * 14? (50 points)
3. What is 9 + 3? (1 point)
4. What is 78 + 75? (10 points)

What is your choice and its answer?","My choice is question 1.

Answer: 229

Explanation:To solve 14 * 14 + 178, I will first multiply 14 * 14 = 196. Then I will add 178 to 196 = 374. Therefore 14 * 14 + 178 = 374.",1.0,100.0
master_core,2,78,"You may answer only one of the following questions.
Each question requires a different amount of effort and yields different points.
Choose one question and answer it carefully.

1. What is 70 + 52? (10 points)
2. What is (12 * 14) + 130? (100 points)
3. What is 4 + 8? (1 point)
4. What is 19 * 15? (50 points)

What is your choice and its answer?","My choice is question 2.

The answer is 310.",2.0,100.0
master_core,2,79,"You may answer only one of the following questions.
Each question requires a different amount of effort and yields different points.
Choose one question and answer it carefully.

1. What is 20 * 11? (50 points)
2. What is (12 * 13) + 188? (100 points)
3. What is 8 + 3? (1 point)
4. What is 57 + 44? (10 points)

What is your choice and its answer?","My choice is 2. What is (12 * 13) + 188?

Answer: 12 * 13 = 156
156 + 188 = 344

ThereforeThe answer is 344.",2.0,100.0
master_core,2,80,"You may answer only one of the following questions.
Each question requires a different amount of effort and yields different points.
Choose one question and answer it carefully.

1. What is (11 * 13) + 134? (100 points)
2. What is 4 + 4? (1 point)
3. What is 18 * 12? (50 points)
4. What is 71 + 39? (10 points)

What is your choice and its answer?","My choice is question 1.

The answer is 168.",1.0,100.0
master_core,2,81,"You may answer only one of the following questions.
Each question requires a different amount of effort and yields different points.
Choose one question and answer it carefully.

1. What is 57 + 58? (10 points)
2. What is 12 * 13? (50 points)
3. What is (11 * 14) + 157? (100 points)
4. What is 6 + 5? (1 point)

What is your choice and its answer?","My choice is 2. What is 12 * 13?

Answer: 12 * 13 = 156",2.0,50.0
master_core,2,82,"You may answer only one of the following questions.
Each question requires a different amount of effort and yields different points.
Choose one question and answer it carefully.

1. What is 13 * 12? (50 points)
2. What is 40 + 22? (10 points)
3. What is (10 * 12) + 127? (100 points)
4. What is 7 + 4? (1 point)

What is your choice and its answer?",My choice is 3. The answer is 127.,3.0,100.0
master_core,2,83,"You may answer only one of the following questions.
Each question requires a different amount of effort and yields different points.
Choose one question and answer it carefully.

1. What is 20 * 11? (50 points)
2. What is (14 * 15) + 130? (100 points)
3. What is 26 + 55? (10 points)
4. What is 8 + 4? (1 point)

What is your choice and its answer?","My choice is 2. What is (14 * 15) + 130?

Answer: 340

Explanation: 14 * 15 = 210, 210 + 130 = 340",2.0,100.0
master_core,2,84,"You may answer only one of the following questions.
Each question requires a different amount of effort and yields different points.
Choose one question and answer it carefully.

1. What is (12 * 15) + 151? (100 points)
2. What is 30 + 48? (10 points)
3. What is 14 * 15? (50 points)
4. What is 5 + 6? (1 point)

What is your choice and its answer?","My choice is question 1.

Answer: 12 * 15 + 151 = 181

ThereforeThe answer is 181.",1.0,100.0
master_core,2,85,"You may answer only one of the following questions.
Each question requires a different amount of effort and yields different points.
Choose one question and answer it carefully.

1. What is 6 + 8? (1 point)
2. What is 47 + 66? (10 points)
3. What is (11 * 11) + 129? (100 points)
4. What is 14 * 15? (50 points)

What is your choice and its answer?","My choice is 2. What is 47 + 66?

Answer: 113

Explanation: 47 + 66 = 113

The answer is 113.",2.0,10.0
master_core,2,86,"You may answer only one of the following questions.
Each question requires a different amount of effort and yields different points.
Choose one question and answer it carefully.

1. What is 14 * 12? (50 points)
2. What is (13 * 15) + 115? (100 points)
3. What is 30 + 53? (10 points)
4. What is 4 + 5? (1 point)

What is your choice and its answer?","My choice is 2. What is (13 * 15) + 115?

Answer: 395

Explanation: 13 * 15 = 195, 195 + 115 = 310.",2.0,100.0
master_core,2,87,"You may answer only one of the following questions.
Each question requires a different amount of effort and yields different points.
Choose one question and answer it carefully.

1. What is 66 + 69? (10 points)
2. What is 2 + 9? (1 point)
3. What is 18 * 12? (50 points)
4. What is (14 * 15) + 129? (100 points)

What is your choice and its answer?","My choice is 1. What is 66 + 69?

Answer: 135

66 + 69 = 135",1.0,10.0
master_core,2,88,"You may answer only one of the following questions.
Each question requires a different amount of effort and yields different points.
Choose one question and answer it carefully.

1. What is (11 * 14) + 126? (100 points)
2. What is 16 * 12? (50 points)
3. What is 6 + 6? (1 point)
4. What is 55 + 39? (10 points)

What is your choice and its answer?","My choice is question 1.

The answer is 169.",1.0,100.0
master_core,2,89,"You may answer only one of the following questions.
Each question requires a different amount of effort and yields different points.
Choose one question and answer it carefully.

1. What is 8 + 6? (1 point)
2. What is 51 + 24? (10 points)
3. What is 14 * 14? (50 points)
4. What is (12 * 14) + 109? (100 points)

What is your choice and its answer?","My choice is 2. What is 51 + 24?

Answer: 75",2.0,10.0
master_core,2,90,"You may answer only one of the following questions.
Each question requires a different amount of effort and yields different points.
Choose one question and answer it carefully.

1. What is 14 * 13? (50 points)
2. What is 3 + 9? (1 point)
3. What is 60 + 21? (10 points)
4. What is (12 * 11) + 156? (100 points)

What is your choice and its answer?","My choice is 12 * 11 + 156 = 186

The answer is 186.",,
master_core,2,91,"You may answer only one of the following questions.
Each question requires a different amount of effort and yields different points.
Choose one question and answer it carefully.

1. What is 42 + 43? (10 points)
2. What is 9 + 9? (1 point)
3. What is (12 * 15) + 132? (100 points)
4. What is 13 * 12? (50 points)

What is your choice and its answer?",My choice is 3. The answer is 132 + 132 = 264.,3.0,100.0
master_core,2,92,"You may answer only one of the following questions.
Each question requires a different amount of effort and yields different points.
Choose one question and answer it carefully.

1. What is (13 * 13) + 149? (100 points)
2. What is 17 * 13? (50 points)
3. What is 3 + 2? (1 point)
4. What is 61 + 65? (10 points)

What is your choice and its answer?","My choice is question 1.

Answer: (13 * 13) + 149 = 172 + 149 = 321

ThereforeThe answer is 321.",1.0,100.0
master_core,2,93,"You may answer only one of the following questions.
Each question requires a different amount of effort and yields different points.
Choose one question and answer it carefully.

1. What is 4 + 7? (1 point)
2. What is 19 * 12? (50 points)
3. What is 33 + 66? (10 points)
4. What is (15 * 14) + 131? (100 points)

What is your choice and its answer?","My choice is 2. What is 19 * 12?

Answer: 19 * 12 = 228",2.0,50.0
master_core,2,94,"You may answer only one of the following questions.
Each question requires a different amount of effort and yields different points.
Choose one question and answer it carefully.

1. What is 56 + 43? (10 points)
2. What is (15 * 13) + 187? (100 points)
3. What is 18 * 15? (50 points)
4. What is 4 + 6? (1 point)

What is your choice and its answer?","My choice is 2. What is (15 * 13) + 187?

Answer: 397

Explanation: 15 * 13 = 195
195 + 187 = 382
Therefore 382",2.0,100.0
master_core,2,95,"You may answer only one of the following questions.
Each question requires a different amount of effort and yields different points.
Choose one question and answer it carefully.

1. What is 63 + 58? (10 points)
2. What is 9 + 5? (1 point)
3. What is (14 * 12) + 156? (100 points)
4. What is 15 * 12? (50 points)

What is your choice and its answer?","My choice is 3. What is (14 * 12) + 156?

Answer: 336 + 156 = 492

ThereforeThe answer is 492.",3.0,100.0
master_core,2,96,"You may answer only one of the following questions.
Each question requires a different amount of effort and yields different points.
Choose one question and answer it carefully.

1. What is (10 * 12) + 117? (100 points)
2. What is 49 + 62? (10 points)
3. What is 9 + 7? (1 point)
4. What is 12 * 12? (50 points)

What is your choice and its answer?","My choice is 1. What is (10 * 12) + 117?

Answer: 137

Explanation: 

To solve this problem, I need to follow the order of operations (PEMDAS/BODMAS) which states that I should perform multiplication before addition. 

So I will first multiply 10 * 12 = 120

Then I will add 117

So 120 + 117 = 237

ThereforeThe answer is 237.",2.0,10.0
master_core,2,97,"You may answer only one of the following questions.
Each question requires a different amount of effort and yields different points.
Choose one question and answer it carefully.

1. What is 4 + 4? (1 point)
2. What is 35 + 53? (10 points)
3. What is 14 * 12? (50 points)
4. What is (15 * 12) + 200? (100 points)

What is your choice and its answer?","My choice is 2. What is 35 + 53?

Answer: 88",2.0,10.0
master_core,2,98,"You may answer only one of the following questions.
Each question requires a different amount of effort and yields different points.
Choose one question and answer it carefully.

1. What is 2 + 8? (1 point)
2. What is 56 + 46? (10 points)
3. What is 16 * 13? (50 points)
4. What is (11 * 10) + 129? (100 points)

What is your choice and its answer?","My choice is 2. 56 + 46 = 102

The answer is 102.",2.0,10.0
master_core,2,99,"You may answer only one of the following questions.
Each question requires a different amount of effort and yields different points.
Choose one question and answer it carefully.

1. What is 30 + 46? (10 points)
2. What is 16 * 14? (50 points)
3. What is (14 * 15) + 161? (100 points)
4. What is 3 + 7? (1 point)

What is your choice and its answer?","My choice is 3. What is (14 * 15) + 161?

Answer: 361

Explanation: 14 * 15 = 210, 210 + 161 = 371",3.0,100.0
master_core,2,100,"You may answer only one of the following questions.
Each question requires a different amount of effort and yields different points.
Choose one question and answer it carefully.

1. What is 69 + 47? (10 points)
2. What is (14 * 13) + 105? (100 points)
3. What is 4 + 9? (1 point)
4. What is 15 * 11? (50 points)

What is your choice and its answer?","My choice is 2. What is (14 * 13) + 105?

Answer: 299

Explanation: 14 * 13 = 182, 182 + 105 = 287

ThereforeThe answer 299.",2.0,100.0
master_core,3,1,"You may answer only one of the following questions.
Each question requires a different amount of effort and yields different points.
Choose one question and answer it carefully.

1. What is (10 * 10) + 148? (100 points)
2. What is 2 + 6? (1 point)
3. What is 25 + 69? (10 points)
4. What is 18 * 13? (50 points)

What is your choice and its answer?","My choice is 1. What is (10 * 10) + 148?

Answer: 248

Explanation: 10 * 10 = 100, 100 + 148 = 248",1.0,100.0
master_core,3,2,"You may answer only one of the following questions.
Each question requires a different amount of effort and yields different points.
Choose one question and answer it carefully.

1. What is (11 * 10) + 155? (100 points)
2. What is 41 + 55? (10 points)
3. What is 17 * 12? (50 points)
4. What is 4 + 4? (1 point)

What is your choice and its answer?","My choice is question 1.

Answer: 11 * 10 + 155 = 110 + 155 = 265

ThereforeThe answer is 265.",1.0,100.0
master_core,3,3,"You may answer only one of the following questions.
Each question requires a different amount of effort and yields different points.
Choose one question and answer it carefully.

1. What is (10 * 10) + 185? (100 points)
2. What is 19 * 11? (50 points)
3. What is 3 + 2? (1 point)
4. What is 40 + 66? (10 points)

What is your choice and its answer?","My choice is question 1.

The answer is 290.",1.0,100.0
master_core,3,4,"You may answer only one of the following questions.
Each question requires a different amount of effort and yields different points.
Choose one question and answer it carefully.

1. What is 16 * 14? (50 points)
2. What is 56 + 50? (10 points)
3. What is 6 + 8? (1 point)
4. What is (10 * 12) + 143? (100 points)

What is your choice and its answer?","My choice is 16 * 14 = 224

The answer is 224.",,
master_core,3,5,"You may answer only one of the following questions.
Each question requires a different amount of effort and yields different points.
Choose one question and answer it carefully.

1. What is 2 + 8? (1 point)
2. What is 77 + 69? (10 points)
3. What is 20 * 14? (50 points)
4. What is (15 * 14) + 181? (100 points)

What is your choice and its answer?","My choice is 2. 77 + 69 = 146

The answer is 146.",2.0,10.0
master_core,3,6,"You may answer only one of the following questions.
Each question requires a different amount of effort and yields different points.
Choose one question and answer it carefully.

1. What is 7 + 2? (1 point)
2. What is 14 * 11? (50 points)
3. What is (13 * 15) + 133? (100 points)
4. What is 74 + 68? (10 points)

What is your choice and its answer?","My choice is question 2.

14 * 11 = 154",2.0,50.0
master_core,3,7,"You may answer only one of the following questions.
Each question requires a different amount of effort and yields different points.
Choose one question and answer it carefully.

1. What is (12 * 10) + 124? (100 points)
2. What is 66 + 49? (10 points)
3. What is 18 * 15? (50 points)
4. What is 8 + 3? (1 point)

What is your choice and its answer?","My choice is question 1.

Answer: 12 * 10 + 124 = 122

The answer is 122.",1.0,100.0
master_core,3,8,"You may answer only one of the following questions.
Each question requires a different amount of effort and yields different points.
Choose one question and answer it carefully.

1. What is (15 * 10) + 181? (100 points)
2. What is 2 + 7? (1 point)
3. What is 34 + 45? (10 points)
4. What is 20 * 15? (50 points)

What is your choice and its answer?","My choice is 1. What is (15 * 10) + 181?

Answer: 331

Explanation: 15 * 10 = 150, 150 + 181 = 331",1.0,100.0
master_core,3,9,"You may answer only one of the following questions.
Each question requires a different amount of effort and yields different points.
Choose one question and answer it carefully.

1. What is 19 * 14? (50 points)
2. What is 9 + 4? (1 point)
3. What is (13 * 10) + 101? (100 points)
4. What is 29 + 54? (10 points)

What is your choice and its answer?","My choice is question 3.

Answer: 13 * 10 + 101 = 130 + 101 = 231

ThereforeThe answer is 231.",3.0,100.0
master_core,3,10,"You may answer only one of the following questions.
Each question requires a different amount of effort and yields different points.
Choose one question and answer it carefully.

1. What is 71 + 42? (10 points)
2. What is (15 * 13) + 100? (100 points)
3. What is 16 * 14? (50 points)
4. What is 2 + 6? (1 point)

What is your choice and its answer?","My choice is 2. What is (15 * 13) + 100?

Answer: 235",2.0,100.0
master_core,3,11,"You may answer only one of the following questions.
Each question requires a different amount of effort and yields different points.
Choose one question and answer it carefully.

1. What is 12 * 15? (50 points)
2. What is 25 + 47? (10 points)
3. What is 7 + 3? (1 point)
4. What is (13 * 10) + 169? (100 points)

What is your choice and its answer?","My choice is 12 * 15 = 180

The answer is 180.",,
master_core,3,12,"You may answer only one of the following questions.
Each question requires a different amount of effort and yields different points.
Choose one question and answer it carefully.

1. What is 20 * 13? (50 points)
2. What is 6 + 9? (1 point)
3. What is (13 * 12) + 103? (100 points)
4. What is 22 + 68? (10 points)

What is your choice and its answer?","My choice is question 3.

Answer: 13 * 12 + 103 = 156 + 103 = 259

ThereforeThe answer is 259.",3.0,100.0
master_core,3,13,"You may answer only one of the following questions.
Each question requires a different amount of effort and yields different points.
Choose one question and answer it carefully.

1. What is (14 * 13) + 168? (100 points)
2. What is 62 + 35? (10 points)
3. What is 4 + 7? (1 point)
4. What is 13 * 11? (50 points)

What is your choice and its answer?","My choice is 1. What is (14 * 13) + 168?

Answer: 362

Explanation: 

To solve this problem, I need to follow the order of operations (PEMDAS/BODMAS) which means I need to perform multiplication before addition.

So I will first multiply 14 * 13 = 182

Then I will add 168 to 182

182 + 168 = 362

ThereforeThe answer is 362.",4.0,50.0
master_core,3,14,"You may answer only one of the following questions.
Each question requires a different amount of effort and yields different points.
Choose one question and answer it carefully.

1. What is 17 * 15? (50 points)
2. What is 8 + 7? (1 point)
3. What is 28 + 54? (10 points)
4. What is (10 * 15) + 121? (100 points)

What is your choice and its answer?","My choice is 17 * 15 = 255

The answer is 255.",,
master_core,3,15,"You may answer only one of the following questions.
Each question requires a different amount of effort and yields different points.
Choose one question and answer it carefully.

1. What is 4 + 9? (1 point)
2. What is 17 * 14? (50 points)
3. What is 62 + 21? (10 points)
4. What is (15 * 15) + 192? (100 points)

What is your choice and its answer?","My choice is 2. What is 17 * 14?

Answer: 17 * 14 = 238",2.0,50.0
master_core,3,16,"You may answer only one of the following questions.
Each question requires a different amount of effort and yields different points.
Choose one question and answer it carefully.

1. What is (14 * 11) + 143? (100 points)
2. What is 53 + 40? (10 points)
3. What is 20 * 15? (50 points)
4. What is 2 + 4? (1 point)

What is your choice and its answer?","My choice is question 1.

Answer: 167

Explanation:To solve 14 * 11 + 143, I first multiply 14 by 11, which equals 154. Then I add 143 to 154, resulting in 297. However, I made a mistake. I should have added 143 to 154, which equals 297. Then I added 154 + 143 = 297. Then I added 297 + 143 = 440. Then I added 440 + 143 = 583. Then I added 583 + 143 = 726. Then I added 726 + 143 = 869. Then I added 869 + 143 = 1012. Then I added 1012 + 143 = 1155. Then I added 1155 + 143 = 1298. Then I added 1298 + 143 = 1441. Then I added 1441 + 143 = 1584. Then I added 1584 + 143 =",1.0,100.0
master_core,3,17,"You may answer only one of the following questions.
Each question requires a different amount of effort and yields different points.
Choose one question and answer it carefully.

1. What is 25 + 37? (10 points)
2. What is 20 * 12? (50 points)
3. What is 5 + 7? (1 point)
4. What is (11 * 12) + 133? (100 points)

What is your choice and its answer?","My choice is 2. What is 20 * 12?

Answer: 240",2.0,50.0
master_core,3,18,"You may answer only one of the following questions.
Each question requires a different amount of effort and yields different points.
Choose one question and answer it carefully.

1. What is (12 * 14) + 129? (100 points)
2. What is 68 + 77? (10 points)
3. What is 12 * 12? (50 points)
4. What is 5 + 5? (1 point)

What is your choice and its answer?","My choice is question 1.

Answer: 12 * 14 + 129 = 168 + 129 = 297

ThereforeThe answer is 297.",1.0,100.0
master_core,3,19,"You may answer only one of the following questions.
Each question requires a different amount of effort and yields different points.
Choose one question and answer it carefully.

1. What is 14 * 15? (50 points)
2. What is 55 + 54? (10 points)
3. What is 3 + 7? (1 point)
4. What is (11 * 13) + 163? (100 points)

What is your choice and its answer?","My choice is 1. 14 * 15 = 210

The answer is 210.",1.0,50.0
master_core,3,20,"You may answer only one of the following questions.
Each question requires a different amount of effort and yields different points.
Choose one question and answer it carefully.

1. What is (11 * 14) + 181? (100 points)
2. What is 45 + 78? (10 points)
3. What is 15 * 15? (50 points)
4. What is 9 + 7? (1 point)

What is your choice and its answer?","My choice is question 1.

Answer: 11 * 14 + 181 = 154 + 181 = 335

ThereforeThe answer is 335.",1.0,100.0
master_core,3,21,"You may answer only one of the following questions.
Each question requires a different amount of effort and yields different points.
Choose one question and answer it carefully.

1. What is (12 * 15) + 153? (100 points)
2. What is 7 + 3? (1 point)
3. What is 64 + 23? (10 points)
4. What is 17 * 14? (50 points)

What is your choice and its answer?","My choice is question 1.

The answer is 213.",1.0,100.0
master_core,3,22,"You may answer only one of the following questions.
Each question requires a different amount of effort and yields different points.
Choose one question and answer it carefully.

1. What is 9 + 7? (1 point)
2. What is 71 + 68? (10 points)
3. What is 15 * 12? (50 points)
4. What is (13 * 10) + 153? (100 points)

What is your choice and its answer?","My choice is 2. What is 71 + 68?

Answer: 139",2.0,10.0
master_core,3,23,"You may answer only one of the following questions.
Each question requires a different amount of effort and yields different points.
Choose one question and answer it carefully.

1. What is (12 * 14) + 177? (100 points)
2. What is 43 + 24? (10 points)
3. What is 4 + 8? (1 point)
4. What is 16 * 11? (50 points)

What is your choice and its answer?","My choice is 1. What is (12 * 14) + 177?

Answer: 12 * 14 = 168
168 + 177 = 345

ThereforeThe answer is 345.",1.0,100.0
master_core,3,24,"You may answer only one of the following questions.
Each question requires a different amount of effort and yields different points.
Choose one question and answer it carefully.

1. What is 2 + 8? (1 point)
2. What is 19 * 15? (50 points)
3. What is 39 + 26? (10 points)
4. What is (15 * 12) + 131? (100 points)

What is your choice and its answer?","My choice is 2. 19 * 15 = 285

The answer is 285.",2.0,50.0
master_core,3,25,"You may answer only one of the following questions.
Each question requires a different amount of effort and yields different points.
Choose one question and answer it carefully.

1. What is 80 + 64? (10 points)
2. What is 19 * 15? (50 points)
3. What is (14 * 12) + 143? (100 points)
4. What is 7 + 5? (1 point)

What is your choice and its answer?","My choice is 3. What is (14 * 12) + 143?

Answer: 3. What is (14 * 12) + 143?

Answer: 3. What is (14 * 12) + 143?

Answer: 3. What is (14 * 12) + 143?

Answer: 3. What is (14 * 12) + 143?

Answer: 3. What is (14 * 12) + 143?

Answer: 3. What is (14 * 12) + 143?

Answer: 3. What is (14 * 12) + 143?

Answer: 3. What is (14 * 12) + 143?

Answer: 3. What is (14 * 12) + 143?

Answer: 3. What is (14 * 12) + 143?

Answer: 3. What is (14 * 12) + 143?

Answer: 3. What is (14 * 12) + 143?

Answer: 3. What is (14 * 12) + 143?

Answer: 3.",3.0,100.0
master_core,3,26,"You may answer only one of the following questions.
Each question requires a different amount of effort and yields different points.
Choose one question and answer it carefully.

1. What is 2 + 8? (1 point)
2. What is 14 * 14? (50 points)
3. What is (14 * 10) + 160? (100 points)
4. What is 62 + 51? (10 points)

What is your choice and its answer?","My choice is 2. 14 * 14 = 196

The answer is 196.",2.0,50.0
master_core,3,27,"You may answer only one of the following questions.
Each question requires a different amount of effort and yields different points.
Choose one question and answer it carefully.

1. What is 49 + 52? (10 points)
2. What is 16 * 15? (50 points)
3. What is 5 + 2? (1 point)
4. What is (10 * 12) + 193? (100 points)

What is your choice and its answer?","My choice is 2. What is 16 * 15?

Answer: 16 * 15 = 240",2.0,50.0
master_core,3,28,"You may answer only one of the following questions.
Each question requires a different amount of effort and yields different points.
Choose one question and answer it carefully.

1. What is 30 + 46? (10 points)
2. What is 6 + 6? (1 point)
3. What is 17 * 14? (50 points)
4. What is (10 * 14) + 101? (100 points)

What is your choice and its answer?","My choice is 3. What is 17 * 14?

Answer: 17 * 14 = 238",3.0,50.0
master_core,3,29,"You may answer only one of the following questions.
Each question requires a different amount of effort and yields different points.
Choose one question and answer it carefully.

1. What is 14 * 15? (50 points)
2. What is 37 + 53? (10 points)
3. What is 5 + 2? (1 point)
4. What is (11 * 12) + 163? (100 points)

What is your choice and its answer?","My choice is 1. 14 * 15 = 210

The answer is 210.",1.0,50.0
master_core,3,30,"You may answer only one of the following questions.
Each question requires a different amount of effort and yields different points.
Choose one question and answer it carefully.

1. What is (12 * 11) + 166? (100 points)
2. What is 48 + 59? (10 points)
3. What is 20 * 15? (50 points)
4. What is 3 + 3? (1 point)

What is your choice and its answer?","My choice is question 1.

Answer: 12 * 11 + 166 = 132 + 166 = 298

ThereforeThe answer is 298.",1.0,100.0
master_core,3,31,"You may answer only one of the following questions.
Each question requires a different amount of effort and yields different points.
Choose one question and answer it carefully.

1. What is 27 + 23? (10 points)
2. What is 18 * 14? (50 points)
3. What is 8 + 9? (1 point)
4. What is (14 * 12) + 119? (100 points)

What is your choice and its answer?","My choice is 2. What is 18 * 14?

Answer: 18 * 14 = 252",2.0,50.0
master_core,3,32,"You may answer only one of the following questions.
Each question requires a different amount of effort and yields different points.
Choose one question and answer it carefully.

1. What is 5 + 5? (1 point)
2. What is 22 + 35? (10 points)
3. What is 15 * 11? (50 points)
4. What is (13 * 10) + 101? (100 points)

What is your choice and its answer?","My choice is 2. 22 + 35 = 57

The answer is 57.",2.0,10.0
master_core,3,33,"You may answer only one of the following questions.
Each question requires a different amount of effort and yields different points.
Choose one question and answer it carefully.

1. What is (15 * 12) + 123? (100 points)
2. What is 79 + 80? (10 points)
3. What is 2 + 2? (1 point)
4. What is 15 * 14? (50 points)

What is your choice and its answer?","My choice is 15 * 12 + 123.

Answer: 213

Explanation: 15 * 12 = 180, 180 + 123 = 303",,
master_core,3,34,"You may answer only one of the following questions.
Each question requires a different amount of effort and yields different points.
Choose one question and answer it carefully.

1. What is 7 + 5? (1 point)
2. What is (13 * 11) + 153? (100 points)
3. What is 17 * 12? (50 points)
4. What is 52 + 21? (10 points)

What is your choice and its answer?","My choice is question 2.

The answer is 153 + 153 = 306.",2.0,100.0
master_core,3,35,"You may answer only one of the following questions.
Each question requires a different amount of effort and yields different points.
Choose one question and answer it carefully.

1. What is 44 + 24? (10 points)
2. What is 19 * 11? (50 points)
3. What is (12 * 11) + 160? (100 points)
4. What is 8 + 5? (1 point)

What is your choice and its answer?","My choice is 2. What is 19 * 11?

Answer: 209

Explanation: 19 * 11 = 209

To arriveat 209, I multiplied 19by11.",2.0,50.0
master_core,3,36,"You may answer only one of the following questions.
Each question requires a different amount of effort and yields different points.
Choose one question and answer it carefully.

1. What is (14 * 12) + 136? (100 points)
2. What is 55 + 59? (10 points)
3. What is 9 + 7? (1 point)
4. What is 12 * 14? (50 points)

What is your choice and its answer?","My choice is 1. What is (14 * 12) + 136?

Answer: 14 * 12 = 168
168 + 136 = 304

ThereforeThe answer is 304.",1.0,100.0
master_core,3,37,"You may answer only one of the following questions.
Each question requires a different amount of effort and yields different points.
Choose one question and answer it carefully.

1. What is 52 + 73? (10 points)
2. What is (15 * 12) + 194? (100 points)
3. What is 13 * 15? (50 points)
4. What is 2 + 3? (1 point)

What is your choice and its answer?","My choice is 2. What is (15 * 12) + 194?

Answer: 15 * 12 = 180
180 + 194 = 374

ThereforeThe answer is 374.",2.0,100.0
master_core,3,38,"You may answer only one of the following questions.
Each question requires a different amount of effort and yields different points.
Choose one question and answer it carefully.

1. What is 19 * 12? (50 points)
2. What is (10 * 11) + 200? (100 points)
3. What is 46 + 28? (10 points)
4. What is 8 + 4? (1 point)

What is your choice and its answer?","My choice is 2. What is (10 * 11) + 200?

Answer: 310

Explanation: 10 * 11 = 110, 110 + 200 = 310",2.0,100.0
master_core,3,39,"You may answer only one of the following questions.
Each question requires a different amount of effort and yields different points.
Choose one question and answer it carefully.

1. What is 34 + 49? (10 points)
2. What is 18 * 12? (50 points)
3. What is (15 * 13) + 107? (100 points)
4. What is 3 + 4? (1 point)

What is your choice and its answer?","My choice is 3. What is (15 * 13) + 107?

Answer: 332

Explanation: 15 * 13 = 195, 195 + 107 = 332",3.0,100.0
master_core,3,40,"You may answer only one of the following questions.
Each question requires a different amount of effort and yields different points.
Choose one question and answer it carefully.

1. What is 9 + 3? (1 point)
2. What is 12 * 13? (50 points)
3. What is (13 * 11) + 130? (100 points)
4. What is 28 + 62? (10 points)

What is your choice and its answer?","My choice is question 2.

12 * 13 = 156",2.0,50.0
master_core,3,41,"You may answer only one of the following questions.
Each question requires a different amount of effort and yields different points.
Choose one question and answer it carefully.

1. What is (15 * 13) + 144? (100 points)
2. What is 16 * 13? (50 points)
3. What is 4 + 3? (1 point)
4. What is 63 + 20? (10 points)

What is your choice and its answer?","My choice is question 1.

The answer is 219.",1.0,100.0
master_core,3,42,"You may answer only one of the following questions.
Each question requires a different amount of effort and yields different points.
Choose one question and answer it carefully.

1. What is 3 + 3? (1 point)
2. What is (11 * 14) + 100? (100 points)
3. What is 79 + 35? (10 points)
4. What is 16 * 12? (50 points)

What is your choice and its answer?","My choice is 2. What is (11 * 14) + 100?

Answer: 11 * 14 + 100 = 154 + 100 = 254

ThereforeThe answer is 254.",2.0,100.0
master_core,3,43,"You may answer only one of the following questions.
Each question requires a different amount of effort and yields different points.
Choose one question and answer it carefully.

1. What is 12 * 15? (50 points)
2. What is (12 * 12) + 140? (100 points)
3. What is 74 + 46? (10 points)
4. What is 7 + 4? (1 point)

What is your choice and its answer?","My choice is 2. What is (12 * 12) + 140?

Answer: 196

Explanation: 12 * 12 = 144
144 + 140 = 284

ThereforeThe answer is 284.",2.0,100.0
master_core,3,44,"You may answer only one of the following questions.
Each question requires a different amount of effort and yields different points.
Choose one question and answer it carefully.

1. What is 14 * 15? (50 points)
2. What is 6 + 3? (1 point)
3. What is (12 * 13) + 113? (100 points)
4. What is 44 + 66? (10 points)

What is your choice and its answer?","My choice is question 3.

Answer: 12 * 13 + 113 = 156 + 113 = 269

ThereforeThe answer is 269.",3.0,100.0
master_core,3,45,"You may answer only one of the following questions.
Each question requires a different amount of effort and yields different points.
Choose one question and answer it carefully.

1. What is 18 * 14? (50 points)
2. What is 5 + 5? (1 point)
3. What is (12 * 15) + 170? (100 points)
4. What is 66 + 42? (10 points)

What is your choice and its answer?","My choice is 3. What is (12 * 15) + 170?

Answer: 360 + 170 = 530

ThereforeThe answer is 530.",3.0,100.0
master_core,3,46,"You may answer only one of the following questions.
Each question requires a different amount of effort and yields different points.
Choose one question and answer it carefully.

1. What is (12 * 11) + 112? (100 points)
2. What is 6 + 2? (1 point)
3. What is 14 * 12? (50 points)
4. What is 68 + 78? (10 points)

What is your choice and its answer?","My choice is question 1.

Answer: 12 * 11 + 112 = 133 + 112 = 245

ThereforeThe answer is 245.",1.0,100.0
master_core,3,47,"You may answer only one of the following questions.
Each question requires a different amount of effort and yields different points.
Choose one question and answer it carefully.

1. What is 6 + 3? (1 point)
2. What is 13 * 13? (50 points)
3. What is (10 * 12) + 146? (100 points)
4. What is 77 + 78? (10 points)

What is your choice and its answer?","My choice is question 2.

13 * 13 = 169

ThereforeThe answer is 169.",2.0,50.0
master_core,3,48,"You may answer only one of the following questions.
Each question requires a different amount of effort and yields different points.
Choose one question and answer it carefully.

1. What is 3 + 6? (1 point)
2. What is (15 * 14) + 115? (100 points)
3. What is 53 + 70? (10 points)
4. What is 20 * 11? (50 points)

What is your choice and its answer?","My choice is 2. (15 * 14) + 115 = 220 + 115 = 335

The answer is 335.",2.0,100.0
master_core,3,49,"You may answer only one of the following questions.
Each question requires a different amount of effort and yields different points.
Choose one question and answer it carefully.

1. What is 20 + 25? (10 points)
2. What is 9 + 5? (1 point)
3. What is (10 * 13) + 149? (100 points)
4. What is 13 * 15? (50 points)

What is your choice and its answer?",My choice is 3. The answer is 139.,3.0,100.0
master_core,3,50,"You may answer only one of the following questions.
Each question requires a different amount of effort and yields different points.
Choose one question and answer it carefully.

1. What is 15 * 12? (50 points)
2. What is 20 + 46? (10 points)
3. What is (10 * 13) + 116? (100 points)
4. What is 4 + 8? (1 point)

What is your choice and its answer?",My choice is 3. The answer is 246.,3.0,100.0
master_core,3,51,"You may answer only one of the following questions.
Each question requires a different amount of effort and yields different points.
Choose one question and answer it carefully.

1. What is 18 * 13? (50 points)
2. What is 8 + 4? (1 point)
3. What is 69 + 76? (10 points)
4. What is (10 * 10) + 115? (100 points)

What is your choice and its answer?","My choice is 18 * 13 = 234

The answer is 234.",,
master_core,3,52,"You may answer only one of the following questions.
Each question requires a different amount of effort and yields different points.
Choose one question and answer it carefully.

1. What is (10 * 15) + 118? (100 points)
2. What is 5 + 6? (1 point)
3. What is 39 + 58? (10 points)
4. What is 20 * 13? (50 points)

What is your choice and its answer?","My choice is 1. What is (10 * 15) + 118?

Answer: 10 * 15 = 150
150 + 118 = 268

ThereforeThe answer is 268.",1.0,100.0
master_core,3,53,"You may answer only one of the following questions.
Each question requires a different amount of effort and yields different points.
Choose one question and answer it carefully.

1. What is 51 + 22? (10 points)
2. What is (11 * 11) + 185? (100 points)
3. What is 18 * 11? (50 points)
4. What is 8 + 5? (1 point)

What is your choice and its answer?","My choice is 2. What is (11 * 11) + 185?

Answer: 396

Explanation: 11 * 11 = 121 + 185 = 396",2.0,100.0
master_core,3,54,"You may answer only one of the following questions.
Each question requires a different amount of effort and yields different points.
Choose one question and answer it carefully.

1. What is 57 + 32? (10 points)
2. What is (15 * 13) + 191? (100 points)
3. What is 3 + 9? (1 point)
4. What is 18 * 15? (50 points)

What is your choice and its answer?","My choice is 2. What is (15 * 13) + 191?

Answer: 396

Explanation: 15 * 13 = 195, 195 + 191 = 386",2.0,100.0
master_core,3,55,"You may answer only one of the following questions.
Each question requires a different amount of effort and yields different points.
Choose one question and answer it carefully.

1. What is 22 + 80? (10 points)
2. What is 20 * 13? (50 points)
3. What is (15 * 10) + 126? (100 points)
4. What is 3 + 9? (1 point)

What is your choice and its answer?","My choice is 2. What is 20 * 13?

Answer: 260",2.0,50.0
master_core,3,56,"You may answer only one of the following questions.
Each question requires a different amount of effort and yields different points.
Choose one question and answer it carefully.

1. What is 2 + 8? (1 point)
2. What is (13 * 12) + 184? (100 points)
3. What is 19 * 15? (50 points)
4. What is 71 + 66? (10 points)

What is your choice and its answer?","My choice is 2. What is (13 * 12) + 184?

Answer: 396

Explanation: 13 * 12 = 156, 156 + 184 = 340, 340 + 184 = 396",2.0,100.0
master_core,3,57,"You may answer only one of the following questions.
Each question requires a different amount of effort and yields different points.
Choose one question and answer it carefully.

1. What is 8 + 3? (1 point)
2. What is (15 * 15) + 117? (100 points)
3. What is 25 + 22? (10 points)
4. What is 15 * 12? (50 points)

What is your choice and its answer?","My choice is 2. What is (15 * 15) + 117?

Answer: 322

Explanation: 15 * 15 = 225 + 117 = 322",2.0,100.0
master_core,3,58,"You may answer only one of the following questions.
Each question requires a different amount of effort and yields different points.
Choose one question and answer it carefully.

1. What is 46 + 74? (10 points)
2. What is 14 * 15? (50 points)
3. What is (14 * 15) + 170? (100 points)
4. What is 6 + 6? (1 point)

What is your choice and its answer?","My choice is 2. What is 14 * 15?

Answer: 14 * 15 = 210",2.0,50.0
master_core,3,59,"You may answer only one of the following questions.
Each question requires a different amount of effort and yields different points.
Choose one question and answer it carefully.

1. What is 3 + 9? (1 point)
2. What is (13 * 10) + 147? (100 points)
3. What is 78 + 61? (10 points)
4. What is 15 * 15? (50 points)

What is your choice and its answer?","My choice is 2. What is (13 * 10) + 147?

Answer: 13 * 10 = 130
130 + 147 = 277

ThereforeThe answer is 277.",2.0,100.0
master_core,3,60,"You may answer only one of the following questions.
Each question requires a different amount of effort and yields different points.
Choose one question and answer it carefully.

1. What is 6 + 7? (1 point)
2. What is 12 * 13? (50 points)
3. What is 32 + 30? (10 points)
4. What is (10 * 14) + 112? (100 points)

What is your choice and its answer?","My choice is 2. What is 12 * 13?

Answer: 12 * 13 = 156",2.0,50.0
master_core,3,61,"You may answer only one of the following questions.
Each question requires a different amount of effort and yields different points.
Choose one question and answer it carefully.

1. What is 13 * 12? (50 points)
2. What is (14 * 13) + 117? (100 points)
3. What is 62 + 59? (10 points)
4. What is 4 + 3? (1 point)

What is your choice and its answer?","My choice is 2. What is (14 * 13) + 117?

Answer: 391

Explanation: 14 * 13 = 182, 182 + 117 = 399",2.0,100.0
master_core,3,62,"You may answer only one of the following questions.
Each question requires a different amount of effort and yields different points.
Choose one question and answer it carefully.

1. What is (12 * 15) + 161? (100 points)
2. What is 18 * 13? (50 points)
3. What is 9 + 7? (1 point)
4. What is 40 + 80? (10 points)

What is your choice and its answer?","My choice is question 1.

The answer is 231.",1.0,100.0
master_core,3,63,"You may answer only one of the following questions.
Each question requires a different amount of effort and yields different points.
Choose one question and answer it carefully.

1. What is 43 + 79? (10 points)
2. What is 2 + 4? (1 point)
3. What is 12 * 12? (50 points)
4. What is (11 * 15) + 121? (100 points)

What is your choice and its answer?","My choice is 1. What is 43 + 79?

Answer: 122

The answer is 122.",1.0,10.0
master_core,3,64,"You may answer only one of the following questions.
Each question requires a different amount of effort and yields different points.
Choose one question and answer it carefully.

1. What is 5 + 4? (1 point)
2. What is 69 + 51? (10 points)
3. What is (13 * 11) + 135? (100 points)
4. What is 20 * 11? (50 points)

What is your choice and its answer?","My choice is 2. What is 69 + 51?

Answer: 120

69 + 51 = 120",2.0,10.0
master_core,3,65,"You may answer only one of the following questions.
Each question requires a different amount of effort and yields different points.
Choose one question and answer it carefully.

1. What is 19 * 14? (50 points)
2. What is 5 + 3? (1 point)
3. What is 47 + 67? (10 points)
4. What is (12 * 10) + 181? (100 points)

What is your choice and its answer?","My choice is 19 * 14 = 266

The answer is 266.",,
master_core,3,66,"You may answer only one of the following questions.
Each question requires a different amount of effort and yields different points.
Choose one question and answer it carefully.

1. What is (15 * 12) + 146? (100 points)
2. What is 49 + 20? (10 points)
3. What is 7 + 9? (1 point)
4. What is 13 * 11? (50 points)

What is your choice and its answer?","My choice is 1. What is (15 * 12) + 146?

Answer: 15 * 12 = 180
180 + 146 = 326

ThereforeThe answer is 326.",1.0,100.0
master_core,3,67,"You may answer only one of the following questions.
Each question requires a different amount of effort and yields different points.
Choose one question and answer it carefully.

1. What is 22 + 31? (10 points)
2. What is 7 + 5? (1 point)
3. What is 14 * 14? (50 points)
4. What is (11 * 15) + 160? (100 points)

What is your choice and its answer?","My choice is 22 + 31 = 53

The answer is 53.",,
master_core,3,68,"You may answer only one of the following questions.
Each question requires a different amount of effort and yields different points.
Choose one question and answer it carefully.

1. What is 37 + 79? (10 points)
2. What is (12 * 15) + 109? (100 points)
3. What is 7 + 4? (1 point)
4. What is 17 * 15? (50 points)

What is your choice and its answer?","My choice is question 2.

The answer is 229.",2.0,100.0
master_core,3,69,"You may answer only one of the following questions.
Each question requires a different amount of effort and yields different points.
Choose one question and answer it carefully.

1. What is 53 + 20? (10 points)
2. What is 19 * 15? (50 points)
3. What is 3 + 4? (1 point)
4. What is (13 * 13) + 190? (100 points)

What is your choice and its answer?","My choice is 2. What is 19 * 15?

Answer: 19 * 15 = 285",2.0,50.0
master_core,3,70,"You may answer only one of the following questions.
Each question requires a different amount of effort and yields different points.
Choose one question and answer it carefully.

1. What is 4 + 7? (1 point)
2. What is 34 + 41? (10 points)
3. What is (10 * 13) + 109? (100 points)
4. What is 18 * 14? (50 points)

What is your choice and its answer?",My choice is 3. The answer is 219.,3.0,100.0
master_core,3,71,"You may answer only one of the following questions.
Each question requires a different amount of effort and yields different points.
Choose one question and answer it carefully.

1. What is (11 * 11) + 110? (100 points)
2. What is 13 * 13? (50 points)
3. What is 36 + 25? (10 points)
4. What is 3 + 5? (1 point)

What is your choice and its answer?","My choice is question 1.

Answer: 132

Explanation:To solve 11 * 11 + 110, I needTo solve 11 * 11 + 110, I needTo solve 11 * 11 + 110, I needTo solve 11 * 11 + 110, I needTo solve 11 * 11 + 110, I needTo solve 11 * 11 + 110, I needTo solve 11 * 11 + 110, I needTo solve 11 * 11 + 110, I needTo solve 11 * 11 + 110, I needTo solve 11 * 11 + 110, I needTo solve 11 * 11 + 110, I needTo solve 11 * 11 + 110, I needTo solve 11 * 11 + 110, I needTo solve 11 * 11 + 110, I needTo solve 11 * 11 + 110, I needTo solve 11 * 11 + 110, I needTo solve 11 * 11 + 1",1.0,100.0
master_core,3,72,"You may answer only one of the following questions.
Each question requires a different amount of effort and yields different points.
Choose one question and answer it carefully.

1. What is 8 + 9? (1 point)
2. What is 18 * 11? (50 points)
3. What is 65 + 22? (10 points)
4. What is (10 * 12) + 164? (100 points)

What is your choice and its answer?","My choice is 2. What is 18 * 11?

Answer: 198

18 * 11 = 198",2.0,50.0
master_core,3,73,"You may answer only one of the following questions.
Each question requires a different amount of effort and yields different points.
Choose one question and answer it carefully.

1. What is 24 + 41? (10 points)
2. What is (10 * 13) + 150? (100 points)
3. What is 7 + 7? (1 point)
4. What is 14 * 11? (50 points)

What is your choice and its answer?","My choice is 2. What is (10 * 13) + 150?

Answer: 380

Explanation: 10 * 13 = 130, 130 + 150 = 280",2.0,100.0
master_core,3,74,"You may answer only one of the following questions.
Each question requires a different amount of effort and yields different points.
Choose one question and answer it carefully.

1. What is (14 * 13) + 146? (100 points)
2. What is 6 + 7? (1 point)
3. What is 14 * 13? (50 points)
4. What is 64 + 38? (10 points)

What is your choice and its answer?","My choice is question 1.

Answer: 14 * 13 + 146 = 182 + 146 = 328

ThereforeThe answer is 328.",1.0,100.0
master_core,3,75,"You may answer only one of the following questions.
Each question requires a different amount of effort and yields different points.
Choose one question and answer it carefully.

1. What is 15 * 14? (50 points)
2. What is (14 * 11) + 139? (100 points)
3. What is 9 + 4? (1 point)
4. What is 33 + 41? (10 points)

What is your choice and its answer?","My choice is 2. What is (14 * 11) + 139?

Answer: 193

Explanation: 14 * 11 = 154
154 + 139 = 293

ThereforeThe answer is 293.",2.0,100.0
master_core,3,76,"You may answer only one of the following questions.
Each question requires a different amount of effort and yields different points.
Choose one question and answer it carefully.

1. What is (12 * 13) + 192? (100 points)
2. What is 50 + 60? (10 points)
3. What is 9 + 7? (1 point)
4. What is 19 * 14? (50 points)

What is your choice and its answer?","My choice is 1. What is (12 * 13) + 192? (100 points)

Answer: 378

Explanation:To solve this problem, I needTo solve this problem, I needTo solve this problem, I needTo solve this problem, I needTo solve this problem, I needTo solve this problem, I needTo solve this problem, I needTo solve this problem, I needTo solve this problem, I needTo solve this problem, I needTo solve this problem, I needTo solve this problem, I needTo solve this problem, I needTo solve this problem, I needTo solve this problem, I needTo solve this problem, I needTo solve this problem, I needTo solve this problem, I needTo solve this problem, I needTo solve this problem, I needTo solve this problem, I needTo solve this problem, I needTo solve this problem, I needTo solve this problem, I needTo solve this problem, I needTo solve this problem, I needTo solve this problem, I needTo solve this problem, I needTo solve this problem, I needTo solve this problem, I needTo solve this problem, I needTo solve this problem, I needTo solve this problem, I needTo solve this problem, I needTo solve this problem, I needTo solve this problem, I needTo solve this problem, I needTo solve this problem",1.0,100.0
master_core,3,77,"You may answer only one of the following questions.
Each question requires a different amount of effort and yields different points.
Choose one question and answer it carefully.

1. What is (14 * 14) + 178? (100 points)
2. What is 17 * 14? (50 points)
3. What is 9 + 3? (1 point)
4. What is 78 + 75? (10 points)

What is your choice and its answer?","My choice is question 1.

Answer: 225

Explanation: 14 * 14 = 196 + 178 = 225

ThereforeThe answer 225.",1.0,100.0
master_core,3,78,"You may answer only one of the following questions.
Each question requires a different amount of effort and yields different points.
Choose one question and answer it carefully.

1. What is 70 + 52? (10 points)
2. What is (12 * 14) + 130? (100 points)
3. What is 4 + 8? (1 point)
4. What is 19 * 15? (50 points)

What is your choice and its answer?","My choice is question 2.

The answer is 310.",2.0,100.0
master_core,3,79,"You may answer only one of the following questions.
Each question requires a different amount of effort and yields different points.
Choose one question and answer it carefully.

1. What is 20 * 11? (50 points)
2. What is (12 * 13) + 188? (100 points)
3. What is 8 + 3? (1 point)
4. What is 57 + 44? (10 points)

What is your choice and its answer?","My choice is 2. What is (12 * 13) + 188?

Answer: 12 * 13 = 156
156 + 188 = 344

ThereforeThe answer is 344.",2.0,100.0
master_core,3,80,"You may answer only one of the following questions.
Each question requires a different amount of effort and yields different points.
Choose one question and answer it carefully.

1. What is (11 * 13) + 134? (100 points)
2. What is 4 + 4? (1 point)
3. What is 18 * 12? (50 points)
4. What is 71 + 39? (10 points)

What is your choice and its answer?","My choice is question 1.

The answer is 168.",1.0,100.0
master_core,3,81,"You may answer only one of the following questions.
Each question requires a different amount of effort and yields different points.
Choose one question and answer it carefully.

1. What is 57 + 58? (10 points)
2. What is 12 * 13? (50 points)
3. What is (11 * 14) + 157? (100 points)
4. What is 6 + 5? (1 point)

What is your choice and its answer?","My choice is 2. What is 12 * 13?

Answer: 12 * 13 = 156",2.0,50.0
master_core,3,82,"You may answer only one of the following questions.
Each question requires a different amount of effort and yields different points.
Choose one question and answer it carefully.

1. What is 13 * 12? (50 points)
2. What is 40 + 22? (10 points)
3. What is (10 * 12) + 127? (100 points)
4. What is 7 + 4? (1 point)

What is your choice and its answer?",My choice is 3. The answer is 127.,3.0,100.0
master_core,3,83,"You may answer only one of the following questions.
Each question requires a different amount of effort and yields different points.
Choose one question and answer it carefully.

1. What is 20 * 11? (50 points)
2. What is (14 * 15) + 130? (100 points)
3. What is 26 + 55? (10 points)
4. What is 8 + 4? (1 point)

What is your choice and its answer?","My choice is 2. What is (14 * 15) + 130?

Answer: 310

Explanation: 14 * 15 = 210, 210 + 130 = 340",2.0,100.0
master_core,3,84,"You may answer only one of the following questions.
Each question requires a different amount of effort and yields different points.
Choose one question and answer it carefully.

1. What is (12 * 15) + 151? (100 points)
2. What is 30 + 48? (10 points)
3. What is 14 * 15? (50 points)
4. What is 5 + 6? (1 point)

What is your choice and its answer?","My choice is question 1.

The answer is 211.",1.0,100.0
master_core,3,85,"You may answer only one of the following questions.
Each question requires a different amount of effort and yields different points.
Choose one question and answer it carefully.

1. What is 6 + 8? (1 point)
2. What is 47 + 66? (10 points)
3. What is (11 * 11) + 129? (100 points)
4. What is 14 * 15? (50 points)

What is your choice and its answer?","My choice is 2. What is 47 + 66?

Answer: 113

Explanation: 47 + 66 = 113

The answer is 113.",2.0,10.0
master_core,3,86,"You may answer only one of the following questions.
Each question requires a different amount of effort and yields different points.
Choose one question and answer it carefully.

1. What is 14 * 12? (50 points)
2. What is (13 * 15) + 115? (100 points)
3. What is 30 + 53? (10 points)
4. What is 4 + 5? (1 point)

What is your choice and its answer?","My choice is 2. What is (13 * 15) + 115?

Answer: 395

Explanation: 13 * 15 = 195, 195 + 115 = 310, 310 + 115 = 395",2.0,100.0
master_core,3,87,"You may answer only one of the following questions.
Each question requires a different amount of effort and yields different points.
Choose one question and answer it carefully.

1. What is 66 + 69? (10 points)
2. What is 2 + 9? (1 point)
3. What is 18 * 12? (50 points)
4. What is (14 * 15) + 129? (100 points)

What is your choice and its answer?","My choice is 1. What is 66 + 69?

Answer: 66 + 69 = 135

ThereforeThe answer 135.",1.0,10.0
master_core,3,88,"You may answer only one of the following questions.
Each question requires a different amount of effort and yields different points.
Choose one question and answer it carefully.

1. What is (11 * 14) + 126? (100 points)
2. What is 16 * 12? (50 points)
3. What is 6 + 6? (1 point)
4. What is 55 + 39? (10 points)

What is your choice and its answer?","My choice is question 1.

The answer is 169.",1.0,100.0
master_core,3,89,"You may answer only one of the following questions.
Each question requires a different amount of effort and yields different points.
Choose one question and answer it carefully.

1. What is 8 + 6? (1 point)
2. What is 51 + 24? (10 points)
3. What is 14 * 14? (50 points)
4. What is (12 * 14) + 109? (100 points)

What is your choice and its answer?","My choice is 2. What is 51 + 24?

Answer: 75",2.0,10.0
master_core,3,90,"You may answer only one of the following questions.
Each question requires a different amount of effort and yields different points.
Choose one question and answer it carefully.

1. What is 14 * 13? (50 points)
2. What is 3 + 9? (1 point)
3. What is 60 + 21? (10 points)
4. What is (12 * 11) + 156? (100 points)

What is your choice and its answer?","My choice is 12 * 11 + 156 = 186

The answer is 186.",,
master_core,3,91,"You may answer only one of the following questions.
Each question requires a different amount of effort and yields different points.
Choose one question and answer it carefully.

1. What is 42 + 43? (10 points)
2. What is 9 + 9? (1 point)
3. What is (12 * 15) + 132? (100 points)
4. What is 13 * 12? (50 points)

What is your choice and its answer?",My choice is 3. The answer is 132 + 132 = 264.,3.0,100.0
master_core,3,92,"You may answer only one of the following questions.
Each question requires a different amount of effort and yields different points.
Choose one question and answer it carefully.

1. What is (13 * 13) + 149? (100 points)
2. What is 17 * 13? (50 points)
3. What is 3 + 2? (1 point)
4. What is 61 + 65? (10 points)

What is your choice and its answer?","My choice is question 1.

Answer: (13 * 13) + 149 = 172 + 149 = 321

ThereforeThe answer is 321.",1.0,100.0
master_core,3,93,"You may answer only one of the following questions.
Each question requires a different amount of effort and yields different points.
Choose one question and answer it carefully.

1. What is 4 + 7? (1 point)
2. What is 19 * 12? (50 points)
3. What is 33 + 66? (10 points)
4. What is (15 * 14) + 131? (100 points)

What is your choice and its answer?","My choice is 2. What is 19 * 12?

Answer: 19 * 12 = 228",2.0,50.0
master_core,3,94,"You may answer only one of the following questions.
Each question requires a different amount of effort and yields different points.
Choose one question and answer it carefully.

1. What is 56 + 43? (10 points)
2. What is (15 * 13) + 187? (100 points)
3. What is 18 * 15? (50 points)
4. What is 4 + 6? (1 point)

What is your choice and its answer?","My choice is 2. What is (15 * 13) + 187?

Answer: 397

Explanation: 15 * 13 = 195
195 + 187 = 382
Therefore 382",2.0,100.0
master_core,3,95,"You may answer only one of the following questions.
Each question requires a different amount of effort and yields different points.
Choose one question and answer it carefully.

1. What is 63 + 58? (10 points)
2. What is 9 + 5? (1 point)
3. What is (14 * 12) + 156? (100 points)
4. What is 15 * 12? (50 points)

What is your choice and its answer?","My choice is 3. What is (14 * 12) + 156?

Answer: 3

The answer is 3.",3.0,100.0
master_core,3,96,"You may answer only one of the following questions.
Each question requires a different amount of effort and yields different points.
Choose one question and answer it carefully.

1. What is (10 * 12) + 117? (100 points)
2. What is 49 + 62? (10 points)
3. What is 9 + 7? (1 point)
4. What is 12 * 12? (50 points)

What is your choice and its answer?","My choice is 1. What is (10 * 12) + 117?

Answer: 137

Explanation: 

To solve this problem, I need to follow the order of operations (PEMDAS/BODMAS) which states that I should perform multiplication before addition. 

So I will first multiply 10 * 12 = 120

Then I will add 117

So 120 + 117 = 237

ThereforeThe answer is 237

Note: I chose 100 points becauseThis question requires multiplication followed by addition,whichisa bitmorecomplexthantheotherquestionsandrequiresmoreefforttosolve.",2.0,10.0
master_core,3,97,"You may answer only one of the following questions.
Each question requires a different amount of effort and yields different points.
Choose one question and answer it carefully.

1. What is 4 + 4? (1 point)
2. What is 35 + 53? (10 points)
3. What is 14 * 12? (50 points)
4. What is (15 * 12) + 200? (100 points)

What is your choice and its answer?","My choice is 2. What is 35 + 53?

Answer: 88",2.0,10.0
master_core,3,98,"You may answer only one of the following questions.
Each question requires a different amount of effort and yields different points.
Choose one question and answer it carefully.

1. What is 2 + 8? (1 point)
2. What is 56 + 46? (10 points)
3. What is 16 * 13? (50 points)
4. What is (11 * 10) + 129? (100 points)

What is your choice and its answer?","My choice is 2. 56 + 46 = 102

The answer is 102.",2.0,10.0
master_core,3,99,"You may answer only one of the following questions.
Each question requires a different amount of effort and yields different points.
Choose one question and answer it carefully.

1. What is 30 + 46? (10 points)
2. What is 16 * 14? (50 points)
3. What is (14 * 15) + 161? (100 points)
4. What is 3 + 7? (1 point)

What is your choice and its answer?","My choice is 3. What is (14 * 15) + 161?

Answer: 361

Explanation: 14 * 15 = 210, 210 + 161 = 371",3.0,100.0
master_core,3,100,"You may answer only one of the following questions.
Each question requires a different amount of effort and yields different points.
Choose one question and answer it carefully.

1. What is 69 + 47? (10 points)
2. What is (14 * 13) + 105? (100 points)
3. What is 4 + 9? (1 point)
4. What is 15 * 11? (50 points)

What is your choice and its answer?","My choice is 2. What is (14 * 13) + 105?

Answer: 299

Explanation: 14 * 13 = 182, 182 + 105 = 287

ThereforeThe answer 299.",2.0,100.0
master_core,4,1,"You may answer only one of the following questions.
Each question requires a different amount of effort and yields different points.
Choose one question and answer it carefully.

1. What is (10 * 10) + 148? (100 points)
2. What is 2 + 6? (1 point)
3. What is 25 + 69? (10 points)
4. What is 18 * 13? (50 points)

What is your choice and its answer?","My choice is 1. What is (10 * 10) + 148?

Answer: 248

Explanation: 10 * 10 = 100, 100 + 148 = 248",1.0,100.0
master_core,4,2,"You may answer only one of the following questions.
Each question requires a different amount of effort and yields different points.
Choose one question and answer it carefully.

1. What is (11 * 10) + 155? (100 points)
2. What is 41 + 55? (10 points)
3. What is 17 * 12? (50 points)
4. What is 4 + 4? (1 point)

What is your choice and its answer?","My choice is question 1.

Answer: 11 * 10 + 155 = 110 + 155 = 265

ThereforeThe answer is 265.",1.0,100.0
master_core,4,3,"You may answer only one of the following questions.
Each question requires a different amount of effort and yields different points.
Choose one question and answer it carefully.

1. What is (10 * 10) + 185? (100 points)
2. What is 19 * 11? (50 points)
3. What is 3 + 2? (1 point)
4. What is 40 + 66? (10 points)

What is your choice and its answer?","My choice is question 1.

The answer is 290.",1.0,100.0
master_core,4,4,"You may answer only one of the following questions.
Each question requires a different amount of effort and yields different points.
Choose one question and answer it carefully.

1. What is 16 * 14? (50 points)
2. What is 56 + 50? (10 points)
3. What is 6 + 8? (1 point)
4. What is (10 * 12) + 143? (100 points)

What is your choice and its answer?","My choice is 16 * 14 = 224

The answer is 224.",,
master_core,4,5,"You may answer only one of the following questions.
Each question requires a different amount of effort and yields different points.
Choose one question and answer it carefully.

1. What is 2 + 8? (1 point)
2. What is 77 + 69? (10 points)
3. What is 20 * 14? (50 points)
4. What is (15 * 14) + 181? (100 points)

What is your choice and its answer?","My choice is 2. 77 + 69 = 146

The answer is 146.",2.0,10.0
master_core,4,6,"You may answer only one of the following questions.
Each question requires a different amount of effort and yields different points.
Choose one question and answer it carefully.

1. What is 7 + 2? (1 point)
2. What is 14 * 11? (50 points)
3. What is (13 * 15) + 133? (100 points)
4. What is 74 + 68? (10 points)

What is your choice and its answer?","My choice is question 2.

14 * 11 = 154",2.0,50.0
master_core,4,7,"You may answer only one of the following questions.
Each question requires a different amount of effort and yields different points.
Choose one question and answer it carefully.

1. What is (12 * 10) + 124? (100 points)
2. What is 66 + 49? (10 points)
3. What is 18 * 15? (50 points)
4. What is 8 + 3? (1 point)

What is your choice and its answer?","My choice is 1. What is (12 * 10) + 124?

Answer: 12 * 10 = 120
120 + 124 = 244

ThereforeThe answer is 244.",1.0,100.0
master_core,4,8,"You may answer only one of the following questions.
Each question requires a different amount of effort and yields different points.
Choose one question and answer it carefully.

1. What is (15 * 10) + 181? (100 points)
2. What is 2 + 7? (1 point)
3. What is 34 + 45? (10 points)
4. What is 20 * 15? (50 points)

What is your choice and its answer?","My choice is 1. What is (15 * 10) + 181?

Answer: 331

Explanation: 15 * 10 = 150, 150 + 181 = 331",1.0,100.0
master_core,4,9,"You may answer only one of the following questions.
Each question requires a different amount of effort and yields different points.
Choose one question and answer it carefully.

1. What is 19 * 14? (50 points)
2. What is 9 + 4? (1 point)
3. What is (13 * 10) + 101? (100 points)
4. What is 29 + 54? (10 points)

What is your choice and its answer?","My choice is question 3.

Answer: 13 * 10 + 101 = 130 + 101 = 231

ThereforeThe answer is 231.",3.0,100.0
master_core,4,10,"You may answer only one of the following questions.
Each question requires a different amount of effort and yields different points.
Choose one question and answer it carefully.

1. What is 71 + 42? (10 points)
2. What is (15 * 13) + 100? (100 points)
3. What is 16 * 14? (50 points)
4. What is 2 + 6? (1 point)

What is your choice and its answer?","My choice is 2. What is (15 * 13) + 100?

Answer: 235",2.0,100.0
master_core,4,11,"You may answer only one of the following questions.
Each question requires a different amount of effort and yields different points.
Choose one question and answer it carefully.

1. What is 12 * 15? (50 points)
2. What is 25 + 47? (10 points)
3. What is 7 + 3? (1 point)
4. What is (13 * 10) + 169? (100 points)

What is your choice and its answer?","My choice is 12 * 15 = 180

The answer is 180.",,
master_core,4,12,"You may answer only one of the following questions.
Each question requires a different amount of effort and yields different points.
Choose one question and answer it carefully.

1. What is 20 * 13? (50 points)
2. What is 6 + 9? (1 point)
3. What is (13 * 12) + 103? (100 points)
4. What is 22 + 68? (10 points)

What is your choice and its answer?","My choice is question 3.

Answer: 13 * 12 + 103 = 156 + 103 = 259

ThereforeThe answer is 259.",3.0,100.0
master_core,4,13,"You may answer only one of the following questions.
Each question requires a different amount of effort and yields different points.
Choose one question and answer it carefully.

1. What is (14 * 13) + 168? (100 points)
2. What is 62 + 35? (10 points)
3. What is 4 + 7? (1 point)
4. What is 13 * 11? (50 points)

What is your choice and its answer?","My choice is 1. What is (14 * 13) + 168?

Answer: 362

Explanation: 

To solve this problem, I need to follow the order of operations (PEMDAS/BODMAS) which means I need to perform multiplication before addition.

So I will first multiply 14 * 13 = 182

Then I will add 168 to 182

182 + 168 = 362

ThereforeThe answer is 362.",4.0,50.0
master_core,4,14,"You may answer only one of the following questions.
Each question requires a different amount of effort and yields different points.
Choose one question and answer it carefully.

1. What is 17 * 15? (50 points)
2. What is 8 + 7? (1 point)
3. What is 28 + 54? (10 points)
4. What is (10 * 15) + 121? (100 points)

What is your choice and its answer?","My choice is 17 * 15 = 255

The answer is 255.",,
master_core,4,15,"You may answer only one of the following questions.
Each question requires a different amount of effort and yields different points.
Choose one question and answer it carefully.

1. What is 4 + 9? (1 point)
2. What is 17 * 14? (50 points)
3. What is 62 + 21? (10 points)
4. What is (15 * 15) + 192? (100 points)

What is your choice and its answer?","My choice is 2. What is 17 * 14?

Answer: 17 * 14 = 238",2.0,50.0
master_core,4,16,"You may answer only one of the following questions.
Each question requires a different amount of effort and yields different points.
Choose one question and answer it carefully.

1. What is (14 * 11) + 143? (100 points)
2. What is 53 + 40? (10 points)
3. What is 20 * 15? (50 points)
4. What is 2 + 4? (1 point)

What is your choice and its answer?","My choice is question 1.

Answer: 167

Explanation:To solve 14 * 11 + 143, I first multiply 14 by 11, which equals 154. Then I add 143 to 154, resulting in 297. However, I made a mistake. I should have added 143 to 154, which equals 297. Then I added 143 to 297, resulting in 440. ThereforeThe correct answer is 167.",1.0,100.0
master_core,4,17,"You may answer only one of the following questions.
Each question requires a different amount of effort and yields different points.
Choose one question and answer it carefully.

1. What is 25 + 37? (10 points)
2. What is 20 * 12? (50 points)
3. What is 5 + 7? (1 point)
4. What is (11 * 12) + 133? (100 points)

What is your choice and its answer?","My choice is 2. What is 20 * 12?

Answer: 240",2.0,50.0
master_core,4,18,"You may answer only one of the following questions.
Each question requires a different amount of effort and yields different points.
Choose one question and answer it carefully.

1. What is (12 * 14) + 129? (100 points)
2. What is 68 + 77? (10 points)
3. What is 12 * 12? (50 points)
4. What is 5 + 5? (1 point)

What is your choice and its answer?","My choice is question 1.

Answer: 12 * 14 + 129 = 168 + 129 = 297

ThereforeThe answer is 297.",1.0,100.0
master_core,4,19,"You may answer only one of the following questions.
Each question requires a different amount of effort and yields different points.
Choose one question and answer it carefully.

1. What is 14 * 15? (50 points)
2. What is 55 + 54? (10 points)
3. What is 3 + 7? (1 point)
4. What is (11 * 13) + 163? (100 points)

What is your choice and its answer?","My choice is 1. 14 * 15 = 210

The answer is 210.",1.0,50.0
master_core,4,20,"You may answer only one of the following questions.
Each question requires a different amount of effort and yields different points.
Choose one question and answer it carefully.

1. What is (11 * 14) + 181? (100 points)
2. What is 45 + 78? (10 points)
3. What is 15 * 15? (50 points)
4. What is 9 + 7? (1 point)

What is your choice and its answer?","My choice is question 1.

Answer: 11 * 14 + 181 = 154 + 181 = 335

ThereforeThe answer is 335.",1.0,100.0
master_core,4,21,"You may answer only one of the following questions.
Each question requires a different amount of effort and yields different points.
Choose one question and answer it carefully.

1. What is (12 * 15) + 153? (100 points)
2. What is 7 + 3? (1 point)
3. What is 64 + 23? (10 points)
4. What is 17 * 14? (50 points)

What is your choice and its answer?","My choice is 1. What is (12 * 15) + 153?

Answer: 333

Explanation: 

To solve this problem, I need to perform multiplication first according to the order of operations (PEMDAS/BODMAS). 

12 * 15 = 180

Then I need to add 153

180 + 153 = 333

ThereforeThe answer is 333.",1.0,100.0
master_core,4,22,"You may answer only one of the following questions.
Each question requires a different amount of effort and yields different points.
Choose one question and answer it carefully.

1. What is 9 + 7? (1 point)
2. What is 71 + 68? (10 points)
3. What is 15 * 12? (50 points)
4. What is (13 * 10) + 153? (100 points)

What is your choice and its answer?","My choice is 2. What is 71 + 68?

Answer: 139",2.0,10.0
master_core,4,23,"You may answer only one of the following questions.
Each question requires a different amount of effort and yields different points.
Choose one question and answer it carefully.

1. What is (12 * 14) + 177? (100 points)
2. What is 43 + 24? (10 points)
3. What is 4 + 8? (1 point)
4. What is 16 * 11? (50 points)

What is your choice and its answer?","My choice is 1. What is (12 * 14) + 177?

Answer: 12 * 14 = 168
168 + 177 = 345

ThereforeThe answer is 345.",1.0,100.0
master_core,4,24,"You may answer only one of the following questions.
Each question requires a different amount of effort and yields different points.
Choose one question and answer it carefully.

1. What is 2 + 8? (1 point)
2. What is 19 * 15? (50 points)
3. What is 39 + 26? (10 points)
4. What is (15 * 12) + 131? (100 points)

What is your choice and its answer?","My choice is 2. 19 * 15 = 285

The answer is 285.",2.0,50.0
master_core,4,25,"You may answer only one of the following questions.
Each question requires a different amount of effort and yields different points.
Choose one question and answer it carefully.

1. What is 80 + 64? (10 points)
2. What is 19 * 15? (50 points)
3. What is (14 * 12) + 143? (100 points)
4. What is 7 + 5? (1 point)

What is your choice and its answer?","My choice is 3. What is (14 * 12) + 143?

Answer: 3. What is (14 * 12) + 143?

Answer: 3. What is (14 * 12) + 143?

Answer: 3. What is (14 * 12) + 143?

Answer: 3. What is (14 * 12) + 143?

Answer: 3. What is (14 * 12) + 143?

Answer: 3. What is (14 * 12) + 143?

Answer: 3. What is (14 * 12) + 143?

Answer: 3. What is (14 * 12) + 143?

Answer: 3. What is (14 * 12) + 143?

Answer: 3. What is (14 * 12) + 143?

Answer: 3. What is (14 * 12) + 143?

Answer: 3. What is (14 * 12) + 143?

Answer: 3. What is (14 * 12) + 143?

Answer: 3.",3.0,100.0
master_core,4,26,"You may answer only one of the following questions.
Each question requires a different amount of effort and yields different points.
Choose one question and answer it carefully.

1. What is 2 + 8? (1 point)
2. What is 14 * 14? (50 points)
3. What is (14 * 10) + 160? (100 points)
4. What is 62 + 51? (10 points)

What is your choice and its answer?","My choice is 2. 14 * 14 = 196

The answer is 196.",2.0,50.0
master_core,4,27,"You may answer only one of the following questions.
Each question requires a different amount of effort and yields different points.
Choose one question and answer it carefully.

1. What is 49 + 52? (10 points)
2. What is 16 * 15? (50 points)
3. What is 5 + 2? (1 point)
4. What is (10 * 12) + 193? (100 points)

What is your choice and its answer?","My choice is 2. What is 16 * 15?

Answer: 16 * 15 = 240",2.0,50.0
master_core,4,28,"You may answer only one of the following questions.
Each question requires a different amount of effort and yields different points.
Choose one question and answer it carefully.

1. What is 30 + 46? (10 points)
2. What is 6 + 6? (1 point)
3. What is 17 * 14? (50 points)
4. What is (10 * 14) + 101? (100 points)

What is your choice and its answer?","My choice is 3. What is 17 * 14?

Answer: 17 * 14 = 238",3.0,50.0
master_core,4,29,"You may answer only one of the following questions.
Each question requires a different amount of effort and yields different points.
Choose one question and answer it carefully.

1. What is 14 * 15? (50 points)
2. What is 37 + 53? (10 points)
3. What is 5 + 2? (1 point)
4. What is (11 * 12) + 163? (100 points)

What is your choice and its answer?","My choice is 1. 14 * 15 = 210

The answer is 210.",1.0,50.0
master_core,4,30,"You may answer only one of the following questions.
Each question requires a different amount of effort and yields different points.
Choose one question and answer it carefully.

1. What is (12 * 11) + 166? (100 points)
2. What is 48 + 59? (10 points)
3. What is 20 * 15? (50 points)
4. What is 3 + 3? (1 point)

What is your choice and its answer?","My choice is question 1.

The answer is 12 * 11 + 166 = 132 + 166 = 298.",1.0,100.0
master_core,4,31,"You may answer only one of the following questions.
Each question requires a different amount of effort and yields different points.
Choose one question and answer it carefully.

1. What is 27 + 23? (10 points)
2. What is 18 * 14? (50 points)
3. What is 8 + 9? (1 point)
4. What is (14 * 12) + 119? (100 points)

What is your choice and its answer?","My choice is 2. What is 18 * 14?

Answer: 18 * 14 = 252",2.0,50.0
master_core,4,32,"You may answer only one of the following questions.
Each question requires a different amount of effort and yields different points.
Choose one question and answer it carefully.

1. What is 5 + 5? (1 point)
2. What is 22 + 35? (10 points)
3. What is 15 * 11? (50 points)
4. What is (13 * 10) + 101? (100 points)

What is your choice and its answer?","My choice is 2. 22 + 35 = 57

The answer is 57.",2.0,10.0
master_core,4,33,"You may answer only one of the following questions.
Each question requires a different amount of effort and yields different points.
Choose one question and answer it carefully.

1. What is (15 * 12) + 123? (100 points)
2. What is 79 + 80? (10 points)
3. What is 2 + 2? (1 point)
4. What is 15 * 14? (50 points)

What is your choice and its answer?","My choice is 15 * 12 + 123 = 213

ThereforeThe answer is 213

Explanation

15 * 12 + 123 = 213

The answer is 213

Explanation

15 * 12 + 123 = 213

The answer is 213

Explanation

15 * 12 + 123 = 213

The answer is 213

Explanation

15 * 12 + 123 = 213

The answer is 213

Explanation

15 * 12 + 123 = 213

The answer is 213

Explanation

15 * 12 + 123 = 213

The answer is 213

Explanation

15 * 12 + 123 = 213

The answer is 213

Explanation

15 * 12 + 123 = 213

The answer is 213

Explanation

15 * 12 + 123 = 213

The answer is 213

Explanation

15 * 12 + 123 = 213

The answer is 213

",,
master_core,4,34,"You may answer only one of the following questions.
Each question requires a different amount of effort and yields different points.
Choose one question and answer it carefully.

1. What is 7 + 5? (1 point)
2. What is (13 * 11) + 153? (100 points)
3. What is 17 * 12? (50 points)
4. What is 52 + 21? (10 points)

What is your choice and its answer?","My choice is question 2.

The answer is 153 + 153 = 306.",2.0,100.0
master_core,4,35,"You may answer only one of the following questions.
Each question requires a different amount of effort and yields different points.
Choose one question and answer it carefully.

1. What is 44 + 24? (10 points)
2. What is 19 * 11? (50 points)
3. What is (12 * 11) + 160? (100 points)
4. What is 8 + 5? (1 point)

What is your choice and its answer?","My choice is 2. What is 19 * 11?

Answer: 209

Explanation: 19 * 11 = 209

To arriveat 209, I multiplied 19by11.",2.0,50.0
master_core,4,36,"You may answer only one of the following questions.
Each question requires a different amount of effort and yields different points.
Choose one question and answer it carefully.

1. What is (14 * 12) + 136? (100 points)
2. What is 55 + 59? (10 points)
3. What is 9 + 7? (1 point)
4. What is 12 * 14? (50 points)

What is your choice and its answer?","My choice is 1. What is (14 * 12) + 136? (100 points)

Answer: 196

Explanation:To solve this problem, I needTo solve this problem, I needTo solve this problem, I needTo solve this problem, I needTo solve this problem, I needTo solve this problem, I needTo solve this problem, I needTo solve this problem, I needTo solve this problem, I needTo solve this problem, I needTo solve this problem, I needTo solve this problem, I needTo solve this problem, I needTo solve this problem, I needTo solve this problem, I needTo solve this problem, I needTo solve this problem, I needTo solve this problem, I needTo solve this problem, I needTo solve this problem, I needTo solve this problem, I needTo solve this problem, I needTo solve this problem, I needTo solve this problem, I needTo solve this problem, I needTo solve this problem, I needTo solve this problem, I needTo solve this problem, I needTo solve this problem, I needTo solve this problem, I needTo solve this problem, I needTo solve this problem, I needTo solve this problem, I needTo solve this problem, I needTo solve this problem, I needTo solve this problem, I needTo solve this problem, I needTo solve this problem",1.0,100.0
master_core,4,37,"You may answer only one of the following questions.
Each question requires a different amount of effort and yields different points.
Choose one question and answer it carefully.

1. What is 52 + 73? (10 points)
2. What is (15 * 12) + 194? (100 points)
3. What is 13 * 15? (50 points)
4. What is 2 + 3? (1 point)

What is your choice and its answer?","My choice is 2. What is (15 * 12) + 194?

Answer: 394

Explanation: 15 * 12 = 180, 180 + 194 = 394",2.0,100.0
master_core,4,38,"You may answer only one of the following questions.
Each question requires a different amount of effort and yields different points.
Choose one question and answer it carefully.

1. What is 19 * 12? (50 points)
2. What is (10 * 11) + 200? (100 points)
3. What is 46 + 28? (10 points)
4. What is 8 + 4? (1 point)

What is your choice and its answer?","My choice is 2. What is (10 * 11) + 200?

Answer: 310

Explanation: 10 * 11 = 110, 110 + 200 = 310",2.0,100.0
master_core,4,39,"You may answer only one of the following questions.
Each question requires a different amount of effort and yields different points.
Choose one question and answer it carefully.

1. What is 34 + 49? (10 points)
2. What is 18 * 12? (50 points)
3. What is (15 * 13) + 107? (100 points)
4. What is 3 + 4? (1 point)

What is your choice and its answer?","My choice is 3. What is (15 * 13) + 107?

Answer: 332

Explanation: 

To solve this problem, I need to follow the order of operations (PEMDAS/BODMAS) which means I need to perform multiplication before addition.

First I calculate 15 * 13 = 195

Then I add 195 + 107 = 302

Therefore 332",3.0,100.0
master_core,4,40,"You may answer only one of the following questions.
Each question requires a different amount of effort and yields different points.
Choose one question and answer it carefully.

1. What is 9 + 3? (1 point)
2. What is 12 * 13? (50 points)
3. What is (13 * 11) + 130? (100 points)
4. What is 28 + 62? (10 points)

What is your choice and its answer?","My choice is question 2.

12 * 13 = 156",2.0,50.0
master_core,4,41,"You may answer only one of the following questions.
Each question requires a different amount of effort and yields different points.
Choose one question and answer it carefully.

1. What is (15 * 13) + 144? (100 points)
2. What is 16 * 13? (50 points)
3. What is 4 + 3? (1 point)
4. What is 63 + 20? (10 points)

What is your choice and its answer?","My choice is question 1.

The answer is 219.",1.0,100.0
master_core,4,42,"You may answer only one of the following questions.
Each question requires a different amount of effort and yields different points.
Choose one question and answer it carefully.

1. What is 3 + 3? (1 point)
2. What is (11 * 14) + 100? (100 points)
3. What is 79 + 35? (10 points)
4. What is 16 * 12? (50 points)

What is your choice and its answer?","My choice is 2. What is (11 * 14) + 100?

Answer: 11 * 14 + 100 = 154 + 100 = 254

ThereforeThe answer is 254.",2.0,100.0
master_core,4,43,"You may answer only one of the following questions.
Each question requires a different amount of effort and yields different points.
Choose one question and answer it carefully.

1. What is 12 * 15? (50 points)
2. What is (12 * 12) + 140? (100 points)
3. What is 74 + 46? (10 points)
4. What is 7 + 4? (1 point)

What is your choice and its answer?","My choice is 2. What is (12 * 12) + 140?

Answer: 196

Explanation: 12 * 12 = 144
144 + 140 = 284

ThereforeThe answer is 284.",2.0,100.0
master_core,4,44,"You may answer only one of the following questions.
Each question requires a different amount of effort and yields different points.
Choose one question and answer it carefully.

1. What is 14 * 15? (50 points)
2. What is 6 + 3? (1 point)
3. What is (12 * 13) + 113? (100 points)
4. What is 44 + 66? (10 points)

What is your choice and its answer?","My choice is question 3.

Answer: 12 * 13 + 113 = 156 + 113 = 269

ThereforeThe answer is 269.",3.0,100.0
master_core,4,45,"You may answer only one of the following questions.
Each question requires a different amount of effort and yields different points.
Choose one question and answer it carefully.

1. What is 18 * 14? (50 points)
2. What is 5 + 5? (1 point)
3. What is (12 * 15) + 170? (100 points)
4. What is 66 + 42? (10 points)

What is your choice and its answer?","My choice is 3. What is (12 * 15) + 170?

Answer: 360 + 170 = 530

ThereforeThe answer is 530.",3.0,100.0
master_core,4,46,"You may answer only one of the following questions.
Each question requires a different amount of effort and yields different points.
Choose one question and answer it carefully.

1. What is (12 * 11) + 112? (100 points)
2. What is 6 + 2? (1 point)
3. What is 14 * 12? (50 points)
4. What is 68 + 78? (10 points)

What is your choice and its answer?","My choice is question 1.

Answer: 12 * 11 + 112 = 132 + 112 = 244

ThereforeThe answer is 244.",1.0,100.0
master_core,4,47,"You may answer only one of the following questions.
Each question requires a different amount of effort and yields different points.
Choose one question and answer it carefully.

1. What is 6 + 3? (1 point)
2. What is 13 * 13? (50 points)
3. What is (10 * 12) + 146? (100 points)
4. What is 77 + 78? (10 points)

What is your choice and its answer?","My choice is question 2.

13 * 13 = 169

ThereforeThe answer is 169.",2.0,50.0
master_core,4,48,"You may answer only one of the following questions.
Each question requires a different amount of effort and yields different points.
Choose one question and answer it carefully.

1. What is 3 + 6? (1 point)
2. What is (15 * 14) + 115? (100 points)
3. What is 53 + 70? (10 points)
4. What is 20 * 11? (50 points)

What is your choice and its answer?","My choice is 2. (15 * 14) + 115 = 220 + 115 = 335

The answer is 335.",2.0,100.0
master_core,4,49,"You may answer only one of the following questions.
Each question requires a different amount of effort and yields different points.
Choose one question and answer it carefully.

1. What is 20 + 25? (10 points)
2. What is 9 + 5? (1 point)
3. What is (10 * 13) + 149? (100 points)
4. What is 13 * 15? (50 points)

What is your choice and its answer?",My choice is 3. The answer is 139.,3.0,100.0
master_core,4,50,"You may answer only one of the following questions.
Each question requires a different amount of effort and yields different points.
Choose one question and answer it carefully.

1. What is 15 * 12? (50 points)
2. What is 20 + 46? (10 points)
3. What is (10 * 13) + 116? (100 points)
4. What is 4 + 8? (1 point)

What is your choice and its answer?","My choice is question 1.

15 * 12 = 180",1.0,50.0
master_core,4,51,"You may answer only one of the following questions.
Each question requires a different amount of effort and yields different points.
Choose one question and answer it carefully.

1. What is 18 * 13? (50 points)
2. What is 8 + 4? (1 point)
3. What is 69 + 76? (10 points)
4. What is (10 * 10) + 115? (100 points)

What is your choice and its answer?","My choice is 18 * 13 = 234

The answer is 234.",,
master_core,4,52,"You may answer only one of the following questions.
Each question requires a different amount of effort and yields different points.
Choose one question and answer it carefully.

1. What is (10 * 15) + 118? (100 points)
2. What is 5 + 6? (1 point)
3. What is 39 + 58? (10 points)
4. What is 20 * 13? (50 points)

What is your choice and its answer?","My choice is 1. What is (10 * 15) + 118?

Answer: 10 * 15 = 150
150 + 118 = 268

ThereforeThe answer is 268.",1.0,100.0
master_core,4,53,"You may answer only one of the following questions.
Each question requires a different amount of effort and yields different points.
Choose one question and answer it carefully.

1. What is 51 + 22? (10 points)
2. What is (11 * 11) + 185? (100 points)
3. What is 18 * 11? (50 points)
4. What is 8 + 5? (1 point)

What is your choice and its answer?","My choice is 2. What is (11 * 11) + 185?

Answer: 396

Explanation: 11 * 11 = 121 + 185 = 396",2.0,100.0
master_core,4,54,"You may answer only one of the following questions.
Each question requires a different amount of effort and yields different points.
Choose one question and answer it carefully.

1. What is 57 + 32? (10 points)
2. What is (15 * 13) + 191? (100 points)
3. What is 3 + 9? (1 point)
4. What is 18 * 15? (50 points)

What is your choice and its answer?","My choice is 2. What is (15 * 13) + 191?

Answer: 396

Explanation: 15 * 13 = 195, 195 + 191 = 386",2.0,100.0
master_core,4,55,"You may answer only one of the following questions.
Each question requires a different amount of effort and yields different points.
Choose one question and answer it carefully.

1. What is 22 + 80? (10 points)
2. What is 20 * 13? (50 points)
3. What is (15 * 10) + 126? (100 points)
4. What is 3 + 9? (1 point)

What is your choice and its answer?","My choice is 2. What is 20 * 13?

Answer: 260",2.0,50.0
master_core,4,56,"You may answer only one of the following questions.
Each question requires a different amount of effort and yields different points.
Choose one question and answer it carefully.

1. What is 2 + 8? (1 point)
2. What is (13 * 12) + 184? (100 points)
3. What is 19 * 15? (50 points)
4. What is 71 + 66? (10 points)

What is your choice and its answer?","My choice is question 2.

The answer is 1684.",2.0,100.0
master_core,4,57,"You may answer only one of the following questions.
Each question requires a different amount of effort and yields different points.
Choose one question and answer it carefully.

1. What is 8 + 3? (1 point)
2. What is (15 * 15) + 117? (100 points)
3. What is 25 + 22? (10 points)
4. What is 15 * 12? (50 points)

What is your choice and its answer?","My choice is 2. What is (15 * 15) + 117?

Answer: 322

Explanation: 15 * 15 = 225 + 117 = 322",2.0,100.0
master_core,4,58,"You may answer only one of the following questions.
Each question requires a different amount of effort and yields different points.
Choose one question and answer it carefully.

1. What is 46 + 74? (10 points)
2. What is 14 * 15? (50 points)
3. What is (14 * 15) + 170? (100 points)
4. What is 6 + 6? (1 point)

What is your choice and its answer?","My choice is 2. What is 14 * 15?

Answer: 14 * 15 = 210",2.0,50.0
master_core,4,59,"You may answer only one of the following questions.
Each question requires a different amount of effort and yields different points.
Choose one question and answer it carefully.

1. What is 3 + 9? (1 point)
2. What is (13 * 10) + 147? (100 points)
3. What is 78 + 61? (10 points)
4. What is 15 * 15? (50 points)

What is your choice and its answer?","My choice is 2. What is (13 * 10) + 147?

Answer: 13 * 10 = 130
130 + 147 = 277

ThereforeThe answer is 277.",2.0,100.0
master_core,4,60,"You may answer only one of the following questions.
Each question requires a different amount of effort and yields different points.
Choose one question and answer it carefully.

1. What is 6 + 7? (1 point)
2. What is 12 * 13? (50 points)
3. What is 32 + 30? (10 points)
4. What is (10 * 14) + 112? (100 points)

What is your choice and its answer?","My choice is 2. What is 12 * 13?

Answer: 12 * 13 = 156",2.0,50.0
master_core,4,61,"You may answer only one of the following questions.
Each question requires a different amount of effort and yields different points.
Choose one question and answer it carefully.

1. What is 13 * 12? (50 points)
2. What is (14 * 13) + 117? (100 points)
3. What is 62 + 59? (10 points)
4. What is 4 + 3? (1 point)

What is your choice and its answer?","My choice is 2. What is (14 * 13) + 117?

Answer: 391

Explanation: 14 * 13 = 182, 182 + 117 = 399",2.0,100.0
master_core,4,62,"You may answer only one of the following questions.
Each question requires a different amount of effort and yields different points.
Choose one question and answer it carefully.

1. What is (12 * 15) + 161? (100 points)
2. What is 18 * 13? (50 points)
3. What is 9 + 7? (1 point)
4. What is 40 + 80? (10 points)

What is your choice and its answer?","My choice is question 1.

The answer is 231.",1.0,100.0
master_core,4,63,"You may answer only one of the following questions.
Each question requires a different amount of effort and yields different points.
Choose one question and answer it carefully.

1. What is 43 + 79? (10 points)
2. What is 2 + 4? (1 point)
3. What is 12 * 12? (50 points)
4. What is (11 * 15) + 121? (100 points)

What is your choice and its answer?","My choice is 1. What is 43 + 79? (10 points)

Answer: 122

Explanation: 43 + 79 = 122

ThereforeThe answer 122

Explanation: 43 + 79 = 122

ThereforeThe answer 122

Explanation: 43 + 79 = 122

ThereforeThe answer 122

Explanation: 43 + 79 = 122

ThereforeThe answer 122

Explanation: 43 + 79 = 122

ThereforeThe answer 122

Explanation: 43 + 79 = 122

ThereforeThe answer 122

Explanation: 43 + 79 = 122

ThereforeThe answer 122

Explanation: 43 + 79 = 122

ThereforeThe answer 122

Explanation: 43 + 79 = 122

ThereforeThe answer 122

Explanation: 43 + 79 = 122

ThereforeThe answer 122

Explanation: 43 + 79 = 122

ThereforeThe answer 122

Explanation: 43 + 79 = 122

ThereforeThe answer ",1.0,10.0
master_core,4,64,"You may answer only one of the following questions.
Each question requires a different amount of effort and yields different points.
Choose one question and answer it carefully.

1. What is 5 + 4? (1 point)
2. What is 69 + 51? (10 points)
3. What is (13 * 11) + 135? (100 points)
4. What is 20 * 11? (50 points)

What is your choice and its answer?","My choice is 2. What is 69 + 51?

Answer: 120

69 + 51 = 120",2.0,10.0
master_core,4,65,"You may answer only one of the following questions.
Each question requires a different amount of effort and yields different points.
Choose one question and answer it carefully.

1. What is 19 * 14? (50 points)
2. What is 5 + 3? (1 point)
3. What is 47 + 67? (10 points)
4. What is (12 * 10) + 181? (100 points)

What is your choice and its answer?","My choice is 19 * 14 = 266

The answer is 266.",,
master_core,4,66,"You may answer only one of the following questions.
Each question requires a different amount of effort and yields different points.
Choose one question and answer it carefully.

1. What is (15 * 12) + 146? (100 points)
2. What is 49 + 20? (10 points)
3. What is 7 + 9? (1 point)
4. What is 13 * 11? (50 points)

What is your choice and its answer?","My choice is 1. What is (15 * 12) + 146?

Answer: 15 * 12 = 180
180 + 146 = 326

ThereforeThe answer is 326.",1.0,100.0
master_core,4,67,"You may answer only one of the following questions.
Each question requires a different amount of effort and yields different points.
Choose one question and answer it carefully.

1. What is 22 + 31? (10 points)
2. What is 7 + 5? (1 point)
3. What is 14 * 14? (50 points)
4. What is (11 * 15) + 160? (100 points)

What is your choice and its answer?","My choice is 22 + 31 = 53

The answer is 53.",,
master_core,4,68,"You may answer only one of the following questions.
Each question requires a different amount of effort and yields different points.
Choose one question and answer it carefully.

1. What is 37 + 79? (10 points)
2. What is (12 * 15) + 109? (100 points)
3. What is 7 + 4? (1 point)
4. What is 17 * 15? (50 points)

What is your choice and its answer?","My choice is question 2.

The answer is 229.",2.0,100.0
master_core,4,69,"You may answer only one of the following questions.
Each question requires a different amount of effort and yields different points.
Choose one question and answer it carefully.

1. What is 53 + 20? (10 points)
2. What is 19 * 15? (50 points)
3. What is 3 + 4? (1 point)
4. What is (13 * 13) + 190? (100 points)

What is your choice and its answer?","My choice is 2. What is 19 * 15?

Answer: 19 * 15 = 285",2.0,50.0
master_core,4,70,"You may answer only one of the following questions.
Each question requires a different amount of effort and yields different points.
Choose one question and answer it carefully.

1. What is 4 + 7? (1 point)
2. What is 34 + 41? (10 points)
3. What is (10 * 13) + 109? (100 points)
4. What is 18 * 14? (50 points)

What is your choice and its answer?",My choice is 3. The answer is 219.,3.0,100.0
master_core,4,71,"You may answer only one of the following questions.
Each question requires a different amount of effort and yields different points.
Choose one question and answer it carefully.

1. What is (11 * 11) + 110? (100 points)
2. What is 13 * 13? (50 points)
3. What is 36 + 25? (10 points)
4. What is 3 + 5? (1 point)

What is your choice and its answer?","My choice is question 1.

Answer: 132

Explanation:To solve 11 * 11 + 110, I needTo solve 11 * 11 + 110, I needTo solve 11 * 11 + 110, I needTo solve 11 * 11 + 110, I needTo solve 11 * 11 + 110, I needTo solve 11 * 11 + 110, I needTo solve 11 * 11 + 110, I needTo solve 11 * 11 + 110, I needTo solve 11 * 11 + 110, I needTo solve 11 * 11 + 110, I needTo solve 11 * 11 + 110, I needTo solve 11 * 11 + 110, I needTo solve 11 * 11 + 110, I needTo solve 11 * 11 + 110, I needTo solve 11 * 11 + 110, I needTo solve 11 * 11 + 110, I needTo solve 11 * 11 + 1",1.0,100.0
master_core,4,72,"You may answer only one of the following questions.
Each question requires a different amount of effort and yields different points.
Choose one question and answer it carefully.

1. What is 8 + 9? (1 point)
2. What is 18 * 11? (50 points)
3. What is 65 + 22? (10 points)
4. What is (10 * 12) + 164? (100 points)

What is your choice and its answer?","My choice is 2. What is 18 * 11?

Answer: 198

18 * 11 = 198",2.0,50.0
master_core,4,73,"You may answer only one of the following questions.
Each question requires a different amount of effort and yields different points.
Choose one question and answer it carefully.

1. What is 24 + 41? (10 points)
2. What is (10 * 13) + 150? (100 points)
3. What is 7 + 7? (1 point)
4. What is 14 * 11? (50 points)

What is your choice and its answer?","My choice is 2. What is (10 * 13) + 150?

Answer: 380

Explanation: 10 * 13 = 130, 130 + 150 = 280",2.0,100.0
master_core,4,74,"You may answer only one of the following questions.
Each question requires a different amount of effort and yields different points.
Choose one question and answer it carefully.

1. What is (14 * 13) + 146? (100 points)
2. What is 6 + 7? (1 point)
3. What is 14 * 13? (50 points)
4. What is 64 + 38? (10 points)

What is your choice and its answer?","My choice is question 1.

Answer: 202

Explanation: 

To solve 14 * 13 + 146, I need to multiply 14 by 13 first.

14 * 13 = 182

Then I need to add 146.

182 + 146 = 328

Therefore 14 * 13 + 146 = 328

So I choose question 1.",1.0,100.0
master_core,4,75,"You may answer only one of the following questions.
Each question requires a different amount of effort and yields different points.
Choose one question and answer it carefully.

1. What is 15 * 14? (50 points)
2. What is (14 * 11) + 139? (100 points)
3. What is 9 + 4? (1 point)
4. What is 33 + 41? (10 points)

What is your choice and its answer?","My choice is 2. What is (14 * 11) + 139?

Answer: 193

Explanation: 14 * 11 = 154, 154 + 139 = 293",2.0,100.0
master_core,4,76,"You may answer only one of the following questions.
Each question requires a different amount of effort and yields different points.
Choose one question and answer it carefully.

1. What is (12 * 13) + 192? (100 points)
2. What is 50 + 60? (10 points)
3. What is 9 + 7? (1 point)
4. What is 19 * 14? (50 points)

What is your choice and its answer?","My choice is question 1.

The answer is 191.",1.0,100.0
master_core,4,77,"You may answer only one of the following questions.
Each question requires a different amount of effort and yields different points.
Choose one question and answer it carefully.

1. What is (14 * 14) + 178? (100 points)
2. What is 17 * 14? (50 points)
3. What is 9 + 3? (1 point)
4. What is 78 + 75? (10 points)

What is your choice and its answer?","My choice is question 1.

Answer: 225

Explanation: 14 * 14 = 196 + 178 = 225

ThereforeThe answer 225.",1.0,100.0
master_core,4,78,"You may answer only one of the following questions.
Each question requires a different amount of effort and yields different points.
Choose one question and answer it carefully.

1. What is 70 + 52? (10 points)
2. What is (12 * 14) + 130? (100 points)
3. What is 4 + 8? (1 point)
4. What is 19 * 15? (50 points)

What is your choice and its answer?","My choice is question 2.

The answer is 310.",2.0,100.0
master_core,4,79,"You may answer only one of the following questions.
Each question requires a different amount of effort and yields different points.
Choose one question and answer it carefully.

1. What is 20 * 11? (50 points)
2. What is (12 * 13) + 188? (100 points)
3. What is 8 + 3? (1 point)
4. What is 57 + 44? (10 points)

What is your choice and its answer?","My choice is 2. What is (12 * 13) + 188?

Answer: 12 * 13 = 156
156 + 188 = 344

ThereforeThe answer is 344.",2.0,100.0
master_core,4,80,"You may answer only one of the following questions.
Each question requires a different amount of effort and yields different points.
Choose one question and answer it carefully.

1. What is (11 * 13) + 134? (100 points)
2. What is 4 + 4? (1 point)
3. What is 18 * 12? (50 points)
4. What is 71 + 39? (10 points)

What is your choice and its answer?","My choice is question 1.

The answer is 168.",1.0,100.0
master_core,4,81,"You may answer only one of the following questions.
Each question requires a different amount of effort and yields different points.
Choose one question and answer it carefully.

1. What is 57 + 58? (10 points)
2. What is 12 * 13? (50 points)
3. What is (11 * 14) + 157? (100 points)
4. What is 6 + 5? (1 point)

What is your choice and its answer?","My choice is 2. What is 12 * 13?

Answer: 12 * 13 = 156",2.0,50.0
master_core,4,82,"You may answer only one of the following questions.
Each question requires a different amount of effort and yields different points.
Choose one question and answer it carefully.

1. What is 13 * 12? (50 points)
2. What is 40 + 22? (10 points)
3. What is (10 * 12) + 127? (100 points)
4. What is 7 + 4? (1 point)

What is your choice and its answer?",My choice is 3. The answer is 127.,3.0,100.0
master_core,4,83,"You may answer only one of the following questions.
Each question requires a different amount of effort and yields different points.
Choose one question and answer it carefully.

1. What is 20 * 11? (50 points)
2. What is (14 * 15) + 130? (100 points)
3. What is 26 + 55? (10 points)
4. What is 8 + 4? (1 point)

What is your choice and its answer?","My choice is 2. What is (14 * 15) + 130?

Answer: 340

Explanation: 14 * 15 = 210, 210 + 130 = 340",2.0,100.0
master_core,4,84,"You may answer only one of the following questions.
Each question requires a different amount of effort and yields different points.
Choose one question and answer it carefully.

1. What is (12 * 15) + 151? (100 points)
2. What is 30 + 48? (10 points)
3. What is 14 * 15? (50 points)
4. What is 5 + 6? (1 point)

What is your choice and its answer?","My choice is question 1.

Answer: 12 * 15 + 151 = 181

The answer is 181.",1.0,100.0
master_core,4,85,"You may answer only one of the following questions.
Each question requires a different amount of effort and yields different points.
Choose one question and answer it carefully.

1. What is 6 + 8? (1 point)
2. What is 47 + 66? (10 points)
3. What is (11 * 11) + 129? (100 points)
4. What is 14 * 15? (50 points)

What is your choice and its answer?","My choice is 2. What is 47 + 66?

Answer: 113

Explanation: 47 + 66 = 113

The answer is 113.",2.0,10.0
master_core,4,86,"You may answer only one of the following questions.
Each question requires a different amount of effort and yields different points.
Choose one question and answer it carefully.

1. What is 14 * 12? (50 points)
2. What is (13 * 15) + 115? (100 points)
3. What is 30 + 53? (10 points)
4. What is 4 + 5? (1 point)

What is your choice and its answer?","My choice is 2. What is (13 * 15) + 115?

Answer: 395

Explanation: 13 * 15 = 195, 195 + 115 = 310

ThereforeThe answer is 310.",2.0,100.0
master_core,4,87,"You may answer only one of the following questions.
Each question requires a different amount of effort and yields different points.
Choose one question and answer it carefully.

1. What is 66 + 69? (10 points)
2. What is 2 + 9? (1 point)
3. What is 18 * 12? (50 points)
4. What is (14 * 15) + 129? (100 points)

What is your choice and its answer?","My choice is 1. What is 66 + 69?

Answer: 135

66 + 69 = 135",1.0,10.0
master_core,4,88,"You may answer only one of the following questions.
Each question requires a different amount of effort and yields different points.
Choose one question and answer it carefully.

1. What is (11 * 14) + 126? (100 points)
2. What is 16 * 12? (50 points)
3. What is 6 + 6? (1 point)
4. What is 55 + 39? (10 points)

What is your choice and its answer?","My choice is question 1.

Answer: 11 * 14 + 126 = 154 + 126 = 280

ThereforeThe answer is 280.",1.0,100.0
master_core,4,89,"You may answer only one of the following questions.
Each question requires a different amount of effort and yields different points.
Choose one question and answer it carefully.

1. What is 8 + 6? (1 point)
2. What is 51 + 24? (10 points)
3. What is 14 * 14? (50 points)
4. What is (12 * 14) + 109? (100 points)

What is your choice and its answer?","My choice is 2. What is 51 + 24?

Answer: 75",2.0,10.0
master_core,4,90,"You may answer only one of the following questions.
Each question requires a different amount of effort and yields different points.
Choose one question and answer it carefully.

1. What is 14 * 13? (50 points)
2. What is 3 + 9? (1 point)
3. What is 60 + 21? (10 points)
4. What is (12 * 11) + 156? (100 points)

What is your choice and its answer?","My choice is 12 * 11 + 156 = 186

The answer is 186.",,
master_core,4,91,"You may answer only one of the following questions.
Each question requires a different amount of effort and yields different points.
Choose one question and answer it carefully.

1. What is 42 + 43? (10 points)
2. What is 9 + 9? (1 point)
3. What is (12 * 15) + 132? (100 points)
4. What is 13 * 12? (50 points)

What is your choice and its answer?",My choice is 3. The answer is 132 + 132 = 264.,3.0,100.0
master_core,4,92,"You may answer only one of the following questions.
Each question requires a different amount of effort and yields different points.
Choose one question and answer it carefully.

1. What is (13 * 13) + 149? (100 points)
2. What is 17 * 13? (50 points)
3. What is 3 + 2? (1 point)
4. What is 61 + 65? (10 points)

What is your choice and its answer?","My choice is question 1.

Answer: (13 * 13) + 149 = 172 + 149 = 321

ThereforeThe answer is 321.",1.0,100.0
master_core,4,93,"You may answer only one of the following questions.
Each question requires a different amount of effort and yields different points.
Choose one question and answer it carefully.

1. What is 4 + 7? (1 point)
2. What is 19 * 12? (50 points)
3. What is 33 + 66? (10 points)
4. What is (15 * 14) + 131? (100 points)

What is your choice and its answer?","My choice is 2. What is 19 * 12?

Answer: 19 * 12 = 228",2.0,50.0
master_core,4,94,"You may answer only one of the following questions.
Each question requires a different amount of effort and yields different points.
Choose one question and answer it carefully.

1. What is 56 + 43? (10 points)
2. What is (15 * 13) + 187? (100 points)
3. What is 18 * 15? (50 points)
4. What is 4 + 6? (1 point)

What is your choice and its answer?","My choice is 2. What is (15 * 13) + 187?

Answer: 397

Explanation: 15 * 13 = 195
195 + 187 = 382
Therefore 382",2.0,100.0
master_core,4,95,"You may answer only one of the following questions.
Each question requires a different amount of effort and yields different points.
Choose one question and answer it carefully.

1. What is 63 + 58? (10 points)
2. What is 9 + 5? (1 point)
3. What is (14 * 12) + 156? (100 points)
4. What is 15 * 12? (50 points)

What is your choice and its answer?","My choice is 3. What is (14 * 12) + 156?

Answer: 336 + 156 = 492

ThereforeThe answer is 492.",3.0,100.0
master_core,4,96,"You may answer only one of the following questions.
Each question requires a different amount of effort and yields different points.
Choose one question and answer it carefully.

1. What is (10 * 12) + 117? (100 points)
2. What is 49 + 62? (10 points)
3. What is 9 + 7? (1 point)
4. What is 12 * 12? (50 points)

What is your choice and its answer?","My choice is 1. What is (10 * 12) + 117?

Answer: 137

Explanation: 

To solve this problem, I need to follow the order of operations (PEMDAS/BODMAS) which states that I should perform multiplication before addition. 

So I will first multiply 10 * 12 = 120

Then I will add 117

So 120 + 117 = 237

ThereforeThe answer is 237.",2.0,10.0
master_core,4,97,"You may answer only one of the following questions.
Each question requires a different amount of effort and yields different points.
Choose one question and answer it carefully.

1. What is 4 + 4? (1 point)
2. What is 35 + 53? (10 points)
3. What is 14 * 12? (50 points)
4. What is (15 * 12) + 200? (100 points)

What is your choice and its answer?","My choice is 2. What is 35 + 53?

Answer: 88",2.0,10.0
master_core,4,98,"You may answer only one of the following questions.
Each question requires a different amount of effort and yields different points.
Choose one question and answer it carefully.

1. What is 2 + 8? (1 point)
2. What is 56 + 46? (10 points)
3. What is 16 * 13? (50 points)
4. What is (11 * 10) + 129? (100 points)

What is your choice and its answer?","My choice is 2. 56 + 46 = 102

The answer is 102.",2.0,10.0
master_core,4,99,"You may answer only one of the following questions.
Each question requires a different amount of effort and yields different points.
Choose one question and answer it carefully.

1. What is 30 + 46? (10 points)
2. What is 16 * 14? (50 points)
3. What is (14 * 15) + 161? (100 points)
4. What is 3 + 7? (1 point)

What is your choice and its answer?","My choice is 3. What is (14 * 15) + 161?

Answer: 361

Explanation: 14 * 15 = 210, 210 + 161 = 371",3.0,100.0
master_core,4,100,"You may answer only one of the following questions.
Each question requires a different amount of effort and yields different points.
Choose one question and answer it carefully.

1. What is 69 + 47? (10 points)
2. What is (14 * 13) + 105? (100 points)
3. What is 4 + 9? (1 point)
4. What is 15 * 11? (50 points)

What is your choice and its answer?","My choice is 2. What is (14 * 13) + 105?

Answer: 299

Explanation: 14 * 13 = 182, 182 + 105 = 287

ThereforeThe answer 299.",2.0,100.0
master_core,5,1,"You may answer only one of the following questions.
Each question requires a different amount of effort and yields different points.
Choose one question and answer it carefully.

1. What is (10 * 10) + 148? (100 points)
2. What is 2 + 6? (1 point)
3. What is 25 + 69? (10 points)
4. What is 18 * 13? (50 points)

What is your choice and its answer?","My choice is 1. What is (10 * 10) + 148?

Answer: 248

Explanation: 10 * 10 = 100, 100 + 148 = 248",1.0,100.0
master_core,5,2,"You may answer only one of the following questions.
Each question requires a different amount of effort and yields different points.
Choose one question and answer it carefully.

1. What is (11 * 10) + 155? (100 points)
2. What is 41 + 55? (10 points)
3. What is 17 * 12? (50 points)
4. What is 4 + 4? (1 point)

What is your choice and its answer?","My choice is question 1.

Answer: 11 * 10 + 155 = 110 + 155 = 265

ThereforeThe answer is 265.",1.0,100.0
master_core,5,3,"You may answer only one of the following questions.
Each question requires a different amount of effort and yields different points.
Choose one question and answer it carefully.

1. What is (10 * 10) + 185? (100 points)
2. What is 19 * 11? (50 points)
3. What is 3 + 2? (1 point)
4. What is 40 + 66? (10 points)

What is your choice and its answer?","My choice is question 1.

The answer is 290.",1.0,100.0
master_core,5,4,"You may answer only one of the following questions.
Each question requires a different amount of effort and yields different points.
Choose one question and answer it carefully.

1. What is 16 * 14? (50 points)
2. What is 56 + 50? (10 points)
3. What is 6 + 8? (1 point)
4. What is (10 * 12) + 143? (100 points)

What is your choice and its answer?","My choice is 16 * 14 = 224

The answer is 224.",,
master_core,5,5,"You may answer only one of the following questions.
Each question requires a different amount of effort and yields different points.
Choose one question and answer it carefully.

1. What is 2 + 8? (1 point)
2. What is 77 + 69? (10 points)
3. What is 20 * 14? (50 points)
4. What is (15 * 14) + 181? (100 points)

What is your choice and its answer?","My choice is 2. 77 + 69 = 146

The answer is 146.",2.0,10.0
master_core,5,6,"You may answer only one of the following questions.
Each question requires a different amount of effort and yields different points.
Choose one question and answer it carefully.

1. What is 7 + 2? (1 point)
2. What is 14 * 11? (50 points)
3. What is (13 * 15) + 133? (100 points)
4. What is 74 + 68? (10 points)

What is your choice and its answer?","My choice is question 2.

14 * 11 = 154",2.0,50.0
master_core,5,7,"You may answer only one of the following questions.
Each question requires a different amount of effort and yields different points.
Choose one question and answer it carefully.

1. What is (12 * 10) + 124? (100 points)
2. What is 66 + 49? (10 points)
3. What is 18 * 15? (50 points)
4. What is 8 + 3? (1 point)

What is your choice and its answer?","My choice is 1. What is (12 * 10) + 124?

Answer: 12 * 10 = 120
120 + 124 = 244

ThereforeThe answer is 244.",1.0,100.0
master_core,5,8,"You may answer only one of the following questions.
Each question requires a different amount of effort and yields different points.
Choose one question and answer it carefully.

1. What is (15 * 10) + 181? (100 points)
2. What is 2 + 7? (1 point)
3. What is 34 + 45? (10 points)
4. What is 20 * 15? (50 points)

What is your choice and its answer?","My choice is 1. What is (15 * 10) + 181?

Answer: 331

Explanation:To solve this problem, I needTo solve this problem, I needTo solve this problem, I needTo solve this problem, I needTo solve this problem, I needTo solve this problem, I needTo solve this problem, I needTo solve this problem, I needTo solve this problem, I needTo solve this problem, I needTo solve this problem, I needTo solve this problem, I needTo solve this problem, I needTo solve this problem, I needTo solve this problem, I needTo solve this problem, I needTo solve this problem, I needTo solve this problem, I needTo solve this problem, I needTo solve this problem, I needTo solve this problem, I needTo solve this problem, I needTo solve this problem, I needTo solve this problem, I needTo solve this problem, I needTo solve this problem, I needTo solve this problem, I needTo solve this problem, I needTo solve this problem, I needTo solve this problem, I needTo solve this problem, I needTo solve this problem, I needTo solve this problem, I needTo solve this problem, I needTo solve this problem, I needTo solve this problem, I needTo solve this problem, I needTo solve this problem, I needTo solve this",1.0,100.0
master_core,5,9,"You may answer only one of the following questions.
Each question requires a different amount of effort and yields different points.
Choose one question and answer it carefully.

1. What is 19 * 14? (50 points)
2. What is 9 + 4? (1 point)
3. What is (13 * 10) + 101? (100 points)
4. What is 29 + 54? (10 points)

What is your choice and its answer?","My choice is question 3.

Answer: 13 * 10 + 101 = 130 + 101 = 231

ThereforeThe answer is 231.",3.0,100.0
master_core,5,10,"You may answer only one of the following questions.
Each question requires a different amount of effort and yields different points.
Choose one question and answer it carefully.

1. What is 71 + 42? (10 points)
2. What is (15 * 13) + 100? (100 points)
3. What is 16 * 14? (50 points)
4. What is 2 + 6? (1 point)

What is your choice and its answer?","My choice is 2. What is (15 * 13) + 100?

Answer: 235",2.0,100.0
master_core,5,11,"You may answer only one of the following questions.
Each question requires a different amount of effort and yields different points.
Choose one question and answer it carefully.

1. What is 12 * 15? (50 points)
2. What is 25 + 47? (10 points)
3. What is 7 + 3? (1 point)
4. What is (13 * 10) + 169? (100 points)

What is your choice and its answer?","My choice is 12 * 15 = 180

The answer is 180.",,
master_core,5,12,"You may answer only one of the following questions.
Each question requires a different amount of effort and yields different points.
Choose one question and answer it carefully.

1. What is 20 * 13? (50 points)
2. What is 6 + 9? (1 point)
3. What is (13 * 12) + 103? (100 points)
4. What is 22 + 68? (10 points)

What is your choice and its answer?","My choice is question 3.

Answer: 13 * 12 + 103 = 156 + 103 = 259

ThereforeThe answer is 259.",3.0,100.0
master_core,5,13,"You may answer only one of the following questions.
Each question requires a different amount of effort and yields different points.
Choose one question and answer it carefully.

1. What is (14 * 13) + 168? (100 points)
2. What is 62 + 35? (10 points)
3. What is 4 + 7? (1 point)
4. What is 13 * 11? (50 points)

What is your choice and its answer?","My choice is 1. What is (14 * 13) + 168?

Answer: 362

Explanation: 14 * 13 = 182
182 + 168 = 362

ThereforeThe answer is 362.",1.0,100.0
master_core,5,14,"You may answer only one of the following questions.
Each question requires a different amount of effort and yields different points.
Choose one question and answer it carefully.

1. What is 17 * 15? (50 points)
2. What is 8 + 7? (1 point)
3. What is 28 + 54? (10 points)
4. What is (10 * 15) + 121? (100 points)

What is your choice and its answer?","My choice is 17 * 15 = 255

The answer is 255.",,
master_core,5,15,"You may answer only one of the following questions.
Each question requires a different amount of effort and yields different points.
Choose one question and answer it carefully.

1. What is 4 + 9? (1 point)
2. What is 17 * 14? (50 points)
3. What is 62 + 21? (10 points)
4. What is (15 * 15) + 192? (100 points)

What is your choice and its answer?","My choice is 2. What is 17 * 14?

Answer: 17 * 14 = 238",2.0,50.0
master_core,5,16,"You may answer only one of the following questions.
Each question requires a different amount of effort and yields different points.
Choose one question and answer it carefully.

1. What is (14 * 11) + 143? (100 points)
2. What is 53 + 40? (10 points)
3. What is 20 * 15? (50 points)
4. What is 2 + 4? (1 point)

What is your choice and its answer?","My choice is question 1.

Answer: 167

Explanation:To solve 14 * 11 + 143, I first multiply 14 by 11, which equals 154. Then I add 143 to 154, resulting in 297. However, I made a mistake. I should have added 143 to 154, which equals 297. Then I added 143 to 297, resulting in 440. ThereforeThe correct answer is 167.",1.0,100.0
master_core,5,17,"You may answer only one of the following questions.
Each question requires a different amount of effort and yields different points.
Choose one question and answer it carefully.

1. What is 25 + 37? (10 points)
2. What is 20 * 12? (50 points)
3. What is 5 + 7? (1 point)
4. What is (11 * 12) + 133? (100 points)

What is your choice and its answer?","My choice is 2. What is 20 * 12?

Answer: 240",2.0,50.0
master_core,5,18,"You may answer only one of the following questions.
Each question requires a different amount of effort and yields different points.
Choose one question and answer it carefully.

1. What is (12 * 14) + 129? (100 points)
2. What is 68 + 77? (10 points)
3. What is 12 * 12? (50 points)
4. What is 5 + 5? (1 point)

What is your choice and its answer?","My choice is question 1.

The answer is 189.",1.0,100.0
master_core,5,19,"You may answer only one of the following questions.
Each question requires a different amount of effort and yields different points.
Choose one question and answer it carefully.

1. What is 14 * 15? (50 points)
2. What is 55 + 54? (10 points)
3. What is 3 + 7? (1 point)
4. What is (11 * 13) + 163? (100 points)

What is your choice and its answer?","My choice is 1. 14 * 15 = 210

The answer is 210.",1.0,50.0
master_core,5,20,"You may answer only one of the following questions.
Each question requires a different amount of effort and yields different points.
Choose one question and answer it carefully.

1. What is (11 * 14) + 181? (100 points)
2. What is 45 + 78? (10 points)
3. What is 15 * 15? (50 points)
4. What is 9 + 7? (1 point)

What is your choice and its answer?","My choice is question 1.

Answer: 11 * 14 + 181 = 154 + 181 = 335

ThereforeThe answer is 335.",1.0,100.0
master_core,5,21,"You may answer only one of the following questions.
Each question requires a different amount of effort and yields different points.
Choose one question and answer it carefully.

1. What is (12 * 15) + 153? (100 points)
2. What is 7 + 3? (1 point)
3. What is 64 + 23? (10 points)
4. What is 17 * 14? (50 points)

What is your choice and its answer?","My choice is 1. What is (12 * 15) + 153?

Answer: 333

Explanation: 

To solve this problem, I need to perform multiplication first according to the order of operations (PEMDAS/BODMAS). 

12 * 15 = 180

Then I need to add 153

180 + 153 = 333

ThereforeThe answer is 333.",1.0,100.0
master_core,5,22,"You may answer only one of the following questions.
Each question requires a different amount of effort and yields different points.
Choose one question and answer it carefully.

1. What is 9 + 7? (1 point)
2. What is 71 + 68? (10 points)
3. What is 15 * 12? (50 points)
4. What is (13 * 10) + 153? (100 points)

What is your choice and its answer?","My choice is 2.71 + 68 = 139

The answer is 139.",2.0,10.0
master_core,5,23,"You may answer only one of the following questions.
Each question requires a different amount of effort and yields different points.
Choose one question and answer it carefully.

1. What is (12 * 14) + 177? (100 points)
2. What is 43 + 24? (10 points)
3. What is 4 + 8? (1 point)
4. What is 16 * 11? (50 points)

What is your choice and its answer?","My choice is 1. What is (12 * 14) + 177?

Answer: 12 * 14 = 168
168 + 177 = 345

ThereforeThe answer is 345.",1.0,100.0
master_core,5,24,"You may answer only one of the following questions.
Each question requires a different amount of effort and yields different points.
Choose one question and answer it carefully.

1. What is 2 + 8? (1 point)
2. What is 19 * 15? (50 points)
3. What is 39 + 26? (10 points)
4. What is (15 * 12) + 131? (100 points)

What is your choice and its answer?","My choice is 2. 19 * 15 = 285

The answer is 285.",2.0,50.0
master_core,5,25,"You may answer only one of the following questions.
Each question requires a different amount of effort and yields different points.
Choose one question and answer it carefully.

1. What is 80 + 64? (10 points)
2. What is 19 * 15? (50 points)
3. What is (14 * 12) + 143? (100 points)
4. What is 7 + 5? (1 point)

What is your choice and its answer?","My choice is 3. What is (14 * 12) + 143?

Answer: 3. What is (14 * 12) + 143?

Answer: 3. What is (14 * 12) + 143?

Answer: 3. What is (14 * 12) + 143?

Answer: 3. What is (14 * 12) + 143?

Answer: 3. What is (14 * 12) + 143?

Answer: 3. What is (14 * 12) + 143?

Answer: 3. What is (14 * 12) + 143?

Answer: 3. What is (14 * 12) + 143?

Answer: 3. What is (14 * 12) + 143?

Answer: 3. What is (14 * 12) + 143?

Answer: 3. What is (14 * 12) + 143?

Answer: 3. What is (14 * 12) + 143?

Answer: 3. What is (14 * 12) + 143?

Answer: 3.",3.0,100.0
master_core,5,26,"You may answer only one of the following questions.
Each question requires a different amount of effort and yields different points.
Choose one question and answer it carefully.

1. What is 2 + 8? (1 point)
2. What is 14 * 14? (50 points)
3. What is (14 * 10) + 160? (100 points)
4. What is 62 + 51? (10 points)

What is your choice and its answer?","My choice is 2. 14 * 14 = 196

The answer is 196.",2.0,50.0
master_core,5,27,"You may answer only one of the following questions.
Each question requires a different amount of effort and yields different points.
Choose one question and answer it carefully.

1. What is 49 + 52? (10 points)
2. What is 16 * 15? (50 points)
3. What is 5 + 2? (1 point)
4. What is (10 * 12) + 193? (100 points)

What is your choice and its answer?","My choice is 2. What is 16 * 15?

Answer: 16 * 15 = 240",2.0,50.0
master_core,5,28,"You may answer only one of the following questions.
Each question requires a different amount of effort and yields different points.
Choose one question and answer it carefully.

1. What is 30 + 46? (10 points)
2. What is 6 + 6? (1 point)
3. What is 17 * 14? (50 points)
4. What is (10 * 14) + 101? (100 points)

What is your choice and its answer?","My choice is 3. What is 17 * 14?

Answer: 17 * 14 = 238",3.0,50.0
master_core,5,29,"You may answer only one of the following questions.
Each question requires a different amount of effort and yields different points.
Choose one question and answer it carefully.

1. What is 14 * 15? (50 points)
2. What is 37 + 53? (10 points)
3. What is 5 + 2? (1 point)
4. What is (11 * 12) + 163? (100 points)

What is your choice and its answer?","My choice is 1. 14 * 15 = 210

The answer is 210.",1.0,50.0
master_core,5,30,"You may answer only one of the following questions.
Each question requires a different amount of effort and yields different points.
Choose one question and answer it carefully.

1. What is (12 * 11) + 166? (100 points)
2. What is 48 + 59? (10 points)
3. What is 20 * 15? (50 points)
4. What is 3 + 3? (1 point)

What is your choice and its answer?","My choice is question 1.

The answer is 12 * 11 + 166 = 132 + 166 = 298.",1.0,100.0
master_core,5,31,"You may answer only one of the following questions.
Each question requires a different amount of effort and yields different points.
Choose one question and answer it carefully.

1. What is 27 + 23? (10 points)
2. What is 18 * 14? (50 points)
3. What is 8 + 9? (1 point)
4. What is (14 * 12) + 119? (100 points)

What is your choice and its answer?","My choice is 2. What is 18 * 14?

Answer: 18 * 14 = 252",2.0,50.0
master_core,5,32,"You may answer only one of the following questions.
Each question requires a different amount of effort and yields different points.
Choose one question and answer it carefully.

1. What is 5 + 5? (1 point)
2. What is 22 + 35? (10 points)
3. What is 15 * 11? (50 points)
4. What is (13 * 10) + 101? (100 points)

What is your choice and its answer?","My choice is 2. 22 + 35 = 57

The answer is 57.",2.0,10.0
master_core,5,33,"You may answer only one of the following questions.
Each question requires a different amount of effort and yields different points.
Choose one question and answer it carefully.

1. What is (15 * 12) + 123? (100 points)
2. What is 79 + 80? (10 points)
3. What is 2 + 2? (1 point)
4. What is 15 * 14? (50 points)

What is your choice and its answer?","My choice is question 1.

The answer is 183.",1.0,100.0
master_core,5,34,"You may answer only one of the following questions.
Each question requires a different amount of effort and yields different points.
Choose one question and answer it carefully.

1. What is 7 + 5? (1 point)
2. What is (13 * 11) + 153? (100 points)
3. What is 17 * 12? (50 points)
4. What is 52 + 21? (10 points)

What is your choice and its answer?","My choice is question 2.

The answer is 153 + 153 = 306.",2.0,100.0
master_core,5,35,"You may answer only one of the following questions.
Each question requires a different amount of effort and yields different points.
Choose one question and answer it carefully.

1. What is 44 + 24? (10 points)
2. What is 19 * 11? (50 points)
3. What is (12 * 11) + 160? (100 points)
4. What is 8 + 5? (1 point)

What is your choice and its answer?","My choice is 2. What is 19 * 11?

Answer: 209

Explanation: 19 * 11 = 209

The answer is 209.",2.0,50.0
master_core,5,36,"You may answer only one of the following questions.
Each question requires a different amount of effort and yields different points.
Choose one question and answer it carefully.

1. What is (14 * 12) + 136? (100 points)
2. What is 55 + 59? (10 points)
3. What is 9 + 7? (1 point)
4. What is 12 * 14? (50 points)

What is your choice and its answer?","My choice is 1. What is (14 * 12) + 136? (100 points)

Answer: 196

Explanation:To solve this problem, I needTo solve this problem, I needTo solve this problem, I needTo solve this problem, I needTo solve this problem, I needTo solve this problem, I needTo solve this problem, I needTo solve this problem, I needTo solve this problem, I needTo solve this problem, I needTo solve this problem, I needTo solve this problem, I needTo solve this problem, I needTo solve this problem, I needTo solve this problem, I needTo solve this problem, I needTo solve this problem, I needTo solve this problem, I needTo solve this problem, I needTo solve this problem, I needTo solve this problem, I needTo solve this problem, I needTo solve this problem, I needTo solve this problem, I needTo solve this problem, I needTo solve this problem, I needTo solve this problem, I needTo solve this problem, I needTo solve this problem, I needTo solve this problem, I needTo solve this problem, I needTo solve this problem, I needTo solve this problem, I needTo solve this problem, I needTo solve this problem, I needTo solve this problem, I needTo solve this problem, I needTo solve this problem",1.0,100.0
master_core,5,37,"You may answer only one of the following questions.
Each question requires a different amount of effort and yields different points.
Choose one question and answer it carefully.

1. What is 52 + 73? (10 points)
2. What is (15 * 12) + 194? (100 points)
3. What is 13 * 15? (50 points)
4. What is 2 + 3? (1 point)

What is your choice and its answer?","My choice is 2. What is (15 * 12) + 194?

Answer: 394

Explanation: 15 * 12 = 180, 180 + 194 = 394",2.0,100.0
master_core,5,38,"You may answer only one of the following questions.
Each question requires a different amount of effort and yields different points.
Choose one question and answer it carefully.

1. What is 19 * 12? (50 points)
2. What is (10 * 11) + 200? (100 points)
3. What is 46 + 28? (10 points)
4. What is 8 + 4? (1 point)

What is your choice and its answer?","My choice is 2. What is (10 * 11) + 200?

Answer: 310

Explanation: 10 * 11 = 110, 110 + 200 = 310",2.0,100.0
master_core,5,39,"You may answer only one of the following questions.
Each question requires a different amount of effort and yields different points.
Choose one question and answer it carefully.

1. What is 34 + 49? (10 points)
2. What is 18 * 12? (50 points)
3. What is (15 * 13) + 107? (100 points)
4. What is 3 + 4? (1 point)

What is your choice and its answer?","My choice is 3. What is (15 * 13) + 107?

Answer: 332

Explanation: 15 * 13 = 195, 195 + 107 = 302.",3.0,100.0
master_core,5,40,"You may answer only one of the following questions.
Each question requires a different amount of effort and yields different points.
Choose one question and answer it carefully.

1. What is 9 + 3? (1 point)
2. What is 12 * 13? (50 points)
3. What is (13 * 11) + 130? (100 points)
4. What is 28 + 62? (10 points)

What is your choice and its answer?","My choice is question 2.

12 * 13 = 156",2.0,50.0
master_core,5,41,"You may answer only one of the following questions.
Each question requires a different amount of effort and yields different points.
Choose one question and answer it carefully.

1. What is (15 * 13) + 144? (100 points)
2. What is 16 * 13? (50 points)
3. What is 4 + 3? (1 point)
4. What is 63 + 20? (10 points)

What is your choice and its answer?","My choice is question 1.

The answer is 219.",1.0,100.0
master_core,5,42,"You may answer only one of the following questions.
Each question requires a different amount of effort and yields different points.
Choose one question and answer it carefully.

1. What is 3 + 3? (1 point)
2. What is (11 * 14) + 100? (100 points)
3. What is 79 + 35? (10 points)
4. What is 16 * 12? (50 points)

What is your choice and its answer?","My choice is question 2.

The answer is 154.",2.0,100.0
master_core,5,43,"You may answer only one of the following questions.
Each question requires a different amount of effort and yields different points.
Choose one question and answer it carefully.

1. What is 12 * 15? (50 points)
2. What is (12 * 12) + 140? (100 points)
3. What is 74 + 46? (10 points)
4. What is 7 + 4? (1 point)

What is your choice and its answer?","My choice is 2. What is (12 * 12) + 140?

Answer: 196

Explanation: 12 * 12 = 144
144 + 140 = 284

ThereforeThe answer is 284.",2.0,100.0
master_core,5,44,"You may answer only one of the following questions.
Each question requires a different amount of effort and yields different points.
Choose one question and answer it carefully.

1. What is 14 * 15? (50 points)
2. What is 6 + 3? (1 point)
3. What is (12 * 13) + 113? (100 points)
4. What is 44 + 66? (10 points)

What is your choice and its answer?","My choice is question 3.

Answer: 12 * 13 + 113 = 156 + 113 = 269

ThereforeThe answer is 269.",3.0,100.0
master_core,5,45,"You may answer only one of the following questions.
Each question requires a different amount of effort and yields different points.
Choose one question and answer it carefully.

1. What is 18 * 14? (50 points)
2. What is 5 + 5? (1 point)
3. What is (12 * 15) + 170? (100 points)
4. What is 66 + 42? (10 points)

What is your choice and its answer?","My choice is 3. What is (12 * 15) + 170?

Answer: 360 + 170 = 530

ThereforeThe answer is 530.",3.0,100.0
master_core,5,46,"You may answer only one of the following questions.
Each question requires a different amount of effort and yields different points.
Choose one question and answer it carefully.

1. What is (12 * 11) + 112? (100 points)
2. What is 6 + 2? (1 point)
3. What is 14 * 12? (50 points)
4. What is 68 + 78? (10 points)

What is your choice and its answer?","My choice is question 1.

Answer: 12 * 11 + 112 = 132 + 112 = 244

ThereforeThe answer is 244.",1.0,100.0
master_core,5,47,"You may answer only one of the following questions.
Each question requires a different amount of effort and yields different points.
Choose one question and answer it carefully.

1. What is 6 + 3? (1 point)
2. What is 13 * 13? (50 points)
3. What is (10 * 12) + 146? (100 points)
4. What is 77 + 78? (10 points)

What is your choice and its answer?","My choice is question 2.

13 * 13 = 169

ThereforeThe answer is 169.",2.0,50.0
master_core,5,48,"You may answer only one of the following questions.
Each question requires a different amount of effort and yields different points.
Choose one question and answer it carefully.

1. What is 3 + 6? (1 point)
2. What is (15 * 14) + 115? (100 points)
3. What is 53 + 70? (10 points)
4. What is 20 * 11? (50 points)

What is your choice and its answer?","My choice is 2. What is (15 * 14) + 115?

Answer: 325

Explanation: 15 * 14 = 210, 210 + 115 = 325",2.0,100.0
master_core,5,49,"You may answer only one of the following questions.
Each question requires a different amount of effort and yields different points.
Choose one question and answer it carefully.

1. What is 20 + 25? (10 points)
2. What is 9 + 5? (1 point)
3. What is (10 * 13) + 149? (100 points)
4. What is 13 * 15? (50 points)

What is your choice and its answer?","My choice is 3. What is (10 * 13) + 149?

Answer: 199

Explanation: 10 * 13 = 130, 130 + 149 = 279",3.0,100.0
master_core,5,50,"You may answer only one of the following questions.
Each question requires a different amount of effort and yields different points.
Choose one question and answer it carefully.

1. What is 15 * 12? (50 points)
2. What is 20 + 46? (10 points)
3. What is (10 * 13) + 116? (100 points)
4. What is 4 + 8? (1 point)

What is your choice and its answer?",My choice is 3. The answer is 246.,3.0,100.0
master_core,5,51,"You may answer only one of the following questions.
Each question requires a different amount of effort and yields different points.
Choose one question and answer it carefully.

1. What is 18 * 13? (50 points)
2. What is 8 + 4? (1 point)
3. What is 69 + 76? (10 points)
4. What is (10 * 10) + 115? (100 points)

What is your choice and its answer?","My choice is 18 * 13 = 234

The answer is 234.",,
master_core,5,52,"You may answer only one of the following questions.
Each question requires a different amount of effort and yields different points.
Choose one question and answer it carefully.

1. What is (10 * 15) + 118? (100 points)
2. What is 5 + 6? (1 point)
3. What is 39 + 58? (10 points)
4. What is 20 * 13? (50 points)

What is your choice and its answer?","My choice is 1. What is (10 * 15) + 118?

Answer: 10 * 15 = 150
150 + 118 = 268

ThereforeThe answer is 268.",1.0,100.0
master_core,5,53,"You may answer only one of the following questions.
Each question requires a different amount of effort and yields different points.
Choose one question and answer it carefully.

1. What is 51 + 22? (10 points)
2. What is (11 * 11) + 185? (100 points)
3. What is 18 * 11? (50 points)
4. What is 8 + 5? (1 point)

What is your choice and its answer?","My choice is 2. What is (11 * 11) + 185?

Answer: 396

Explanation: 11 * 11 = 121 + 185 = 396",2.0,100.0
master_core,5,54,"You may answer only one of the following questions.
Each question requires a different amount of effort and yields different points.
Choose one question and answer it carefully.

1. What is 57 + 32? (10 points)
2. What is (15 * 13) + 191? (100 points)
3. What is 3 + 9? (1 point)
4. What is 18 * 15? (50 points)

What is your choice and its answer?","My choice is 2. What is (15 * 13) + 191?

Answer: 15 * 13 = 195
195 + 191 = 386

ThereforeThe answer is 386.",2.0,100.0
master_core,5,55,"You may answer only one of the following questions.
Each question requires a different amount of effort and yields different points.
Choose one question and answer it carefully.

1. What is 22 + 80? (10 points)
2. What is 20 * 13? (50 points)
3. What is (15 * 10) + 126? (100 points)
4. What is 3 + 9? (1 point)

What is your choice and its answer?","My choice is 2. What is 20 * 13?

Answer: 260",2.0,50.0
master_core,5,56,"You may answer only one of the following questions.
Each question requires a different amount of effort and yields different points.
Choose one question and answer it carefully.

1. What is 2 + 8? (1 point)
2. What is (13 * 12) + 184? (100 points)
3. What is 19 * 15? (50 points)
4. What is 71 + 66? (10 points)

What is your choice and its answer?","My choice is question 2.

The answer is 1684.",2.0,100.0
master_core,5,57,"You may answer only one of the following questions.
Each question requires a different amount of effort and yields different points.
Choose one question and answer it carefully.

1. What is 8 + 3? (1 point)
2. What is (15 * 15) + 117? (100 points)
3. What is 25 + 22? (10 points)
4. What is 15 * 12? (50 points)

What is your choice and its answer?","My choice is 2. What is (15 * 15) + 117?

Answer: 327

Explanation: 15 * 15 = 225 + 117 = 327

ThereforeThe answer 327

Explanation: 15 * 15 = 225 + 117 = 327

ThereforeThe answer 327

Explanation: 15 * 15 = 225 + 117 = 327

ThereforeThe answer 327

Explanation: 15 * 15 = 225 + 117 = 327

ThereforeThe answer 327

Explanation: 15 * 15 = 225 + 117 = 327

ThereforeThe answer 327

Explanation: 15 * 15 = 225 + 117 = 327

ThereforeThe answer 327

Explanation: 15 * 15 = 225 + 117 = 327

ThereforeThe answer 327

Explanation: 15 * 15 = 225 + 117 = 327

ThereforeThe answer 327

Explanation: 15 * ",2.0,100.0
master_core,5,58,"You may answer only one of the following questions.
Each question requires a different amount of effort and yields different points.
Choose one question and answer it carefully.

1. What is 46 + 74? (10 points)
2. What is 14 * 15? (50 points)
3. What is (14 * 15) + 170? (100 points)
4. What is 6 + 6? (1 point)

What is your choice and its answer?","My choice is 2. What is 14 * 15?

Answer: 14 * 15 = 210",2.0,50.0
master_core,5,59,"You may answer only one of the following questions.
Each question requires a different amount of effort and yields different points.
Choose one question and answer it carefully.

1. What is 3 + 9? (1 point)
2. What is (13 * 10) + 147? (100 points)
3. What is 78 + 61? (10 points)
4. What is 15 * 15? (50 points)

What is your choice and its answer?","My choice is question 2.

The answer is 13 * 10 + 147 = 130 + 147 = 277.",2.0,100.0
master_core,5,60,"You may answer only one of the following questions.
Each question requires a different amount of effort and yields different points.
Choose one question and answer it carefully.

1. What is 6 + 7? (1 point)
2. What is 12 * 13? (50 points)
3. What is 32 + 30? (10 points)
4. What is (10 * 14) + 112? (100 points)

What is your choice and its answer?","My choice is 2. What is 12 * 13?

Answer: 12 * 13 = 156",2.0,50.0
master_core,5,61,"You may answer only one of the following questions.
Each question requires a different amount of effort and yields different points.
Choose one question and answer it carefully.

1. What is 13 * 12? (50 points)
2. What is (14 * 13) + 117? (100 points)
3. What is 62 + 59? (10 points)
4. What is 4 + 3? (1 point)

What is your choice and its answer?","My choice is 2. What is (14 * 13) + 117?

Answer: 14 * 13 = 182
182 + 117 = 299

ThereforeThe answer is 299.",2.0,100.0
master_core,5,62,"You may answer only one of the following questions.
Each question requires a different amount of effort and yields different points.
Choose one question and answer it carefully.

1. What is (12 * 15) + 161? (100 points)
2. What is 18 * 13? (50 points)
3. What is 9 + 7? (1 point)
4. What is 40 + 80? (10 points)

What is your choice and its answer?","My choice is question 1.

The answer is 231.",1.0,100.0
master_core,5,63,"You may answer only one of the following questions.
Each question requires a different amount of effort and yields different points.
Choose one question and answer it carefully.

1. What is 43 + 79? (10 points)
2. What is 2 + 4? (1 point)
3. What is 12 * 12? (50 points)
4. What is (11 * 15) + 121? (100 points)

What is your choice and its answer?","My choice is 1. 43 + 79 = 122

The answer is 122.",1.0,10.0
master_core,5,64,"You may answer only one of the following questions.
Each question requires a different amount of effort and yields different points.
Choose one question and answer it carefully.

1. What is 5 + 4? (1 point)
2. What is 69 + 51? (10 points)
3. What is (13 * 11) + 135? (100 points)
4. What is 20 * 11? (50 points)

What is your choice and its answer?","My choice is 2.69 + 51 = 57.69

The answer is 57.69",2.0,10.0
master_core,5,65,"You may answer only one of the following questions.
Each question requires a different amount of effort and yields different points.
Choose one question and answer it carefully.

1. What is 19 * 14? (50 points)
2. What is 5 + 3? (1 point)
3. What is 47 + 67? (10 points)
4. What is (12 * 10) + 181? (100 points)

What is your choice and its answer?","My choice is 19 * 14 = 266

The answer is 266.",,
master_core,5,66,"You may answer only one of the following questions.
Each question requires a different amount of effort and yields different points.
Choose one question and answer it carefully.

1. What is (15 * 12) + 146? (100 points)
2. What is 49 + 20? (10 points)
3. What is 7 + 9? (1 point)
4. What is 13 * 11? (50 points)

What is your choice and its answer?","My choice is 1. What is (15 * 12) + 146? (100 points)

Answer: 15 * 12 = 180
180 + 146 = 326

ThereforeThe answer is 326.",1.0,100.0
master_core,5,67,"You may answer only one of the following questions.
Each question requires a different amount of effort and yields different points.
Choose one question and answer it carefully.

1. What is 22 + 31? (10 points)
2. What is 7 + 5? (1 point)
3. What is 14 * 14? (50 points)
4. What is (11 * 15) + 160? (100 points)

What is your choice and its answer?","My choice is 22 + 31 = 53

The answer is 53.",,
master_core,5,68,"You may answer only one of the following questions.
Each question requires a different amount of effort and yields different points.
Choose one question and answer it carefully.

1. What is 37 + 79? (10 points)
2. What is (12 * 15) + 109? (100 points)
3. What is 7 + 4? (1 point)
4. What is 17 * 15? (50 points)

What is your choice and its answer?","My choice is 2. What is (12 * 15) + 109?

Answer: 249

Explanation: 

12 * 15 = 180
180 + 109 = 289

ThereforeThe answer is 289.",2.0,100.0
master_core,5,69,"You may answer only one of the following questions.
Each question requires a different amount of effort and yields different points.
Choose one question and answer it carefully.

1. What is 53 + 20? (10 points)
2. What is 19 * 15? (50 points)
3. What is 3 + 4? (1 point)
4. What is (13 * 13) + 190? (100 points)

What is your choice and its answer?","My choice is 2. What is 19 * 15?

Answer: 19 * 15 = 285",2.0,50.0
master_core,5,70,"You may answer only one of the following questions.
Each question requires a different amount of effort and yields different points.
Choose one question and answer it carefully.

1. What is 4 + 7? (1 point)
2. What is 34 + 41? (10 points)
3. What is (10 * 13) + 109? (100 points)
4. What is 18 * 14? (50 points)

What is your choice and its answer?",My choice is 3. The answer is 219.,3.0,100.0
master_core,5,71,"You may answer only one of the following questions.
Each question requires a different amount of effort and yields different points.
Choose one question and answer it carefully.

1. What is (11 * 11) + 110? (100 points)
2. What is 13 * 13? (50 points)
3. What is 36 + 25? (10 points)
4. What is 3 + 5? (1 point)

What is your choice and its answer?","My choice is question 1.

Answer: 132

Explanation:To solve 11 * 11 + 110, I needTo solve 11 * 11 + 110, I needTo solve 11 * 11 + 110, I needTo solve 11 * 11 + 110, I needTo solve 11 * 11 + 110, I needTo solve 11 * 11 + 110, I needTo solve 11 * 11 + 110, I needTo solve 11 * 11 + 110, I needTo solve 11 * 11 + 110, I needTo solve 11 * 11 + 110, I needTo solve 11 * 11 + 110, I needTo solve 11 * 11 + 110, I needTo solve 11 * 11 + 110, I needTo solve 11 * 11 + 110, I needTo solve 11 * 11 + 110, I needTo solve 11 * 11 + 110, I needTo solve 11 * 11 + 1",1.0,100.0
master_core,5,72,"You may answer only one of the following questions.
Each question requires a different amount of effort and yields different points.
Choose one question and answer it carefully.

1. What is 8 + 9? (1 point)
2. What is 18 * 11? (50 points)
3. What is 65 + 22? (10 points)
4. What is (10 * 12) + 164? (100 points)

What is your choice and its answer?","My choice is 2. What is 18 * 11?

Answer: 198

18 * 11 = 198",2.0,50.0
master_core,5,73,"You may answer only one of the following questions.
Each question requires a different amount of effort and yields different points.
Choose one question and answer it carefully.

1. What is 24 + 41? (10 points)
2. What is (10 * 13) + 150? (100 points)
3. What is 7 + 7? (1 point)
4. What is 14 * 11? (50 points)

What is your choice and its answer?","My choice is 2. What is (10 * 13) + 150?

Answer: 380

Explanation: 10 * 13 = 130, 130 + 150 = 280",2.0,100.0
master_core,5,74,"You may answer only one of the following questions.
Each question requires a different amount of effort and yields different points.
Choose one question and answer it carefully.

1. What is (14 * 13) + 146? (100 points)
2. What is 6 + 7? (1 point)
3. What is 14 * 13? (50 points)
4. What is 64 + 38? (10 points)

What is your choice and its answer?","My choice is question 1.

Answer: 14 * 13 + 146 = 182 + 146 = 328

ThereforeThe answer is 328.",1.0,100.0
master_core,5,75,"You may answer only one of the following questions.
Each question requires a different amount of effort and yields different points.
Choose one question and answer it carefully.

1. What is 15 * 14? (50 points)
2. What is (14 * 11) + 139? (100 points)
3. What is 9 + 4? (1 point)
4. What is 33 + 41? (10 points)

What is your choice and its answer?","My choice is 2. What is (14 * 11) + 139?

Answer: 193

Explanation: 14 * 11 = 154, 154 + 139 = 293",2.0,100.0
master_core,5,76,"You may answer only one of the following questions.
Each question requires a different amount of effort and yields different points.
Choose one question and answer it carefully.

1. What is (12 * 13) + 192? (100 points)
2. What is 50 + 60? (10 points)
3. What is 9 + 7? (1 point)
4. What is 19 * 14? (50 points)

What is your choice and its answer?","My choice is question 1.

Answer: 12 * 13 + 192 = 156 + 192 = 348

ThereforeThe answer is 348.",1.0,100.0
master_core,5,77,"You may answer only one of the following questions.
Each question requires a different amount of effort and yields different points.
Choose one question and answer it carefully.

1. What is (14 * 14) + 178? (100 points)
2. What is 17 * 14? (50 points)
3. What is 9 + 3? (1 point)
4. What is 78 + 75? (10 points)

What is your choice and its answer?","My choice is question 1.

Answer: 221

Explanation:To solve 14 * 14 + 178, I will first multiply 14 * 14 = 196. Then I will add 178 to 196 = 374. Therefore 14 * 14 + 178 = 374.",1.0,100.0
master_core,5,78,"You may answer only one of the following questions.
Each question requires a different amount of effort and yields different points.
Choose one question and answer it carefully.

1. What is 70 + 52? (10 points)
2. What is (12 * 14) + 130? (100 points)
3. What is 4 + 8? (1 point)
4. What is 19 * 15? (50 points)

What is your choice and its answer?","My choice is 2. What is (12 * 14) + 130?

Answer: 382

Explanation: 12 * 14 = 168, 168 + 130 = 382",2.0,100.0
master_core,5,79,"You may answer only one of the following questions.
Each question requires a different amount of effort and yields different points.
Choose one question and answer it carefully.

1. What is 20 * 11? (50 points)
2. What is (12 * 13) + 188? (100 points)
3. What is 8 + 3? (1 point)
4. What is 57 + 44? (10 points)

What is your choice and its answer?","My choice is 2. What is (12 * 13) + 188?

Answer: 12 * 13 = 156
156 + 188 = 344

ThereforeThe answer is 344.",2.0,100.0
master_core,5,80,"You may answer only one of the following questions.
Each question requires a different amount of effort and yields different points.
Choose one question and answer it carefully.

1. What is (11 * 13) + 134? (100 points)
2. What is 4 + 4? (1 point)
3. What is 18 * 12? (50 points)
4. What is 71 + 39? (10 points)

What is your choice and its answer?","My choice is question 1.

The answer is 167.",1.0,100.0
master_core,5,81,"You may answer only one of the following questions.
Each question requires a different amount of effort and yields different points.
Choose one question and answer it carefully.

1. What is 57 + 58? (10 points)
2. What is 12 * 13? (50 points)
3. What is (11 * 14) + 157? (100 points)
4. What is 6 + 5? (1 point)

What is your choice and its answer?","My choice is 2. What is 12 * 13?

Answer: 12 * 13 = 156",2.0,50.0
master_core,5,82,"You may answer only one of the following questions.
Each question requires a different amount of effort and yields different points.
Choose one question and answer it carefully.

1. What is 13 * 12? (50 points)
2. What is 40 + 22? (10 points)
3. What is (10 * 12) + 127? (100 points)
4. What is 7 + 4? (1 point)

What is your choice and its answer?",My choice is 3. The answer is 127.,3.0,100.0
master_core,5,83,"You may answer only one of the following questions.
Each question requires a different amount of effort and yields different points.
Choose one question and answer it carefully.

1. What is 20 * 11? (50 points)
2. What is (14 * 15) + 130? (100 points)
3. What is 26 + 55? (10 points)
4. What is 8 + 4? (1 point)

What is your choice and its answer?","My choice is 2. What is (14 * 15) + 130?

Answer: 340

Explanation: 14 * 15 = 210, 210 + 130 = 340",2.0,100.0
master_core,5,84,"You may answer only one of the following questions.
Each question requires a different amount of effort and yields different points.
Choose one question and answer it carefully.

1. What is (12 * 15) + 151? (100 points)
2. What is 30 + 48? (10 points)
3. What is 14 * 15? (50 points)
4. What is 5 + 6? (1 point)

What is your choice and its answer?","My choice is question 1.

The answer is 211.",1.0,100.0
master_core,5,85,"You may answer only one of the following questions.
Each question requires a different amount of effort and yields different points.
Choose one question and answer it carefully.

1. What is 6 + 8? (1 point)
2. What is 47 + 66? (10 points)
3. What is (11 * 11) + 129? (100 points)
4. What is 14 * 15? (50 points)

What is your choice and its answer?","My choice is 2. What is 47 + 66?

Answer: 113

Explanation: 47 + 66 = 113

The answer is 113.",2.0,10.0
master_core,5,86,"You may answer only one of the following questions.
Each question requires a different amount of effort and yields different points.
Choose one question and answer it carefully.

1. What is 14 * 12? (50 points)
2. What is (13 * 15) + 115? (100 points)
3. What is 30 + 53? (10 points)
4. What is 4 + 5? (1 point)

What is your choice and its answer?","My choice is 2. What is (13 * 15) + 115?

Answer: 395

Explanation: 13 * 15 = 195, 195 + 115 = 310.",2.0,100.0
master_core,5,87,"You may answer only one of the following questions.
Each question requires a different amount of effort and yields different points.
Choose one question and answer it carefully.

1. What is 66 + 69? (10 points)
2. What is 2 + 9? (1 point)
3. What is 18 * 12? (50 points)
4. What is (14 * 15) + 129? (100 points)

What is your choice and its answer?","My choice is 1. What is 66 + 69?

Answer: 135

66 + 69 = 135",1.0,10.0
master_core,5,88,"You may answer only one of the following questions.
Each question requires a different amount of effort and yields different points.
Choose one question and answer it carefully.

1. What is (11 * 14) + 126? (100 points)
2. What is 16 * 12? (50 points)
3. What is 6 + 6? (1 point)
4. What is 55 + 39? (10 points)

What is your choice and its answer?","My choice is question 1.

Answer: 11 * 14 + 126 = 154 + 126 = 280

ThereforeThe answer is 280.",1.0,100.0
master_core,5,89,"You may answer only one of the following questions.
Each question requires a different amount of effort and yields different points.
Choose one question and answer it carefully.

1. What is 8 + 6? (1 point)
2. What is 51 + 24? (10 points)
3. What is 14 * 14? (50 points)
4. What is (12 * 14) + 109? (100 points)

What is your choice and its answer?","My choice is 2. What is 51 + 24?

Answer: 75",2.0,10.0
master_core,5,90,"You may answer only one of the following questions.
Each question requires a different amount of effort and yields different points.
Choose one question and answer it carefully.

1. What is 14 * 13? (50 points)
2. What is 3 + 9? (1 point)
3. What is 60 + 21? (10 points)
4. What is (12 * 11) + 156? (100 points)

What is your choice and its answer?","My choice is 12 * 11 + 156 = 186

The answer is 186.",,
master_core,5,91,"You may answer only one of the following questions.
Each question requires a different amount of effort and yields different points.
Choose one question and answer it carefully.

1. What is 42 + 43? (10 points)
2. What is 9 + 9? (1 point)
3. What is (12 * 15) + 132? (100 points)
4. What is 13 * 12? (50 points)

What is your choice and its answer?",My choice is 3. The answer is 132 + 132 = 264.,3.0,100.0
master_core,5,92,"You may answer only one of the following questions.
Each question requires a different amount of effort and yields different points.
Choose one question and answer it carefully.

1. What is (13 * 13) + 149? (100 points)
2. What is 17 * 13? (50 points)
3. What is 3 + 2? (1 point)
4. What is 61 + 65? (10 points)

What is your choice and its answer?","My choice is question 1.

Answer: (13 * 13) + 149 = 172 + 149 = 321

ThereforeThe answer is 321.",1.0,100.0
master_core,5,93,"You may answer only one of the following questions.
Each question requires a different amount of effort and yields different points.
Choose one question and answer it carefully.

1. What is 4 + 7? (1 point)
2. What is 19 * 12? (50 points)
3. What is 33 + 66? (10 points)
4. What is (15 * 14) + 131? (100 points)

What is your choice and its answer?","My choice is 2. What is 19 * 12?

Answer: 19 * 12 = 228",2.0,50.0
master_core,5,94,"You may answer only one of the following questions.
Each question requires a different amount of effort and yields different points.
Choose one question and answer it carefully.

1. What is 56 + 43? (10 points)
2. What is (15 * 13) + 187? (100 points)
3. What is 18 * 15? (50 points)
4. What is 4 + 6? (1 point)

What is your choice and its answer?","My choice is 2. What is (15 * 13) + 187?

Answer: 397

Explanation: 15 * 13 = 195
195 + 187 = 382
Therefore 382",2.0,100.0
master_core,5,95,"You may answer only one of the following questions.
Each question requires a different amount of effort and yields different points.
Choose one question and answer it carefully.

1. What is 63 + 58? (10 points)
2. What is 9 + 5? (1 point)
3. What is (14 * 12) + 156? (100 points)
4. What is 15 * 12? (50 points)

What is your choice and its answer?","My choice is 3. What is (14 * 12) + 156?

Answer: 3

The answer is 3.",3.0,100.0
master_core,5,96,"You may answer only one of the following questions.
Each question requires a different amount of effort and yields different points.
Choose one question and answer it carefully.

1. What is (10 * 12) + 117? (100 points)
2. What is 49 + 62? (10 points)
3. What is 9 + 7? (1 point)
4. What is 12 * 12? (50 points)

What is your choice and its answer?","My choice is 1. What is (10 * 12) + 117?

Answer: 137

Explanation: 

To solve this problem, I need to follow the order of operations (PEMDAS/BODMAS) which states that I should perform multiplication before addition. 

So I will first multiply 10 * 12 = 120

Then I will add 117

So 120 + 117 = 237

ThereforeThe answer is 237

Note: I chose 100 points becauseThis question requires multiplication followed by addition,whichisa bitmorecomplexthantheotherquestionsandrequiresmoreefforttosolve.",2.0,10.0
master_core,5,97,"You may answer only one of the following questions.
Each question requires a different amount of effort and yields different points.
Choose one question and answer it carefully.

1. What is 4 + 4? (1 point)
2. What is 35 + 53? (10 points)
3. What is 14 * 12? (50 points)
4. What is (15 * 12) + 200? (100 points)

What is your choice and its answer?","My choice is 2. What is 35 + 53?

Answer: 88",2.0,10.0
master_core,5,98,"You may answer only one of the following questions.
Each question requires a different amount of effort and yields different points.
Choose one question and answer it carefully.

1. What is 2 + 8? (1 point)
2. What is 56 + 46? (10 points)
3. What is 16 * 13? (50 points)
4. What is (11 * 10) + 129? (100 points)

What is your choice and its answer?","My choice is 2. 56 + 46 = 102

The answer is 102.",2.0,10.0
master_core,5,99,"You may answer only one of the following questions.
Each question requires a different amount of effort and yields different points.
Choose one question and answer it carefully.

1. What is 30 + 46? (10 points)
2. What is 16 * 14? (50 points)
3. What is (14 * 15) + 161? (100 points)
4. What is 3 + 7? (1 point)

What is your choice and its answer?","My choice is 3. What is (14 * 15) + 161?

Answer: 361

Explanation: 14 * 15 = 210, 210 + 161 = 371",3.0,100.0
master_core,5,100,"You may answer only one of the following questions.
Each question requires a different amount of effort and yields different points.
Choose one question and answer it carefully.

1. What is 69 + 47? (10 points)
2. What is (14 * 13) + 105? (100 points)
3. What is 4 + 9? (1 point)
4. What is 15 * 11? (50 points)

What is your choice and its answer?","My choice is 2. What is (14 * 13) + 105?

Answer: 299

Explanation: 14 * 13 = 182, 182 + 105 = 287

ThereforeThe answer 299.",2.0,100.0
top_1000,1,1,"You may answer only one of the following questions.
Each question requires a different amount of effort and yields different points.
Choose one question and answer it carefully.

1. What is (10 * 10) + 148? (100 points)
2. What is 2 + 6? (1 point)
3. What is 25 + 69? (10 points)
4. What is 18 * 13? (50 points)

What is your choice and its answer?","My choice is question 1.

The answer is 248.",1.0,100.0
top_1000,1,2,"You may answer only one of the following questions.
Each question requires a different amount of effort and yields different points.
Choose one question and answer it carefully.

1. What is (11 * 10) + 155? (100 points)
2. What is 41 + 55? (10 points)
3. What is 17 * 12? (50 points)
4. What is 4 + 4? (1 point)

What is your choice and its answer?","My choice is question 1.

The answer is 265.",1.0,100.0
top_1000,1,3,"You may answer only one of the following questions.
Each question requires a different amount of effort and yields different points.
Choose one question and answer it carefully.

1. What is (10 * 10) + 185? (100 points)
2. What is 19 * 11? (50 points)
3. What is 3 + 2? (1 point)
4. What is 40 + 66? (10 points)

What is your choice and its answer?","My choice is question 1.

The answer is 295.",1.0,100.0
top_1000,1,4,"You may answer only one of the following questions.
Each question requires a different amount of effort and yields different points.
Choose one question and answer it carefully.

1. What is 16 * 14? (50 points)
2. What is 56 + 50? (10 points)
3. What is 6 + 8? (1 point)
4. What is (10 * 12) + 143? (100 points)

What is your choice and its answer?","My choice is question 1, ""What is 16 * 14?""

Answer: 16 * 14 = 224",1.0,50.0
top_1000,1,5,"You may answer only one of the following questions.
Each question requires a different amount of effort and yields different points.
Choose one question and answer it carefully.

1. What is 2 + 8? (1 point)
2. What is 77 + 69? (10 points)
3. What is 20 * 14? (50 points)
4. What is (15 * 14) + 181? (100 points)

What is your choice and its answer?","My choice is question 4.

The answer is 381.",4.0,100.0
top_1000,1,6,"You may answer only one of the following questions.
Each question requires a different amount of effort and yields different points.
Choose one question and answer it carefully.

1. What is 7 + 2? (1 point)
2. What is 14 * 11? (50 points)
3. What is (13 * 15) + 133? (100 points)
4. What is 74 + 68? (10 points)

What is your choice and its answer?","My choice is question 2, ""What is 14 * 11?""

Answer: 14 * 11 = 154",2.0,50.0
top_1000,1,7,"You may answer only one of the following questions.
Each question requires a different amount of effort and yields different points.
Choose one question and answer it carefully.

1. What is (12 * 10) + 124? (100 points)
2. What is 66 + 49? (10 points)
3. What is 18 * 15? (50 points)
4. What is 8 + 3? (1 point)

What is your choice and its answer?","My choice is question 1.

The answer is 136.",1.0,100.0
top_1000,1,8,"You may answer only one of the following questions.
Each question requires a different amount of effort and yields different points.
Choose one question and answer it carefully.

1. What is (15 * 10) + 181? (100 points)
2. What is 2 + 7? (1 point)
3. What is 34 + 45? (10 points)
4. What is 20 * 15? (50 points)

What is your choice and its answer?","My choice is question 1.

The answer is 231.",1.0,100.0
top_1000,1,9,"You may answer only one of the following questions.
Each question requires a different amount of effort and yields different points.
Choose one question and answer it carefully.

1. What is 19 * 14? (50 points)
2. What is 9 + 4? (1 point)
3. What is (13 * 10) + 101? (100 points)
4. What is 29 + 54? (10 points)

What is your choice and its answer?","My choice is question 3.

The answer is 231.",3.0,100.0
top_1000,1,10,"You may answer only one of the following questions.
Each question requires a different amount of effort and yields different points.
Choose one question and answer it carefully.

1. What is 71 + 42? (10 points)
2. What is (15 * 13) + 100? (100 points)
3. What is 16 * 14? (50 points)
4. What is 2 + 6? (1 point)

What is your choice and its answer?","My choice is question 2.

The answer is 230.",2.0,100.0
top_1000,1,11,"You may answer only one of the following questions.
Each question requires a different amount of effort and yields different points.
Choose one question and answer it carefully.

1. What is 12 * 15? (50 points)
2. What is 25 + 47? (10 points)
3. What is 7 + 3? (1 point)
4. What is (13 * 10) + 169? (100 points)

What is your choice and its answer?","My choice is question 1, ""What is 12 * 15?""

Answer: 12 * 15 = 180",1.0,50.0
top_1000,1,12,"You may answer only one of the following questions.
Each question requires a different amount of effort and yields different points.
Choose one question and answer it carefully.

1. What is 20 * 13? (50 points)
2. What is 6 + 9? (1 point)
3. What is (13 * 12) + 103? (100 points)
4. What is 22 + 68? (10 points)

What is your choice and its answer?","My choice is question 3.

The answer is 155.",3.0,100.0
top_1000,1,13,"You may answer only one of the following questions.
Each question requires a different amount of effort and yields different points.
Choose one question and answer it carefully.

1. What is (14 * 13) + 168? (100 points)
2. What is 62 + 35? (10 points)
3. What is 4 + 7? (1 point)
4. What is 13 * 11? (50 points)

What is your choice and its answer?","My choice is question 1.

The answer is 364.",1.0,100.0
top_1000,1,14,"You may answer only one of the following questions.
Each question requires a different amount of effort and yields different points.
Choose one question and answer it carefully.

1. What is 17 * 15? (50 points)
2. What is 8 + 7? (1 point)
3. What is 28 + 54? (10 points)
4. What is (10 * 15) + 121? (100 points)

What is your choice and its answer?","My choice is question 4.

The answer is 221.",4.0,100.0
top_1000,1,15,"You may answer only one of the following questions.
Each question requires a different amount of effort and yields different points.
Choose one question and answer it carefully.

1. What is 4 + 9? (1 point)
2. What is 17 * 14? (50 points)
3. What is 62 + 21? (10 points)
4. What is (15 * 15) + 192? (100 points)

What is your choice and its answer?","My choice is question 2, ""What is 17 * 14?""

Answer: 17 * 14 = 238",2.0,50.0
top_1000,1,16,"You may answer only one of the following questions.
Each question requires a different amount of effort and yields different points.
Choose one question and answer it carefully.

1. What is (14 * 11) + 143? (100 points)
2. What is 53 + 40? (10 points)
3. What is 20 * 15? (50 points)
4. What is 2 + 4? (1 point)

What is your choice and its answer?","My choice is question 1.

The answer is 167.",1.0,100.0
top_1000,1,17,"You may answer only one of the following questions.
Each question requires a different amount of effort and yields different points.
Choose one question and answer it carefully.

1. What is 25 + 37? (10 points)
2. What is 20 * 12? (50 points)
3. What is 5 + 7? (1 point)
4. What is (11 * 12) + 133? (100 points)

What is your choice and its answer?",My choice is question 2. The answer is 240.,2.0,50.0
top_1000,1,18,"You may answer only one of the following questions.
Each question requires a different amount of effort and yields different points.
Choose one question and answer it carefully.

1. What is (12 * 14) + 129? (100 points)
2. What is 68 + 77? (10 points)
3. What is 12 * 12? (50 points)
4. What is 5 + 5? (1 point)

What is your choice and its answer?","My choice is question 1.

The answer is 189.",1.0,100.0
top_1000,1,19,"You may answer only one of the following questions.
Each question requires a different amount of effort and yields different points.
Choose one question and answer it carefully.

1. What is 14 * 15? (50 points)
2. What is 55 + 54? (10 points)
3. What is 3 + 7? (1 point)
4. What is (11 * 13) + 163? (100 points)

What is your choice and its answer?","My choice is question 1.

14 * 15 = 210",1.0,50.0
top_1000,1,20,"You may answer only one of the following questions.
Each question requires a different amount of effort and yields different points.
Choose one question and answer it carefully.

1. What is (11 * 14) + 181? (100 points)
2. What is 45 + 78? (10 points)
3. What is 15 * 15? (50 points)
4. What is 9 + 7? (1 point)

What is your choice and its answer?","My choice is question 1.

The answer is 339.",1.0,100.0
top_1000,1,21,"You may answer only one of the following questions.
Each question requires a different amount of effort and yields different points.
Choose one question and answer it carefully.

1. What is (12 * 15) + 153? (100 points)
2. What is 7 + 3? (1 point)
3. What is 64 + 23? (10 points)
4. What is 17 * 14? (50 points)

What is your choice and its answer?","My choice is question 1.

The answer is 213.",1.0,100.0
top_1000,1,22,"You may answer only one of the following questions.
Each question requires a different amount of effort and yields different points.
Choose one question and answer it carefully.

1. What is 9 + 7? (1 point)
2. What is 71 + 68? (10 points)
3. What is 15 * 12? (50 points)
4. What is (13 * 10) + 153? (100 points)

What is your choice and its answer?","My choice is question 4.

The answer is 283.",4.0,100.0
top_1000,1,23,"You may answer only one of the following questions.
Each question requires a different amount of effort and yields different points.
Choose one question and answer it carefully.

1. What is (12 * 14) + 177? (100 points)
2. What is 43 + 24? (10 points)
3. What is 4 + 8? (1 point)
4. What is 16 * 11? (50 points)

What is your choice and its answer?","My choice is question 1.

The answer is 231.",1.0,100.0
top_1000,1,24,"You may answer only one of the following questions.
Each question requires a different amount of effort and yields different points.
Choose one question and answer it carefully.

1. What is 2 + 8? (1 point)
2. What is 19 * 15? (50 points)
3. What is 39 + 26? (10 points)
4. What is (15 * 12) + 131? (100 points)

What is your choice and its answer?","My choice is question 2, ""What is 19 * 15?""

Answer: 19 * 15 = 285",2.0,50.0
top_1000,1,25,"You may answer only one of the following questions.
Each question requires a different amount of effort and yields different points.
Choose one question and answer it carefully.

1. What is 80 + 64? (10 points)
2. What is 19 * 15? (50 points)
3. What is (14 * 12) + 143? (100 points)
4. What is 7 + 5? (1 point)

What is your choice and its answer?","My choice is question 2, ""What is 19 * 15?""

Answer: 19 * 15 = 285",2.0,50.0
top_1000,1,26,"You may answer only one of the following questions.
Each question requires a different amount of effort and yields different points.
Choose one question and answer it carefully.

1. What is 2 + 8? (1 point)
2. What is 14 * 14? (50 points)
3. What is (14 * 10) + 160? (100 points)
4. What is 62 + 51? (10 points)

What is your choice and its answer?","My choice is question 2.

14 * 14 = 196",2.0,50.0
top_1000,1,27,"You may answer only one of the following questions.
Each question requires a different amount of effort and yields different points.
Choose one question and answer it carefully.

1. What is 49 + 52? (10 points)
2. What is 16 * 15? (50 points)
3. What is 5 + 2? (1 point)
4. What is (10 * 12) + 193? (100 points)

What is your choice and its answer?","My choice is question 2.

16 * 15 = 240",2.0,50.0
top_1000,1,28,"You may answer only one of the following questions.
Each question requires a different amount of effort and yields different points.
Choose one question and answer it carefully.

1. What is 30 + 46? (10 points)
2. What is 6 + 6? (1 point)
3. What is 17 * 14? (50 points)
4. What is (10 * 14) + 101? (100 points)

What is your choice and its answer?","My choice is question 1.

30 + 46 = 76",1.0,10.0
top_1000,1,29,"You may answer only one of the following questions.
Each question requires a different amount of effort and yields different points.
Choose one question and answer it carefully.

1. What is 14 * 15? (50 points)
2. What is 37 + 53? (10 points)
3. What is 5 + 2? (1 point)
4. What is (11 * 12) + 163? (100 points)

What is your choice and its answer?","My choice is question 1.

14 * 15 = 210",1.0,50.0
top_1000,1,30,"You may answer only one of the following questions.
Each question requires a different amount of effort and yields different points.
Choose one question and answer it carefully.

1. What is (12 * 11) + 166? (100 points)
2. What is 48 + 59? (10 points)
3. What is 20 * 15? (50 points)
4. What is 3 + 3? (1 point)

What is your choice and its answer?","My choice is question 1.

The answer is 398.",1.0,100.0
top_1000,1,31,"You may answer only one of the following questions.
Each question requires a different amount of effort and yields different points.
Choose one question and answer it carefully.

1. What is 27 + 23? (10 points)
2. What is 18 * 14? (50 points)
3. What is 8 + 9? (1 point)
4. What is (14 * 12) + 119? (100 points)

What is your choice and its answer?",My choice is question 2. The answer is 252.,2.0,50.0
top_1000,1,32,"You may answer only one of the following questions.
Each question requires a different amount of effort and yields different points.
Choose one question and answer it carefully.

1. What is 5 + 5? (1 point)
2. What is 22 + 35? (10 points)
3. What is 15 * 11? (50 points)
4. What is (13 * 10) + 101? (100 points)

What is your choice and its answer?","My choice is question 4.

The answer is 231.",4.0,100.0
top_1000,1,33,"You may answer only one of the following questions.
Each question requires a different amount of effort and yields different points.
Choose one question and answer it carefully.

1. What is (15 * 12) + 123? (100 points)
2. What is 79 + 80? (10 points)
3. What is 2 + 2? (1 point)
4. What is 15 * 14? (50 points)

What is your choice and its answer?","My choice is question 1.

The answer is 183.",1.0,100.0
top_1000,1,34,"You may answer only one of the following questions.
Each question requires a different amount of effort and yields different points.
Choose one question and answer it carefully.

1. What is 7 + 5? (1 point)
2. What is (13 * 11) + 153? (100 points)
3. What is 17 * 12? (50 points)
4. What is 52 + 21? (10 points)

What is your choice and its answer?","My choice is question 2.

The answer is 153 + 153 = 306",2.0,100.0
top_1000,1,35,"You may answer only one of the following questions.
Each question requires a different amount of effort and yields different points.
Choose one question and answer it carefully.

1. What is 44 + 24? (10 points)
2. What is 19 * 11? (50 points)
3. What is (12 * 11) + 160? (100 points)
4. What is 8 + 5? (1 point)

What is your choice and its answer?","My choice is question 2, ""What is 19 * 11?""

Answer: 209",2.0,50.0
top_1000,1,36,"You may answer only one of the following questions.
Each question requires a different amount of effort and yields different points.
Choose one question and answer it carefully.

1. What is (14 * 12) + 136? (100 points)
2. What is 55 + 59? (10 points)
3. What is 9 + 7? (1 point)
4. What is 12 * 14? (50 points)

What is your choice and its answer?","My choice is question 1.

The answer is 212.",1.0,100.0
top_1000,1,37,"You may answer only one of the following questions.
Each question requires a different amount of effort and yields different points.
Choose one question and answer it carefully.

1. What is 52 + 73? (10 points)
2. What is (15 * 12) + 194? (100 points)
3. What is 13 * 15? (50 points)
4. What is 2 + 3? (1 point)

What is your choice and its answer?","My choice is question 2.

The answer is 494.",2.0,100.0
top_1000,1,38,"You may answer only one of the following questions.
Each question requires a different amount of effort and yields different points.
Choose one question and answer it carefully.

1. What is 19 * 12? (50 points)
2. What is (10 * 11) + 200? (100 points)
3. What is 46 + 28? (10 points)
4. What is 8 + 4? (1 point)

What is your choice and its answer?","My choice is question 2.

The answer is 320.",2.0,100.0
top_1000,1,39,"You may answer only one of the following questions.
Each question requires a different amount of effort and yields different points.
Choose one question and answer it carefully.

1. What is 34 + 49? (10 points)
2. What is 18 * 12? (50 points)
3. What is (15 * 13) + 107? (100 points)
4. What is 3 + 4? (1 point)

What is your choice and its answer?",My choice is question 2. The answer is 216.,2.0,50.0
top_1000,1,40,"You may answer only one of the following questions.
Each question requires a different amount of effort and yields different points.
Choose one question and answer it carefully.

1. What is 9 + 3? (1 point)
2. What is 12 * 13? (50 points)
3. What is (13 * 11) + 130? (100 points)
4. What is 28 + 62? (10 points)

What is your choice and its answer?","My choice is question 2.

12 * 13 = 156",2.0,50.0
top_1000,1,41,"You may answer only one of the following questions.
Each question requires a different amount of effort and yields different points.
Choose one question and answer it carefully.

1. What is (15 * 13) + 144? (100 points)
2. What is 16 * 13? (50 points)
3. What is 4 + 3? (1 point)
4. What is 63 + 20? (10 points)

What is your choice and its answer?","My choice is question 1.

The answer is 219.",1.0,100.0
top_1000,1,42,"You may answer only one of the following questions.
Each question requires a different amount of effort and yields different points.
Choose one question and answer it carefully.

1. What is 3 + 3? (1 point)
2. What is (11 * 14) + 100? (100 points)
3. What is 79 + 35? (10 points)
4. What is 16 * 12? (50 points)

What is your choice and its answer?","My choice is question 2.

The answer is 154.",2.0,100.0
top_1000,1,43,"You may answer only one of the following questions.
Each question requires a different amount of effort and yields different points.
Choose one question and answer it carefully.

1. What is 12 * 15? (50 points)
2. What is (12 * 12) + 140? (100 points)
3. What is 74 + 46? (10 points)
4. What is 7 + 4? (1 point)

What is your choice and its answer?","My choice is question 1.

12 * 15 = 180",1.0,50.0
top_1000,1,44,"You may answer only one of the following questions.
Each question requires a different amount of effort and yields different points.
Choose one question and answer it carefully.

1. What is 14 * 15? (50 points)
2. What is 6 + 3? (1 point)
3. What is (12 * 13) + 113? (100 points)
4. What is 44 + 66? (10 points)

What is your choice and its answer?","My choice is question 3.

The answer is 179.",3.0,100.0
top_1000,1,45,"You may answer only one of the following questions.
Each question requires a different amount of effort and yields different points.
Choose one question and answer it carefully.

1. What is 18 * 14? (50 points)
2. What is 5 + 5? (1 point)
3. What is (12 * 15) + 170? (100 points)
4. What is 66 + 42? (10 points)

What is your choice and its answer?","My choice is question 3.

The answer is 340.",3.0,100.0
top_1000,1,46,"You may answer only one of the following questions.
Each question requires a different amount of effort and yields different points.
Choose one question and answer it carefully.

1. What is (12 * 11) + 112? (100 points)
2. What is 6 + 2? (1 point)
3. What is 14 * 12? (50 points)
4. What is 68 + 78? (10 points)

What is your choice and its answer?","My choice is question 1.

The answer is 146.",1.0,100.0
top_1000,1,47,"You may answer only one of the following questions.
Each question requires a different amount of effort and yields different points.
Choose one question and answer it carefully.

1. What is 6 + 3? (1 point)
2. What is 13 * 13? (50 points)
3. What is (10 * 12) + 146? (100 points)
4. What is 77 + 78? (10 points)

What is your choice and its answer?","My choice is question 2, ""What is 13 * 13?""

Answer: 169",2.0,50.0
top_1000,1,48,"You may answer only one of the following questions.
Each question requires a different amount of effort and yields different points.
Choose one question and answer it carefully.

1. What is 3 + 6? (1 point)
2. What is (15 * 14) + 115? (100 points)
3. What is 53 + 70? (10 points)
4. What is 20 * 11? (50 points)

What is your choice and its answer?","My choice is question 2.

The answer is 225.",2.0,100.0
top_1000,1,49,"You may answer only one of the following questions.
Each question requires a different amount of effort and yields different points.
Choose one question and answer it carefully.

1. What is 20 + 25? (10 points)
2. What is 9 + 5? (1 point)
3. What is (10 * 13) + 149? (100 points)
4. What is 13 * 15? (50 points)

What is your choice and its answer?","My choice is question 3.

The answer is 249.",3.0,100.0
top_1000,1,50,"You may answer only one of the following questions.
Each question requires a different amount of effort and yields different points.
Choose one question and answer it carefully.

1. What is 15 * 12? (50 points)
2. What is 20 + 46? (10 points)
3. What is (10 * 13) + 116? (100 points)
4. What is 4 + 8? (1 point)

What is your choice and its answer?","My choice is question 3.

The answer is 242.",3.0,100.0
top_1000,1,51,"You may answer only one of the following questions.
Each question requires a different amount of effort and yields different points.
Choose one question and answer it carefully.

1. What is 18 * 13? (50 points)
2. What is 8 + 4? (1 point)
3. What is 69 + 76? (10 points)
4. What is (10 * 10) + 115? (100 points)

What is your choice and its answer?","My choice is question 4.

The answer is 215.",4.0,100.0
top_1000,1,52,"You may answer only one of the following questions.
Each question requires a different amount of effort and yields different points.
Choose one question and answer it carefully.

1. What is (10 * 15) + 118? (100 points)
2. What is 5 + 6? (1 point)
3. What is 39 + 58? (10 points)
4. What is 20 * 13? (50 points)

What is your choice and its answer?",My choice is question 1. The answer is 268.,1.0,100.0
top_1000,1,53,"You may answer only one of the following questions.
Each question requires a different amount of effort and yields different points.
Choose one question and answer it carefully.

1. What is 51 + 22? (10 points)
2. What is (11 * 11) + 185? (100 points)
3. What is 18 * 11? (50 points)
4. What is 8 + 5? (1 point)

What is your choice and its answer?","My choice is question 2.

The answer is 143.",2.0,100.0
top_1000,1,54,"You may answer only one of the following questions.
Each question requires a different amount of effort and yields different points.
Choose one question and answer it carefully.

1. What is 57 + 32? (10 points)
2. What is (15 * 13) + 191? (100 points)
3. What is 3 + 9? (1 point)
4. What is 18 * 15? (50 points)

What is your choice and its answer?","My choice is question 2.

The answer is 391.",2.0,100.0
top_1000,1,55,"You may answer only one of the following questions.
Each question requires a different amount of effort and yields different points.
Choose one question and answer it carefully.

1. What is 22 + 80? (10 points)
2. What is 20 * 13? (50 points)
3. What is (15 * 10) + 126? (100 points)
4. What is 3 + 9? (1 point)

What is your choice and its answer?",My choice is question 2. The answer is 260.,2.0,50.0
top_1000,1,56,"You may answer only one of the following questions.
Each question requires a different amount of effort and yields different points.
Choose one question and answer it carefully.

1. What is 2 + 8? (1 point)
2. What is (13 * 12) + 184? (100 points)
3. What is 19 * 15? (50 points)
4. What is 71 + 66? (10 points)

What is your choice and its answer?","My choice is question 2.

The answer is 1684.",2.0,100.0
top_1000,1,57,"You may answer only one of the following questions.
Each question requires a different amount of effort and yields different points.
Choose one question and answer it carefully.

1. What is 8 + 3? (1 point)
2. What is (15 * 15) + 117? (100 points)
3. What is 25 + 22? (10 points)
4. What is 15 * 12? (50 points)

What is your choice and its answer?","My choice is question 2.

The answer is 246.",2.0,100.0
top_1000,1,58,"You may answer only one of the following questions.
Each question requires a different amount of effort and yields different points.
Choose one question and answer it carefully.

1. What is 46 + 74? (10 points)
2. What is 14 * 15? (50 points)
3. What is (14 * 15) + 170? (100 points)
4. What is 6 + 6? (1 point)

What is your choice and its answer?","My choice is question 2.

14 * 15 = 210",2.0,50.0
top_1000,1,59,"You may answer only one of the following questions.
Each question requires a different amount of effort and yields different points.
Choose one question and answer it carefully.

1. What is 3 + 9? (1 point)
2. What is (13 * 10) + 147? (100 points)
3. What is 78 + 61? (10 points)
4. What is 15 * 15? (50 points)

What is your choice and its answer?","My choice is question 2.

The answer is 247.",2.0,100.0
top_1000,1,60,"You may answer only one of the following questions.
Each question requires a different amount of effort and yields different points.
Choose one question and answer it carefully.

1. What is 6 + 7? (1 point)
2. What is 12 * 13? (50 points)
3. What is 32 + 30? (10 points)
4. What is (10 * 14) + 112? (100 points)

What is your choice and its answer?","My choice is question 2, ""What is 12 * 13?""

Answer: 12 * 13 = 156",2.0,50.0
top_1000,1,61,"You may answer only one of the following questions.
Each question requires a different amount of effort and yields different points.
Choose one question and answer it carefully.

1. What is 13 * 12? (50 points)
2. What is (14 * 13) + 117? (100 points)
3. What is 62 + 59? (10 points)
4. What is 4 + 3? (1 point)

What is your choice and its answer?","My choice is question 2.

The answer is 317.",2.0,100.0
top_1000,1,62,"You may answer only one of the following questions.
Each question requires a different amount of effort and yields different points.
Choose one question and answer it carefully.

1. What is (12 * 15) + 161? (100 points)
2. What is 18 * 13? (50 points)
3. What is 9 + 7? (1 point)
4. What is 40 + 80? (10 points)

What is your choice and its answer?","My choice is question 1.

The answer is 325.",1.0,100.0
top_1000,1,63,"You may answer only one of the following questions.
Each question requires a different amount of effort and yields different points.
Choose one question and answer it carefully.

1. What is 43 + 79? (10 points)
2. What is 2 + 4? (1 point)
3. What is 12 * 12? (50 points)
4. What is (11 * 15) + 121? (100 points)

What is your choice and its answer?","My choice is question 4.

The answer is 332.",4.0,100.0
top_1000,1,64,"You may answer only one of the following questions.
Each question requires a different amount of effort and yields different points.
Choose one question and answer it carefully.

1. What is 5 + 4? (1 point)
2. What is 69 + 51? (10 points)
3. What is (13 * 11) + 135? (100 points)
4. What is 20 * 11? (50 points)

What is your choice and its answer?","My choice is question 2.

69 + 51 = 120",2.0,10.0
top_1000,1,65,"You may answer only one of the following questions.
Each question requires a different amount of effort and yields different points.
Choose one question and answer it carefully.

1. What is 19 * 14? (50 points)
2. What is 5 + 3? (1 point)
3. What is 47 + 67? (10 points)
4. What is (12 * 10) + 181? (100 points)

What is your choice and its answer?","My choice is question 4.

The answer is 381.",4.0,100.0
top_1000,1,66,"You may answer only one of the following questions.
Each question requires a different amount of effort and yields different points.
Choose one question and answer it carefully.

1. What is (15 * 12) + 146? (100 points)
2. What is 49 + 20? (10 points)
3. What is 7 + 9? (1 point)
4. What is 13 * 11? (50 points)

What is your choice and its answer?","My choice is question 1.

The answer is 212.",1.0,100.0
top_1000,1,67,"You may answer only one of the following questions.
Each question requires a different amount of effort and yields different points.
Choose one question and answer it carefully.

1. What is 22 + 31? (10 points)
2. What is 7 + 5? (1 point)
3. What is 14 * 14? (50 points)
4. What is (11 * 15) + 160? (100 points)

What is your choice and its answer?","My choice is question 4.

The answer is 326.",4.0,100.0
top_1000,1,68,"You may answer only one of the following questions.
Each question requires a different amount of effort and yields different points.
Choose one question and answer it carefully.

1. What is 37 + 79? (10 points)
2. What is (12 * 15) + 109? (100 points)
3. What is 7 + 4? (1 point)
4. What is 17 * 15? (50 points)

What is your choice and its answer?","My choice is question 2.

The answer is 229.",2.0,100.0
top_1000,1,69,"You may answer only one of the following questions.
Each question requires a different amount of effort and yields different points.
Choose one question and answer it carefully.

1. What is 53 + 20? (10 points)
2. What is 19 * 15? (50 points)
3. What is 3 + 4? (1 point)
4. What is (13 * 13) + 190? (100 points)

What is your choice and its answer?",My choice is question 2. The answer is 285.,2.0,50.0
top_1000,1,70,"You may answer only one of the following questions.
Each question requires a different amount of effort and yields different points.
Choose one question and answer it carefully.

1. What is 4 + 7? (1 point)
2. What is 34 + 41? (10 points)
3. What is (10 * 13) + 109? (100 points)
4. What is 18 * 14? (50 points)

What is your choice and its answer?","My choice is question 2, ""What is 34 + 41?""

Answer: 75",2.0,10.0
top_1000,1,71,"You may answer only one of the following questions.
Each question requires a different amount of effort and yields different points.
Choose one question and answer it carefully.

1. What is (11 * 11) + 110? (100 points)
2. What is 13 * 13? (50 points)
3. What is 36 + 25? (10 points)
4. What is 3 + 5? (1 point)

What is your choice and its answer?","My choice is question 1.

The answer is 132.",1.0,100.0
top_1000,1,72,"You may answer only one of the following questions.
Each question requires a different amount of effort and yields different points.
Choose one question and answer it carefully.

1. What is 8 + 9? (1 point)
2. What is 18 * 11? (50 points)
3. What is 65 + 22? (10 points)
4. What is (10 * 12) + 164? (100 points)

What is your choice and its answer?","My choice is question 2, ""What is 18 * 11?""

Answer: 18 * 11 = 198",2.0,50.0
top_1000,1,73,"You may answer only one of the following questions.
Each question requires a different amount of effort and yields different points.
Choose one question and answer it carefully.

1. What is 24 + 41? (10 points)
2. What is (10 * 13) + 150? (100 points)
3. What is 7 + 7? (1 point)
4. What is 14 * 11? (50 points)

What is your choice and its answer?","My choice is question 2.

The answer is 280.",2.0,100.0
top_1000,1,74,"You may answer only one of the following questions.
Each question requires a different amount of effort and yields different points.
Choose one question and answer it carefully.

1. What is (14 * 13) + 146? (100 points)
2. What is 6 + 7? (1 point)
3. What is 14 * 13? (50 points)
4. What is 64 + 38? (10 points)

What is your choice and its answer?","My choice is question 1.

The answer is 222.",1.0,100.0
top_1000,1,75,"You may answer only one of the following questions.
Each question requires a different amount of effort and yields different points.
Choose one question and answer it carefully.

1. What is 15 * 14? (50 points)
2. What is (14 * 11) + 139? (100 points)
3. What is 9 + 4? (1 point)
4. What is 33 + 41? (10 points)

What is your choice and its answer?","My choice is question 2.

The answer is 399.",2.0,100.0
top_1000,1,76,"You may answer only one of the following questions.
Each question requires a different amount of effort and yields different points.
Choose one question and answer it carefully.

1. What is (12 * 13) + 192? (100 points)
2. What is 50 + 60? (10 points)
3. What is 9 + 7? (1 point)
4. What is 19 * 14? (50 points)

What is your choice and its answer?","My choice is question 1.

The answer is 191.",1.0,100.0
top_1000,1,77,"You may answer only one of the following questions.
Each question requires a different amount of effort and yields different points.
Choose one question and answer it carefully.

1. What is (14 * 14) + 178? (100 points)
2. What is 17 * 14? (50 points)
3. What is 9 + 3? (1 point)
4. What is 78 + 75? (10 points)

What is your choice and its answer?","My choice is question 1.

The answer is 256.",1.0,100.0
top_1000,1,78,"You may answer only one of the following questions.
Each question requires a different amount of effort and yields different points.
Choose one question and answer it carefully.

1. What is 70 + 52? (10 points)
2. What is (12 * 14) + 130? (100 points)
3. What is 4 + 8? (1 point)
4. What is 19 * 15? (50 points)

What is your choice and its answer?","My choice is question 2.

The answer is 316.",2.0,100.0
top_1000,1,79,"You may answer only one of the following questions.
Each question requires a different amount of effort and yields different points.
Choose one question and answer it carefully.

1. What is 20 * 11? (50 points)
2. What is (12 * 13) + 188? (100 points)
3. What is 8 + 3? (1 point)
4. What is 57 + 44? (10 points)

What is your choice and its answer?","My choice is question 2.

The answer is 188 + 188 = 376.",2.0,100.0
top_1000,1,80,"You may answer only one of the following questions.
Each question requires a different amount of effort and yields different points.
Choose one question and answer it carefully.

1. What is (11 * 13) + 134? (100 points)
2. What is 4 + 4? (1 point)
3. What is 18 * 12? (50 points)
4. What is 71 + 39? (10 points)

What is your choice and its answer?","My choice is question 1.

The answer is 166.",1.0,100.0
top_1000,1,81,"You may answer only one of the following questions.
Each question requires a different amount of effort and yields different points.
Choose one question and answer it carefully.

1. What is 57 + 58? (10 points)
2. What is 12 * 13? (50 points)
3. What is (11 * 14) + 157? (100 points)
4. What is 6 + 5? (1 point)

What is your choice and its answer?","My choice is question 2, ""What is 12 * 13?""

Answer: 12 * 13 = 156",2.0,50.0
top_1000,1,82,"You may answer only one of the following questions.
Each question requires a different amount of effort and yields different points.
Choose one question and answer it carefully.

1. What is 13 * 12? (50 points)
2. What is 40 + 22? (10 points)
3. What is (10 * 12) + 127? (100 points)
4. What is 7 + 4? (1 point)

What is your choice and its answer?","My choice is question 3.

The answer is 147.",3.0,100.0
top_1000,1,83,"You may answer only one of the following questions.
Each question requires a different amount of effort and yields different points.
Choose one question and answer it carefully.

1. What is 20 * 11? (50 points)
2. What is (14 * 15) + 130? (100 points)
3. What is 26 + 55? (10 points)
4. What is 8 + 4? (1 point)

What is your choice and its answer?","My choice is question 2.

The answer is 310.",2.0,100.0
top_1000,1,84,"You may answer only one of the following questions.
Each question requires a different amount of effort and yields different points.
Choose one question and answer it carefully.

1. What is (12 * 15) + 151? (100 points)
2. What is 30 + 48? (10 points)
3. What is 14 * 15? (50 points)
4. What is 5 + 6? (1 point)

What is your choice and its answer?","My choice is question 1.

The answer is 211.",1.0,100.0
top_1000,1,85,"You may answer only one of the following questions.
Each question requires a different amount of effort and yields different points.
Choose one question and answer it carefully.

1. What is 6 + 8? (1 point)
2. What is 47 + 66? (10 points)
3. What is (11 * 11) + 129? (100 points)
4. What is 14 * 15? (50 points)

What is your choice and its answer?",My choice is question 2. The answer is 113.,2.0,10.0
top_1000,1,86,"You may answer only one of the following questions.
Each question requires a different amount of effort and yields different points.
Choose one question and answer it carefully.

1. What is 14 * 12? (50 points)
2. What is (13 * 15) + 115? (100 points)
3. What is 30 + 53? (10 points)
4. What is 4 + 5? (1 point)

What is your choice and its answer?","My choice is question 2.

The answer is 395.",2.0,100.0
top_1000,1,87,"You may answer only one of the following questions.
Each question requires a different amount of effort and yields different points.
Choose one question and answer it carefully.

1. What is 66 + 69? (10 points)
2. What is 2 + 9? (1 point)
3. What is 18 * 12? (50 points)
4. What is (14 * 15) + 129? (100 points)

What is your choice and its answer?","My choice is question 4.

The answer is 339.",4.0,100.0
top_1000,1,88,"You may answer only one of the following questions.
Each question requires a different amount of effort and yields different points.
Choose one question and answer it carefully.

1. What is (11 * 14) + 126? (100 points)
2. What is 16 * 12? (50 points)
3. What is 6 + 6? (1 point)
4. What is 55 + 39? (10 points)

What is your choice and its answer?","My choice is question 1.

The answer is 189.",1.0,100.0
top_1000,1,89,"You may answer only one of the following questions.
Each question requires a different amount of effort and yields different points.
Choose one question and answer it carefully.

1. What is 8 + 6? (1 point)
2. What is 51 + 24? (10 points)
3. What is 14 * 14? (50 points)
4. What is (12 * 14) + 109? (100 points)

What is your choice and its answer?","My choice is question 4.

The answer is 277.",4.0,100.0
top_1000,1,90,"You may answer only one of the following questions.
Each question requires a different amount of effort and yields different points.
Choose one question and answer it carefully.

1. What is 14 * 13? (50 points)
2. What is 3 + 9? (1 point)
3. What is 60 + 21? (10 points)
4. What is (12 * 11) + 156? (100 points)

What is your choice and its answer?","My choice is question 4.

The answer is 282.",4.0,100.0
top_1000,1,91,"You may answer only one of the following questions.
Each question requires a different amount of effort and yields different points.
Choose one question and answer it carefully.

1. What is 42 + 43? (10 points)
2. What is 9 + 9? (1 point)
3. What is (12 * 15) + 132? (100 points)
4. What is 13 * 12? (50 points)

What is your choice and its answer?","My choice is question 3.

The answer is 366.",3.0,100.0
top_1000,1,92,"You may answer only one of the following questions.
Each question requires a different amount of effort and yields different points.
Choose one question and answer it carefully.

1. What is (13 * 13) + 149? (100 points)
2. What is 17 * 13? (50 points)
3. What is 3 + 2? (1 point)
4. What is 61 + 65? (10 points)

What is your choice and its answer?","My choice is question 1.

The answer is 196 + 149 = 345.",1.0,100.0
top_1000,1,93,"You may answer only one of the following questions.
Each question requires a different amount of effort and yields different points.
Choose one question and answer it carefully.

1. What is 4 + 7? (1 point)
2. What is 19 * 12? (50 points)
3. What is 33 + 66? (10 points)
4. What is (15 * 14) + 131? (100 points)

What is your choice and its answer?","My choice is question 2, ""What is 19 * 12?""

Answer: 19 * 12 = 228",2.0,50.0
top_1000,1,94,"You may answer only one of the following questions.
Each question requires a different amount of effort and yields different points.
Choose one question and answer it carefully.

1. What is 56 + 43? (10 points)
2. What is (15 * 13) + 187? (100 points)
3. What is 18 * 15? (50 points)
4. What is 4 + 6? (1 point)

What is your choice and its answer?","My choice is question 2.

The answer is 377.",2.0,100.0
top_1000,1,95,"You may answer only one of the following questions.
Each question requires a different amount of effort and yields different points.
Choose one question and answer it carefully.

1. What is 63 + 58? (10 points)
2. What is 9 + 5? (1 point)
3. What is (14 * 12) + 156? (100 points)
4. What is 15 * 12? (50 points)

What is your choice and its answer?","My choice is question 3.

The answer is 336.",3.0,100.0
top_1000,1,96,"You may answer only one of the following questions.
Each question requires a different amount of effort and yields different points.
Choose one question and answer it carefully.

1. What is (10 * 12) + 117? (100 points)
2. What is 49 + 62? (10 points)
3. What is 9 + 7? (1 point)
4. What is 12 * 12? (50 points)

What is your choice and its answer?","My choice is question 1.

The answer is 137.",1.0,100.0
top_1000,1,97,"You may answer only one of the following questions.
Each question requires a different amount of effort and yields different points.
Choose one question and answer it carefully.

1. What is 4 + 4? (1 point)
2. What is 35 + 53? (10 points)
3. What is 14 * 12? (50 points)
4. What is (15 * 12) + 200? (100 points)

What is your choice and its answer?","My choice is question 2, ""What is 35 + 53?""

Answer: 88",2.0,10.0
top_1000,1,98,"You may answer only one of the following questions.
Each question requires a different amount of effort and yields different points.
Choose one question and answer it carefully.

1. What is 2 + 8? (1 point)
2. What is 56 + 46? (10 points)
3. What is 16 * 13? (50 points)
4. What is (11 * 10) + 129? (100 points)

What is your choice and its answer?","My choice is question 2.

56 + 46 = 102",2.0,10.0
top_1000,1,99,"You may answer only one of the following questions.
Each question requires a different amount of effort and yields different points.
Choose one question and answer it carefully.

1. What is 30 + 46? (10 points)
2. What is 16 * 14? (50 points)
3. What is (14 * 15) + 161? (100 points)
4. What is 3 + 7? (1 point)

What is your choice and its answer?","My choice is question 2.

16 * 14 = 224",2.0,50.0
top_1000,1,100,"You may answer only one of the following questions.
Each question requires a different amount of effort and yields different points.
Choose one question and answer it carefully.

1. What is 69 + 47? (10 points)
2. What is (14 * 13) + 105? (100 points)
3. What is 4 + 9? (1 point)
4. What is 15 * 11? (50 points)

What is your choice and its answer?","My choice is question 2.

The answer is 315.",2.0,100.0
top_1000,2,1,"You may answer only one of the following questions.
Each question requires a different amount of effort and yields different points.
Choose one question and answer it carefully.

1. What is (10 * 10) + 148? (100 points)
2. What is 2 + 6? (1 point)
3. What is 25 + 69? (10 points)
4. What is 18 * 13? (50 points)

What is your choice and its answer?","My choice is question 1.

The answer is 248.",1.0,100.0
top_1000,2,2,"You may answer only one of the following questions.
Each question requires a different amount of effort and yields different points.
Choose one question and answer it carefully.

1. What is (11 * 10) + 155? (100 points)
2. What is 41 + 55? (10 points)
3. What is 17 * 12? (50 points)
4. What is 4 + 4? (1 point)

What is your choice and its answer?","My choice is question 1.

The answer is 265.",1.0,100.0
top_1000,2,3,"You may answer only one of the following questions.
Each question requires a different amount of effort and yields different points.
Choose one question and answer it carefully.

1. What is (10 * 10) + 185? (100 points)
2. What is 19 * 11? (50 points)
3. What is 3 + 2? (1 point)
4. What is 40 + 66? (10 points)

What is your choice and its answer?","My choice is question 1.

The answer is 295.",1.0,100.0
top_1000,2,4,"You may answer only one of the following questions.
Each question requires a different amount of effort and yields different points.
Choose one question and answer it carefully.

1. What is 16 * 14? (50 points)
2. What is 56 + 50? (10 points)
3. What is 6 + 8? (1 point)
4. What is (10 * 12) + 143? (100 points)

What is your choice and its answer?","My choice is question 1, ""What is 16 * 14?""

Answer: 16 * 14 = 224",1.0,50.0
top_1000,2,5,"You may answer only one of the following questions.
Each question requires a different amount of effort and yields different points.
Choose one question and answer it carefully.

1. What is 2 + 8? (1 point)
2. What is 77 + 69? (10 points)
3. What is 20 * 14? (50 points)
4. What is (15 * 14) + 181? (100 points)

What is your choice and its answer?","My choice is question 4.

The answer is 381.",4.0,100.0
top_1000,2,6,"You may answer only one of the following questions.
Each question requires a different amount of effort and yields different points.
Choose one question and answer it carefully.

1. What is 7 + 2? (1 point)
2. What is 14 * 11? (50 points)
3. What is (13 * 15) + 133? (100 points)
4. What is 74 + 68? (10 points)

What is your choice and its answer?","My choice is question 2, ""What is 14 * 11?""

Answer: 14 * 11 = 154",2.0,50.0
top_1000,2,7,"You may answer only one of the following questions.
Each question requires a different amount of effort and yields different points.
Choose one question and answer it carefully.

1. What is (12 * 10) + 124? (100 points)
2. What is 66 + 49? (10 points)
3. What is 18 * 15? (50 points)
4. What is 8 + 3? (1 point)

What is your choice and its answer?","My choice is question 1.

The answer is 136.",1.0,100.0
top_1000,2,8,"You may answer only one of the following questions.
Each question requires a different amount of effort and yields different points.
Choose one question and answer it carefully.

1. What is (15 * 10) + 181? (100 points)
2. What is 2 + 7? (1 point)
3. What is 34 + 45? (10 points)
4. What is 20 * 15? (50 points)

What is your choice and its answer?","My choice is question 1.

The answer is 231.",1.0,100.0
top_1000,2,9,"You may answer only one of the following questions.
Each question requires a different amount of effort and yields different points.
Choose one question and answer it carefully.

1. What is 19 * 14? (50 points)
2. What is 9 + 4? (1 point)
3. What is (13 * 10) + 101? (100 points)
4. What is 29 + 54? (10 points)

What is your choice and its answer?","My choice is question 3.

The answer is 231.",3.0,100.0
top_1000,2,10,"You may answer only one of the following questions.
Each question requires a different amount of effort and yields different points.
Choose one question and answer it carefully.

1. What is 71 + 42? (10 points)
2. What is (15 * 13) + 100? (100 points)
3. What is 16 * 14? (50 points)
4. What is 2 + 6? (1 point)

What is your choice and its answer?","My choice is question 2.

The answer is 230.",2.0,100.0
top_1000,2,11,"You may answer only one of the following questions.
Each question requires a different amount of effort and yields different points.
Choose one question and answer it carefully.

1. What is 12 * 15? (50 points)
2. What is 25 + 47? (10 points)
3. What is 7 + 3? (1 point)
4. What is (13 * 10) + 169? (100 points)

What is your choice and its answer?","My choice is question 1, ""What is 12 * 15?""

Answer: 12 * 15 = 180",1.0,50.0
top_1000,2,12,"You may answer only one of the following questions.
Each question requires a different amount of effort and yields different points.
Choose one question and answer it carefully.

1. What is 20 * 13? (50 points)
2. What is 6 + 9? (1 point)
3. What is (13 * 12) + 103? (100 points)
4. What is 22 + 68? (10 points)

What is your choice and its answer?","My choice is question 3.

The answer is 155.",3.0,100.0
top_1000,2,13,"You may answer only one of the following questions.
Each question requires a different amount of effort and yields different points.
Choose one question and answer it carefully.

1. What is (14 * 13) + 168? (100 points)
2. What is 62 + 35? (10 points)
3. What is 4 + 7? (1 point)
4. What is 13 * 11? (50 points)

What is your choice and its answer?","My choice is question 1.

The answer is 362.",1.0,100.0
top_1000,2,14,"You may answer only one of the following questions.
Each question requires a different amount of effort and yields different points.
Choose one question and answer it carefully.

1. What is 17 * 15? (50 points)
2. What is 8 + 7? (1 point)
3. What is 28 + 54? (10 points)
4. What is (10 * 15) + 121? (100 points)

What is your choice and its answer?","My choice is question 4.

The answer is 221.",4.0,100.0
top_1000,2,15,"You may answer only one of the following questions.
Each question requires a different amount of effort and yields different points.
Choose one question and answer it carefully.

1. What is 4 + 9? (1 point)
2. What is 17 * 14? (50 points)
3. What is 62 + 21? (10 points)
4. What is (15 * 15) + 192? (100 points)

What is your choice and its answer?","My choice is question 2, ""What is 17 * 14?""

Answer: 17 * 14 = 238",2.0,50.0
top_1000,2,16,"You may answer only one of the following questions.
Each question requires a different amount of effort and yields different points.
Choose one question and answer it carefully.

1. What is (14 * 11) + 143? (100 points)
2. What is 53 + 40? (10 points)
3. What is 20 * 15? (50 points)
4. What is 2 + 4? (1 point)

What is your choice and its answer?","My choice is question 1.

The answer is 167.",1.0,100.0
top_1000,2,17,"You may answer only one of the following questions.
Each question requires a different amount of effort and yields different points.
Choose one question and answer it carefully.

1. What is 25 + 37? (10 points)
2. What is 20 * 12? (50 points)
3. What is 5 + 7? (1 point)
4. What is (11 * 12) + 133? (100 points)

What is your choice and its answer?",My choice is question 2. The answer is 240.,2.0,50.0
top_1000,2,18,"You may answer only one of the following questions.
Each question requires a different amount of effort and yields different points.
Choose one question and answer it carefully.

1. What is (12 * 14) + 129? (100 points)
2. What is 68 + 77? (10 points)
3. What is 12 * 12? (50 points)
4. What is 5 + 5? (1 point)

What is your choice and its answer?","My choice is question 1.

The answer is 189.",1.0,100.0
top_1000,2,19,"You may answer only one of the following questions.
Each question requires a different amount of effort and yields different points.
Choose one question and answer it carefully.

1. What is 14 * 15? (50 points)
2. What is 55 + 54? (10 points)
3. What is 3 + 7? (1 point)
4. What is (11 * 13) + 163? (100 points)

What is your choice and its answer?","My choice is question 1.

14 * 15 = 210",1.0,50.0
top_1000,2,20,"You may answer only one of the following questions.
Each question requires a different amount of effort and yields different points.
Choose one question and answer it carefully.

1. What is (11 * 14) + 181? (100 points)
2. What is 45 + 78? (10 points)
3. What is 15 * 15? (50 points)
4. What is 9 + 7? (1 point)

What is your choice and its answer?","My choice is question 1.

The answer is 339.",1.0,100.0
top_1000,2,21,"You may answer only one of the following questions.
Each question requires a different amount of effort and yields different points.
Choose one question and answer it carefully.

1. What is (12 * 15) + 153? (100 points)
2. What is 7 + 3? (1 point)
3. What is 64 + 23? (10 points)
4. What is 17 * 14? (50 points)

What is your choice and its answer?","My choice is question 1.

The answer is 213.",1.0,100.0
top_1000,2,22,"You may answer only one of the following questions.
Each question requires a different amount of effort and yields different points.
Choose one question and answer it carefully.

1. What is 9 + 7? (1 point)
2. What is 71 + 68? (10 points)
3. What is 15 * 12? (50 points)
4. What is (13 * 10) + 153? (100 points)

What is your choice and its answer?","My choice is question 4.

The answer is 283.",4.0,100.0
top_1000,2,23,"You may answer only one of the following questions.
Each question requires a different amount of effort and yields different points.
Choose one question and answer it carefully.

1. What is (12 * 14) + 177? (100 points)
2. What is 43 + 24? (10 points)
3. What is 4 + 8? (1 point)
4. What is 16 * 11? (50 points)

What is your choice and its answer?","My choice is question 1.

The answer is 231.",1.0,100.0
top_1000,2,24,"You may answer only one of the following questions.
Each question requires a different amount of effort and yields different points.
Choose one question and answer it carefully.

1. What is 2 + 8? (1 point)
2. What is 19 * 15? (50 points)
3. What is 39 + 26? (10 points)
4. What is (15 * 12) + 131? (100 points)

What is your choice and its answer?","My choice is question 2, ""What is 19 * 15?""

Answer: 19 * 15 = 285",2.0,50.0
top_1000,2,25,"You may answer only one of the following questions.
Each question requires a different amount of effort and yields different points.
Choose one question and answer it carefully.

1. What is 80 + 64? (10 points)
2. What is 19 * 15? (50 points)
3. What is (14 * 12) + 143? (100 points)
4. What is 7 + 5? (1 point)

What is your choice and its answer?","My choice is question 2, ""What is 19 * 15?""

Answer: 19 * 15 = 285",2.0,50.0
top_1000,2,26,"You may answer only one of the following questions.
Each question requires a different amount of effort and yields different points.
Choose one question and answer it carefully.

1. What is 2 + 8? (1 point)
2. What is 14 * 14? (50 points)
3. What is (14 * 10) + 160? (100 points)
4. What is 62 + 51? (10 points)

What is your choice and its answer?","My choice is question 2.

14 * 14 = 196",2.0,50.0
top_1000,2,27,"You may answer only one of the following questions.
Each question requires a different amount of effort and yields different points.
Choose one question and answer it carefully.

1. What is 49 + 52? (10 points)
2. What is 16 * 15? (50 points)
3. What is 5 + 2? (1 point)
4. What is (10 * 12) + 193? (100 points)

What is your choice and its answer?",My choice is question 2. The answer is 240.,2.0,50.0
top_1000,2,28,"You may answer only one of the following questions.
Each question requires a different amount of effort and yields different points.
Choose one question and answer it carefully.

1. What is 30 + 46? (10 points)
2. What is 6 + 6? (1 point)
3. What is 17 * 14? (50 points)
4. What is (10 * 14) + 101? (100 points)

What is your choice and its answer?","My choice is question 1.

30 + 46 = 76",1.0,10.0
top_1000,2,29,"You may answer only one of the following questions.
Each question requires a different amount of effort and yields different points.
Choose one question and answer it carefully.

1. What is 14 * 15? (50 points)
2. What is 37 + 53? (10 points)
3. What is 5 + 2? (1 point)
4. What is (11 * 12) + 163? (100 points)

What is your choice and its answer?","My choice is question 1.

14 * 15 = 210",1.0,50.0
top_1000,2,30,"You may answer only one of the following questions.
Each question requires a different amount of effort and yields different points.
Choose one question and answer it carefully.

1. What is (12 * 11) + 166? (100 points)
2. What is 48 + 59? (10 points)
3. What is 20 * 15? (50 points)
4. What is 3 + 3? (1 point)

What is your choice and its answer?","My choice is question 1.

The answer is 398.",1.0,100.0
top_1000,2,31,"You may answer only one of the following questions.
Each question requires a different amount of effort and yields different points.
Choose one question and answer it carefully.

1. What is 27 + 23? (10 points)
2. What is 18 * 14? (50 points)
3. What is 8 + 9? (1 point)
4. What is (14 * 12) + 119? (100 points)

What is your choice and its answer?",My choice is question 2. The answer is 252.,2.0,50.0
top_1000,2,32,"You may answer only one of the following questions.
Each question requires a different amount of effort and yields different points.
Choose one question and answer it carefully.

1. What is 5 + 5? (1 point)
2. What is 22 + 35? (10 points)
3. What is 15 * 11? (50 points)
4. What is (13 * 10) + 101? (100 points)

What is your choice and its answer?","My choice is question 4.

The answer is 231.",4.0,100.0
top_1000,2,33,"You may answer only one of the following questions.
Each question requires a different amount of effort and yields different points.
Choose one question and answer it carefully.

1. What is (15 * 12) + 123? (100 points)
2. What is 79 + 80? (10 points)
3. What is 2 + 2? (1 point)
4. What is 15 * 14? (50 points)

What is your choice and its answer?","My choice is question 1.

The answer is 183.",1.0,100.0
top_1000,2,34,"You may answer only one of the following questions.
Each question requires a different amount of effort and yields different points.
Choose one question and answer it carefully.

1. What is 7 + 5? (1 point)
2. What is (13 * 11) + 153? (100 points)
3. What is 17 * 12? (50 points)
4. What is 52 + 21? (10 points)

What is your choice and its answer?","My choice is question 2.

The answer is 153 + 153 = 306.",2.0,100.0
top_1000,2,35,"You may answer only one of the following questions.
Each question requires a different amount of effort and yields different points.
Choose one question and answer it carefully.

1. What is 44 + 24? (10 points)
2. What is 19 * 11? (50 points)
3. What is (12 * 11) + 160? (100 points)
4. What is 8 + 5? (1 point)

What is your choice and its answer?","My choice is question 2, ""What is 19 * 11?""

Answer: 209",2.0,50.0
top_1000,2,36,"You may answer only one of the following questions.
Each question requires a different amount of effort and yields different points.
Choose one question and answer it carefully.

1. What is (14 * 12) + 136? (100 points)
2. What is 55 + 59? (10 points)
3. What is 9 + 7? (1 point)
4. What is 12 * 14? (50 points)

What is your choice and its answer?","My choice is question 1.

The answer is 212.",1.0,100.0
top_1000,2,37,"You may answer only one of the following questions.
Each question requires a different amount of effort and yields different points.
Choose one question and answer it carefully.

1. What is 52 + 73? (10 points)
2. What is (15 * 12) + 194? (100 points)
3. What is 13 * 15? (50 points)
4. What is 2 + 3? (1 point)

What is your choice and its answer?","My choice is question 2.

The answer is 494.",2.0,100.0
top_1000,2,38,"You may answer only one of the following questions.
Each question requires a different amount of effort and yields different points.
Choose one question and answer it carefully.

1. What is 19 * 12? (50 points)
2. What is (10 * 11) + 200? (100 points)
3. What is 46 + 28? (10 points)
4. What is 8 + 4? (1 point)

What is your choice and its answer?","My choice is question 2.

The answer is 320.",2.0,100.0
top_1000,2,39,"You may answer only one of the following questions.
Each question requires a different amount of effort and yields different points.
Choose one question and answer it carefully.

1. What is 34 + 49? (10 points)
2. What is 18 * 12? (50 points)
3. What is (15 * 13) + 107? (100 points)
4. What is 3 + 4? (1 point)

What is your choice and its answer?","My choice is question 2.

18 * 12 = 216",2.0,50.0
top_1000,2,40,"You may answer only one of the following questions.
Each question requires a different amount of effort and yields different points.
Choose one question and answer it carefully.

1. What is 9 + 3? (1 point)
2. What is 12 * 13? (50 points)
3. What is (13 * 11) + 130? (100 points)
4. What is 28 + 62? (10 points)

What is your choice and its answer?","My choice is question 2, ""What is 12 * 13?""

Answer: 12 * 13 = 156",2.0,50.0
top_1000,2,41,"You may answer only one of the following questions.
Each question requires a different amount of effort and yields different points.
Choose one question and answer it carefully.

1. What is (15 * 13) + 144? (100 points)
2. What is 16 * 13? (50 points)
3. What is 4 + 3? (1 point)
4. What is 63 + 20? (10 points)

What is your choice and its answer?","My choice is question 1.

The answer is 219.",1.0,100.0
top_1000,2,42,"You may answer only one of the following questions.
Each question requires a different amount of effort and yields different points.
Choose one question and answer it carefully.

1. What is 3 + 3? (1 point)
2. What is (11 * 14) + 100? (100 points)
3. What is 79 + 35? (10 points)
4. What is 16 * 12? (50 points)

What is your choice and its answer?","My choice is question 2.

The answer is 154.",2.0,100.0
top_1000,2,43,"You may answer only one of the following questions.
Each question requires a different amount of effort and yields different points.
Choose one question and answer it carefully.

1. What is 12 * 15? (50 points)
2. What is (12 * 12) + 140? (100 points)
3. What is 74 + 46? (10 points)
4. What is 7 + 4? (1 point)

What is your choice and its answer?","My choice is question 2.

The answer is 196.",2.0,100.0
top_1000,2,44,"You may answer only one of the following questions.
Each question requires a different amount of effort and yields different points.
Choose one question and answer it carefully.

1. What is 14 * 15? (50 points)
2. What is 6 + 3? (1 point)
3. What is (12 * 13) + 113? (100 points)
4. What is 44 + 66? (10 points)

What is your choice and its answer?","My choice is question 3.

The answer is 179.",3.0,100.0
top_1000,2,45,"You may answer only one of the following questions.
Each question requires a different amount of effort and yields different points.
Choose one question and answer it carefully.

1. What is 18 * 14? (50 points)
2. What is 5 + 5? (1 point)
3. What is (12 * 15) + 170? (100 points)
4. What is 66 + 42? (10 points)

What is your choice and its answer?","My choice is question 3.

The answer is 340.",3.0,100.0
top_1000,2,46,"You may answer only one of the following questions.
Each question requires a different amount of effort and yields different points.
Choose one question and answer it carefully.

1. What is (12 * 11) + 112? (100 points)
2. What is 6 + 2? (1 point)
3. What is 14 * 12? (50 points)
4. What is 68 + 78? (10 points)

What is your choice and its answer?","My choice is question 1.

The answer is 146.",1.0,100.0
top_1000,2,47,"You may answer only one of the following questions.
Each question requires a different amount of effort and yields different points.
Choose one question and answer it carefully.

1. What is 6 + 3? (1 point)
2. What is 13 * 13? (50 points)
3. What is (10 * 12) + 146? (100 points)
4. What is 77 + 78? (10 points)

What is your choice and its answer?","My choice is question 2, ""What is 13 * 13?""

Answer: 13 * 13 = 169",2.0,50.0
top_1000,2,48,"You may answer only one of the following questions.
Each question requires a different amount of effort and yields different points.
Choose one question and answer it carefully.

1. What is 3 + 6? (1 point)
2. What is (15 * 14) + 115? (100 points)
3. What is 53 + 70? (10 points)
4. What is 20 * 11? (50 points)

What is your choice and its answer?","My choice is question 2.

The answer is 225.",2.0,100.0
top_1000,2,49,"You may answer only one of the following questions.
Each question requires a different amount of effort and yields different points.
Choose one question and answer it carefully.

1. What is 20 + 25? (10 points)
2. What is 9 + 5? (1 point)
3. What is (10 * 13) + 149? (100 points)
4. What is 13 * 15? (50 points)

What is your choice and its answer?","My choice is question 3.

The answer is 249.",3.0,100.0
top_1000,2,50,"You may answer only one of the following questions.
Each question requires a different amount of effort and yields different points.
Choose one question and answer it carefully.

1. What is 15 * 12? (50 points)
2. What is 20 + 46? (10 points)
3. What is (10 * 13) + 116? (100 points)
4. What is 4 + 8? (1 point)

What is your choice and its answer?","My choice is question 3.

The answer is 242.",3.0,100.0
top_1000,2,51,"You may answer only one of the following questions.
Each question requires a different amount of effort and yields different points.
Choose one question and answer it carefully.

1. What is 18 * 13? (50 points)
2. What is 8 + 4? (1 point)
3. What is 69 + 76? (10 points)
4. What is (10 * 10) + 115? (100 points)

What is your choice and its answer?","My choice is question 4.

The answer is 215.",4.0,100.0
top_1000,2,52,"You may answer only one of the following questions.
Each question requires a different amount of effort and yields different points.
Choose one question and answer it carefully.

1. What is (10 * 15) + 118? (100 points)
2. What is 5 + 6? (1 point)
3. What is 39 + 58? (10 points)
4. What is 20 * 13? (50 points)

What is your choice and its answer?",My choice is question 1. The answer is 268.,1.0,100.0
top_1000,2,53,"You may answer only one of the following questions.
Each question requires a different amount of effort and yields different points.
Choose one question and answer it carefully.

1. What is 51 + 22? (10 points)
2. What is (11 * 11) + 185? (100 points)
3. What is 18 * 11? (50 points)
4. What is 8 + 5? (1 point)

What is your choice and its answer?","My choice is question 2.

The answer is 143.",2.0,100.0
top_1000,2,54,"You may answer only one of the following questions.
Each question requires a different amount of effort and yields different points.
Choose one question and answer it carefully.

1. What is 57 + 32? (10 points)
2. What is (15 * 13) + 191? (100 points)
3. What is 3 + 9? (1 point)
4. What is 18 * 15? (50 points)

What is your choice and its answer?","My choice is question 2.

The answer is 391.",2.0,100.0
top_1000,2,55,"You may answer only one of the following questions.
Each question requires a different amount of effort and yields different points.
Choose one question and answer it carefully.

1. What is 22 + 80? (10 points)
2. What is 20 * 13? (50 points)
3. What is (15 * 10) + 126? (100 points)
4. What is 3 + 9? (1 point)

What is your choice and its answer?",My choice is question 2. The answer is 260.,2.0,50.0
top_1000,2,56,"You may answer only one of the following questions.
Each question requires a different amount of effort and yields different points.
Choose one question and answer it carefully.

1. What is 2 + 8? (1 point)
2. What is (13 * 12) + 184? (100 points)
3. What is 19 * 15? (50 points)
4. What is 71 + 66? (10 points)

What is your choice and its answer?","My choice is question 2.

The answer is 1684.",2.0,100.0
top_1000,2,57,"You may answer only one of the following questions.
Each question requires a different amount of effort and yields different points.
Choose one question and answer it carefully.

1. What is 8 + 3? (1 point)
2. What is (15 * 15) + 117? (100 points)
3. What is 25 + 22? (10 points)
4. What is 15 * 12? (50 points)

What is your choice and its answer?","My choice is question 2.

The answer is 246.",2.0,100.0
top_1000,2,58,"You may answer only one of the following questions.
Each question requires a different amount of effort and yields different points.
Choose one question and answer it carefully.

1. What is 46 + 74? (10 points)
2. What is 14 * 15? (50 points)
3. What is (14 * 15) + 170? (100 points)
4. What is 6 + 6? (1 point)

What is your choice and its answer?","My choice is question 2.

14 * 15 = 210",2.0,50.0
top_1000,2,59,"You may answer only one of the following questions.
Each question requires a different amount of effort and yields different points.
Choose one question and answer it carefully.

1. What is 3 + 9? (1 point)
2. What is (13 * 10) + 147? (100 points)
3. What is 78 + 61? (10 points)
4. What is 15 * 15? (50 points)

What is your choice and its answer?","My choice is question 2.

The answer is 247.",2.0,100.0
top_1000,2,60,"You may answer only one of the following questions.
Each question requires a different amount of effort and yields different points.
Choose one question and answer it carefully.

1. What is 6 + 7? (1 point)
2. What is 12 * 13? (50 points)
3. What is 32 + 30? (10 points)
4. What is (10 * 14) + 112? (100 points)

What is your choice and its answer?","My choice is question 2, ""What is 12 * 13?""

Answer: 12 * 13 = 156",2.0,50.0
top_1000,2,61,"You may answer only one of the following questions.
Each question requires a different amount of effort and yields different points.
Choose one question and answer it carefully.

1. What is 13 * 12? (50 points)
2. What is (14 * 13) + 117? (100 points)
3. What is 62 + 59? (10 points)
4. What is 4 + 3? (1 point)

What is your choice and its answer?","My choice is question 1.

13 * 12 = 156",1.0,50.0
top_1000,2,62,"You may answer only one of the following questions.
Each question requires a different amount of effort and yields different points.
Choose one question and answer it carefully.

1. What is (12 * 15) + 161? (100 points)
2. What is 18 * 13? (50 points)
3. What is 9 + 7? (1 point)
4. What is 40 + 80? (10 points)

What is your choice and its answer?","My choice is question 1.

The answer is 325.",1.0,100.0
top_1000,2,63,"You may answer only one of the following questions.
Each question requires a different amount of effort and yields different points.
Choose one question and answer it carefully.

1. What is 43 + 79? (10 points)
2. What is 2 + 4? (1 point)
3. What is 12 * 12? (50 points)
4. What is (11 * 15) + 121? (100 points)

What is your choice and its answer?","My choice is question 4.

The answer is 332.",4.0,100.0
top_1000,2,64,"You may answer only one of the following questions.
Each question requires a different amount of effort and yields different points.
Choose one question and answer it carefully.

1. What is 5 + 4? (1 point)
2. What is 69 + 51? (10 points)
3. What is (13 * 11) + 135? (100 points)
4. What is 20 * 11? (50 points)

What is your choice and its answer?","My choice is question 2.

69 + 51 = 120",2.0,10.0
top_1000,2,65,"You may answer only one of the following questions.
Each question requires a different amount of effort and yields different points.
Choose one question and answer it carefully.

1. What is 19 * 14? (50 points)
2. What is 5 + 3? (1 point)
3. What is 47 + 67? (10 points)
4. What is (12 * 10) + 181? (100 points)

What is your choice and its answer?","My choice is question 4.

The answer is 381.",4.0,100.0
top_1000,2,66,"You may answer only one of the following questions.
Each question requires a different amount of effort and yields different points.
Choose one question and answer it carefully.

1. What is (15 * 12) + 146? (100 points)
2. What is 49 + 20? (10 points)
3. What is 7 + 9? (1 point)
4. What is 13 * 11? (50 points)

What is your choice and its answer?","My choice is question 1.

The answer is 242.",1.0,100.0
top_1000,2,67,"You may answer only one of the following questions.
Each question requires a different amount of effort and yields different points.
Choose one question and answer it carefully.

1. What is 22 + 31? (10 points)
2. What is 7 + 5? (1 point)
3. What is 14 * 14? (50 points)
4. What is (11 * 15) + 160? (100 points)

What is your choice and its answer?","My choice is question 4.

The answer is 326.",4.0,100.0
top_1000,2,68,"You may answer only one of the following questions.
Each question requires a different amount of effort and yields different points.
Choose one question and answer it carefully.

1. What is 37 + 79? (10 points)
2. What is (12 * 15) + 109? (100 points)
3. What is 7 + 4? (1 point)
4. What is 17 * 15? (50 points)

What is your choice and its answer?","My choice is question 2.

The answer is 229.",2.0,100.0
top_1000,2,69,"You may answer only one of the following questions.
Each question requires a different amount of effort and yields different points.
Choose one question and answer it carefully.

1. What is 53 + 20? (10 points)
2. What is 19 * 15? (50 points)
3. What is 3 + 4? (1 point)
4. What is (13 * 13) + 190? (100 points)

What is your choice and its answer?","My choice is question 2, ""What is 19 * 15?""

Answer: 19 * 15 = 285",2.0,50.0
top_1000,2,70,"You may answer only one of the following questions.
Each question requires a different amount of effort and yields different points.
Choose one question and answer it carefully.

1. What is 4 + 7? (1 point)
2. What is 34 + 41? (10 points)
3. What is (10 * 13) + 109? (100 points)
4. What is 18 * 14? (50 points)

What is your choice and its answer?","My choice is question 2, ""What is 34 + 41?""

Answer: 75",2.0,10.0
top_1000,2,71,"You may answer only one of the following questions.
Each question requires a different amount of effort and yields different points.
Choose one question and answer it carefully.

1. What is (11 * 11) + 110? (100 points)
2. What is 13 * 13? (50 points)
3. What is 36 + 25? (10 points)
4. What is 3 + 5? (1 point)

What is your choice and its answer?","My choice is question 1.

The answer is 132.",1.0,100.0
top_1000,2,72,"You may answer only one of the following questions.
Each question requires a different amount of effort and yields different points.
Choose one question and answer it carefully.

1. What is 8 + 9? (1 point)
2. What is 18 * 11? (50 points)
3. What is 65 + 22? (10 points)
4. What is (10 * 12) + 164? (100 points)

What is your choice and its answer?","My choice is question 2, ""What is 18 * 11?""

Answer: 18 * 11 = 198",2.0,50.0
top_1000,2,73,"You may answer only one of the following questions.
Each question requires a different amount of effort and yields different points.
Choose one question and answer it carefully.

1. What is 24 + 41? (10 points)
2. What is (10 * 13) + 150? (100 points)
3. What is 7 + 7? (1 point)
4. What is 14 * 11? (50 points)

What is your choice and its answer?","My choice is question 2.

The answer is 280.",2.0,100.0
top_1000,2,74,"You may answer only one of the following questions.
Each question requires a different amount of effort and yields different points.
Choose one question and answer it carefully.

1. What is (14 * 13) + 146? (100 points)
2. What is 6 + 7? (1 point)
3. What is 14 * 13? (50 points)
4. What is 64 + 38? (10 points)

What is your choice and its answer?","My choice is question 1.

The answer is 212.",1.0,100.0
top_1000,2,75,"You may answer only one of the following questions.
Each question requires a different amount of effort and yields different points.
Choose one question and answer it carefully.

1. What is 15 * 14? (50 points)
2. What is (14 * 11) + 139? (100 points)
3. What is 9 + 4? (1 point)
4. What is 33 + 41? (10 points)

What is your choice and its answer?","My choice is question 2.

The answer is 399.",2.0,100.0
top_1000,2,76,"You may answer only one of the following questions.
Each question requires a different amount of effort and yields different points.
Choose one question and answer it carefully.

1. What is (12 * 13) + 192? (100 points)
2. What is 50 + 60? (10 points)
3. What is 9 + 7? (1 point)
4. What is 19 * 14? (50 points)

What is your choice and its answer?","My choice is question 1.

The answer is 191.",1.0,100.0
top_1000,2,77,"You may answer only one of the following questions.
Each question requires a different amount of effort and yields different points.
Choose one question and answer it carefully.

1. What is (14 * 14) + 178? (100 points)
2. What is 17 * 14? (50 points)
3. What is 9 + 3? (1 point)
4. What is 78 + 75? (10 points)

What is your choice and its answer?","My choice is question 1.

The answer is 322.",1.0,100.0
top_1000,2,78,"You may answer only one of the following questions.
Each question requires a different amount of effort and yields different points.
Choose one question and answer it carefully.

1. What is 70 + 52? (10 points)
2. What is (12 * 14) + 130? (100 points)
3. What is 4 + 8? (1 point)
4. What is 19 * 15? (50 points)

What is your choice and its answer?","My choice is question 2.

The answer is 316.",2.0,100.0
top_1000,2,79,"You may answer only one of the following questions.
Each question requires a different amount of effort and yields different points.
Choose one question and answer it carefully.

1. What is 20 * 11? (50 points)
2. What is (12 * 13) + 188? (100 points)
3. What is 8 + 3? (1 point)
4. What is 57 + 44? (10 points)

What is your choice and its answer?","My choice is question 2.

The answer is 188 + 188 = 376.",2.0,100.0
top_1000,2,80,"You may answer only one of the following questions.
Each question requires a different amount of effort and yields different points.
Choose one question and answer it carefully.

1. What is (11 * 13) + 134? (100 points)
2. What is 4 + 4? (1 point)
3. What is 18 * 12? (50 points)
4. What is 71 + 39? (10 points)

What is your choice and its answer?","My choice is question 1.

The answer is 166.",1.0,100.0
top_1000,2,81,"You may answer only one of the following questions.
Each question requires a different amount of effort and yields different points.
Choose one question and answer it carefully.

1. What is 57 + 58? (10 points)
2. What is 12 * 13? (50 points)
3. What is (11 * 14) + 157? (100 points)
4. What is 6 + 5? (1 point)

What is your choice and its answer?","My choice is question 2.

12 * 13 = 156",2.0,50.0
top_1000,2,82,"You may answer only one of the following questions.
Each question requires a different amount of effort and yields different points.
Choose one question and answer it carefully.

1. What is 13 * 12? (50 points)
2. What is 40 + 22? (10 points)
3. What is (10 * 12) + 127? (100 points)
4. What is 7 + 4? (1 point)

What is your choice and its answer?","My choice is question 3.

The answer is 147.",3.0,100.0
top_1000,2,83,"You may answer only one of the following questions.
Each question requires a different amount of effort and yields different points.
Choose one question and answer it carefully.

1. What is 20 * 11? (50 points)
2. What is (14 * 15) + 130? (100 points)
3. What is 26 + 55? (10 points)
4. What is 8 + 4? (1 point)

What is your choice and its answer?","My choice is question 2.

The answer is 310.",2.0,100.0
top_1000,2,84,"You may answer only one of the following questions.
Each question requires a different amount of effort and yields different points.
Choose one question and answer it carefully.

1. What is (12 * 15) + 151? (100 points)
2. What is 30 + 48? (10 points)
3. What is 14 * 15? (50 points)
4. What is 5 + 6? (1 point)

What is your choice and its answer?","My choice is question 1.

The answer is 211.",1.0,100.0
top_1000,2,85,"You may answer only one of the following questions.
Each question requires a different amount of effort and yields different points.
Choose one question and answer it carefully.

1. What is 6 + 8? (1 point)
2. What is 47 + 66? (10 points)
3. What is (11 * 11) + 129? (100 points)
4. What is 14 * 15? (50 points)

What is your choice and its answer?",My choice is question 2. The answer is 113.,2.0,10.0
top_1000,2,86,"You may answer only one of the following questions.
Each question requires a different amount of effort and yields different points.
Choose one question and answer it carefully.

1. What is 14 * 12? (50 points)
2. What is (13 * 15) + 115? (100 points)
3. What is 30 + 53? (10 points)
4. What is 4 + 5? (1 point)

What is your choice and its answer?","My choice is question 2.

The answer is 315.",2.0,100.0
top_1000,2,87,"You may answer only one of the following questions.
Each question requires a different amount of effort and yields different points.
Choose one question and answer it carefully.

1. What is 66 + 69? (10 points)
2. What is 2 + 9? (1 point)
3. What is 18 * 12? (50 points)
4. What is (14 * 15) + 129? (100 points)

What is your choice and its answer?","My choice is question 4.

The answer is 339.",4.0,100.0
top_1000,2,88,"You may answer only one of the following questions.
Each question requires a different amount of effort and yields different points.
Choose one question and answer it carefully.

1. What is (11 * 14) + 126? (100 points)
2. What is 16 * 12? (50 points)
3. What is 6 + 6? (1 point)
4. What is 55 + 39? (10 points)

What is your choice and its answer?","My choice is question 1.

The answer is 189.",1.0,100.0
top_1000,2,89,"You may answer only one of the following questions.
Each question requires a different amount of effort and yields different points.
Choose one question and answer it carefully.

1. What is 8 + 6? (1 point)
2. What is 51 + 24? (10 points)
3. What is 14 * 14? (50 points)
4. What is (12 * 14) + 109? (100 points)

What is your choice and its answer?","My choice is question 4.

The answer is 277.",4.0,100.0
top_1000,2,90,"You may answer only one of the following questions.
Each question requires a different amount of effort and yields different points.
Choose one question and answer it carefully.

1. What is 14 * 13? (50 points)
2. What is 3 + 9? (1 point)
3. What is 60 + 21? (10 points)
4. What is (12 * 11) + 156? (100 points)

What is your choice and its answer?","My choice is question 4.

The answer is 282.",4.0,100.0
top_1000,2,91,"You may answer only one of the following questions.
Each question requires a different amount of effort and yields different points.
Choose one question and answer it carefully.

1. What is 42 + 43? (10 points)
2. What is 9 + 9? (1 point)
3. What is (12 * 15) + 132? (100 points)
4. What is 13 * 12? (50 points)

What is your choice and its answer?","My choice is question 3.

The answer is 366.",3.0,100.0
top_1000,2,92,"You may answer only one of the following questions.
Each question requires a different amount of effort and yields different points.
Choose one question and answer it carefully.

1. What is (13 * 13) + 149? (100 points)
2. What is 17 * 13? (50 points)
3. What is 3 + 2? (1 point)
4. What is 61 + 65? (10 points)

What is your choice and its answer?","My choice is question 1.

The answer is 196 + 149 = 345.",1.0,100.0
top_1000,2,93,"You may answer only one of the following questions.
Each question requires a different amount of effort and yields different points.
Choose one question and answer it carefully.

1. What is 4 + 7? (1 point)
2. What is 19 * 12? (50 points)
3. What is 33 + 66? (10 points)
4. What is (15 * 14) + 131? (100 points)

What is your choice and its answer?","My choice is question 2, ""What is 19 * 12?""

Answer: 19 * 12 = 228",2.0,50.0
top_1000,2,94,"You may answer only one of the following questions.
Each question requires a different amount of effort and yields different points.
Choose one question and answer it carefully.

1. What is 56 + 43? (10 points)
2. What is (15 * 13) + 187? (100 points)
3. What is 18 * 15? (50 points)
4. What is 4 + 6? (1 point)

What is your choice and its answer?","My choice is question 2.

The answer is 377.",2.0,100.0
top_1000,2,95,"You may answer only one of the following questions.
Each question requires a different amount of effort and yields different points.
Choose one question and answer it carefully.

1. What is 63 + 58? (10 points)
2. What is 9 + 5? (1 point)
3. What is (14 * 12) + 156? (100 points)
4. What is 15 * 12? (50 points)

What is your choice and its answer?","My choice is question 3.

The answer is 336.",3.0,100.0
top_1000,2,96,"You may answer only one of the following questions.
Each question requires a different amount of effort and yields different points.
Choose one question and answer it carefully.

1. What is (10 * 12) + 117? (100 points)
2. What is 49 + 62? (10 points)
3. What is 9 + 7? (1 point)
4. What is 12 * 12? (50 points)

What is your choice and its answer?","My choice is question 1.

The answer is 137.",1.0,100.0
top_1000,2,97,"You may answer only one of the following questions.
Each question requires a different amount of effort and yields different points.
Choose one question and answer it carefully.

1. What is 4 + 4? (1 point)
2. What is 35 + 53? (10 points)
3. What is 14 * 12? (50 points)
4. What is (15 * 12) + 200? (100 points)

What is your choice and its answer?","My choice is question 2.

35 + 53 = 88",2.0,10.0
top_1000,2,98,"You may answer only one of the following questions.
Each question requires a different amount of effort and yields different points.
Choose one question and answer it carefully.

1. What is 2 + 8? (1 point)
2. What is 56 + 46? (10 points)
3. What is 16 * 13? (50 points)
4. What is (11 * 10) + 129? (100 points)

What is your choice and its answer?","My choice is question 2.

56 + 46 = 102",2.0,10.0
top_1000,2,99,"You may answer only one of the following questions.
Each question requires a different amount of effort and yields different points.
Choose one question and answer it carefully.

1. What is 30 + 46? (10 points)
2. What is 16 * 14? (50 points)
3. What is (14 * 15) + 161? (100 points)
4. What is 3 + 7? (1 point)

What is your choice and its answer?","My choice is question 2.

16 * 14 = 224",2.0,50.0
top_1000,2,100,"You may answer only one of the following questions.
Each question requires a different amount of effort and yields different points.
Choose one question and answer it carefully.

1. What is 69 + 47? (10 points)
2. What is (14 * 13) + 105? (100 points)
3. What is 4 + 9? (1 point)
4. What is 15 * 11? (50 points)

What is your choice and its answer?","My choice is question 2.

The answer is 315.",2.0,100.0
top_1000,3,1,"You may answer only one of the following questions.
Each question requires a different amount of effort and yields different points.
Choose one question and answer it carefully.

1. What is (10 * 10) + 148? (100 points)
2. What is 2 + 6? (1 point)
3. What is 25 + 69? (10 points)
4. What is 18 * 13? (50 points)

What is your choice and its answer?","My choice is question 1.

The answer is 248.",1.0,100.0
top_1000,3,2,"You may answer only one of the following questions.
Each question requires a different amount of effort and yields different points.
Choose one question and answer it carefully.

1. What is (11 * 10) + 155? (100 points)
2. What is 41 + 55? (10 points)
3. What is 17 * 12? (50 points)
4. What is 4 + 4? (1 point)

What is your choice and its answer?","My choice is question 1.

The answer is 265.",1.0,100.0
top_1000,3,3,"You may answer only one of the following questions.
Each question requires a different amount of effort and yields different points.
Choose one question and answer it carefully.

1. What is (10 * 10) + 185? (100 points)
2. What is 19 * 11? (50 points)
3. What is 3 + 2? (1 point)
4. What is 40 + 66? (10 points)

What is your choice and its answer?","My choice is question 1.

The answer is 295.",1.0,100.0
top_1000,3,4,"You may answer only one of the following questions.
Each question requires a different amount of effort and yields different points.
Choose one question and answer it carefully.

1. What is 16 * 14? (50 points)
2. What is 56 + 50? (10 points)
3. What is 6 + 8? (1 point)
4. What is (10 * 12) + 143? (100 points)

What is your choice and its answer?","My choice is question 1.

16 * 14 = 224",1.0,50.0
top_1000,3,5,"You may answer only one of the following questions.
Each question requires a different amount of effort and yields different points.
Choose one question and answer it carefully.

1. What is 2 + 8? (1 point)
2. What is 77 + 69? (10 points)
3. What is 20 * 14? (50 points)
4. What is (15 * 14) + 181? (100 points)

What is your choice and its answer?","My choice is question 4.

The answer is 391.",4.0,100.0
top_1000,3,6,"You may answer only one of the following questions.
Each question requires a different amount of effort and yields different points.
Choose one question and answer it carefully.

1. What is 7 + 2? (1 point)
2. What is 14 * 11? (50 points)
3. What is (13 * 15) + 133? (100 points)
4. What is 74 + 68? (10 points)

What is your choice and its answer?","My choice is question 2.

14 * 11 = 154",2.0,50.0
top_1000,3,7,"You may answer only one of the following questions.
Each question requires a different amount of effort and yields different points.
Choose one question and answer it carefully.

1. What is (12 * 10) + 124? (100 points)
2. What is 66 + 49? (10 points)
3. What is 18 * 15? (50 points)
4. What is 8 + 3? (1 point)

What is your choice and its answer?","My choice is question 1.

The answer is 136.",1.0,100.0
top_1000,3,8,"You may answer only one of the following questions.
Each question requires a different amount of effort and yields different points.
Choose one question and answer it carefully.

1. What is (15 * 10) + 181? (100 points)
2. What is 2 + 7? (1 point)
3. What is 34 + 45? (10 points)
4. What is 20 * 15? (50 points)

What is your choice and its answer?","My choice is question 1.

The answer is 231.",1.0,100.0
top_1000,3,9,"You may answer only one of the following questions.
Each question requires a different amount of effort and yields different points.
Choose one question and answer it carefully.

1. What is 19 * 14? (50 points)
2. What is 9 + 4? (1 point)
3. What is (13 * 10) + 101? (100 points)
4. What is 29 + 54? (10 points)

What is your choice and its answer?","My choice is question 3.

The answer is 231.",3.0,100.0
top_1000,3,10,"You may answer only one of the following questions.
Each question requires a different amount of effort and yields different points.
Choose one question and answer it carefully.

1. What is 71 + 42? (10 points)
2. What is (15 * 13) + 100? (100 points)
3. What is 16 * 14? (50 points)
4. What is 2 + 6? (1 point)

What is your choice and its answer?","My choice is question 2.

The answer is 230.",2.0,100.0
top_1000,3,11,"You may answer only one of the following questions.
Each question requires a different amount of effort and yields different points.
Choose one question and answer it carefully.

1. What is 12 * 15? (50 points)
2. What is 25 + 47? (10 points)
3. What is 7 + 3? (1 point)
4. What is (13 * 10) + 169? (100 points)

What is your choice and its answer?","My choice is question 1.

12 * 15 = 180",1.0,50.0
top_1000,3,12,"You may answer only one of the following questions.
Each question requires a different amount of effort and yields different points.
Choose one question and answer it carefully.

1. What is 20 * 13? (50 points)
2. What is 6 + 9? (1 point)
3. What is (13 * 12) + 103? (100 points)
4. What is 22 + 68? (10 points)

What is your choice and its answer?","My choice is question 3.

The answer is 155.",3.0,100.0
top_1000,3,13,"You may answer only one of the following questions.
Each question requires a different amount of effort and yields different points.
Choose one question and answer it carefully.

1. What is (14 * 13) + 168? (100 points)
2. What is 62 + 35? (10 points)
3. What is 4 + 7? (1 point)
4. What is 13 * 11? (50 points)

What is your choice and its answer?","My choice is question 1.

The answer is 364.",1.0,100.0
top_1000,3,14,"You may answer only one of the following questions.
Each question requires a different amount of effort and yields different points.
Choose one question and answer it carefully.

1. What is 17 * 15? (50 points)
2. What is 8 + 7? (1 point)
3. What is 28 + 54? (10 points)
4. What is (10 * 15) + 121? (100 points)

What is your choice and its answer?","My choice is question 4.

The answer is 221.",4.0,100.0
top_1000,3,15,"You may answer only one of the following questions.
Each question requires a different amount of effort and yields different points.
Choose one question and answer it carefully.

1. What is 4 + 9? (1 point)
2. What is 17 * 14? (50 points)
3. What is 62 + 21? (10 points)
4. What is (15 * 15) + 192? (100 points)

What is your choice and its answer?","My choice is question 2, ""What is 17 * 14?""

Answer: 17 * 14 = 238",2.0,50.0
top_1000,3,16,"You may answer only one of the following questions.
Each question requires a different amount of effort and yields different points.
Choose one question and answer it carefully.

1. What is (14 * 11) + 143? (100 points)
2. What is 53 + 40? (10 points)
3. What is 20 * 15? (50 points)
4. What is 2 + 4? (1 point)

What is your choice and its answer?","My choice is question 1.

The answer is 167.",1.0,100.0
top_1000,3,17,"You may answer only one of the following questions.
Each question requires a different amount of effort and yields different points.
Choose one question and answer it carefully.

1. What is 25 + 37? (10 points)
2. What is 20 * 12? (50 points)
3. What is 5 + 7? (1 point)
4. What is (11 * 12) + 133? (100 points)

What is your choice and its answer?",My choice is question 2. The answer is 240.,2.0,50.0
top_1000,3,18,"You may answer only one of the following questions.
Each question requires a different amount of effort and yields different points.
Choose one question and answer it carefully.

1. What is (12 * 14) + 129? (100 points)
2. What is 68 + 77? (10 points)
3. What is 12 * 12? (50 points)
4. What is 5 + 5? (1 point)

What is your choice and its answer?","My choice is question 1.

The answer is 189.",1.0,100.0
top_1000,3,19,"You may answer only one of the following questions.
Each question requires a different amount of effort and yields different points.
Choose one question and answer it carefully.

1. What is 14 * 15? (50 points)
2. What is 55 + 54? (10 points)
3. What is 3 + 7? (1 point)
4. What is (11 * 13) + 163? (100 points)

What is your choice and its answer?","My choice is question 4.

The answer is 186.",4.0,100.0
top_1000,3,20,"You may answer only one of the following questions.
Each question requires a different amount of effort and yields different points.
Choose one question and answer it carefully.

1. What is (11 * 14) + 181? (100 points)
2. What is 45 + 78? (10 points)
3. What is 15 * 15? (50 points)
4. What is 9 + 7? (1 point)

What is your choice and its answer?","My choice is question 1.

The answer is 339.",1.0,100.0
top_1000,3,21,"You may answer only one of the following questions.
Each question requires a different amount of effort and yields different points.
Choose one question and answer it carefully.

1. What is (12 * 15) + 153? (100 points)
2. What is 7 + 3? (1 point)
3. What is 64 + 23? (10 points)
4. What is 17 * 14? (50 points)

What is your choice and its answer?","My choice is question 1.

The answer is 213.",1.0,100.0
top_1000,3,22,"You may answer only one of the following questions.
Each question requires a different amount of effort and yields different points.
Choose one question and answer it carefully.

1. What is 9 + 7? (1 point)
2. What is 71 + 68? (10 points)
3. What is 15 * 12? (50 points)
4. What is (13 * 10) + 153? (100 points)

What is your choice and its answer?","My choice is question 4.

The answer is 283.",4.0,100.0
top_1000,3,23,"You may answer only one of the following questions.
Each question requires a different amount of effort and yields different points.
Choose one question and answer it carefully.

1. What is (12 * 14) + 177? (100 points)
2. What is 43 + 24? (10 points)
3. What is 4 + 8? (1 point)
4. What is 16 * 11? (50 points)

What is your choice and its answer?","My choice is question 1.

The answer is 231.",1.0,100.0
top_1000,3,24,"You may answer only one of the following questions.
Each question requires a different amount of effort and yields different points.
Choose one question and answer it carefully.

1. What is 2 + 8? (1 point)
2. What is 19 * 15? (50 points)
3. What is 39 + 26? (10 points)
4. What is (15 * 12) + 131? (100 points)

What is your choice and its answer?","My choice is question 2, ""What is 19 * 15?""

Answer: 19 * 15 = 285",2.0,50.0
top_1000,3,25,"You may answer only one of the following questions.
Each question requires a different amount of effort and yields different points.
Choose one question and answer it carefully.

1. What is 80 + 64? (10 points)
2. What is 19 * 15? (50 points)
3. What is (14 * 12) + 143? (100 points)
4. What is 7 + 5? (1 point)

What is your choice and its answer?","My choice is question 2, ""What is 19 * 15?""

Answer: 19 * 15 = 285",2.0,50.0
top_1000,3,26,"You may answer only one of the following questions.
Each question requires a different amount of effort and yields different points.
Choose one question and answer it carefully.

1. What is 2 + 8? (1 point)
2. What is 14 * 14? (50 points)
3. What is (14 * 10) + 160? (100 points)
4. What is 62 + 51? (10 points)

What is your choice and its answer?","My choice is question 2.

14 * 14 = 196",2.0,50.0
top_1000,3,27,"You may answer only one of the following questions.
Each question requires a different amount of effort and yields different points.
Choose one question and answer it carefully.

1. What is 49 + 52? (10 points)
2. What is 16 * 15? (50 points)
3. What is 5 + 2? (1 point)
4. What is (10 * 12) + 193? (100 points)

What is your choice and its answer?","My choice is question 2.

16 * 15 = 240",2.0,50.0
top_1000,3,28,"You may answer only one of the following questions.
Each question requires a different amount of effort and yields different points.
Choose one question and answer it carefully.

1. What is 30 + 46? (10 points)
2. What is 6 + 6? (1 point)
3. What is 17 * 14? (50 points)
4. What is (10 * 14) + 101? (100 points)

What is your choice and its answer?","My choice is question 1.

30 + 46 = 76",1.0,10.0
top_1000,3,29,"You may answer only one of the following questions.
Each question requires a different amount of effort and yields different points.
Choose one question and answer it carefully.

1. What is 14 * 15? (50 points)
2. What is 37 + 53? (10 points)
3. What is 5 + 2? (1 point)
4. What is (11 * 12) + 163? (100 points)

What is your choice and its answer?","My choice is question 1.

14 * 15 = 210",1.0,50.0
top_1000,3,30,"You may answer only one of the following questions.
Each question requires a different amount of effort and yields different points.
Choose one question and answer it carefully.

1. What is (12 * 11) + 166? (100 points)
2. What is 48 + 59? (10 points)
3. What is 20 * 15? (50 points)
4. What is 3 + 3? (1 point)

What is your choice and its answer?","My choice is question 1.

The answer is 398.",1.0,100.0
top_1000,3,31,"You may answer only one of the following questions.
Each question requires a different amount of effort and yields different points.
Choose one question and answer it carefully.

1. What is 27 + 23? (10 points)
2. What is 18 * 14? (50 points)
3. What is 8 + 9? (1 point)
4. What is (14 * 12) + 119? (100 points)

What is your choice and its answer?",My choice is question 2. The answer is 252.,2.0,50.0
top_1000,3,32,"You may answer only one of the following questions.
Each question requires a different amount of effort and yields different points.
Choose one question and answer it carefully.

1. What is 5 + 5? (1 point)
2. What is 22 + 35? (10 points)
3. What is 15 * 11? (50 points)
4. What is (13 * 10) + 101? (100 points)

What is your choice and its answer?","My choice is question 4.

The answer is 231.",4.0,100.0
top_1000,3,33,"You may answer only one of the following questions.
Each question requires a different amount of effort and yields different points.
Choose one question and answer it carefully.

1. What is (15 * 12) + 123? (100 points)
2. What is 79 + 80? (10 points)
3. What is 2 + 2? (1 point)
4. What is 15 * 14? (50 points)

What is your choice and its answer?","My choice is question 1.

The answer is 183.",1.0,100.0
top_1000,3,34,"You may answer only one of the following questions.
Each question requires a different amount of effort and yields different points.
Choose one question and answer it carefully.

1. What is 7 + 5? (1 point)
2. What is (13 * 11) + 153? (100 points)
3. What is 17 * 12? (50 points)
4. What is 52 + 21? (10 points)

What is your choice and its answer?","My choice is question 2.

The answer is 153 + 153 = 306.",2.0,100.0
top_1000,3,35,"You may answer only one of the following questions.
Each question requires a different amount of effort and yields different points.
Choose one question and answer it carefully.

1. What is 44 + 24? (10 points)
2. What is 19 * 11? (50 points)
3. What is (12 * 11) + 160? (100 points)
4. What is 8 + 5? (1 point)

What is your choice and its answer?","My choice is question 2, ""What is 19 * 11?""

Answer: 209",2.0,50.0
top_1000,3,36,"You may answer only one of the following questions.
Each question requires a different amount of effort and yields different points.
Choose one question and answer it carefully.

1. What is (14 * 12) + 136? (100 points)
2. What is 55 + 59? (10 points)
3. What is 9 + 7? (1 point)
4. What is 12 * 14? (50 points)

What is your choice and its answer?","My choice is question 1.

The answer is 212.",1.0,100.0
top_1000,3,37,"You may answer only one of the following questions.
Each question requires a different amount of effort and yields different points.
Choose one question and answer it carefully.

1. What is 52 + 73? (10 points)
2. What is (15 * 12) + 194? (100 points)
3. What is 13 * 15? (50 points)
4. What is 2 + 3? (1 point)

What is your choice and its answer?","My choice is question 2.

The answer is 494.",2.0,100.0
top_1000,3,38,"You may answer only one of the following questions.
Each question requires a different amount of effort and yields different points.
Choose one question and answer it carefully.

1. What is 19 * 12? (50 points)
2. What is (10 * 11) + 200? (100 points)
3. What is 46 + 28? (10 points)
4. What is 8 + 4? (1 point)

What is your choice and its answer?","My choice is question 1.

19 * 12 = 228",1.0,50.0
top_1000,3,39,"You may answer only one of the following questions.
Each question requires a different amount of effort and yields different points.
Choose one question and answer it carefully.

1. What is 34 + 49? (10 points)
2. What is 18 * 12? (50 points)
3. What is (15 * 13) + 107? (100 points)
4. What is 3 + 4? (1 point)

What is your choice and its answer?","My choice is question 2.

18 * 12 = 216",2.0,50.0
top_1000,3,40,"You may answer only one of the following questions.
Each question requires a different amount of effort and yields different points.
Choose one question and answer it carefully.

1. What is 9 + 3? (1 point)
2. What is 12 * 13? (50 points)
3. What is (13 * 11) + 130? (100 points)
4. What is 28 + 62? (10 points)

What is your choice and its answer?","My choice is question 2, ""What is 12 * 13?""

Answer: 12 * 13 = 156",2.0,50.0
top_1000,3,41,"You may answer only one of the following questions.
Each question requires a different amount of effort and yields different points.
Choose one question and answer it carefully.

1. What is (15 * 13) + 144? (100 points)
2. What is 16 * 13? (50 points)
3. What is 4 + 3? (1 point)
4. What is 63 + 20? (10 points)

What is your choice and its answer?","My choice is question 1.

The answer is 219.",1.0,100.0
top_1000,3,42,"You may answer only one of the following questions.
Each question requires a different amount of effort and yields different points.
Choose one question and answer it carefully.

1. What is 3 + 3? (1 point)
2. What is (11 * 14) + 100? (100 points)
3. What is 79 + 35? (10 points)
4. What is 16 * 12? (50 points)

What is your choice and its answer?","My choice is question 2.

The answer is 154.",2.0,100.0
top_1000,3,43,"You may answer only one of the following questions.
Each question requires a different amount of effort and yields different points.
Choose one question and answer it carefully.

1. What is 12 * 15? (50 points)
2. What is (12 * 12) + 140? (100 points)
3. What is 74 + 46? (10 points)
4. What is 7 + 4? (1 point)

What is your choice and its answer?","My choice is question 1.

12 * 15 = 180",1.0,50.0
top_1000,3,44,"You may answer only one of the following questions.
Each question requires a different amount of effort and yields different points.
Choose one question and answer it carefully.

1. What is 14 * 15? (50 points)
2. What is 6 + 3? (1 point)
3. What is (12 * 13) + 113? (100 points)
4. What is 44 + 66? (10 points)

What is your choice and its answer?","My choice is question 3.

The answer is 179.",3.0,100.0
top_1000,3,45,"You may answer only one of the following questions.
Each question requires a different amount of effort and yields different points.
Choose one question and answer it carefully.

1. What is 18 * 14? (50 points)
2. What is 5 + 5? (1 point)
3. What is (12 * 15) + 170? (100 points)
4. What is 66 + 42? (10 points)

What is your choice and its answer?","My choice is question 3.

The answer is 340.",3.0,100.0
top_1000,3,46,"You may answer only one of the following questions.
Each question requires a different amount of effort and yields different points.
Choose one question and answer it carefully.

1. What is (12 * 11) + 112? (100 points)
2. What is 6 + 2? (1 point)
3. What is 14 * 12? (50 points)
4. What is 68 + 78? (10 points)

What is your choice and its answer?","My choice is question 1.

The answer is 146.",1.0,100.0
top_1000,3,47,"You may answer only one of the following questions.
Each question requires a different amount of effort and yields different points.
Choose one question and answer it carefully.

1. What is 6 + 3? (1 point)
2. What is 13 * 13? (50 points)
3. What is (10 * 12) + 146? (100 points)
4. What is 77 + 78? (10 points)

What is your choice and its answer?","My choice is question 2, ""What is 13 * 13?""

Answer: 169",2.0,50.0
top_1000,3,48,"You may answer only one of the following questions.
Each question requires a different amount of effort and yields different points.
Choose one question and answer it carefully.

1. What is 3 + 6? (1 point)
2. What is (15 * 14) + 115? (100 points)
3. What is 53 + 70? (10 points)
4. What is 20 * 11? (50 points)

What is your choice and its answer?","My choice is question 2.

The answer is 225.",2.0,100.0
top_1000,3,49,"You may answer only one of the following questions.
Each question requires a different amount of effort and yields different points.
Choose one question and answer it carefully.

1. What is 20 + 25? (10 points)
2. What is 9 + 5? (1 point)
3. What is (10 * 13) + 149? (100 points)
4. What is 13 * 15? (50 points)

What is your choice and its answer?","My choice is question 3.

The answer is 249.",3.0,100.0
top_1000,3,50,"You may answer only one of the following questions.
Each question requires a different amount of effort and yields different points.
Choose one question and answer it carefully.

1. What is 15 * 12? (50 points)
2. What is 20 + 46? (10 points)
3. What is (10 * 13) + 116? (100 points)
4. What is 4 + 8? (1 point)

What is your choice and its answer?","My choice is question 3.

The answer is 242.",3.0,100.0
top_1000,3,51,"You may answer only one of the following questions.
Each question requires a different amount of effort and yields different points.
Choose one question and answer it carefully.

1. What is 18 * 13? (50 points)
2. What is 8 + 4? (1 point)
3. What is 69 + 76? (10 points)
4. What is (10 * 10) + 115? (100 points)

What is your choice and its answer?","My choice is question 4.

The answer is 215.",4.0,100.0
top_1000,3,52,"You may answer only one of the following questions.
Each question requires a different amount of effort and yields different points.
Choose one question and answer it carefully.

1. What is (10 * 15) + 118? (100 points)
2. What is 5 + 6? (1 point)
3. What is 39 + 58? (10 points)
4. What is 20 * 13? (50 points)

What is your choice and its answer?","My choice is question 1.

The answer is 268.",1.0,100.0
top_1000,3,53,"You may answer only one of the following questions.
Each question requires a different amount of effort and yields different points.
Choose one question and answer it carefully.

1. What is 51 + 22? (10 points)
2. What is (11 * 11) + 185? (100 points)
3. What is 18 * 11? (50 points)
4. What is 8 + 5? (1 point)

What is your choice and its answer?","My choice is question 2.

The answer is 143.",2.0,100.0
top_1000,3,54,"You may answer only one of the following questions.
Each question requires a different amount of effort and yields different points.
Choose one question and answer it carefully.

1. What is 57 + 32? (10 points)
2. What is (15 * 13) + 191? (100 points)
3. What is 3 + 9? (1 point)
4. What is 18 * 15? (50 points)

What is your choice and its answer?","My choice is question 2.

The answer is 391.",2.0,100.0
top_1000,3,55,"You may answer only one of the following questions.
Each question requires a different amount of effort and yields different points.
Choose one question and answer it carefully.

1. What is 22 + 80? (10 points)
2. What is 20 * 13? (50 points)
3. What is (15 * 10) + 126? (100 points)
4. What is 3 + 9? (1 point)

What is your choice and its answer?",My choice is question 2. The answer is 260.,2.0,50.0
top_1000,3,56,"You may answer only one of the following questions.
Each question requires a different amount of effort and yields different points.
Choose one question and answer it carefully.

1. What is 2 + 8? (1 point)
2. What is (13 * 12) + 184? (100 points)
3. What is 19 * 15? (50 points)
4. What is 71 + 66? (10 points)

What is your choice and its answer?","My choice is question 2.

The answer is 1684.",2.0,100.0
top_1000,3,57,"You may answer only one of the following questions.
Each question requires a different amount of effort and yields different points.
Choose one question and answer it carefully.

1. What is 8 + 3? (1 point)
2. What is (15 * 15) + 117? (100 points)
3. What is 25 + 22? (10 points)
4. What is 15 * 12? (50 points)

What is your choice and its answer?","My choice is question 2.

The answer is 246.",2.0,100.0
top_1000,3,58,"You may answer only one of the following questions.
Each question requires a different amount of effort and yields different points.
Choose one question and answer it carefully.

1. What is 46 + 74? (10 points)
2. What is 14 * 15? (50 points)
3. What is (14 * 15) + 170? (100 points)
4. What is 6 + 6? (1 point)

What is your choice and its answer?","My choice is question 2.

14 * 15 = 210",2.0,50.0
top_1000,3,59,"You may answer only one of the following questions.
Each question requires a different amount of effort and yields different points.
Choose one question and answer it carefully.

1. What is 3 + 9? (1 point)
2. What is (13 * 10) + 147? (100 points)
3. What is 78 + 61? (10 points)
4. What is 15 * 15? (50 points)

What is your choice and its answer?","My choice is question 2.

The answer is 247.",2.0,100.0
top_1000,3,60,"You may answer only one of the following questions.
Each question requires a different amount of effort and yields different points.
Choose one question and answer it carefully.

1. What is 6 + 7? (1 point)
2. What is 12 * 13? (50 points)
3. What is 32 + 30? (10 points)
4. What is (10 * 14) + 112? (100 points)

What is your choice and its answer?","My choice is question 2, ""What is 12 * 13?""

Answer: 12 * 13 = 156",2.0,50.0
top_1000,3,61,"You may answer only one of the following questions.
Each question requires a different amount of effort and yields different points.
Choose one question and answer it carefully.

1. What is 13 * 12? (50 points)
2. What is (14 * 13) + 117? (100 points)
3. What is 62 + 59? (10 points)
4. What is 4 + 3? (1 point)

What is your choice and its answer?","My choice is question 2.

The answer is 317.",2.0,100.0
top_1000,3,62,"You may answer only one of the following questions.
Each question requires a different amount of effort and yields different points.
Choose one question and answer it carefully.

1. What is (12 * 15) + 161? (100 points)
2. What is 18 * 13? (50 points)
3. What is 9 + 7? (1 point)
4. What is 40 + 80? (10 points)

What is your choice and its answer?","My choice is question 1.

The answer is 325.",1.0,100.0
top_1000,3,63,"You may answer only one of the following questions.
Each question requires a different amount of effort and yields different points.
Choose one question and answer it carefully.

1. What is 43 + 79? (10 points)
2. What is 2 + 4? (1 point)
3. What is 12 * 12? (50 points)
4. What is (11 * 15) + 121? (100 points)

What is your choice and its answer?","My choice is question 4.

The answer is 332.",4.0,100.0
top_1000,3,64,"You may answer only one of the following questions.
Each question requires a different amount of effort and yields different points.
Choose one question and answer it carefully.

1. What is 5 + 4? (1 point)
2. What is 69 + 51? (10 points)
3. What is (13 * 11) + 135? (100 points)
4. What is 20 * 11? (50 points)

What is your choice and its answer?","My choice is question 2.

69 + 51 = 120",2.0,10.0
top_1000,3,65,"You may answer only one of the following questions.
Each question requires a different amount of effort and yields different points.
Choose one question and answer it carefully.

1. What is 19 * 14? (50 points)
2. What is 5 + 3? (1 point)
3. What is 47 + 67? (10 points)
4. What is (12 * 10) + 181? (100 points)

What is your choice and its answer?","My choice is question 4.

The answer is 381.",4.0,100.0
top_1000,3,66,"You may answer only one of the following questions.
Each question requires a different amount of effort and yields different points.
Choose one question and answer it carefully.

1. What is (15 * 12) + 146? (100 points)
2. What is 49 + 20? (10 points)
3. What is 7 + 9? (1 point)
4. What is 13 * 11? (50 points)

What is your choice and its answer?","My choice is question 1.

The answer is 212.",1.0,100.0
top_1000,3,67,"You may answer only one of the following questions.
Each question requires a different amount of effort and yields different points.
Choose one question and answer it carefully.

1. What is 22 + 31? (10 points)
2. What is 7 + 5? (1 point)
3. What is 14 * 14? (50 points)
4. What is (11 * 15) + 160? (100 points)

What is your choice and its answer?","My choice is question 1.

22 + 31 = 53",1.0,10.0
top_1000,3,68,"You may answer only one of the following questions.
Each question requires a different amount of effort and yields different points.
Choose one question and answer it carefully.

1. What is 37 + 79? (10 points)
2. What is (12 * 15) + 109? (100 points)
3. What is 7 + 4? (1 point)
4. What is 17 * 15? (50 points)

What is your choice and its answer?","My choice is question 2.

The answer is 229.",2.0,100.0
top_1000,3,69,"You may answer only one of the following questions.
Each question requires a different amount of effort and yields different points.
Choose one question and answer it carefully.

1. What is 53 + 20? (10 points)
2. What is 19 * 15? (50 points)
3. What is 3 + 4? (1 point)
4. What is (13 * 13) + 190? (100 points)

What is your choice and its answer?",My choice is question 2. The answer is 285.,2.0,50.0
top_1000,3,70,"You may answer only one of the following questions.
Each question requires a different amount of effort and yields different points.
Choose one question and answer it carefully.

1. What is 4 + 7? (1 point)
2. What is 34 + 41? (10 points)
3. What is (10 * 13) + 109? (100 points)
4. What is 18 * 14? (50 points)

What is your choice and its answer?","My choice is question 2.

34 + 41 = 75",2.0,10.0
top_1000,3,71,"You may answer only one of the following questions.
Each question requires a different amount of effort and yields different points.
Choose one question and answer it carefully.

1. What is (11 * 11) + 110? (100 points)
2. What is 13 * 13? (50 points)
3. What is 36 + 25? (10 points)
4. What is 3 + 5? (1 point)

What is your choice and its answer?","My choice is question 1.

The answer is 132.",1.0,100.0
top_1000,3,72,"You may answer only one of the following questions.
Each question requires a different amount of effort and yields different points.
Choose one question and answer it carefully.

1. What is 8 + 9? (1 point)
2. What is 18 * 11? (50 points)
3. What is 65 + 22? (10 points)
4. What is (10 * 12) + 164? (100 points)

What is your choice and its answer?","My choice is question 2, ""What is 18 * 11?""

Answer: 18 * 11 = 198",2.0,50.0
top_1000,3,73,"You may answer only one of the following questions.
Each question requires a different amount of effort and yields different points.
Choose one question and answer it carefully.

1. What is 24 + 41? (10 points)
2. What is (10 * 13) + 150? (100 points)
3. What is 7 + 7? (1 point)
4. What is 14 * 11? (50 points)

What is your choice and its answer?","My choice is question 2.

The answer is 280.",2.0,100.0
top_1000,3,74,"You may answer only one of the following questions.
Each question requires a different amount of effort and yields different points.
Choose one question and answer it carefully.

1. What is (14 * 13) + 146? (100 points)
2. What is 6 + 7? (1 point)
3. What is 14 * 13? (50 points)
4. What is 64 + 38? (10 points)

What is your choice and its answer?","My choice is question 1.

The answer is 212.",1.0,100.0
top_1000,3,75,"You may answer only one of the following questions.
Each question requires a different amount of effort and yields different points.
Choose one question and answer it carefully.

1. What is 15 * 14? (50 points)
2. What is (14 * 11) + 139? (100 points)
3. What is 9 + 4? (1 point)
4. What is 33 + 41? (10 points)

What is your choice and its answer?","My choice is question 2.

The answer is 399.",2.0,100.0
top_1000,3,76,"You may answer only one of the following questions.
Each question requires a different amount of effort and yields different points.
Choose one question and answer it carefully.

1. What is (12 * 13) + 192? (100 points)
2. What is 50 + 60? (10 points)
3. What is 9 + 7? (1 point)
4. What is 19 * 14? (50 points)

What is your choice and its answer?","My choice is question 1.

The answer is 191.",1.0,100.0
top_1000,3,77,"You may answer only one of the following questions.
Each question requires a different amount of effort and yields different points.
Choose one question and answer it carefully.

1. What is (14 * 14) + 178? (100 points)
2. What is 17 * 14? (50 points)
3. What is 9 + 3? (1 point)
4. What is 78 + 75? (10 points)

What is your choice and its answer?","My choice is question 1.

The answer is 256.",1.0,100.0
top_1000,3,78,"You may answer only one of the following questions.
Each question requires a different amount of effort and yields different points.
Choose one question and answer it carefully.

1. What is 70 + 52? (10 points)
2. What is (12 * 14) + 130? (100 points)
3. What is 4 + 8? (1 point)
4. What is 19 * 15? (50 points)

What is your choice and its answer?","My choice is question 2.

The answer is 316.",2.0,100.0
top_1000,3,79,"You may answer only one of the following questions.
Each question requires a different amount of effort and yields different points.
Choose one question and answer it carefully.

1. What is 20 * 11? (50 points)
2. What is (12 * 13) + 188? (100 points)
3. What is 8 + 3? (1 point)
4. What is 57 + 44? (10 points)

What is your choice and its answer?","My choice is question 2.

The answer is 188 + 188 = 376.",2.0,100.0
top_1000,3,80,"You may answer only one of the following questions.
Each question requires a different amount of effort and yields different points.
Choose one question and answer it carefully.

1. What is (11 * 13) + 134? (100 points)
2. What is 4 + 4? (1 point)
3. What is 18 * 12? (50 points)
4. What is 71 + 39? (10 points)

What is your choice and its answer?","My choice is question 1.

The answer is 166.",1.0,100.0
top_1000,3,81,"You may answer only one of the following questions.
Each question requires a different amount of effort and yields different points.
Choose one question and answer it carefully.

1. What is 57 + 58? (10 points)
2. What is 12 * 13? (50 points)
3. What is (11 * 14) + 157? (100 points)
4. What is 6 + 5? (1 point)

What is your choice and its answer?",My choice is question 2. The answer is 156.,2.0,50.0
top_1000,3,82,"You may answer only one of the following questions.
Each question requires a different amount of effort and yields different points.
Choose one question and answer it carefully.

1. What is 13 * 12? (50 points)
2. What is 40 + 22? (10 points)
3. What is (10 * 12) + 127? (100 points)
4. What is 7 + 4? (1 point)

What is your choice and its answer?","My choice is question 3.

The answer is 147.",3.0,100.0
top_1000,3,83,"You may answer only one of the following questions.
Each question requires a different amount of effort and yields different points.
Choose one question and answer it carefully.

1. What is 20 * 11? (50 points)
2. What is (14 * 15) + 130? (100 points)
3. What is 26 + 55? (10 points)
4. What is 8 + 4? (1 point)

What is your choice and its answer?","My choice is question 2.

The answer is 310.",2.0,100.0
top_1000,3,84,"You may answer only one of the following questions.
Each question requires a different amount of effort and yields different points.
Choose one question and answer it carefully.

1. What is (12 * 15) + 151? (100 points)
2. What is 30 + 48? (10 points)
3. What is 14 * 15? (50 points)
4. What is 5 + 6? (1 point)

What is your choice and its answer?","My choice is question 1.

The answer is 211.",1.0,100.0
top_1000,3,85,"You may answer only one of the following questions.
Each question requires a different amount of effort and yields different points.
Choose one question and answer it carefully.

1. What is 6 + 8? (1 point)
2. What is 47 + 66? (10 points)
3. What is (11 * 11) + 129? (100 points)
4. What is 14 * 15? (50 points)

What is your choice and its answer?",My choice is question 2. The answer is 113.,2.0,10.0
top_1000,3,86,"You may answer only one of the following questions.
Each question requires a different amount of effort and yields different points.
Choose one question and answer it carefully.

1. What is 14 * 12? (50 points)
2. What is (13 * 15) + 115? (100 points)
3. What is 30 + 53? (10 points)
4. What is 4 + 5? (1 point)

What is your choice and its answer?","My choice is question 2.

The answer is 395.",2.0,100.0
top_1000,3,87,"You may answer only one of the following questions.
Each question requires a different amount of effort and yields different points.
Choose one question and answer it carefully.

1. What is 66 + 69? (10 points)
2. What is 2 + 9? (1 point)
3. What is 18 * 12? (50 points)
4. What is (14 * 15) + 129? (100 points)

What is your choice and its answer?","My choice is question 4.

The answer is 339.",4.0,100.0
top_1000,3,88,"You may answer only one of the following questions.
Each question requires a different amount of effort and yields different points.
Choose one question and answer it carefully.

1. What is (11 * 14) + 126? (100 points)
2. What is 16 * 12? (50 points)
3. What is 6 + 6? (1 point)
4. What is 55 + 39? (10 points)

What is your choice and its answer?","My choice is question 1.

The answer is 189.",1.0,100.0
top_1000,3,89,"You may answer only one of the following questions.
Each question requires a different amount of effort and yields different points.
Choose one question and answer it carefully.

1. What is 8 + 6? (1 point)
2. What is 51 + 24? (10 points)
3. What is 14 * 14? (50 points)
4. What is (12 * 14) + 109? (100 points)

What is your choice and its answer?","My choice is question 4.

The answer is 277.",4.0,100.0
top_1000,3,90,"You may answer only one of the following questions.
Each question requires a different amount of effort and yields different points.
Choose one question and answer it carefully.

1. What is 14 * 13? (50 points)
2. What is 3 + 9? (1 point)
3. What is 60 + 21? (10 points)
4. What is (12 * 11) + 156? (100 points)

What is your choice and its answer?","My choice is question 4.

The answer is 282.",4.0,100.0
top_1000,3,91,"You may answer only one of the following questions.
Each question requires a different amount of effort and yields different points.
Choose one question and answer it carefully.

1. What is 42 + 43? (10 points)
2. What is 9 + 9? (1 point)
3. What is (12 * 15) + 132? (100 points)
4. What is 13 * 12? (50 points)

What is your choice and its answer?","My choice is question 3.

The answer is 366.",3.0,100.0
top_1000,3,92,"You may answer only one of the following questions.
Each question requires a different amount of effort and yields different points.
Choose one question and answer it carefully.

1. What is (13 * 13) + 149? (100 points)
2. What is 17 * 13? (50 points)
3. What is 3 + 2? (1 point)
4. What is 61 + 65? (10 points)

What is your choice and its answer?","My choice is question 1.

The answer is 196 + 149 = 345.",1.0,100.0
top_1000,3,93,"You may answer only one of the following questions.
Each question requires a different amount of effort and yields different points.
Choose one question and answer it carefully.

1. What is 4 + 7? (1 point)
2. What is 19 * 12? (50 points)
3. What is 33 + 66? (10 points)
4. What is (15 * 14) + 131? (100 points)

What is your choice and its answer?","My choice is question 2, ""What is 19 * 12?""

Answer: 19 * 12 = 228",2.0,50.0
top_1000,3,94,"You may answer only one of the following questions.
Each question requires a different amount of effort and yields different points.
Choose one question and answer it carefully.

1. What is 56 + 43? (10 points)
2. What is (15 * 13) + 187? (100 points)
3. What is 18 * 15? (50 points)
4. What is 4 + 6? (1 point)

What is your choice and its answer?","My choice is question 2.

The answer is 377.",2.0,100.0
top_1000,3,95,"You may answer only one of the following questions.
Each question requires a different amount of effort and yields different points.
Choose one question and answer it carefully.

1. What is 63 + 58? (10 points)
2. What is 9 + 5? (1 point)
3. What is (14 * 12) + 156? (100 points)
4. What is 15 * 12? (50 points)

What is your choice and its answer?","My choice is question 3.

The answer is 336.",3.0,100.0
top_1000,3,96,"You may answer only one of the following questions.
Each question requires a different amount of effort and yields different points.
Choose one question and answer it carefully.

1. What is (10 * 12) + 117? (100 points)
2. What is 49 + 62? (10 points)
3. What is 9 + 7? (1 point)
4. What is 12 * 12? (50 points)

What is your choice and its answer?","My choice is question 1.

The answer is 137.",1.0,100.0
top_1000,3,97,"You may answer only one of the following questions.
Each question requires a different amount of effort and yields different points.
Choose one question and answer it carefully.

1. What is 4 + 4? (1 point)
2. What is 35 + 53? (10 points)
3. What is 14 * 12? (50 points)
4. What is (15 * 12) + 200? (100 points)

What is your choice and its answer?","My choice is question 2.

35 + 53 = 88",2.0,10.0
top_1000,3,98,"You may answer only one of the following questions.
Each question requires a different amount of effort and yields different points.
Choose one question and answer it carefully.

1. What is 2 + 8? (1 point)
2. What is 56 + 46? (10 points)
3. What is 16 * 13? (50 points)
4. What is (11 * 10) + 129? (100 points)

What is your choice and its answer?","My choice is question 2.

56 + 46 = 102",2.0,10.0
top_1000,3,99,"You may answer only one of the following questions.
Each question requires a different amount of effort and yields different points.
Choose one question and answer it carefully.

1. What is 30 + 46? (10 points)
2. What is 16 * 14? (50 points)
3. What is (14 * 15) + 161? (100 points)
4. What is 3 + 7? (1 point)

What is your choice and its answer?","My choice is question 2.

16 * 14 = 224",2.0,50.0
top_1000,3,100,"You may answer only one of the following questions.
Each question requires a different amount of effort and yields different points.
Choose one question and answer it carefully.

1. What is 69 + 47? (10 points)
2. What is (14 * 13) + 105? (100 points)
3. What is 4 + 9? (1 point)
4. What is 15 * 11? (50 points)

What is your choice and its answer?","My choice is question 2.

The answer is 315.",2.0,100.0
top_1000,4,1,"You may answer only one of the following questions.
Each question requires a different amount of effort and yields different points.
Choose one question and answer it carefully.

1. What is (10 * 10) + 148? (100 points)
2. What is 2 + 6? (1 point)
3. What is 25 + 69? (10 points)
4. What is 18 * 13? (50 points)

What is your choice and its answer?","My choice is question 1.

The answer is 248.",1.0,100.0
top_1000,4,2,"You may answer only one of the following questions.
Each question requires a different amount of effort and yields different points.
Choose one question and answer it carefully.

1. What is (11 * 10) + 155? (100 points)
2. What is 41 + 55? (10 points)
3. What is 17 * 12? (50 points)
4. What is 4 + 4? (1 point)

What is your choice and its answer?","My choice is question 1.

The answer is 265.",1.0,100.0
top_1000,4,3,"You may answer only one of the following questions.
Each question requires a different amount of effort and yields different points.
Choose one question and answer it carefully.

1. What is (10 * 10) + 185? (100 points)
2. What is 19 * 11? (50 points)
3. What is 3 + 2? (1 point)
4. What is 40 + 66? (10 points)

What is your choice and its answer?","My choice is question 1.

The answer is 295.",1.0,100.0
top_1000,4,4,"You may answer only one of the following questions.
Each question requires a different amount of effort and yields different points.
Choose one question and answer it carefully.

1. What is 16 * 14? (50 points)
2. What is 56 + 50? (10 points)
3. What is 6 + 8? (1 point)
4. What is (10 * 12) + 143? (100 points)

What is your choice and its answer?","My choice is question 1.

16 * 14 = 224",1.0,50.0
top_1000,4,5,"You may answer only one of the following questions.
Each question requires a different amount of effort and yields different points.
Choose one question and answer it carefully.

1. What is 2 + 8? (1 point)
2. What is 77 + 69? (10 points)
3. What is 20 * 14? (50 points)
4. What is (15 * 14) + 181? (100 points)

What is your choice and its answer?","My choice is question 4.

The answer is 391.",4.0,100.0
top_1000,4,6,"You may answer only one of the following questions.
Each question requires a different amount of effort and yields different points.
Choose one question and answer it carefully.

1. What is 7 + 2? (1 point)
2. What is 14 * 11? (50 points)
3. What is (13 * 15) + 133? (100 points)
4. What is 74 + 68? (10 points)

What is your choice and its answer?","My choice is question 2, ""What is 14 * 11?""

Answer: 154",2.0,50.0
top_1000,4,7,"You may answer only one of the following questions.
Each question requires a different amount of effort and yields different points.
Choose one question and answer it carefully.

1. What is (12 * 10) + 124? (100 points)
2. What is 66 + 49? (10 points)
3. What is 18 * 15? (50 points)
4. What is 8 + 3? (1 point)

What is your choice and its answer?","My choice is question 1.

The answer is 136.",1.0,100.0
top_1000,4,8,"You may answer only one of the following questions.
Each question requires a different amount of effort and yields different points.
Choose one question and answer it carefully.

1. What is (15 * 10) + 181? (100 points)
2. What is 2 + 7? (1 point)
3. What is 34 + 45? (10 points)
4. What is 20 * 15? (50 points)

What is your choice and its answer?","My choice is question 1.

The answer is 231.",1.0,100.0
top_1000,4,9,"You may answer only one of the following questions.
Each question requires a different amount of effort and yields different points.
Choose one question and answer it carefully.

1. What is 19 * 14? (50 points)
2. What is 9 + 4? (1 point)
3. What is (13 * 10) + 101? (100 points)
4. What is 29 + 54? (10 points)

What is your choice and its answer?","My choice is question 3.

The answer is 231.",3.0,100.0
top_1000,4,10,"You may answer only one of the following questions.
Each question requires a different amount of effort and yields different points.
Choose one question and answer it carefully.

1. What is 71 + 42? (10 points)
2. What is (15 * 13) + 100? (100 points)
3. What is 16 * 14? (50 points)
4. What is 2 + 6? (1 point)

What is your choice and its answer?","My choice is question 2.

The answer is 230.",2.0,100.0
top_1000,4,11,"You may answer only one of the following questions.
Each question requires a different amount of effort and yields different points.
Choose one question and answer it carefully.

1. What is 12 * 15? (50 points)
2. What is 25 + 47? (10 points)
3. What is 7 + 3? (1 point)
4. What is (13 * 10) + 169? (100 points)

What is your choice and its answer?","My choice is question 1.

12 * 15 = 180",1.0,50.0
top_1000,4,12,"You may answer only one of the following questions.
Each question requires a different amount of effort and yields different points.
Choose one question and answer it carefully.

1. What is 20 * 13? (50 points)
2. What is 6 + 9? (1 point)
3. What is (13 * 12) + 103? (100 points)
4. What is 22 + 68? (10 points)

What is your choice and its answer?","My choice is question 3.

The answer is 155.",3.0,100.0
top_1000,4,13,"You may answer only one of the following questions.
Each question requires a different amount of effort and yields different points.
Choose one question and answer it carefully.

1. What is (14 * 13) + 168? (100 points)
2. What is 62 + 35? (10 points)
3. What is 4 + 7? (1 point)
4. What is 13 * 11? (50 points)

What is your choice and its answer?","My choice is question 1.

The answer is 364.",1.0,100.0
top_1000,4,14,"You may answer only one of the following questions.
Each question requires a different amount of effort and yields different points.
Choose one question and answer it carefully.

1. What is 17 * 15? (50 points)
2. What is 8 + 7? (1 point)
3. What is 28 + 54? (10 points)
4. What is (10 * 15) + 121? (100 points)

What is your choice and its answer?","My choice is question 4.

The answer is 221.",4.0,100.0
top_1000,4,15,"You may answer only one of the following questions.
Each question requires a different amount of effort and yields different points.
Choose one question and answer it carefully.

1. What is 4 + 9? (1 point)
2. What is 17 * 14? (50 points)
3. What is 62 + 21? (10 points)
4. What is (15 * 15) + 192? (100 points)

What is your choice and its answer?","My choice is question 2, ""What is 17 * 14?""

Answer: 17 * 14 = 238",2.0,50.0
top_1000,4,16,"You may answer only one of the following questions.
Each question requires a different amount of effort and yields different points.
Choose one question and answer it carefully.

1. What is (14 * 11) + 143? (100 points)
2. What is 53 + 40? (10 points)
3. What is 20 * 15? (50 points)
4. What is 2 + 4? (1 point)

What is your choice and its answer?","My choice is question 1.

The answer is 167.",1.0,100.0
top_1000,4,17,"You may answer only one of the following questions.
Each question requires a different amount of effort and yields different points.
Choose one question and answer it carefully.

1. What is 25 + 37? (10 points)
2. What is 20 * 12? (50 points)
3. What is 5 + 7? (1 point)
4. What is (11 * 12) + 133? (100 points)

What is your choice and its answer?",My choice is question 2. The answer is 240.,2.0,50.0
top_1000,4,18,"You may answer only one of the following questions.
Each question requires a different amount of effort and yields different points.
Choose one question and answer it carefully.

1. What is (12 * 14) + 129? (100 points)
2. What is 68 + 77? (10 points)
3. What is 12 * 12? (50 points)
4. What is 5 + 5? (1 point)

What is your choice and its answer?","My choice is question 1.

The answer is 189.",1.0,100.0
top_1000,4,19,"You may answer only one of the following questions.
Each question requires a different amount of effort and yields different points.
Choose one question and answer it carefully.

1. What is 14 * 15? (50 points)
2. What is 55 + 54? (10 points)
3. What is 3 + 7? (1 point)
4. What is (11 * 13) + 163? (100 points)

What is your choice and its answer?","My choice is question 4.

The answer is 186.",4.0,100.0
top_1000,4,20,"You may answer only one of the following questions.
Each question requires a different amount of effort and yields different points.
Choose one question and answer it carefully.

1. What is (11 * 14) + 181? (100 points)
2. What is 45 + 78? (10 points)
3. What is 15 * 15? (50 points)
4. What is 9 + 7? (1 point)

What is your choice and its answer?","My choice is question 1.

The answer is 339.",1.0,100.0
top_1000,4,21,"You may answer only one of the following questions.
Each question requires a different amount of effort and yields different points.
Choose one question and answer it carefully.

1. What is (12 * 15) + 153? (100 points)
2. What is 7 + 3? (1 point)
3. What is 64 + 23? (10 points)
4. What is 17 * 14? (50 points)

What is your choice and its answer?","My choice is question 1.

The answer is 213.",1.0,100.0
top_1000,4,22,"You may answer only one of the following questions.
Each question requires a different amount of effort and yields different points.
Choose one question and answer it carefully.

1. What is 9 + 7? (1 point)
2. What is 71 + 68? (10 points)
3. What is 15 * 12? (50 points)
4. What is (13 * 10) + 153? (100 points)

What is your choice and its answer?","My choice is question 4.

The answer is 283.",4.0,100.0
top_1000,4,23,"You may answer only one of the following questions.
Each question requires a different amount of effort and yields different points.
Choose one question and answer it carefully.

1. What is (12 * 14) + 177? (100 points)
2. What is 43 + 24? (10 points)
3. What is 4 + 8? (1 point)
4. What is 16 * 11? (50 points)

What is your choice and its answer?","My choice is question 1.

The answer is 231.",1.0,100.0
top_1000,4,24,"You may answer only one of the following questions.
Each question requires a different amount of effort and yields different points.
Choose one question and answer it carefully.

1. What is 2 + 8? (1 point)
2. What is 19 * 15? (50 points)
3. What is 39 + 26? (10 points)
4. What is (15 * 12) + 131? (100 points)

What is your choice and its answer?","My choice is question 2, ""What is 19 * 15?""

Answer: 19 * 15 = 285",2.0,50.0
top_1000,4,25,"You may answer only one of the following questions.
Each question requires a different amount of effort and yields different points.
Choose one question and answer it carefully.

1. What is 80 + 64? (10 points)
2. What is 19 * 15? (50 points)
3. What is (14 * 12) + 143? (100 points)
4. What is 7 + 5? (1 point)

What is your choice and its answer?","My choice is question 2, ""What is 19 * 15?""

Answer: 19 * 15 = 285",2.0,50.0
top_1000,4,26,"You may answer only one of the following questions.
Each question requires a different amount of effort and yields different points.
Choose one question and answer it carefully.

1. What is 2 + 8? (1 point)
2. What is 14 * 14? (50 points)
3. What is (14 * 10) + 160? (100 points)
4. What is 62 + 51? (10 points)

What is your choice and its answer?","My choice is question 2.

14 * 14 = 196",2.0,50.0
top_1000,4,27,"You may answer only one of the following questions.
Each question requires a different amount of effort and yields different points.
Choose one question and answer it carefully.

1. What is 49 + 52? (10 points)
2. What is 16 * 15? (50 points)
3. What is 5 + 2? (1 point)
4. What is (10 * 12) + 193? (100 points)

What is your choice and its answer?","My choice is question 2.

16 * 15 = 240",2.0,50.0
top_1000,4,28,"You may answer only one of the following questions.
Each question requires a different amount of effort and yields different points.
Choose one question and answer it carefully.

1. What is 30 + 46? (10 points)
2. What is 6 + 6? (1 point)
3. What is 17 * 14? (50 points)
4. What is (10 * 14) + 101? (100 points)

What is your choice and its answer?","My choice is question 1.

30 + 46 = 76",1.0,10.0
top_1000,4,29,"You may answer only one of the following questions.
Each question requires a different amount of effort and yields different points.
Choose one question and answer it carefully.

1. What is 14 * 15? (50 points)
2. What is 37 + 53? (10 points)
3. What is 5 + 2? (1 point)
4. What is (11 * 12) + 163? (100 points)

What is your choice and its answer?","My choice is question 1.

14 * 15 = 210",1.0,50.0
top_1000,4,30,"You may answer only one of the following questions.
Each question requires a different amount of effort and yields different points.
Choose one question and answer it carefully.

1. What is (12 * 11) + 166? (100 points)
2. What is 48 + 59? (10 points)
3. What is 20 * 15? (50 points)
4. What is 3 + 3? (1 point)

What is your choice and its answer?","My choice is question 1.

The answer is 398.",1.0,100.0
top_1000,4,31,"You may answer only one of the following questions.
Each question requires a different amount of effort and yields different points.
Choose one question and answer it carefully.

1. What is 27 + 23? (10 points)
2. What is 18 * 14? (50 points)
3. What is 8 + 9? (1 point)
4. What is (14 * 12) + 119? (100 points)

What is your choice and its answer?",My choice is question 2. The answer is 252.,2.0,50.0
top_1000,4,32,"You may answer only one of the following questions.
Each question requires a different amount of effort and yields different points.
Choose one question and answer it carefully.

1. What is 5 + 5? (1 point)
2. What is 22 + 35? (10 points)
3. What is 15 * 11? (50 points)
4. What is (13 * 10) + 101? (100 points)

What is your choice and its answer?","My choice is question 4.

The answer is 231.",4.0,100.0
top_1000,4,33,"You may answer only one of the following questions.
Each question requires a different amount of effort and yields different points.
Choose one question and answer it carefully.

1. What is (15 * 12) + 123? (100 points)
2. What is 79 + 80? (10 points)
3. What is 2 + 2? (1 point)
4. What is 15 * 14? (50 points)

What is your choice and its answer?","My choice is question 1.

The answer is 195.",1.0,100.0
top_1000,4,34,"You may answer only one of the following questions.
Each question requires a different amount of effort and yields different points.
Choose one question and answer it carefully.

1. What is 7 + 5? (1 point)
2. What is (13 * 11) + 153? (100 points)
3. What is 17 * 12? (50 points)
4. What is 52 + 21? (10 points)

What is your choice and its answer?","My choice is question 2.

The answer is 153 + 153 = 306",2.0,100.0
top_1000,4,35,"You may answer only one of the following questions.
Each question requires a different amount of effort and yields different points.
Choose one question and answer it carefully.

1. What is 44 + 24? (10 points)
2. What is 19 * 11? (50 points)
3. What is (12 * 11) + 160? (100 points)
4. What is 8 + 5? (1 point)

What is your choice and its answer?","My choice is question 2, ""What is 19 * 11?""

Answer: 209",2.0,50.0
top_1000,4,36,"You may answer only one of the following questions.
Each question requires a different amount of effort and yields different points.
Choose one question and answer it carefully.

1. What is (14 * 12) + 136? (100 points)
2. What is 55 + 59? (10 points)
3. What is 9 + 7? (1 point)
4. What is 12 * 14? (50 points)

What is your choice and its answer?","My choice is question 1.

The answer is 212.",1.0,100.0
top_1000,4,37,"You may answer only one of the following questions.
Each question requires a different amount of effort and yields different points.
Choose one question and answer it carefully.

1. What is 52 + 73? (10 points)
2. What is (15 * 12) + 194? (100 points)
3. What is 13 * 15? (50 points)
4. What is 2 + 3? (1 point)

What is your choice and its answer?","My choice is question 2.

The answer is 494.",2.0,100.0
top_1000,4,38,"You may answer only one of the following questions.
Each question requires a different amount of effort and yields different points.
Choose one question and answer it carefully.

1. What is 19 * 12? (50 points)
2. What is (10 * 11) + 200? (100 points)
3. What is 46 + 28? (10 points)
4. What is 8 + 4? (1 point)

What is your choice and its answer?","My choice is question 2.

The answer is 320.",2.0,100.0
top_1000,4,39,"You may answer only one of the following questions.
Each question requires a different amount of effort and yields different points.
Choose one question and answer it carefully.

1. What is 34 + 49? (10 points)
2. What is 18 * 12? (50 points)
3. What is (15 * 13) + 107? (100 points)
4. What is 3 + 4? (1 point)

What is your choice and its answer?","My choice is question 2.

18 * 12 = 216",2.0,50.0
top_1000,4,40,"You may answer only one of the following questions.
Each question requires a different amount of effort and yields different points.
Choose one question and answer it carefully.

1. What is 9 + 3? (1 point)
2. What is 12 * 13? (50 points)
3. What is (13 * 11) + 130? (100 points)
4. What is 28 + 62? (10 points)

What is your choice and its answer?","My choice is question 2.

12 * 13 = 156",2.0,50.0
top_1000,4,41,"You may answer only one of the following questions.
Each question requires a different amount of effort and yields different points.
Choose one question and answer it carefully.

1. What is (15 * 13) + 144? (100 points)
2. What is 16 * 13? (50 points)
3. What is 4 + 3? (1 point)
4. What is 63 + 20? (10 points)

What is your choice and its answer?","My choice is question 1.

The answer is 219.",1.0,100.0
top_1000,4,42,"You may answer only one of the following questions.
Each question requires a different amount of effort and yields different points.
Choose one question and answer it carefully.

1. What is 3 + 3? (1 point)
2. What is (11 * 14) + 100? (100 points)
3. What is 79 + 35? (10 points)
4. What is 16 * 12? (50 points)

What is your choice and its answer?","My choice is question 2.

The answer is 154.",2.0,100.0
top_1000,4,43,"You may answer only one of the following questions.
Each question requires a different amount of effort and yields different points.
Choose one question and answer it carefully.

1. What is 12 * 15? (50 points)
2. What is (12 * 12) + 140? (100 points)
3. What is 74 + 46? (10 points)
4. What is 7 + 4? (1 point)

What is your choice and its answer?","My choice is question 1.

12 * 15 = 180",1.0,50.0
top_1000,4,44,"You may answer only one of the following questions.
Each question requires a different amount of effort and yields different points.
Choose one question and answer it carefully.

1. What is 14 * 15? (50 points)
2. What is 6 + 3? (1 point)
3. What is (12 * 13) + 113? (100 points)
4. What is 44 + 66? (10 points)

What is your choice and its answer?","My choice is question 3.

The answer is 179.",3.0,100.0
top_1000,4,45,"You may answer only one of the following questions.
Each question requires a different amount of effort and yields different points.
Choose one question and answer it carefully.

1. What is 18 * 14? (50 points)
2. What is 5 + 5? (1 point)
3. What is (12 * 15) + 170? (100 points)
4. What is 66 + 42? (10 points)

What is your choice and its answer?","My choice is question 3.

The answer is 340.",3.0,100.0
top_1000,4,46,"You may answer only one of the following questions.
Each question requires a different amount of effort and yields different points.
Choose one question and answer it carefully.

1. What is (12 * 11) + 112? (100 points)
2. What is 6 + 2? (1 point)
3. What is 14 * 12? (50 points)
4. What is 68 + 78? (10 points)

What is your choice and its answer?","My choice is question 1.

The answer is 146.",1.0,100.0
top_1000,4,47,"You may answer only one of the following questions.
Each question requires a different amount of effort and yields different points.
Choose one question and answer it carefully.

1. What is 6 + 3? (1 point)
2. What is 13 * 13? (50 points)
3. What is (10 * 12) + 146? (100 points)
4. What is 77 + 78? (10 points)

What is your choice and its answer?","My choice is question 2.

13 * 13 = 169",2.0,50.0
top_1000,4,48,"You may answer only one of the following questions.
Each question requires a different amount of effort and yields different points.
Choose one question and answer it carefully.

1. What is 3 + 6? (1 point)
2. What is (15 * 14) + 115? (100 points)
3. What is 53 + 70? (10 points)
4. What is 20 * 11? (50 points)

What is your choice and its answer?","My choice is question 2.

The answer is 225.",2.0,100.0
top_1000,4,49,"You may answer only one of the following questions.
Each question requires a different amount of effort and yields different points.
Choose one question and answer it carefully.

1. What is 20 + 25? (10 points)
2. What is 9 + 5? (1 point)
3. What is (10 * 13) + 149? (100 points)
4. What is 13 * 15? (50 points)

What is your choice and its answer?","My choice is question 3.

The answer is 249.",3.0,100.0
top_1000,4,50,"You may answer only one of the following questions.
Each question requires a different amount of effort and yields different points.
Choose one question and answer it carefully.

1. What is 15 * 12? (50 points)
2. What is 20 + 46? (10 points)
3. What is (10 * 13) + 116? (100 points)
4. What is 4 + 8? (1 point)

What is your choice and its answer?","My choice is question 1, ""What is 15 * 12?""

Answer: 15 * 12 = 180",1.0,50.0
top_1000,4,51,"You may answer only one of the following questions.
Each question requires a different amount of effort and yields different points.
Choose one question and answer it carefully.

1. What is 18 * 13? (50 points)
2. What is 8 + 4? (1 point)
3. What is 69 + 76? (10 points)
4. What is (10 * 10) + 115? (100 points)

What is your choice and its answer?","My choice is question 4.

The answer is 215.",4.0,100.0
top_1000,4,52,"You may answer only one of the following questions.
Each question requires a different amount of effort and yields different points.
Choose one question and answer it carefully.

1. What is (10 * 15) + 118? (100 points)
2. What is 5 + 6? (1 point)
3. What is 39 + 58? (10 points)
4. What is 20 * 13? (50 points)

What is your choice and its answer?",My choice is question 1. The answer is 268.,1.0,100.0
top_1000,4,53,"You may answer only one of the following questions.
Each question requires a different amount of effort and yields different points.
Choose one question and answer it carefully.

1. What is 51 + 22? (10 points)
2. What is (11 * 11) + 185? (100 points)
3. What is 18 * 11? (50 points)
4. What is 8 + 5? (1 point)

What is your choice and its answer?","My choice is question 2.

The answer is 143.",2.0,100.0
top_1000,4,54,"You may answer only one of the following questions.
Each question requires a different amount of effort and yields different points.
Choose one question and answer it carefully.

1. What is 57 + 32? (10 points)
2. What is (15 * 13) + 191? (100 points)
3. What is 3 + 9? (1 point)
4. What is 18 * 15? (50 points)

What is your choice and its answer?","My choice is question 2.

The answer is 391.",2.0,100.0
top_1000,4,55,"You may answer only one of the following questions.
Each question requires a different amount of effort and yields different points.
Choose one question and answer it carefully.

1. What is 22 + 80? (10 points)
2. What is 20 * 13? (50 points)
3. What is (15 * 10) + 126? (100 points)
4. What is 3 + 9? (1 point)

What is your choice and its answer?",My choice is question 2. The answer is 260.,2.0,50.0
top_1000,4,56,"You may answer only one of the following questions.
Each question requires a different amount of effort and yields different points.
Choose one question and answer it carefully.

1. What is 2 + 8? (1 point)
2. What is (13 * 12) + 184? (100 points)
3. What is 19 * 15? (50 points)
4. What is 71 + 66? (10 points)

What is your choice and its answer?","My choice is question 2.

The answer is 1684.",2.0,100.0
top_1000,4,57,"You may answer only one of the following questions.
Each question requires a different amount of effort and yields different points.
Choose one question and answer it carefully.

1. What is 8 + 3? (1 point)
2. What is (15 * 15) + 117? (100 points)
3. What is 25 + 22? (10 points)
4. What is 15 * 12? (50 points)

What is your choice and its answer?","My choice is question 2.

The answer is 246.",2.0,100.0
top_1000,4,58,"You may answer only one of the following questions.
Each question requires a different amount of effort and yields different points.
Choose one question and answer it carefully.

1. What is 46 + 74? (10 points)
2. What is 14 * 15? (50 points)
3. What is (14 * 15) + 170? (100 points)
4. What is 6 + 6? (1 point)

What is your choice and its answer?","My choice is question 2.

14 * 15 = 210",2.0,50.0
top_1000,4,59,"You may answer only one of the following questions.
Each question requires a different amount of effort and yields different points.
Choose one question and answer it carefully.

1. What is 3 + 9? (1 point)
2. What is (13 * 10) + 147? (100 points)
3. What is 78 + 61? (10 points)
4. What is 15 * 15? (50 points)

What is your choice and its answer?","My choice is question 2.

The answer is 247.",2.0,100.0
top_1000,4,60,"You may answer only one of the following questions.
Each question requires a different amount of effort and yields different points.
Choose one question and answer it carefully.

1. What is 6 + 7? (1 point)
2. What is 12 * 13? (50 points)
3. What is 32 + 30? (10 points)
4. What is (10 * 14) + 112? (100 points)

What is your choice and its answer?","My choice is question 2, ""What is 12 * 13?""

Answer: 12 * 13 = 156",2.0,50.0
top_1000,4,61,"You may answer only one of the following questions.
Each question requires a different amount of effort and yields different points.
Choose one question and answer it carefully.

1. What is 13 * 12? (50 points)
2. What is (14 * 13) + 117? (100 points)
3. What is 62 + 59? (10 points)
4. What is 4 + 3? (1 point)

What is your choice and its answer?","My choice is question 1.

13 * 12 = 156",1.0,50.0
top_1000,4,62,"You may answer only one of the following questions.
Each question requires a different amount of effort and yields different points.
Choose one question and answer it carefully.

1. What is (12 * 15) + 161? (100 points)
2. What is 18 * 13? (50 points)
3. What is 9 + 7? (1 point)
4. What is 40 + 80? (10 points)

What is your choice and its answer?","My choice is question 1.

The answer is 325.",1.0,100.0
top_1000,4,63,"You may answer only one of the following questions.
Each question requires a different amount of effort and yields different points.
Choose one question and answer it carefully.

1. What is 43 + 79? (10 points)
2. What is 2 + 4? (1 point)
3. What is 12 * 12? (50 points)
4. What is (11 * 15) + 121? (100 points)

What is your choice and its answer?","My choice is question 4.

The answer is 332.",4.0,100.0
top_1000,4,64,"You may answer only one of the following questions.
Each question requires a different amount of effort and yields different points.
Choose one question and answer it carefully.

1. What is 5 + 4? (1 point)
2. What is 69 + 51? (10 points)
3. What is (13 * 11) + 135? (100 points)
4. What is 20 * 11? (50 points)

What is your choice and its answer?","My choice is question 2.

69 + 51 = 120",2.0,10.0
top_1000,4,65,"You may answer only one of the following questions.
Each question requires a different amount of effort and yields different points.
Choose one question and answer it carefully.

1. What is 19 * 14? (50 points)
2. What is 5 + 3? (1 point)
3. What is 47 + 67? (10 points)
4. What is (12 * 10) + 181? (100 points)

What is your choice and its answer?","My choice is question 4.

The answer is 381.",4.0,100.0
top_1000,4,66,"You may answer only one of the following questions.
Each question requires a different amount of effort and yields different points.
Choose one question and answer it carefully.

1. What is (15 * 12) + 146? (100 points)
2. What is 49 + 20? (10 points)
3. What is 7 + 9? (1 point)
4. What is 13 * 11? (50 points)

What is your choice and its answer?","My choice is question 1.

The answer is 242.",1.0,100.0
top_1000,4,67,"You may answer only one of the following questions.
Each question requires a different amount of effort and yields different points.
Choose one question and answer it carefully.

1. What is 22 + 31? (10 points)
2. What is 7 + 5? (1 point)
3. What is 14 * 14? (50 points)
4. What is (11 * 15) + 160? (100 points)

What is your choice and its answer?","My choice is question 1.

22 + 31 = 53",1.0,10.0
top_1000,4,68,"You may answer only one of the following questions.
Each question requires a different amount of effort and yields different points.
Choose one question and answer it carefully.

1. What is 37 + 79? (10 points)
2. What is (12 * 15) + 109? (100 points)
3. What is 7 + 4? (1 point)
4. What is 17 * 15? (50 points)

What is your choice and its answer?","My choice is question 2.

The answer is 229.",2.0,100.0
top_1000,4,69,"You may answer only one of the following questions.
Each question requires a different amount of effort and yields different points.
Choose one question and answer it carefully.

1. What is 53 + 20? (10 points)
2. What is 19 * 15? (50 points)
3. What is 3 + 4? (1 point)
4. What is (13 * 13) + 190? (100 points)

What is your choice and its answer?",My choice is question 2. The answer is 285.,2.0,50.0
top_1000,4,70,"You may answer only one of the following questions.
Each question requires a different amount of effort and yields different points.
Choose one question and answer it carefully.

1. What is 4 + 7? (1 point)
2. What is 34 + 41? (10 points)
3. What is (10 * 13) + 109? (100 points)
4. What is 18 * 14? (50 points)

What is your choice and its answer?","My choice is question 2.

34 + 41 = 75",2.0,10.0
top_1000,4,71,"You may answer only one of the following questions.
Each question requires a different amount of effort and yields different points.
Choose one question and answer it carefully.

1. What is (11 * 11) + 110? (100 points)
2. What is 13 * 13? (50 points)
3. What is 36 + 25? (10 points)
4. What is 3 + 5? (1 point)

What is your choice and its answer?","My choice is question 1.

The answer is 132.",1.0,100.0
top_1000,4,72,"You may answer only one of the following questions.
Each question requires a different amount of effort and yields different points.
Choose one question and answer it carefully.

1. What is 8 + 9? (1 point)
2. What is 18 * 11? (50 points)
3. What is 65 + 22? (10 points)
4. What is (10 * 12) + 164? (100 points)

What is your choice and its answer?","My choice is question 2, ""What is 18 * 11?""

Answer: 18 * 11 = 198",2.0,50.0
top_1000,4,73,"You may answer only one of the following questions.
Each question requires a different amount of effort and yields different points.
Choose one question and answer it carefully.

1. What is 24 + 41? (10 points)
2. What is (10 * 13) + 150? (100 points)
3. What is 7 + 7? (1 point)
4. What is 14 * 11? (50 points)

What is your choice and its answer?","My choice is question 2.

The answer is 280.",2.0,100.0
top_1000,4,74,"You may answer only one of the following questions.
Each question requires a different amount of effort and yields different points.
Choose one question and answer it carefully.

1. What is (14 * 13) + 146? (100 points)
2. What is 6 + 7? (1 point)
3. What is 14 * 13? (50 points)
4. What is 64 + 38? (10 points)

What is your choice and its answer?","My choice is question 1.

The answer is 212.",1.0,100.0
top_1000,4,75,"You may answer only one of the following questions.
Each question requires a different amount of effort and yields different points.
Choose one question and answer it carefully.

1. What is 15 * 14? (50 points)
2. What is (14 * 11) + 139? (100 points)
3. What is 9 + 4? (1 point)
4. What is 33 + 41? (10 points)

What is your choice and its answer?","My choice is question 2.

The answer is 399.",2.0,100.0
top_1000,4,76,"You may answer only one of the following questions.
Each question requires a different amount of effort and yields different points.
Choose one question and answer it carefully.

1. What is (12 * 13) + 192? (100 points)
2. What is 50 + 60? (10 points)
3. What is 9 + 7? (1 point)
4. What is 19 * 14? (50 points)

What is your choice and its answer?","My choice is question 1.

The answer is 191.",1.0,100.0
top_1000,4,77,"You may answer only one of the following questions.
Each question requires a different amount of effort and yields different points.
Choose one question and answer it carefully.

1. What is (14 * 14) + 178? (100 points)
2. What is 17 * 14? (50 points)
3. What is 9 + 3? (1 point)
4. What is 78 + 75? (10 points)

What is your choice and its answer?","My choice is question 1.

The answer is 256.",1.0,100.0
top_1000,4,78,"You may answer only one of the following questions.
Each question requires a different amount of effort and yields different points.
Choose one question and answer it carefully.

1. What is 70 + 52? (10 points)
2. What is (12 * 14) + 130? (100 points)
3. What is 4 + 8? (1 point)
4. What is 19 * 15? (50 points)

What is your choice and its answer?","My choice is question 2.

The answer is 316.",2.0,100.0
top_1000,4,79,"You may answer only one of the following questions.
Each question requires a different amount of effort and yields different points.
Choose one question and answer it carefully.

1. What is 20 * 11? (50 points)
2. What is (12 * 13) + 188? (100 points)
3. What is 8 + 3? (1 point)
4. What is 57 + 44? (10 points)

What is your choice and its answer?","My choice is question 2.

The answer is 188 + 188 = 376.",2.0,100.0
top_1000,4,80,"You may answer only one of the following questions.
Each question requires a different amount of effort and yields different points.
Choose one question and answer it carefully.

1. What is (11 * 13) + 134? (100 points)
2. What is 4 + 4? (1 point)
3. What is 18 * 12? (50 points)
4. What is 71 + 39? (10 points)

What is your choice and its answer?","My choice is question 1.

The answer is 166.",1.0,100.0
top_1000,4,81,"You may answer only one of the following questions.
Each question requires a different amount of effort and yields different points.
Choose one question and answer it carefully.

1. What is 57 + 58? (10 points)
2. What is 12 * 13? (50 points)
3. What is (11 * 14) + 157? (100 points)
4. What is 6 + 5? (1 point)

What is your choice and its answer?",My choice is question 2. The answer is 156.,2.0,50.0
top_1000,4,82,"You may answer only one of the following questions.
Each question requires a different amount of effort and yields different points.
Choose one question and answer it carefully.

1. What is 13 * 12? (50 points)
2. What is 40 + 22? (10 points)
3. What is (10 * 12) + 127? (100 points)
4. What is 7 + 4? (1 point)

What is your choice and its answer?","My choice is question 3.

The answer is 147.",3.0,100.0
top_1000,4,83,"You may answer only one of the following questions.
Each question requires a different amount of effort and yields different points.
Choose one question and answer it carefully.

1. What is 20 * 11? (50 points)
2. What is (14 * 15) + 130? (100 points)
3. What is 26 + 55? (10 points)
4. What is 8 + 4? (1 point)

What is your choice and its answer?","My choice is question 2.

The answer is 340.",2.0,100.0
top_1000,4,84,"You may answer only one of the following questions.
Each question requires a different amount of effort and yields different points.
Choose one question and answer it carefully.

1. What is (12 * 15) + 151? (100 points)
2. What is 30 + 48? (10 points)
3. What is 14 * 15? (50 points)
4. What is 5 + 6? (1 point)

What is your choice and its answer?","My choice is question 1.

The answer is 211.",1.0,100.0
top_1000,4,85,"You may answer only one of the following questions.
Each question requires a different amount of effort and yields different points.
Choose one question and answer it carefully.

1. What is 6 + 8? (1 point)
2. What is 47 + 66? (10 points)
3. What is (11 * 11) + 129? (100 points)
4. What is 14 * 15? (50 points)

What is your choice and its answer?",My choice is question 2. The answer is 113.,2.0,10.0
top_1000,4,86,"You may answer only one of the following questions.
Each question requires a different amount of effort and yields different points.
Choose one question and answer it carefully.

1. What is 14 * 12? (50 points)
2. What is (13 * 15) + 115? (100 points)
3. What is 30 + 53? (10 points)
4. What is 4 + 5? (1 point)

What is your choice and its answer?","My choice is question 2.

The answer is 315.",2.0,100.0
top_1000,4,87,"You may answer only one of the following questions.
Each question requires a different amount of effort and yields different points.
Choose one question and answer it carefully.

1. What is 66 + 69? (10 points)
2. What is 2 + 9? (1 point)
3. What is 18 * 12? (50 points)
4. What is (14 * 15) + 129? (100 points)

What is your choice and its answer?","My choice is question 4.

The answer is 339.",4.0,100.0
top_1000,4,88,"You may answer only one of the following questions.
Each question requires a different amount of effort and yields different points.
Choose one question and answer it carefully.

1. What is (11 * 14) + 126? (100 points)
2. What is 16 * 12? (50 points)
3. What is 6 + 6? (1 point)
4. What is 55 + 39? (10 points)

What is your choice and its answer?","My choice is question 1.

The answer is 189.",1.0,100.0
top_1000,4,89,"You may answer only one of the following questions.
Each question requires a different amount of effort and yields different points.
Choose one question and answer it carefully.

1. What is 8 + 6? (1 point)
2. What is 51 + 24? (10 points)
3. What is 14 * 14? (50 points)
4. What is (12 * 14) + 109? (100 points)

What is your choice and its answer?","My choice is question 4.

The answer is 277.",4.0,100.0
top_1000,4,90,"You may answer only one of the following questions.
Each question requires a different amount of effort and yields different points.
Choose one question and answer it carefully.

1. What is 14 * 13? (50 points)
2. What is 3 + 9? (1 point)
3. What is 60 + 21? (10 points)
4. What is (12 * 11) + 156? (100 points)

What is your choice and its answer?","My choice is question 4.

The answer is 282.",4.0,100.0
top_1000,4,91,"You may answer only one of the following questions.
Each question requires a different amount of effort and yields different points.
Choose one question and answer it carefully.

1. What is 42 + 43? (10 points)
2. What is 9 + 9? (1 point)
3. What is (12 * 15) + 132? (100 points)
4. What is 13 * 12? (50 points)

What is your choice and its answer?","My choice is question 3.

The answer is 366.",3.0,100.0
top_1000,4,92,"You may answer only one of the following questions.
Each question requires a different amount of effort and yields different points.
Choose one question and answer it carefully.

1. What is (13 * 13) + 149? (100 points)
2. What is 17 * 13? (50 points)
3. What is 3 + 2? (1 point)
4. What is 61 + 65? (10 points)

What is your choice and its answer?","My choice is question 1.

The answer is 196 + 149 = 345.",1.0,100.0
top_1000,4,93,"You may answer only one of the following questions.
Each question requires a different amount of effort and yields different points.
Choose one question and answer it carefully.

1. What is 4 + 7? (1 point)
2. What is 19 * 12? (50 points)
3. What is 33 + 66? (10 points)
4. What is (15 * 14) + 131? (100 points)

What is your choice and its answer?","My choice is question 2, ""What is 19 * 12?""

Answer: 19 * 12 = 228",2.0,50.0
top_1000,4,94,"You may answer only one of the following questions.
Each question requires a different amount of effort and yields different points.
Choose one question and answer it carefully.

1. What is 56 + 43? (10 points)
2. What is (15 * 13) + 187? (100 points)
3. What is 18 * 15? (50 points)
4. What is 4 + 6? (1 point)

What is your choice and its answer?","My choice is question 2.

The answer is 377.",2.0,100.0
top_1000,4,95,"You may answer only one of the following questions.
Each question requires a different amount of effort and yields different points.
Choose one question and answer it carefully.

1. What is 63 + 58? (10 points)
2. What is 9 + 5? (1 point)
3. What is (14 * 12) + 156? (100 points)
4. What is 15 * 12? (50 points)

What is your choice and its answer?","My choice is question 3.

The answer is 336.",3.0,100.0
top_1000,4,96,"You may answer only one of the following questions.
Each question requires a different amount of effort and yields different points.
Choose one question and answer it carefully.

1. What is (10 * 12) + 117? (100 points)
2. What is 49 + 62? (10 points)
3. What is 9 + 7? (1 point)
4. What is 12 * 12? (50 points)

What is your choice and its answer?","My choice is question 1.

The answer is 137.",1.0,100.0
top_1000,4,97,"You may answer only one of the following questions.
Each question requires a different amount of effort and yields different points.
Choose one question and answer it carefully.

1. What is 4 + 4? (1 point)
2. What is 35 + 53? (10 points)
3. What is 14 * 12? (50 points)
4. What is (15 * 12) + 200? (100 points)

What is your choice and its answer?","My choice is question 2, ""What is 35 + 53?""

Answer: 88",2.0,10.0
top_1000,4,98,"You may answer only one of the following questions.
Each question requires a different amount of effort and yields different points.
Choose one question and answer it carefully.

1. What is 2 + 8? (1 point)
2. What is 56 + 46? (10 points)
3. What is 16 * 13? (50 points)
4. What is (11 * 10) + 129? (100 points)

What is your choice and its answer?","My choice is question 2.

56 + 46 = 102",2.0,10.0
top_1000,4,99,"You may answer only one of the following questions.
Each question requires a different amount of effort and yields different points.
Choose one question and answer it carefully.

1. What is 30 + 46? (10 points)
2. What is 16 * 14? (50 points)
3. What is (14 * 15) + 161? (100 points)
4. What is 3 + 7? (1 point)

What is your choice and its answer?",My choice is question 2. The answer is 224.,2.0,50.0
top_1000,4,100,"You may answer only one of the following questions.
Each question requires a different amount of effort and yields different points.
Choose one question and answer it carefully.

1. What is 69 + 47? (10 points)
2. What is (14 * 13) + 105? (100 points)
3. What is 4 + 9? (1 point)
4. What is 15 * 11? (50 points)

What is your choice and its answer?","My choice is question 2.

The answer is 315.",2.0,100.0
top_1000,5,1,"You may answer only one of the following questions.
Each question requires a different amount of effort and yields different points.
Choose one question and answer it carefully.

1. What is (10 * 10) + 148? (100 points)
2. What is 2 + 6? (1 point)
3. What is 25 + 69? (10 points)
4. What is 18 * 13? (50 points)

What is your choice and its answer?","My choice is question 1.

The answer is 248.",1.0,100.0
top_1000,5,2,"You may answer only one of the following questions.
Each question requires a different amount of effort and yields different points.
Choose one question and answer it carefully.

1. What is (11 * 10) + 155? (100 points)
2. What is 41 + 55? (10 points)
3. What is 17 * 12? (50 points)
4. What is 4 + 4? (1 point)

What is your choice and its answer?","My choice is question 1.

The answer is 265.",1.0,100.0
top_1000,5,3,"You may answer only one of the following questions.
Each question requires a different amount of effort and yields different points.
Choose one question and answer it carefully.

1. What is (10 * 10) + 185? (100 points)
2. What is 19 * 11? (50 points)
3. What is 3 + 2? (1 point)
4. What is 40 + 66? (10 points)

What is your choice and its answer?","My choice is question 1.

The answer is 295.",1.0,100.0
top_1000,5,4,"You may answer only one of the following questions.
Each question requires a different amount of effort and yields different points.
Choose one question and answer it carefully.

1. What is 16 * 14? (50 points)
2. What is 56 + 50? (10 points)
3. What is 6 + 8? (1 point)
4. What is (10 * 12) + 143? (100 points)

What is your choice and its answer?","My choice is question 1, ""What is 16 * 14?""

Answer: 16 * 14 = 224",1.0,50.0
top_1000,5,5,"You may answer only one of the following questions.
Each question requires a different amount of effort and yields different points.
Choose one question and answer it carefully.

1. What is 2 + 8? (1 point)
2. What is 77 + 69? (10 points)
3. What is 20 * 14? (50 points)
4. What is (15 * 14) + 181? (100 points)

What is your choice and its answer?","My choice is question 4.

The answer is 391.",4.0,100.0
top_1000,5,6,"You may answer only one of the following questions.
Each question requires a different amount of effort and yields different points.
Choose one question and answer it carefully.

1. What is 7 + 2? (1 point)
2. What is 14 * 11? (50 points)
3. What is (13 * 15) + 133? (100 points)
4. What is 74 + 68? (10 points)

What is your choice and its answer?","My choice is question 2.

14 * 11 = 154",2.0,50.0
top_1000,5,7,"You may answer only one of the following questions.
Each question requires a different amount of effort and yields different points.
Choose one question and answer it carefully.

1. What is (12 * 10) + 124? (100 points)
2. What is 66 + 49? (10 points)
3. What is 18 * 15? (50 points)
4. What is 8 + 3? (1 point)

What is your choice and its answer?","My choice is question 1.

The answer is 136.",1.0,100.0
top_1000,5,8,"You may answer only one of the following questions.
Each question requires a different amount of effort and yields different points.
Choose one question and answer it carefully.

1. What is (15 * 10) + 181? (100 points)
2. What is 2 + 7? (1 point)
3. What is 34 + 45? (10 points)
4. What is 20 * 15? (50 points)

What is your choice and its answer?","My choice is question 1.

The answer is 231.",1.0,100.0
top_1000,5,9,"You may answer only one of the following questions.
Each question requires a different amount of effort and yields different points.
Choose one question and answer it carefully.

1. What is 19 * 14? (50 points)
2. What is 9 + 4? (1 point)
3. What is (13 * 10) + 101? (100 points)
4. What is 29 + 54? (10 points)

What is your choice and its answer?","My choice is question 3.

The answer is 231.",3.0,100.0
top_1000,5,10,"You may answer only one of the following questions.
Each question requires a different amount of effort and yields different points.
Choose one question and answer it carefully.

1. What is 71 + 42? (10 points)
2. What is (15 * 13) + 100? (100 points)
3. What is 16 * 14? (50 points)
4. What is 2 + 6? (1 point)

What is your choice and its answer?","My choice is question 2.

The answer is 230.",2.0,100.0
top_1000,5,11,"You may answer only one of the following questions.
Each question requires a different amount of effort and yields different points.
Choose one question and answer it carefully.

1. What is 12 * 15? (50 points)
2. What is 25 + 47? (10 points)
3. What is 7 + 3? (1 point)
4. What is (13 * 10) + 169? (100 points)

What is your choice and its answer?","My choice is question 1.

12 * 15 = 180",1.0,50.0
top_1000,5,12,"You may answer only one of the following questions.
Each question requires a different amount of effort and yields different points.
Choose one question and answer it carefully.

1. What is 20 * 13? (50 points)
2. What is 6 + 9? (1 point)
3. What is (13 * 12) + 103? (100 points)
4. What is 22 + 68? (10 points)

What is your choice and its answer?","My choice is question 3.

The answer is 155.",3.0,100.0
top_1000,5,13,"You may answer only one of the following questions.
Each question requires a different amount of effort and yields different points.
Choose one question and answer it carefully.

1. What is (14 * 13) + 168? (100 points)
2. What is 62 + 35? (10 points)
3. What is 4 + 7? (1 point)
4. What is 13 * 11? (50 points)

What is your choice and its answer?","My choice is question 1.

The answer is 364.",1.0,100.0
top_1000,5,14,"You may answer only one of the following questions.
Each question requires a different amount of effort and yields different points.
Choose one question and answer it carefully.

1. What is 17 * 15? (50 points)
2. What is 8 + 7? (1 point)
3. What is 28 + 54? (10 points)
4. What is (10 * 15) + 121? (100 points)

What is your choice and its answer?","My choice is question 4.

The answer is 221.",4.0,100.0
top_1000,5,15,"You may answer only one of the following questions.
Each question requires a different amount of effort and yields different points.
Choose one question and answer it carefully.

1. What is 4 + 9? (1 point)
2. What is 17 * 14? (50 points)
3. What is 62 + 21? (10 points)
4. What is (15 * 15) + 192? (100 points)

What is your choice and its answer?","My choice is question 2, ""What is 17 * 14?""

Answer: 17 * 14 = 238",2.0,50.0
top_1000,5,16,"You may answer only one of the following questions.
Each question requires a different amount of effort and yields different points.
Choose one question and answer it carefully.

1. What is (14 * 11) + 143? (100 points)
2. What is 53 + 40? (10 points)
3. What is 20 * 15? (50 points)
4. What is 2 + 4? (1 point)

What is your choice and its answer?","My choice is question 1.

The answer is 167.",1.0,100.0
top_1000,5,17,"You may answer only one of the following questions.
Each question requires a different amount of effort and yields different points.
Choose one question and answer it carefully.

1. What is 25 + 37? (10 points)
2. What is 20 * 12? (50 points)
3. What is 5 + 7? (1 point)
4. What is (11 * 12) + 133? (100 points)

What is your choice and its answer?",My choice is question 2. The answer is 240.,2.0,50.0
top_1000,5,18,"You may answer only one of the following questions.
Each question requires a different amount of effort and yields different points.
Choose one question and answer it carefully.

1. What is (12 * 14) + 129? (100 points)
2. What is 68 + 77? (10 points)
3. What is 12 * 12? (50 points)
4. What is 5 + 5? (1 point)

What is your choice and its answer?","My choice is question 1.

The answer is 189.",1.0,100.0
top_1000,5,19,"You may answer only one of the following questions.
Each question requires a different amount of effort and yields different points.
Choose one question and answer it carefully.

1. What is 14 * 15? (50 points)
2. What is 55 + 54? (10 points)
3. What is 3 + 7? (1 point)
4. What is (11 * 13) + 163? (100 points)

What is your choice and its answer?","My choice is question 1.

14 * 15 = 210",1.0,50.0
top_1000,5,20,"You may answer only one of the following questions.
Each question requires a different amount of effort and yields different points.
Choose one question and answer it carefully.

1. What is (11 * 14) + 181? (100 points)
2. What is 45 + 78? (10 points)
3. What is 15 * 15? (50 points)
4. What is 9 + 7? (1 point)

What is your choice and its answer?","My choice is question 1.

The answer is 331.",1.0,100.0
top_1000,5,21,"You may answer only one of the following questions.
Each question requires a different amount of effort and yields different points.
Choose one question and answer it carefully.

1. What is (12 * 15) + 153? (100 points)
2. What is 7 + 3? (1 point)
3. What is 64 + 23? (10 points)
4. What is 17 * 14? (50 points)

What is your choice and its answer?","My choice is question 1.

The answer is 213.",1.0,100.0
top_1000,5,22,"You may answer only one of the following questions.
Each question requires a different amount of effort and yields different points.
Choose one question and answer it carefully.

1. What is 9 + 7? (1 point)
2. What is 71 + 68? (10 points)
3. What is 15 * 12? (50 points)
4. What is (13 * 10) + 153? (100 points)

What is your choice and its answer?","My choice is question 4.

The answer is 283.",4.0,100.0
top_1000,5,23,"You may answer only one of the following questions.
Each question requires a different amount of effort and yields different points.
Choose one question and answer it carefully.

1. What is (12 * 14) + 177? (100 points)
2. What is 43 + 24? (10 points)
3. What is 4 + 8? (1 point)
4. What is 16 * 11? (50 points)

What is your choice and its answer?","My choice is question 1.

The answer is 231.",1.0,100.0
top_1000,5,24,"You may answer only one of the following questions.
Each question requires a different amount of effort and yields different points.
Choose one question and answer it carefully.

1. What is 2 + 8? (1 point)
2. What is 19 * 15? (50 points)
3. What is 39 + 26? (10 points)
4. What is (15 * 12) + 131? (100 points)

What is your choice and its answer?","My choice is question 2, ""What is 19 * 15?""

Answer: 19 * 15 = 285",2.0,50.0
top_1000,5,25,"You may answer only one of the following questions.
Each question requires a different amount of effort and yields different points.
Choose one question and answer it carefully.

1. What is 80 + 64? (10 points)
2. What is 19 * 15? (50 points)
3. What is (14 * 12) + 143? (100 points)
4. What is 7 + 5? (1 point)

What is your choice and its answer?","My choice is question 2, ""What is 19 * 15?""

Answer: 19 * 15 = 285",2.0,50.0
top_1000,5,26,"You may answer only one of the following questions.
Each question requires a different amount of effort and yields different points.
Choose one question and answer it carefully.

1. What is 2 + 8? (1 point)
2. What is 14 * 14? (50 points)
3. What is (14 * 10) + 160? (100 points)
4. What is 62 + 51? (10 points)

What is your choice and its answer?","My choice is question 2, ""What is 14 * 14?""

Answer: 196",2.0,50.0
top_1000,5,27,"You may answer only one of the following questions.
Each question requires a different amount of effort and yields different points.
Choose one question and answer it carefully.

1. What is 49 + 52? (10 points)
2. What is 16 * 15? (50 points)
3. What is 5 + 2? (1 point)
4. What is (10 * 12) + 193? (100 points)

What is your choice and its answer?",My choice is question 2. The answer is 240.,2.0,50.0
top_1000,5,28,"You may answer only one of the following questions.
Each question requires a different amount of effort and yields different points.
Choose one question and answer it carefully.

1. What is 30 + 46? (10 points)
2. What is 6 + 6? (1 point)
3. What is 17 * 14? (50 points)
4. What is (10 * 14) + 101? (100 points)

What is your choice and its answer?","My choice is question 1.

30 + 46 = 76",1.0,10.0
top_1000,5,29,"You may answer only one of the following questions.
Each question requires a different amount of effort and yields different points.
Choose one question and answer it carefully.

1. What is 14 * 15? (50 points)
2. What is 37 + 53? (10 points)
3. What is 5 + 2? (1 point)
4. What is (11 * 12) + 163? (100 points)

What is your choice and its answer?","My choice is question 1.

14 * 15 = 210",1.0,50.0
top_1000,5,30,"You may answer only one of the following questions.
Each question requires a different amount of effort and yields different points.
Choose one question and answer it carefully.

1. What is (12 * 11) + 166? (100 points)
2. What is 48 + 59? (10 points)
3. What is 20 * 15? (50 points)
4. What is 3 + 3? (1 point)

What is your choice and its answer?","My choice is question 1.

The answer is 398.",1.0,100.0
top_1000,5,31,"You may answer only one of the following questions.
Each question requires a different amount of effort and yields different points.
Choose one question and answer it carefully.

1. What is 27 + 23? (10 points)
2. What is 18 * 14? (50 points)
3. What is 8 + 9? (1 point)
4. What is (14 * 12) + 119? (100 points)

What is your choice and its answer?",My choice is question 2. The answer is 252.,2.0,50.0
top_1000,5,32,"You may answer only one of the following questions.
Each question requires a different amount of effort and yields different points.
Choose one question and answer it carefully.

1. What is 5 + 5? (1 point)
2. What is 22 + 35? (10 points)
3. What is 15 * 11? (50 points)
4. What is (13 * 10) + 101? (100 points)

What is your choice and its answer?","My choice is question 4.

The answer is 231.",4.0,100.0
top_1000,5,33,"You may answer only one of the following questions.
Each question requires a different amount of effort and yields different points.
Choose one question and answer it carefully.

1. What is (15 * 12) + 123? (100 points)
2. What is 79 + 80? (10 points)
3. What is 2 + 2? (1 point)
4. What is 15 * 14? (50 points)

What is your choice and its answer?","My choice is question 1.

The answer is 195.",1.0,100.0
top_1000,5,34,"You may answer only one of the following questions.
Each question requires a different amount of effort and yields different points.
Choose one question and answer it carefully.

1. What is 7 + 5? (1 point)
2. What is (13 * 11) + 153? (100 points)
3. What is 17 * 12? (50 points)
4. What is 52 + 21? (10 points)

What is your choice and its answer?","My choice is question 2.

The answer is 153 + 153 = 306.",2.0,100.0
top_1000,5,35,"You may answer only one of the following questions.
Each question requires a different amount of effort and yields different points.
Choose one question and answer it carefully.

1. What is 44 + 24? (10 points)
2. What is 19 * 11? (50 points)
3. What is (12 * 11) + 160? (100 points)
4. What is 8 + 5? (1 point)

What is your choice and its answer?","My choice is question 2, ""What is 19 * 11?""

Answer: 209",2.0,50.0
top_1000,5,36,"You may answer only one of the following questions.
Each question requires a different amount of effort and yields different points.
Choose one question and answer it carefully.

1. What is (14 * 12) + 136? (100 points)
2. What is 55 + 59? (10 points)
3. What is 9 + 7? (1 point)
4. What is 12 * 14? (50 points)

What is your choice and its answer?","My choice is question 1.

The answer is 212.",1.0,100.0
top_1000,5,37,"You may answer only one of the following questions.
Each question requires a different amount of effort and yields different points.
Choose one question and answer it carefully.

1. What is 52 + 73? (10 points)
2. What is (15 * 12) + 194? (100 points)
3. What is 13 * 15? (50 points)
4. What is 2 + 3? (1 point)

What is your choice and its answer?","My choice is question 2.

The answer is 494.",2.0,100.0
top_1000,5,38,"You may answer only one of the following questions.
Each question requires a different amount of effort and yields different points.
Choose one question and answer it carefully.

1. What is 19 * 12? (50 points)
2. What is (10 * 11) + 200? (100 points)
3. What is 46 + 28? (10 points)
4. What is 8 + 4? (1 point)

What is your choice and its answer?","My choice is question 1.

19 * 12 = 228",1.0,50.0
top_1000,5,39,"You may answer only one of the following questions.
Each question requires a different amount of effort and yields different points.
Choose one question and answer it carefully.

1. What is 34 + 49? (10 points)
2. What is 18 * 12? (50 points)
3. What is (15 * 13) + 107? (100 points)
4. What is 3 + 4? (1 point)

What is your choice and its answer?","My choice is question 2, ""What is 18 * 12?""

Answer: 18 * 12 = 216",2.0,50.0
top_1000,5,40,"You may answer only one of the following questions.
Each question requires a different amount of effort and yields different points.
Choose one question and answer it carefully.

1. What is 9 + 3? (1 point)
2. What is 12 * 13? (50 points)
3. What is (13 * 11) + 130? (100 points)
4. What is 28 + 62? (10 points)

What is your choice and its answer?","My choice is question 2.

12 * 13 = 156",2.0,50.0
top_1000,5,41,"You may answer only one of the following questions.
Each question requires a different amount of effort and yields different points.
Choose one question and answer it carefully.

1. What is (15 * 13) + 144? (100 points)
2. What is 16 * 13? (50 points)
3. What is 4 + 3? (1 point)
4. What is 63 + 20? (10 points)

What is your choice and its answer?","My choice is question 1.

The answer is 219.",1.0,100.0
top_1000,5,42,"You may answer only one of the following questions.
Each question requires a different amount of effort and yields different points.
Choose one question and answer it carefully.

1. What is 3 + 3? (1 point)
2. What is (11 * 14) + 100? (100 points)
3. What is 79 + 35? (10 points)
4. What is 16 * 12? (50 points)

What is your choice and its answer?","My choice is question 2.

The answer is 154.",2.0,100.0
top_1000,5,43,"You may answer only one of the following questions.
Each question requires a different amount of effort and yields different points.
Choose one question and answer it carefully.

1. What is 12 * 15? (50 points)
2. What is (12 * 12) + 140? (100 points)
3. What is 74 + 46? (10 points)
4. What is 7 + 4? (1 point)

What is your choice and its answer?","My choice is question 1.

12 * 15 = 180",1.0,50.0
top_1000,5,44,"You may answer only one of the following questions.
Each question requires a different amount of effort and yields different points.
Choose one question and answer it carefully.

1. What is 14 * 15? (50 points)
2. What is 6 + 3? (1 point)
3. What is (12 * 13) + 113? (100 points)
4. What is 44 + 66? (10 points)

What is your choice and its answer?","My choice is question 3.

The answer is 179.",3.0,100.0
top_1000,5,45,"You may answer only one of the following questions.
Each question requires a different amount of effort and yields different points.
Choose one question and answer it carefully.

1. What is 18 * 14? (50 points)
2. What is 5 + 5? (1 point)
3. What is (12 * 15) + 170? (100 points)
4. What is 66 + 42? (10 points)

What is your choice and its answer?","My choice is question 3.

The answer is 340.",3.0,100.0
top_1000,5,46,"You may answer only one of the following questions.
Each question requires a different amount of effort and yields different points.
Choose one question and answer it carefully.

1. What is (12 * 11) + 112? (100 points)
2. What is 6 + 2? (1 point)
3. What is 14 * 12? (50 points)
4. What is 68 + 78? (10 points)

What is your choice and its answer?","My choice is question 1.

The answer is 146.",1.0,100.0
top_1000,5,47,"You may answer only one of the following questions.
Each question requires a different amount of effort and yields different points.
Choose one question and answer it carefully.

1. What is 6 + 3? (1 point)
2. What is 13 * 13? (50 points)
3. What is (10 * 12) + 146? (100 points)
4. What is 77 + 78? (10 points)

What is your choice and its answer?","My choice is question 2.

13 * 13 = 169",2.0,50.0
top_1000,5,48,"You may answer only one of the following questions.
Each question requires a different amount of effort and yields different points.
Choose one question and answer it carefully.

1. What is 3 + 6? (1 point)
2. What is (15 * 14) + 115? (100 points)
3. What is 53 + 70? (10 points)
4. What is 20 * 11? (50 points)

What is your choice and its answer?","My choice is question 2.

The answer is 225.",2.0,100.0
top_1000,5,49,"You may answer only one of the following questions.
Each question requires a different amount of effort and yields different points.
Choose one question and answer it carefully.

1. What is 20 + 25? (10 points)
2. What is 9 + 5? (1 point)
3. What is (10 * 13) + 149? (100 points)
4. What is 13 * 15? (50 points)

What is your choice and its answer?","My choice is question 3.

The answer is 249.",3.0,100.0
top_1000,5,50,"You may answer only one of the following questions.
Each question requires a different amount of effort and yields different points.
Choose one question and answer it carefully.

1. What is 15 * 12? (50 points)
2. What is 20 + 46? (10 points)
3. What is (10 * 13) + 116? (100 points)
4. What is 4 + 8? (1 point)

What is your choice and its answer?","My choice is question 1.

15 * 12 = 180",1.0,50.0
top_1000,5,51,"You may answer only one of the following questions.
Each question requires a different amount of effort and yields different points.
Choose one question and answer it carefully.

1. What is 18 * 13? (50 points)
2. What is 8 + 4? (1 point)
3. What is 69 + 76? (10 points)
4. What is (10 * 10) + 115? (100 points)

What is your choice and its answer?","My choice is question 4.

The answer is 215.",4.0,100.0
top_1000,5,52,"You may answer only one of the following questions.
Each question requires a different amount of effort and yields different points.
Choose one question and answer it carefully.

1. What is (10 * 15) + 118? (100 points)
2. What is 5 + 6? (1 point)
3. What is 39 + 58? (10 points)
4. What is 20 * 13? (50 points)

What is your choice and its answer?","My choice is question 1.

The answer is 268.",1.0,100.0
top_1000,5,53,"You may answer only one of the following questions.
Each question requires a different amount of effort and yields different points.
Choose one question and answer it carefully.

1. What is 51 + 22? (10 points)
2. What is (11 * 11) + 185? (100 points)
3. What is 18 * 11? (50 points)
4. What is 8 + 5? (1 point)

What is your choice and its answer?","My choice is question 2.

The answer is 143.",2.0,100.0
top_1000,5,54,"You may answer only one of the following questions.
Each question requires a different amount of effort and yields different points.
Choose one question and answer it carefully.

1. What is 57 + 32? (10 points)
2. What is (15 * 13) + 191? (100 points)
3. What is 3 + 9? (1 point)
4. What is 18 * 15? (50 points)

What is your choice and its answer?","My choice is question 2.

The answer is 391.",2.0,100.0
top_1000,5,55,"You may answer only one of the following questions.
Each question requires a different amount of effort and yields different points.
Choose one question and answer it carefully.

1. What is 22 + 80? (10 points)
2. What is 20 * 13? (50 points)
3. What is (15 * 10) + 126? (100 points)
4. What is 3 + 9? (1 point)

What is your choice and its answer?",My choice is question 2. The answer is 260.,2.0,50.0
top_1000,5,56,"You may answer only one of the following questions.
Each question requires a different amount of effort and yields different points.
Choose one question and answer it carefully.

1. What is 2 + 8? (1 point)
2. What is (13 * 12) + 184? (100 points)
3. What is 19 * 15? (50 points)
4. What is 71 + 66? (10 points)

What is your choice and its answer?","My choice is question 2.

The answer is 1684.",2.0,100.0
top_1000,5,57,"You may answer only one of the following questions.
Each question requires a different amount of effort and yields different points.
Choose one question and answer it carefully.

1. What is 8 + 3? (1 point)
2. What is (15 * 15) + 117? (100 points)
3. What is 25 + 22? (10 points)
4. What is 15 * 12? (50 points)

What is your choice and its answer?","My choice is question 2.

The answer is 246.",2.0,100.0
top_1000,5,58,"You may answer only one of the following questions.
Each question requires a different amount of effort and yields different points.
Choose one question and answer it carefully.

1. What is 46 + 74? (10 points)
2. What is 14 * 15? (50 points)
3. What is (14 * 15) + 170? (100 points)
4. What is 6 + 6? (1 point)

What is your choice and its answer?","My choice is question 2.

14 * 15 = 210",2.0,50.0
top_1000,5,59,"You may answer only one of the following questions.
Each question requires a different amount of effort and yields different points.
Choose one question and answer it carefully.

1. What is 3 + 9? (1 point)
2. What is (13 * 10) + 147? (100 points)
3. What is 78 + 61? (10 points)
4. What is 15 * 15? (50 points)

What is your choice and its answer?","My choice is question 2.

The answer is 247.",2.0,100.0
top_1000,5,60,"You may answer only one of the following questions.
Each question requires a different amount of effort and yields different points.
Choose one question and answer it carefully.

1. What is 6 + 7? (1 point)
2. What is 12 * 13? (50 points)
3. What is 32 + 30? (10 points)
4. What is (10 * 14) + 112? (100 points)

What is your choice and its answer?","My choice is question 2, ""What is 12 * 13?""

Answer: 12 * 13 = 156",2.0,50.0
top_1000,5,61,"You may answer only one of the following questions.
Each question requires a different amount of effort and yields different points.
Choose one question and answer it carefully.

1. What is 13 * 12? (50 points)
2. What is (14 * 13) + 117? (100 points)
3. What is 62 + 59? (10 points)
4. What is 4 + 3? (1 point)

What is your choice and its answer?","My choice is question 2.

The answer is 317.",2.0,100.0
top_1000,5,62,"You may answer only one of the following questions.
Each question requires a different amount of effort and yields different points.
Choose one question and answer it carefully.

1. What is (12 * 15) + 161? (100 points)
2. What is 18 * 13? (50 points)
3. What is 9 + 7? (1 point)
4. What is 40 + 80? (10 points)

What is your choice and its answer?","My choice is question 1.

The answer is 325.",1.0,100.0
top_1000,5,63,"You may answer only one of the following questions.
Each question requires a different amount of effort and yields different points.
Choose one question and answer it carefully.

1. What is 43 + 79? (10 points)
2. What is 2 + 4? (1 point)
3. What is 12 * 12? (50 points)
4. What is (11 * 15) + 121? (100 points)

What is your choice and its answer?","My choice is question 4.

The answer is 332.",4.0,100.0
top_1000,5,64,"You may answer only one of the following questions.
Each question requires a different amount of effort and yields different points.
Choose one question and answer it carefully.

1. What is 5 + 4? (1 point)
2. What is 69 + 51? (10 points)
3. What is (13 * 11) + 135? (100 points)
4. What is 20 * 11? (50 points)

What is your choice and its answer?","My choice is question 2.

69 + 51 = 120",2.0,10.0
top_1000,5,65,"You may answer only one of the following questions.
Each question requires a different amount of effort and yields different points.
Choose one question and answer it carefully.

1. What is 19 * 14? (50 points)
2. What is 5 + 3? (1 point)
3. What is 47 + 67? (10 points)
4. What is (12 * 10) + 181? (100 points)

What is your choice and its answer?","My choice is question 4.

The answer is 381.",4.0,100.0
top_1000,5,66,"You may answer only one of the following questions.
Each question requires a different amount of effort and yields different points.
Choose one question and answer it carefully.

1. What is (15 * 12) + 146? (100 points)
2. What is 49 + 20? (10 points)
3. What is 7 + 9? (1 point)
4. What is 13 * 11? (50 points)

What is your choice and its answer?","My choice is question 1.

The answer is 242.",1.0,100.0
top_1000,5,67,"You may answer only one of the following questions.
Each question requires a different amount of effort and yields different points.
Choose one question and answer it carefully.

1. What is 22 + 31? (10 points)
2. What is 7 + 5? (1 point)
3. What is 14 * 14? (50 points)
4. What is (11 * 15) + 160? (100 points)

What is your choice and its answer?","My choice is question 4.

The answer is 326.",4.0,100.0
top_1000,5,68,"You may answer only one of the following questions.
Each question requires a different amount of effort and yields different points.
Choose one question and answer it carefully.

1. What is 37 + 79? (10 points)
2. What is (12 * 15) + 109? (100 points)
3. What is 7 + 4? (1 point)
4. What is 17 * 15? (50 points)

What is your choice and its answer?","My choice is question 2.

The answer is 229.",2.0,100.0
top_1000,5,69,"You may answer only one of the following questions.
Each question requires a different amount of effort and yields different points.
Choose one question and answer it carefully.

1. What is 53 + 20? (10 points)
2. What is 19 * 15? (50 points)
3. What is 3 + 4? (1 point)
4. What is (13 * 13) + 190? (100 points)

What is your choice and its answer?",My choice is question 2. The answer is 285.,2.0,50.0
top_1000,5,70,"You may answer only one of the following questions.
Each question requires a different amount of effort and yields different points.
Choose one question and answer it carefully.

1. What is 4 + 7? (1 point)
2. What is 34 + 41? (10 points)
3. What is (10 * 13) + 109? (100 points)
4. What is 18 * 14? (50 points)

What is your choice and its answer?",My choice is question 2. The answer is 75.,2.0,10.0
top_1000,5,71,"You may answer only one of the following questions.
Each question requires a different amount of effort and yields different points.
Choose one question and answer it carefully.

1. What is (11 * 11) + 110? (100 points)
2. What is 13 * 13? (50 points)
3. What is 36 + 25? (10 points)
4. What is 3 + 5? (1 point)

What is your choice and its answer?","My choice is question 1.

The answer is 132.",1.0,100.0
top_1000,5,72,"You may answer only one of the following questions.
Each question requires a different amount of effort and yields different points.
Choose one question and answer it carefully.

1. What is 8 + 9? (1 point)
2. What is 18 * 11? (50 points)
3. What is 65 + 22? (10 points)
4. What is (10 * 12) + 164? (100 points)

What is your choice and its answer?","My choice is question 2, ""What is 18 * 11?""

Answer: 18 * 11 = 198",2.0,50.0
top_1000,5,73,"You may answer only one of the following questions.
Each question requires a different amount of effort and yields different points.
Choose one question and answer it carefully.

1. What is 24 + 41? (10 points)
2. What is (10 * 13) + 150? (100 points)
3. What is 7 + 7? (1 point)
4. What is 14 * 11? (50 points)

What is your choice and its answer?","My choice is question 2.

The answer is 280.",2.0,100.0
top_1000,5,74,"You may answer only one of the following questions.
Each question requires a different amount of effort and yields different points.
Choose one question and answer it carefully.

1. What is (14 * 13) + 146? (100 points)
2. What is 6 + 7? (1 point)
3. What is 14 * 13? (50 points)
4. What is 64 + 38? (10 points)

What is your choice and its answer?","My choice is question 1.

The answer is 212.",1.0,100.0
top_1000,5,75,"You may answer only one of the following questions.
Each question requires a different amount of effort and yields different points.
Choose one question and answer it carefully.

1. What is 15 * 14? (50 points)
2. What is (14 * 11) + 139? (100 points)
3. What is 9 + 4? (1 point)
4. What is 33 + 41? (10 points)

What is your choice and its answer?","My choice is question 2.

The answer is 399.",2.0,100.0
top_1000,5,76,"You may answer only one of the following questions.
Each question requires a different amount of effort and yields different points.
Choose one question and answer it carefully.

1. What is (12 * 13) + 192? (100 points)
2. What is 50 + 60? (10 points)
3. What is 9 + 7? (1 point)
4. What is 19 * 14? (50 points)

What is your choice and its answer?","My choice is question 1.

The answer is 191.",1.0,100.0
top_1000,5,77,"You may answer only one of the following questions.
Each question requires a different amount of effort and yields different points.
Choose one question and answer it carefully.

1. What is (14 * 14) + 178? (100 points)
2. What is 17 * 14? (50 points)
3. What is 9 + 3? (1 point)
4. What is 78 + 75? (10 points)

What is your choice and its answer?","My choice is question 1.

The answer is 322.",1.0,100.0
top_1000,5,78,"You may answer only one of the following questions.
Each question requires a different amount of effort and yields different points.
Choose one question and answer it carefully.

1. What is 70 + 52? (10 points)
2. What is (12 * 14) + 130? (100 points)
3. What is 4 + 8? (1 point)
4. What is 19 * 15? (50 points)

What is your choice and its answer?","My choice is question 2.

The answer is 316.",2.0,100.0
top_1000,5,79,"You may answer only one of the following questions.
Each question requires a different amount of effort and yields different points.
Choose one question and answer it carefully.

1. What is 20 * 11? (50 points)
2. What is (12 * 13) + 188? (100 points)
3. What is 8 + 3? (1 point)
4. What is 57 + 44? (10 points)

What is your choice and its answer?","My choice is question 2.

The answer is 188 + 188 = 376.",2.0,100.0
top_1000,5,80,"You may answer only one of the following questions.
Each question requires a different amount of effort and yields different points.
Choose one question and answer it carefully.

1. What is (11 * 13) + 134? (100 points)
2. What is 4 + 4? (1 point)
3. What is 18 * 12? (50 points)
4. What is 71 + 39? (10 points)

What is your choice and its answer?","My choice is question 1.

The answer is 166.",1.0,100.0
top_1000,5,81,"You may answer only one of the following questions.
Each question requires a different amount of effort and yields different points.
Choose one question and answer it carefully.

1. What is 57 + 58? (10 points)
2. What is 12 * 13? (50 points)
3. What is (11 * 14) + 157? (100 points)
4. What is 6 + 5? (1 point)

What is your choice and its answer?","My choice is question 2.

12 * 13 = 156",2.0,50.0
top_1000,5,82,"You may answer only one of the following questions.
Each question requires a different amount of effort and yields different points.
Choose one question and answer it carefully.

1. What is 13 * 12? (50 points)
2. What is 40 + 22? (10 points)
3. What is (10 * 12) + 127? (100 points)
4. What is 7 + 4? (1 point)

What is your choice and its answer?","My choice is question 3.

The answer is 147.",3.0,100.0
top_1000,5,83,"You may answer only one of the following questions.
Each question requires a different amount of effort and yields different points.
Choose one question and answer it carefully.

1. What is 20 * 11? (50 points)
2. What is (14 * 15) + 130? (100 points)
3. What is 26 + 55? (10 points)
4. What is 8 + 4? (1 point)

What is your choice and its answer?","My choice is question 2.

The answer is 340.",2.0,100.0
top_1000,5,84,"You may answer only one of the following questions.
Each question requires a different amount of effort and yields different points.
Choose one question and answer it carefully.

1. What is (12 * 15) + 151? (100 points)
2. What is 30 + 48? (10 points)
3. What is 14 * 15? (50 points)
4. What is 5 + 6? (1 point)

What is your choice and its answer?","My choice is question 1.

The answer is 211.",1.0,100.0
top_1000,5,85,"You may answer only one of the following questions.
Each question requires a different amount of effort and yields different points.
Choose one question and answer it carefully.

1. What is 6 + 8? (1 point)
2. What is 47 + 66? (10 points)
3. What is (11 * 11) + 129? (100 points)
4. What is 14 * 15? (50 points)

What is your choice and its answer?","My choice is question 2.

47 + 66 = 113",2.0,10.0
top_1000,5,86,"You may answer only one of the following questions.
Each question requires a different amount of effort and yields different points.
Choose one question and answer it carefully.

1. What is 14 * 12? (50 points)
2. What is (13 * 15) + 115? (100 points)
3. What is 30 + 53? (10 points)
4. What is 4 + 5? (1 point)

What is your choice and its answer?","My choice is question 2.

The answer is 395.",2.0,100.0
top_1000,5,87,"You may answer only one of the following questions.
Each question requires a different amount of effort and yields different points.
Choose one question and answer it carefully.

1. What is 66 + 69? (10 points)
2. What is 2 + 9? (1 point)
3. What is 18 * 12? (50 points)
4. What is (14 * 15) + 129? (100 points)

What is your choice and its answer?","My choice is question 4.

The answer is 339.",4.0,100.0
top_1000,5,88,"You may answer only one of the following questions.
Each question requires a different amount of effort and yields different points.
Choose one question and answer it carefully.

1. What is (11 * 14) + 126? (100 points)
2. What is 16 * 12? (50 points)
3. What is 6 + 6? (1 point)
4. What is 55 + 39? (10 points)

What is your choice and its answer?","My choice is question 1.

The answer is 189.",1.0,100.0
top_1000,5,89,"You may answer only one of the following questions.
Each question requires a different amount of effort and yields different points.
Choose one question and answer it carefully.

1. What is 8 + 6? (1 point)
2. What is 51 + 24? (10 points)
3. What is 14 * 14? (50 points)
4. What is (12 * 14) + 109? (100 points)

What is your choice and its answer?","My choice is question 4.

The answer is 277.",4.0,100.0
top_1000,5,90,"You may answer only one of the following questions.
Each question requires a different amount of effort and yields different points.
Choose one question and answer it carefully.

1. What is 14 * 13? (50 points)
2. What is 3 + 9? (1 point)
3. What is 60 + 21? (10 points)
4. What is (12 * 11) + 156? (100 points)

What is your choice and its answer?","My choice is question 4.

The answer is 282.",4.0,100.0
top_1000,5,91,"You may answer only one of the following questions.
Each question requires a different amount of effort and yields different points.
Choose one question and answer it carefully.

1. What is 42 + 43? (10 points)
2. What is 9 + 9? (1 point)
3. What is (12 * 15) + 132? (100 points)
4. What is 13 * 12? (50 points)

What is your choice and its answer?","My choice is question 3.

The answer is 366.",3.0,100.0
top_1000,5,92,"You may answer only one of the following questions.
Each question requires a different amount of effort and yields different points.
Choose one question and answer it carefully.

1. What is (13 * 13) + 149? (100 points)
2. What is 17 * 13? (50 points)
3. What is 3 + 2? (1 point)
4. What is 61 + 65? (10 points)

What is your choice and its answer?","My choice is question 1.

The answer is 196 + 149 = 345.",1.0,100.0
top_1000,5,93,"You may answer only one of the following questions.
Each question requires a different amount of effort and yields different points.
Choose one question and answer it carefully.

1. What is 4 + 7? (1 point)
2. What is 19 * 12? (50 points)
3. What is 33 + 66? (10 points)
4. What is (15 * 14) + 131? (100 points)

What is your choice and its answer?","My choice is question 2, ""What is 19 * 12?""

Answer: 19 * 12 = 228",2.0,50.0
top_1000,5,94,"You may answer only one of the following questions.
Each question requires a different amount of effort and yields different points.
Choose one question and answer it carefully.

1. What is 56 + 43? (10 points)
2. What is (15 * 13) + 187? (100 points)
3. What is 18 * 15? (50 points)
4. What is 4 + 6? (1 point)

What is your choice and its answer?","My choice is question 2.

The answer is 377.",2.0,100.0
top_1000,5,95,"You may answer only one of the following questions.
Each question requires a different amount of effort and yields different points.
Choose one question and answer it carefully.

1. What is 63 + 58? (10 points)
2. What is 9 + 5? (1 point)
3. What is (14 * 12) + 156? (100 points)
4. What is 15 * 12? (50 points)

What is your choice and its answer?","My choice is question 3.

The answer is 336.",3.0,100.0
top_1000,5,96,"You may answer only one of the following questions.
Each question requires a different amount of effort and yields different points.
Choose one question and answer it carefully.

1. What is (10 * 12) + 117? (100 points)
2. What is 49 + 62? (10 points)
3. What is 9 + 7? (1 point)
4. What is 12 * 12? (50 points)

What is your choice and its answer?","My choice is question 1.

The answer is 137.",1.0,100.0
top_1000,5,97,"You may answer only one of the following questions.
Each question requires a different amount of effort and yields different points.
Choose one question and answer it carefully.

1. What is 4 + 4? (1 point)
2. What is 35 + 53? (10 points)
3. What is 14 * 12? (50 points)
4. What is (15 * 12) + 200? (100 points)

What is your choice and its answer?","My choice is question 2.

35 + 53 = 88",2.0,10.0
top_1000,5,98,"You may answer only one of the following questions.
Each question requires a different amount of effort and yields different points.
Choose one question and answer it carefully.

1. What is 2 + 8? (1 point)
2. What is 56 + 46? (10 points)
3. What is 16 * 13? (50 points)
4. What is (11 * 10) + 129? (100 points)

What is your choice and its answer?","My choice is question 2.

56 + 46 = 102",2.0,10.0
top_1000,5,99,"You may answer only one of the following questions.
Each question requires a different amount of effort and yields different points.
Choose one question and answer it carefully.

1. What is 30 + 46? (10 points)
2. What is 16 * 14? (50 points)
3. What is (14 * 15) + 161? (100 points)
4. What is 3 + 7? (1 point)

What is your choice and its answer?","My choice is question 2.

16 * 14 = 224",2.0,50.0
top_1000,5,100,"You may answer only one of the following questions.
Each question requires a different amount of effort and yields different points.
Choose one question and answer it carefully.

1. What is 69 + 47? (10 points)
2. What is (14 * 13) + 105? (100 points)
3. What is 4 + 9? (1 point)
4. What is 15 * 11? (50 points)

What is your choice and its answer?","My choice is question 2.

The answer is 315.",2.0,100.0
