layer,neuron
7,1326
16,21397
17,17471
24,7176
24,9182
24,16783
24,22875
25,2322
25,4417
25,11386
25,11515
25,17524
25,18953
25,25655
25,26188
26,135
26,2128
26,2168
26,2171
26,2931
26,3662
26,3869
26,3892
26,5075
26,5147
26,5410
26,7236
26,7249
26,11091
26,14352
26,14505
26,15591
26,17243
26,17907
26,18711
26,19841
26,21645
26,21729
26,22913
26,23222
26,23646
26,24514
26,24671
26,25368
26,25712
26,25851
26,26297
26,26529
26,27327
26,27500
26,27626
26,27932
26,28037
26,28425
26,28754
26,28839
27,176
27,180
27,418
27,660
27,686
27,869
27,882
27,1289
27,1820
27,2241
27,2267
27,2460
27,3045
27,3055
27,3158
27,3246
27,3300
27,3780
27,3793
27,3890
27,4220
27,4539
27,4603
27,4892
27,4903
27,5224
27,5478
27,5750
27,5902
27,5950
27,6065
27,6117
27,6275
27,6384
27,6683
27,6952
27,7291
27,7333
27,7405
27,7572
27,8892
27,8983
27,9347
27,9386
27,9730
27,9795
27,9895
27,9941
27,9969
27,10007
27,10090
27,10555
27,10724
27,10964
27,11009
27,11329
27,11431
27,11912
27,12018
27,12051
27,12538
27,12736
27,13100
27,13120
27,13197
27,13327
27,13377
27,13419
27,13495
27,13499
27,13634
27,13707
27,13712
27,13792
27,13903
27,14106
27,14219
27,14314
27,14466
27,14812
27,14868
27,14899
27,14944
27,15328
27,15340
27,15525
27,15555
27,15902
27,15993
27,16076
27,16266
27,16451
27,16707
27,16841
27,17293
27,17474
27,17759
27,17785
27,17980
27,18238
27,18607
27,18836
27,19190
27,19403
27,19559
27,19654
27,19669
27,19692
27,19967
27,20035
27,20712
27,20797
27,21029
27,21055
27,21208
27,21326
27,21362
27,21624
27,21718
27,21766
27,21858
27,22036
27,22646
27,22677
27,22830
27,22950
27,23160
27,23244
27,23276
27,23511
27,23620
27,23776
27,23936
27,23980
27,24311
27,24506
27,24581
27,24811
27,25025
27,25596
27,25630
27,25778
27,25892
27,26038
27,26225
27,26282
27,26366
27,26474
27,26558
27,26607
27,26657
27,26752
27,26777
27,26936
27,27534
27,27683
27,27709
27,27746
27,27793
27,27821
27,28003
27,28028
27,28079
27,28110
27,28238
27,28274
27,28955
27,29137
27,29272
27,29432
28,146
28,608
28,1074
28,1595
28,1714
28,1905
28,2305
28,2383
28,2400
28,2605
28,2825
28,3274
28,3470
28,3483
28,3807
28,4343
28,4475
28,4501
28,4521
28,4752
28,4771
28,4828
28,4857
28,4879
28,5156
28,5274
28,5562
28,5587
28,5594
28,5786
28,5899
28,5940
28,6102
28,6126
28,6386
28,6670
28,6777
28,6830
28,7336
28,7420
28,7503
28,7902
28,8059
28,8208
28,8220
28,8437
28,8476
28,8528
28,8546
28,8808
28,8812
28,8861
28,8874
28,8893
28,9301
28,9346
28,9449
28,9697
28,9766
28,9798
28,9904
28,10009
28,10232
28,10692
28,10823
28,11263
28,11349
28,11418
28,11804
28,12049
28,12328
28,12544
28,12558
28,12723
28,12897
28,12910
28,12973
28,13059
28,13084
28,13239
28,13328
28,13660
28,13713
28,13721
28,13791
28,14668
28,14848
28,15032
28,15465
28,15486
28,15656
28,15715
28,15840
28,16169
28,16380
28,16516
28,17037
28,17091
28,17187
28,17368
28,17709
28,18253
28,18260
28,18562
28,18658
28,18813
28,18868
28,19093
28,19105
28,19192
28,19194
28,19208
28,19501
28,19677
28,20003
28,20005
28,20030
28,20127
28,20207
28,20274
28,20309
28,20475
28,20807
28,20899
28,21054
28,21268
28,21604
28,22025
28,22251
28,22777
28,22797
28,22807
28,22873
28,23286
28,23364
28,23388
28,23416
28,23649
28,23817
28,24002
28,24121
28,24548
28,24903
28,25050
28,25096
28,25470
28,25535
28,25770
28,25849
28,26016
28,26109
28,26720
28,26810
28,26929
28,26943
28,27090
28,27172
28,27175
28,27200
28,27482
28,27507
28,27693
28,28233
28,28265
28,28286
28,28520
28,28579
28,28955
28,29164
29,221
29,501
29,536
29,554
29,607
29,609
29,630
29,664
29,757
29,791
29,813
29,1044
29,1051
29,1063
29,1265
29,1271
29,1282
29,1541
29,1644
29,1714
29,1726
29,1730
29,1753
29,1788
29,1849
29,1864
29,2066
29,2074
29,2086
29,2245
29,2325
29,2326
29,2376
29,2474
29,2492
29,2501
29,2573
29,2743
29,2771
29,2864
29,2934
29,2984
29,3255
29,3291
29,3343
29,3350
29,3397
29,3407
29,3480
29,3555
29,3606
29,3703
29,3707
29,3822
29,3860
29,3934
29,4033
29,4053
29,4104
29,4145
29,4157
29,4195
29,4383
29,4518
29,4542
29,4794
29,4972
29,5016
29,5054
29,5057
29,5106
29,5119
29,5307
29,5328
29,5348
29,5351
29,5363
29,5406
29,5494
29,5554
29,5616
29,5674
29,5676
29,5722
29,5831
29,5915
29,6094
29,6142
29,6249
29,6349
29,6483
29,6550
29,6570
29,6697
29,6809
29,6895
29,6928
29,6975
29,7050
29,7477
29,7547
29,7609
29,7769
29,7818
29,7905
29,7917
29,7965
29,8118
29,8188
29,8224
29,8230
29,8253
29,8422
29,8470
29,8478
29,8594
29,8738
29,8743
29,8783
29,8825
29,8868
29,8926
29,8998
29,9048
29,9051
29,9067
29,9161
29,9283
29,9581
29,9772
29,9829
29,9873
29,10020
29,10068
29,10114
29,10154
29,10228
29,10325
29,10447
29,10498
29,10571
29,10688
29,10698
29,10852
29,11027
29,11100
29,11107
29,11474
29,11528
29,11605
29,11664
29,11672
29,11726
29,11736
29,11806
29,11809
29,11828
29,11834
29,11859
29,11889
29,11904
29,12142
29,12301
29,12334
29,12364
29,12502
29,12638
29,12660
29,12913
29,13031
29,13050
29,13063
29,13072
29,13100
29,13140
29,13176
29,13324
29,13436
29,13702
29,13712
29,13720
29,13786
29,13960
29,13962
29,14220
29,14286
29,14375
29,14423
29,14545
29,14614
29,14644
29,14664
29,14755
29,14818
29,14837
29,14877
29,14929
29,15010
29,15123
29,15190
29,15432
29,15453
29,15515
29,15527
29,15547
29,15636
29,15667
29,15697
29,15711
29,15786
29,15915
29,16168
29,16226
29,16498
29,16547
29,16787
29,16943
29,16950
29,17082
29,17162
29,17183
29,17271
29,17410
29,17563
29,17637
29,17788
29,17821
29,17866
29,17899
29,17911
29,17951
29,18160
29,18188
29,18470
29,18505
29,18519
29,18544
29,18557
29,18660
29,18677
29,18729
29,18803
29,18866
29,18890
29,19005
29,19024
29,19154
29,19220
29,19296
29,19353
29,19374
29,19409
29,19410
29,19496
29,19504
29,19531
29,19679
29,19757
29,19769
29,19984
29,20115
29,20265
29,20321
29,20394
29,20404
29,20414
29,20480
29,20504
29,20511
29,20578
29,20614
29,20647
29,20780
29,20858
29,20870
29,20913
29,20918
29,20931
29,20941
29,20972
29,21097
29,21311
29,21396
29,21402
29,21422
29,21478
29,21541
29,21575
29,21585
29,21623
29,21645
29,21659
29,21682
29,21751
29,21781
29,22095
29,22161
29,22233
29,22246
29,22310
29,22482
29,22518
29,22550
29,22571
29,22579
29,22656
29,22870
29,22896
29,22947
29,22950
29,23004
29,23091
29,23145
29,23151
29,23234
29,23249
29,23250
29,23531
29,23583
29,23600
29,23609
29,23619
29,23706
29,23917
29,23975
29,24018
29,24252
29,24278
29,24447
29,24505
29,24520
29,24543
29,24614
29,24649
29,24835
29,24849
29,25129
29,25253
29,25274
29,25283
29,25466
29,25545
29,25596
29,25623
29,25988
29,26105
29,26182
29,26247
29,26303
29,26365
29,26506
29,26627
29,26640
29,26648
29,26945
29,27164
29,27607
29,27616
29,27636
29,27702
29,27724
29,27737
29,27832
29,27920
29,27956
29,27989
29,28019
29,28050
29,28070
29,28118
29,28167
29,28198
29,28235
29,28387
29,28410
29,28514
29,28850
29,28935
29,28997
29,29041
29,29065
29,29268
29,29426
29,29462
29,29549
29,29560
30,129
30,173
30,206
30,320
30,328
30,353
30,356
30,402
30,413
30,430
30,501
30,726
30,766
30,799
30,817
30,827
30,911
30,1059
30,1099
30,1106
30,1153
30,1165
30,1166
30,1176
30,1247
30,1310
30,1333
30,1347
30,1360
30,1411
30,1422
30,1448
30,1734
30,1817
30,1908
30,1915
30,1920
30,1945
30,1958
30,1960
30,1968
30,1991
30,1994
30,2121
30,2131
30,2186
30,2209
30,2240
30,2264
30,2278
30,2312
30,2382
30,2383
30,2468
30,2471
30,2493
30,2556
30,2570
30,2573
30,2604
30,2608
30,2617
30,2629
30,2651
30,2653
30,2673
30,2684
30,2685
30,2792
30,2793
30,2915
30,2998
30,3003
30,3040
30,3094
30,3121
30,3144
30,3191
30,3274
30,3366
30,3374
30,3379
30,3393
30,3502
30,3627
30,3654
30,3674
30,3678
30,3685
30,3692
30,3742
30,3762
30,3850
30,3878
30,3895
30,3997
30,4076
30,4219
30,4265
30,4283
30,4285
30,4297
30,4477
30,4478
30,4507
30,4523
30,4581
30,4589
30,4741
30,4792
30,4808
30,4836
30,4914
30,4948
30,4960
30,4981
30,5025
30,5052
30,5057
30,5071
30,5088
30,5100
30,5149
30,5228
30,5236
30,5295
30,5316
30,5411
30,5662
30,5673
30,5704
30,5743
30,5762
30,5812
30,5855
30,5906
30,5942
30,5968
30,6132
30,6144
30,6175
30,6177
30,6182
30,6188
30,6225
30,6246
30,6258
30,6314
30,6352
30,6437
30,6491
30,6634
30,6696
30,6753
30,6832
30,6886
30,6909
30,6914
30,6915
30,7014
30,7045
30,7053
30,7218
30,7304
30,7397
30,7452
30,7467
30,7483
30,7485
30,7542
30,7545
30,7550
30,7575
30,7637
30,7675
30,7777
30,7782
30,7797
30,7869
30,7886
30,7914
30,8125
30,8234
30,8245
30,8246
30,8251
30,8274
30,8373
30,8379
30,8383
30,8442
30,8507
30,8509
30,8603
30,8608
30,8653
30,8658
30,8675
30,8768
30,8771
30,8795
30,8872
30,8908
30,8968
30,8970
30,8976
30,8979
30,9002
30,9085
30,9102
30,9254
30,9262
30,9296
30,9354
30,9389
30,9448
30,9453
30,9506
30,9544
30,9562
30,9596
30,9625
30,9628
30,9638
30,9644
30,9660
30,9661
30,9690
30,9714
30,9734
30,9744
30,9761
30,9787
30,9838
30,9841
30,9843
30,9869
30,9898
30,9914
30,9935
30,9979
30,9994
30,10087
30,10294
30,10313
30,10417
30,10448
30,10479
30,10504
30,10511
30,10583
30,10713
30,10734
30,10757
30,10808
30,10818
30,10819
30,10823
30,10951
30,10968
30,11006
30,11093
30,11096
30,11103
30,11147
30,11189
30,11249
30,11357
30,11382
30,11389
30,11410
30,11412
30,11440
30,11466
30,11503
30,11516
30,11531
30,11682
30,11714
30,11731
30,11738
30,11755
30,11779
30,11786
30,11792
30,11856
30,11893
30,12092
30,12109
30,12166
30,12168
30,12169
30,12175
30,12185
30,12200
30,12245
30,12284
30,12312
30,12320
30,12356
30,12374
30,12401
30,12417
30,12467
30,12531
30,12562
30,12660
30,12730
30,12767
30,12837
30,12886
30,12909
30,13190
30,13257
30,13332
30,13362
30,13368
30,13405
30,13411
30,13417
30,13430
30,13530
30,13546
30,13567
30,13589
30,13654
30,13674
30,13943
30,13952
30,14037
30,14049
30,14094
30,14153
30,14178
30,14235
30,14295
30,14298
30,14306
30,14389
30,14503
30,14523
30,14551
30,14570
30,14589
30,14651
30,14662
30,14699
30,14781
30,14847
30,14870
30,14912
30,14944
30,14961
30,15019
30,15024
30,15150
30,15154
30,15158
30,15194
30,15255
30,15280
30,15312
30,15409
30,15436
30,15443
30,15445
30,15559
30,15611
30,15792
30,15890
30,15916
30,15925
30,15936
30,16008
30,16060
30,16131
30,16165
30,16181
30,16208
30,16519
30,16546
30,16654
30,16668
30,16696
30,16807
30,16829
30,17180
30,17249
30,17277
30,17335
30,17449
30,17461
30,17475
30,17518
30,17523
30,17548
30,17572
30,17648
30,17671
30,17729
30,17771
30,17897
30,18039
30,18062
30,18070
30,18080
30,18136
30,18144
30,18202
30,18236
30,18278
30,18300
30,18370
30,18383
30,18408
30,18450
30,18607
30,18610
30,18615
30,18833
30,18957
30,18962
30,19042
30,19079
30,19184
30,19222
30,19274
30,19289
30,19291
30,19396
30,19417
30,19422
30,19425
30,19440
30,19470
30,19539
30,19559
30,19581
30,19639
30,19664
30,19692
30,19720
30,19741
30,19823
30,19843
30,19928
30,19957
30,20014
30,20066
30,20224
30,20264
30,20271
30,20280
30,20310
30,20332
30,20351
30,20383
30,20409
30,20418
30,20428
30,20460
30,20497
30,20511
30,20538
30,20553
30,20608
30,20623
30,20632
30,20704
30,20731
30,20794
30,20820
30,20828
30,20838
30,20903
30,20907
30,20953
30,20983
30,21052
30,21075
30,21093
30,21107
30,21108
30,21134
30,21141
30,21165
30,21197
30,21227
30,21239
30,21277
30,21301
30,21311
30,21476
30,21494
30,21500
30,21504
30,21506
30,21515
30,21536
30,21634
30,21668
30,21697
30,21717
30,21721
30,21738
30,21824
30,21882
30,21886
30,21937
30,21955
30,21970
30,22049
30,22052
30,22087
30,22103
30,22104
30,22138
30,22200
30,22210
30,22244
30,22287
30,22334
30,22391
30,22395
30,22409
30,22437
30,22462
30,22464
30,22473
30,22505
30,22554
30,22578
30,22610
30,22685
30,22686
30,22691
30,22728
30,22740
30,22742
30,22761
30,22798
30,22842
30,22851
30,22877
30,22960
30,22962
30,22981
30,22985
30,23100
30,23159
30,23171
30,23198
30,23267
30,23329
30,23346
30,23365
30,23396
30,23415
30,23439
30,23447
30,23478
30,23495
30,23499
30,23546
30,23574
30,23579
30,23590
30,23649
30,23711
30,23714
30,23757
30,23763
30,23776
30,23815
30,23849
30,23861
30,23890
30,23909
30,23911
30,23949
30,23973
30,23976
30,23994
30,24038
30,24068
30,24127
30,24132
30,24162
30,24245
30,24253
30,24268
30,24270
30,24311
30,24316
30,24357
30,24409
30,24510
30,24527
30,24570
30,24582
30,24650
30,24755
30,24758
30,24781
30,24830
30,24854
30,24858
30,24878
30,24904
30,24939
30,24980
30,24997
30,25106
30,25183
30,25208
30,25224
30,25300
30,25411
30,25433
30,25461
30,25556
30,25593
30,25601
30,25683
30,25686
30,25703
30,25706
30,25717
30,25795
30,25799
30,25938
30,25983
30,26025
30,26055
30,26060
30,26108
30,26160
30,26167
30,26208
30,26257
30,26283
30,26284
30,26311
30,26314
30,26321
30,26328
30,26421
30,26438
30,26495
30,26564
30,26592
30,26616
30,26670
30,26715
30,26746
30,26799
30,26875
30,26888
30,26890
30,26940
30,26986
30,27038
30,27043
30,27051
30,27091
30,27122
30,27153
30,27328
30,27398
30,27415
30,27454
30,27586
30,27621
30,27644
30,27764
30,27810
30,27818
30,27823
30,27834
30,27900
30,27948
30,27958
30,28029
30,28068
30,28184
30,28192
30,28211
30,28223
30,28240
30,28287
30,28294
30,28297
30,28337
30,28384
30,28444
30,28484
30,28499
30,28571
30,28638
30,28650
30,28710
30,28720
30,28747
30,28791
30,28796
30,28804
30,28868
30,28899
30,28925
30,28994
30,29009
30,29020
30,29096
30,29154
30,29158
30,29298
30,29319
30,29332
30,29335
30,29377
30,29383
30,29401
30,29416
30,29449
30,29527
30,29565
31,6
31,12
31,19
31,54
31,69
31,91
31,98
31,101
31,131
31,152
31,227
31,249
31,302
31,310
31,321
31,337
31,341
31,349
31,352
31,381
31,413
31,419
31,453
31,490
31,534
31,537
31,602
31,651
31,691
31,695
31,881
31,904
31,919
31,924
31,928
31,939
31,940
31,979
31,1031
31,1037
31,1048
31,1066
31,1075
31,1115
31,1121
31,1145
31,1155
31,1212
31,1259
31,1264
31,1288
31,1295
31,1340
31,1344
31,1404
31,1438
31,1443
31,1464
31,1478
31,1490
31,1493
31,1511
31,1535
31,1553
31,1604
31,1647
31,1669
31,1692
31,1693
31,1708
31,1713
31,1753
31,1766
31,1792
31,1801
31,1877
31,1946
31,1980
31,1982
31,1989
31,2043
31,2057
31,2089
31,2115
31,2159
31,2215
31,2221
31,2226
31,2227
31,2248
31,2249
31,2282
31,2312
31,2375
31,2377
31,2385
31,2433
31,2444
31,2446
31,2543
31,2577
31,2586
31,2668
31,2688
31,2704
31,2708
31,2713
31,2722
31,2755
31,2766
31,2772
31,2790
31,2791
31,2796
31,2808
31,2818
31,2821
31,2832
31,2843
31,2846
31,2873
31,2892
31,2911
31,2921
31,2930
31,2967
31,2985
31,3020
31,3050
31,3088
31,3137
31,3186
31,3202
31,3206
31,3222
31,3273
31,3325
31,3384
31,3393
31,3395
31,3401
31,3433
31,3530
31,3545
31,3561
31,3577
31,3586
31,3600
31,3738
31,3756
31,3788
31,3869
31,3900
31,3905
31,3960
31,3961
31,3987
31,4035
31,4038
31,4071
31,4085
31,4088
31,4222
31,4279
31,4309
31,4347
31,4353
31,4354
31,4356
31,4364
31,4365
31,4389
31,4397
31,4399
31,4430
31,4455
31,4464
31,4478
31,4506
31,4532
31,4574
31,4719
31,4723
31,4795
31,4808
31,4836
31,4845
31,4854
31,4865
31,4883
31,4922
31,4976
31,4980
31,5005
31,5030
31,5059
31,5071
31,5122
31,5132
31,5150
31,5165
31,5182
31,5234
31,5239
31,5247
31,5249
31,5275
31,5283
31,5303
31,5354
31,5358
31,5370
31,5377
31,5419
31,5420
31,5536
31,5538
31,5541
31,5608
31,5621
31,5623
31,5703
31,5707
31,5714
31,5715
31,5788
31,5791
31,5798
31,5811
31,5963
31,5968
31,6027
31,6038
31,6109
31,6139
31,6171
31,6183
31,6229
31,6272
31,6282
31,6304
31,6307
31,6341
31,6347
31,6366
31,6374
31,6397
31,6405
31,6447
31,6468
31,6469
31,6474
31,6484
31,6503
31,6517
31,6519
31,6529
31,6540
31,6603
31,6610
31,6650
31,6653
31,6658
31,6669
31,6708
31,6723
31,6732
31,6745
31,6750
31,6767
31,6812
31,6910
31,6934
31,6940
31,6958
31,6966
31,6967
31,6968
31,6992
31,7020
31,7092
31,7101
31,7142
31,7159
31,7262
31,7279
31,7287
31,7381
31,7423
31,7439
31,7467
31,7480
31,7535
31,7598
31,7624
31,7636
31,7665
31,7693
31,7745
31,7784
31,7794
31,7804
31,7814
31,7849
31,7854
31,7858
31,7859
31,7860
31,7868
31,7886
31,7897
31,7903
31,7912
31,7926
31,7959
31,7962
31,7982
31,7989
31,8003
31,8015
31,8039
31,8051
31,8061
31,8084
31,8113
31,8149
31,8181
31,8191
31,8200
31,8204
31,8253
31,8280
31,8326
31,8450
31,8492
31,8497
31,8577
31,8600
31,8609
31,8636
31,8668
31,8670
31,8680
31,8681
31,8700
31,8706
31,8736
31,8752
31,8794
31,8797
31,8833
31,8837
31,8885
31,8894
31,8927
31,8931
31,8946
31,8952
31,8957
31,8960
31,8968
31,9076
31,9079
31,9087
31,9104
31,9116
31,9139
31,9157
31,9222
31,9292
31,9299
31,9306
31,9314
31,9316
31,9319
31,9331
31,9371
31,9431
31,9449
31,9498
31,9511
31,9522
31,9540
31,9567
31,9595
31,9596
31,9614
31,9718
31,9766
31,9767
31,9817
31,9835
31,9840
31,9867
31,9919
31,9952
31,9957
31,9988
31,9991
31,10048
31,10098
31,10116
31,10128
31,10133
31,10149
31,10157
31,10199
31,10240
31,10327
31,10329
31,10337
31,10338
31,10339
31,10379
31,10445
31,10470
31,10485
31,10510
31,10518
31,10591
31,10599
31,10629
31,10633
31,10635
31,10637
31,10648
31,10665
31,10680
31,10692
31,10698
31,10707
31,10726
31,10763
31,10774
31,10805
31,10834
31,10915
31,10954
31,11027
31,11097
31,11101
31,11107
31,11110
31,11136
31,11148
31,11151
31,11153
31,11236
31,11244
31,11246
31,11258
31,11260
31,11343
31,11358
31,11375
31,11396
31,11408
31,11462
31,11489
31,11490
31,11501
31,11541
31,11572
31,11584
31,11590
31,11603
31,11605
31,11657
31,11670
31,11718
31,11770
31,11802
31,11804
31,11834
31,11856
31,11903
31,11929
31,11948
31,11959
31,11991
31,11996
31,12024
31,12089
31,12117
31,12120
31,12180
31,12213
31,12291
31,12307
31,12318
31,12351
31,12406
31,12432
31,12435
31,12446
31,12476
31,12568
31,12592
31,12602
31,12640
31,12662
31,12687
31,12689
31,12690
31,12716
31,12757
31,12846
31,12909
31,12939
31,12959
31,13047
31,13051
31,13088
31,13105
31,13123
31,13146
31,13190
31,13196
31,13205
31,13236
31,13242
31,13252
31,13274
31,13279
31,13293
31,13304
31,13352
31,13359
31,13382
31,13462
31,13498
31,13526
31,13552
31,13623
31,13626
31,13652
31,13684
31,13688
31,13758
31,13765
31,13849
31,13862
31,13863
31,13876
31,13885
31,13886
31,13924
31,13947
31,13974
31,13976
31,13986
31,13996
31,14045
31,14050
31,14055
31,14100
31,14103
31,14106
31,14108
31,14203
31,14234
31,14241
31,14261
31,14315
31,14344
31,14409
31,14425
31,14517
31,14526
31,14556
31,14558
31,14587
31,14616
31,14690
31,14695
31,14724
31,14809
31,14816
31,14818
31,14853
31,14866
31,14886
31,14995
31,15001
31,15064
31,15113
31,15115
31,15158
31,15174
31,15205
31,15215
31,15221
31,15226
31,15239
31,15245
31,15246
31,15247
31,15256
31,15266
31,15378
31,15439
31,15494
31,15551
31,15565
31,15592
31,15598
31,15669
31,15682
31,15699
31,15711
31,15738
31,15778
31,15809
31,15829
31,15837
31,15907
31,15913
31,15923
31,15925
31,15959
31,15985
31,16027
31,16031
31,16111
31,16112
31,16114
31,16131
31,16197
31,16233
31,16241
31,16261
31,16262
31,16293
31,16303
31,16312
31,16321
31,16406
31,16421
31,16450
31,16458
31,16483
31,16493
31,16496
31,16498
31,16509
31,16545
31,16700
31,16744
31,16756
31,16799
31,16892
31,16893
31,16939
31,17007
31,17034
31,17077
31,17090
31,17114
31,17190
31,17209
31,17221
31,17230
31,17360
31,17367
31,17405
31,17432
31,17438
31,17467
31,17471
31,17542
31,17553
31,17620
31,17673
31,17711
31,17717
31,17719
31,17730
31,17740
31,17745
31,17749
31,17752
31,17760
31,17762
31,17768
31,17793
31,17804
31,17821
31,17838
31,17984
31,18013
31,18022
31,18043
31,18052
31,18059
31,18064
31,18070
31,18093
31,18187
31,18209
31,18289
31,18305
31,18314
31,18365
31,18397
31,18409
31,18422
31,18426
31,18437
31,18448
31,18453
31,18519
31,18560
31,18565
31,18567
31,18646
31,18670
31,18718
31,18755
31,18854
31,18875
31,18896
31,18900
31,18944
31,18954
31,18971
31,18988
31,18990
31,19081
31,19082
31,19097
31,19161
31,19180
31,19188
31,19218
31,19235
31,19252
31,19283
31,19300
31,19328
31,19347
31,19364
31,19381
31,19402
31,19435
31,19459
31,19460
31,19509
31,19545
31,19593
31,19602
31,19607
31,19617
31,19652
31,19656
31,19657
31,19679
31,19681
31,19685
31,19698
31,19712
31,19723
31,19729
31,19818
31,19836
31,19856
31,19887
31,19890
31,19900
31,19904
31,19907
31,19926
31,19964
31,19991
31,19992
31,19994
31,20042
31,20105
31,20153
31,20173
31,20195
31,20211
31,20213
31,20248
31,20256
31,20263
31,20280
31,20281
31,20348
31,20378
31,20412
31,20423
31,20427
31,20431
31,20451
31,20465
31,20513
31,20534
31,20567
31,20589
31,20613
31,20659
31,20679
31,20695
31,20704
31,20719
31,20728
31,20734
31,20736
31,20738
31,20760
31,20762
31,20809
31,20862
31,20878
31,20894
31,20896
31,20920
31,20974
31,20981
31,20984
31,21090
31,21158
31,21173
31,21241
31,21247
31,21248
31,21312
31,21377
31,21380
31,21424
31,21441
31,21475
31,21525
31,21576
31,21642
31,21675
31,21679
31,21686
31,21709
31,21754
31,21789
31,21824
31,21831
31,21842
31,21852
31,21862
31,21891
31,21929
31,21941
31,21960
31,21974
31,21975
31,22023
31,22031
31,22032
31,22047
31,22136
31,22147
31,22189
31,22232
31,22257
31,22268
31,22279
31,22302
31,22307
31,22319
31,22388
31,22439
31,22478
31,22485
31,22506
31,22532
31,22560
31,22577
31,22583
31,22595
31,22598
31,22641
31,22649
31,22660
31,22687
31,22711
31,22751
31,22800
31,22802
31,22824
31,22847
31,22861
31,22927
31,22963
31,23005
31,23057
31,23120
31,23128
31,23141
31,23145
31,23180
31,23206
31,23217
31,23233
31,23287
31,23288
31,23381
31,23392
31,23420
31,23433
31,23437
31,23439
31,23464
31,23477
31,23512
31,23536
31,23572
31,23634
31,23657
31,23672
31,23679
31,23711
31,23713
31,23799
31,23861
31,23869
31,23896
31,23905
31,23917
31,23927
31,23941
31,24014
31,24056
31,24064
31,24096
31,24105
31,24108
31,24115
31,24130
31,24144
31,24160
31,24185
31,24194
31,24243
31,24262
31,24267
31,24335
31,24352
31,24442
31,24525
31,24598
31,24603
31,24628
31,24633
31,24641
31,24674
31,24690
31,24697
31,24702
31,24735
31,24737
31,24752
31,24763
31,24826
31,24842
31,24854
31,24865
31,24882
31,24912
31,24921
31,24944
31,24980
31,24984
31,24986
31,25022
31,25042
31,25063
31,25097
31,25128
31,25131
31,25134
31,25139
31,25170
31,25175
31,25181
31,25197
31,25202
31,25230
31,25241
31,25257
31,25259
31,25282
31,25315
31,25351
31,25352
31,25378
31,25381
31,25394
31,25395
31,25415
31,25474
31,25483
31,25497
31,25519
31,25539
31,25578
31,25579
31,25597
31,25610
31,25656
31,25669
31,25684
31,25710
31,25814
31,25848
31,25874
31,25883
31,25922
31,25972
31,25998
31,26037
31,26076
31,26118
31,26129
31,26165
31,26174
31,26181
31,26243
31,26331
31,26359
31,26408
31,26416
31,26456
31,26459
31,26527
31,26607
31,26612
31,26613
31,26631
31,26637
31,26652
31,26663
31,26688
31,26715
31,26718
31,26761
31,26787
31,26803
31,26822
31,26837
31,26859
31,26864
31,26897
31,26917
31,26950
31,26964
31,26986
31,27006
31,27009
31,27019
31,27043
31,27073
31,27148
31,27165
31,27211
31,27265
31,27290
31,27291
31,27328
31,27370
31,27383
31,27412
31,27431
31,27459
31,27465
31,27507
31,27511
31,27513
31,27519
31,27520
31,27521
31,27528
31,27548
31,27562
31,27572
31,27576
31,27604
31,27617
31,27618
31,27644
31,27654
31,27673
31,27710
31,27730
31,27795
31,27800
31,27862
31,27870
31,27892
31,27898
31,27915
31,27953
31,27982
31,28008
31,28040
31,28103
31,28105
31,28108
31,28109
31,28145
31,28150
31,28197
31,28201
31,28211
31,28252
31,28306
31,28319
31,28340
31,28347
31,28378
31,28383
31,28394
31,28434
31,28479
31,28486
31,28546
31,28637
31,28658
31,28698
31,28708
31,28722
31,28779
31,28786
31,28794
31,28798
31,28812
31,28827
31,28836
31,28843
31,28870
31,28872
31,28880
31,28894
31,28935
31,28983
31,28998
31,29060
31,29108
31,29118
31,29157
31,29168
31,29172
31,29173
31,29197
31,29245
31,29307
31,29355
31,29393
31,29524
32,9
32,68
32,91
32,118
32,126
32,160
32,220
32,268
32,284
32,299
32,345
32,435
32,446
32,448
32,475
32,488
32,549
32,572
32,607
32,618
32,646
32,651
32,655
32,668
32,777
32,794
32,802
32,882
32,893
32,894
32,895
32,908
32,925
32,938
32,957
32,984
32,1002
32,1008
32,1013
32,1025
32,1104
32,1105
32,1169
32,1203
32,1209
32,1243
32,1246
32,1249
32,1261
32,1266
32,1279
32,1324
32,1333
32,1390
32,1401
32,1420
32,1433
32,1435
32,1440
32,1460
32,1469
32,1508
32,1512
32,1525
32,1553
32,1565
32,1566
32,1569
32,1593
32,1617
32,1618
32,1624
32,1666
32,1686
32,1715
32,1721
32,1769
32,1782
32,1792
32,1796
32,1810
32,1823
32,1828
32,1863
32,1867
32,1873
32,1937
32,1938
32,1939
32,1950
32,1985
32,2017
32,2061
32,2068
32,2083
32,2114
32,2116
32,2144
32,2155
32,2260
32,2274
32,2283
32,2300
32,2303
32,2358
32,2362
32,2411
32,2424
32,2464
32,2472
32,2558
32,2569
32,2624
32,2634
32,2665
32,2702
32,2710
32,2717
32,2744
32,2755
32,2759
32,2780
32,2786
32,2842
32,2879
32,2890
32,2894
32,2902
32,2905
32,2938
32,2943
32,2951
32,2965
32,3000
32,3047
32,3050
32,3051
32,3057
32,3062
32,3122
32,3214
32,3218
32,3244
32,3262
32,3285
32,3317
32,3355
32,3385
32,3428
32,3437
32,3448
32,3451
32,3458
32,3460
32,3477
32,3478
32,3489
32,3509
32,3592
32,3602
32,3635
32,3647
32,3648
32,3688
32,3696
32,3725
32,3747
32,3778
32,3815
32,3832
32,3834
32,3836
32,3840
32,3863
32,3866
32,3871
32,3910
32,3953
32,3964
32,3975
32,3990
32,3997
32,4004
32,4005
32,4011
32,4016
32,4088
32,4090
32,4114
32,4175
32,4207
32,4255
32,4260
32,4271
32,4303
32,4314
32,4315
32,4351
32,4386
32,4402
32,4420
32,4431
32,4433
32,4442
32,4450
32,4474
32,4492
32,4518
32,4539
32,4581
32,4591
32,4666
32,4678
32,4708
32,4719
32,4813
32,4823
32,4834
32,4835
32,4848
32,4926
32,4948
32,4971
32,4972
32,5028
32,5060
32,5090
32,5139
32,5141
32,5143
32,5169
32,5215
32,5222
32,5229
32,5235
32,5316
32,5362
32,5364
32,5374
32,5387
32,5415
32,5453
32,5571
32,5602
32,5642
32,5687
32,5755
32,5769
32,5785
32,5880
32,5881
32,5932
32,5988
32,5995
32,5996
32,6023
32,6030
32,6038
32,6042
32,6049
32,6051
32,6064
32,6103
32,6117
32,6120
32,6128
32,6169
32,6191
32,6208
32,6213
32,6372
32,6391
32,6451
32,6504
32,6522
32,6527
32,6637
32,6678
32,6679
32,6705
32,6724
32,6738
32,6789
32,6836
32,6845
32,6912
32,6959
32,6961
32,6974
32,6984
32,7003
32,7043
32,7088
32,7106
32,7162
32,7214
32,7215
32,7236
32,7286
32,7293
32,7337
32,7343
32,7377
32,7425
32,7461
32,7470
32,7474
32,7504
32,7525
32,7637
32,7639
32,7658
32,7711
32,7713
32,7778
32,7829
32,7833
32,7845
32,7848
32,7850
32,7880
32,7893
32,7894
32,7945
32,7950
32,7961
32,8000
32,8027
32,8049
32,8059
32,8109
32,8141
32,8163
32,8333
32,8400
32,8413
32,8445
32,8457
32,8546
32,8548
32,8553
32,8654
32,8671
32,8712
32,8721
32,8736
32,8758
32,8846
32,8859
32,8880
32,8928
32,8974
32,8984
32,9035
32,9041
32,9047
32,9093
32,9134
32,9141
32,9179
32,9180
32,9198
32,9201
32,9205
32,9216
32,9219
32,9221
32,9265
32,9273
32,9296
32,9310
32,9326
32,9327
32,9335
32,9337
32,9434
32,9439
32,9493
32,9503
32,9558
32,9563
32,9609
32,9649
32,9671
32,9728
32,9730
32,9751
32,9758
32,9771
32,9824
32,9877
32,9954
32,10014
32,10043
32,10068
32,10073
32,10077
32,10121
32,10259
32,10305
32,10360
32,10385
32,10446
32,10453
32,10462
32,10481
32,10496
32,10513
32,10562
32,10574
32,10575
32,10576
32,10600
32,10654
32,10666
32,10667
32,10689
32,10696
32,10713
32,10725
32,10727
32,10750
32,10756
32,10759
32,10775
32,10777
32,10814
32,10816
32,10841
32,10931
32,10932
32,11060
32,11080
32,11159
32,11169
32,11177
32,11232
32,11243
32,11330
32,11398
32,11402
32,11409
32,11437
32,11475
32,11513
32,11531
32,11583
32,11637
32,11640
32,11670
32,11702
32,11741
32,11751
32,11765
32,11770
32,11830
32,11834
32,11852
32,11941
32,11973
32,11986
32,11997
32,11998
32,12031
32,12043
32,12053
32,12143
32,12177
32,12189
32,12246
32,12314
32,12325
32,12341
32,12346
32,12388
32,12435
32,12436
32,12441
32,12447
32,12481
32,12482
32,12489
32,12501
32,12504
32,12616
32,12656
32,12739
32,12750
32,12757
32,12802
32,12815
32,12853
32,12864
32,12868
32,12880
32,12897
32,12947
32,12995
32,13029
32,13063
32,13100
32,13105
32,13112
32,13186
32,13226
32,13247
32,13271
32,13276
32,13354
32,13409
32,13413
32,13482
32,13490
32,13531
32,13540
32,13564
32,13579
32,13582
32,13585
32,13657
32,13658
32,13692
32,13704
32,13716
32,13729
32,13736
32,13756
32,13769
32,13814
32,13819
32,13829
32,13835
32,13893
32,13906
32,13938
32,13987
32,13989
32,14000
32,14026
32,14028
32,14038
32,14061
32,14131
32,14158
32,14159
32,14164
32,14194
32,14223
32,14267
32,14334
32,14351
32,14414
32,14423
32,14429
32,14485
32,14576
32,14587
32,14636
32,14664
32,14687
32,14710
32,14728
32,14737
32,14805
32,14955
32,14985
32,14996
32,15020
32,15046
32,15060
32,15069
32,15088
32,15148
32,15161
32,15174
32,15206
32,15249
32,15274
32,15292
32,15368
32,15402
32,15421
32,15439
32,15457
32,15467
32,15474
32,15534
32,15539
32,15551
32,15553
32,15554
32,15560
32,15591
32,15606
32,15627
32,15635
32,15768
32,15828
32,15853
32,15894
32,15898
32,15970
32,15974
32,15982
32,15983
32,16001
32,16099
32,16102
32,16127
32,16138
32,16175
32,16181
32,16191
32,16195
32,16256
32,16320
32,16325
32,16348
32,16369
32,16376
32,16390
32,16413
32,16432
32,16446
32,16470
32,16518
32,16537
32,16545
32,16549
32,16611
32,16720
32,16721
32,16774
32,16778
32,16787
32,16821
32,16839
32,16847
32,16926
32,16973
32,17010
32,17020
32,17021
32,17086
32,17132
32,17172
32,17252
32,17258
32,17259
32,17282
32,17309
32,17314
32,17326
32,17341
32,17359
32,17385
32,17518
32,17554
32,17565
32,17570
32,17590
32,17623
32,17629
32,17637
32,17709
32,17784
32,17786
32,17790
32,17797
32,17803
32,17813
32,17905
32,17911
32,17920
32,17938
32,18052
32,18104
32,18116
32,18152
32,18197
32,18214
32,18246
32,18357
32,18519
32,18567
32,18583
32,18642
32,18670
32,18677
32,18722
32,18731
32,18744
32,18745
32,18755
32,18765
32,18804
32,18813
32,18818
32,18823
32,18865
32,18867
32,18869
32,18870
32,18877
32,18888
32,18890
32,18935
32,18941
32,18961
32,18973
32,18988
32,18989
32,19005
32,19048
32,19111
32,19112
32,19141
32,19172
32,19210
32,19221
32,19231
32,19254
32,19292
32,19372
32,19400
32,19406
32,19435
32,19455
32,19456
32,19480
32,19485
32,19535
32,19563
32,19641
32,19658
32,19695
32,19741
32,19753
32,19796
32,19906
32,19928
32,19938
32,19958
32,19963
32,20034
32,20166
32,20201
32,20206
32,20228
32,20235
32,20353
32,20392
32,20425
32,20445
32,20452
32,20458
32,20489
32,20505
32,20515
32,20542
32,20571
32,20596
32,20616
32,20638
32,20692
32,20713
32,20758
32,20795
32,20821
32,20850
32,20862
32,20877
32,20901
32,20907
32,20923
32,20991
32,21007
32,21049
32,21109
32,21146
32,21159
32,21164
32,21173
32,21191
32,21249
32,21258
32,21285
32,21287
32,21327
32,21337
32,21352
32,21370
32,21379
32,21431
32,21484
32,21486
32,21503
32,21505
32,21512
32,21519
32,21588
32,21601
32,21654
32,21663
32,21695
32,21782
32,21785
32,21787
32,21794
32,21797
32,21811
32,21826
32,21827
32,21870
32,21873
32,21919
32,21926
32,21976
32,21994
32,22094
32,22129
32,22166
32,22210
32,22241
32,22249
32,22287
32,22343
32,22475
32,22496
32,22541
32,22561
32,22568
32,22575
32,22581
32,22582
32,22617
32,22619
32,22662
32,22665
32,22676
32,22698
32,22749
32,22827
32,22870
32,22885
32,22904
32,22928
32,22958
32,22963
32,22998
32,23008
32,23025
32,23047
32,23089
32,23117
32,23138
32,23143
32,23146
32,23164
32,23168
32,23178
32,23199
32,23200
32,23258
32,23350
32,23394
32,23501
32,23522
32,23564
32,23570
32,23579
32,23607
32,23633
32,23685
32,23717
32,23786
32,23807
32,23820
32,23822
32,23845
32,23913
32,23925
32,23928
32,23961
32,23998
32,24001
32,24012
32,24014
32,24063
32,24097
32,24155
32,24161
32,24175
32,24178
32,24182
32,24191
32,24218
32,24250
32,24259
32,24298
32,24311
32,24363
32,24364
32,24461
32,24473
32,24479
32,24493
32,24515
32,24619
32,24646
32,24650
32,24715
32,24718
32,24761
32,24762
32,24796
32,24804
32,24918
32,24932
32,24953
32,25037
32,25053
32,25152
32,25153
32,25173
32,25174
32,25224
32,25262
32,25321
32,25405
32,25456
32,25464
32,25472
32,25483
32,25495
32,25518
32,25535
32,25546
32,25556
32,25594
32,25628
32,25644
32,25680
32,25705
32,25718
32,25767
32,25788
32,25801
32,25802
32,25814
32,25868
32,25877
32,25888
32,25906
32,25913
32,25915
32,25989
32,26029
32,26036
32,26044
32,26098
32,26245
32,26249
32,26250
32,26253
32,26262
32,26270
32,26314
32,26325
32,26461
32,26466
32,26472
32,26533
32,26563
32,26588
32,26616
32,26622
32,26638
32,26657
32,26690
32,26723
32,26736
32,26755
32,26767
32,26768
32,26769
32,26771
32,26803
32,26845
32,26865
32,26869
32,26873
32,26878
32,26943
32,26965
32,26973
32,27011
32,27050
32,27053
32,27077
32,27078
32,27083
32,27144
32,27157
32,27180
32,27234
32,27244
32,27305
32,27380
32,27401
32,27408
32,27422
32,27436
32,27460
32,27572
32,27585
32,27611
32,27646
32,27709
32,27717
32,27739
32,27748
32,27765
32,27769
32,27802
32,27860
32,27879
32,27906
32,27943
32,27990
32,28005
32,28035
32,28038
32,28056
32,28060
32,28107
32,28109
32,28139
32,28157
32,28164
32,28170
32,28175
32,28185
32,28200
32,28217
32,28246
32,28284
32,28325
32,28360
32,28366
32,28368
32,28449
32,28463
32,28521
32,28527
32,28597
32,28612
32,28623
32,28630
32,28686
32,28688
32,28701
32,28722
32,28731
32,28738
32,28760
32,28792
32,28813
32,28833
32,28881
32,28884
32,28892
32,28906
32,28909
32,28913
32,28922
32,28924
32,28951
32,28975
32,28981
32,29001
32,29032
32,29086
32,29094
32,29135
32,29203
32,29204
32,29221
32,29296
32,29326
32,29329
32,29347
32,29360
32,29364
32,29406
32,29420
32,29452
32,29459
32,29467
32,29488
32,29502
32,29536
32,29553
32,29558
33,19
33,52
33,70
33,129
33,184
33,192
33,221
33,222
33,223
33,238
33,250
33,279
33,344
33,358
33,396
33,476
33,479
33,572
33,588
33,602
33,621
33,646
33,758
33,785
33,878
33,885
33,890
33,898
33,904
33,974
33,993
33,1021
33,1033
33,1049
33,1063
33,1148
33,1211
33,1214
33,1238
33,1243
33,1270
33,1299
33,1303
33,1323
33,1344
33,1371
33,1378
33,1418
33,1460
33,1509
33,1530
33,1538
33,1550
33,1558
33,1624
33,1626
33,1627
33,1649
33,1700
33,1739
33,1744
33,1749
33,1758
33,1858
33,1928
33,1943
33,1957
33,1971
33,1978
33,1983
33,2075
33,2210
33,2219
33,2254
33,2260
33,2261
33,2267
33,2281
33,2356
33,2359
33,2385
33,2407
33,2411
33,2438
33,2474
33,2500
33,2512
33,2524
33,2588
33,2600
33,2640
33,2646
33,2665
33,2712
33,2740
33,2762
33,2769
33,2786
33,2876
33,2915
33,2917
33,2940
33,2971
33,2991
33,2992
33,2993
33,3064
33,3110
33,3144
33,3160
33,3190
33,3221
33,3244
33,3294
33,3307
33,3319
33,3320
33,3345
33,3357
33,3401
33,3445
33,3497
33,3501
33,3520
33,3523
33,3527
33,3593
33,3594
33,3626
33,3673
33,3706
33,3744
33,3830
33,3836
33,3839
33,3844
33,3846
33,3887
33,3900
33,3919
33,3921
33,3943
33,3986
33,4052
33,4061
33,4169
33,4245
33,4258
33,4294
33,4310
33,4311
33,4314
33,4399
33,4414
33,4424
33,4430
33,4520
33,4542
33,4546
33,4569
33,4610
33,4612
33,4618
33,4676
33,4678
33,4681
33,4711
33,4712
33,4728
33,4739
33,4754
33,4771
33,4792
33,4848
33,4903
33,4913
33,4952
33,4970
33,5013
33,5044
33,5092
33,5120
33,5131
33,5146
33,5182
33,5189
33,5207
33,5212
33,5235
33,5258
33,5288
33,5297
33,5313
33,5377
33,5419
33,5423
33,5432
33,5434
33,5442
33,5448
33,5476
33,5478
33,5479
33,5523
33,5526
33,5599
33,5642
33,5643
33,5834
33,5847
33,5861
33,5863
33,5890
33,5969
33,5992
33,6017
33,6028
33,6042
33,6045
33,6061
33,6069
33,6078
33,6264
33,6265
33,6279
33,6298
33,6323
33,6394
33,6398
33,6411
33,6424
33,6429
33,6442
33,6447
33,6448
33,6451
33,6465
33,6475
33,6476
33,6497
33,6503
33,6506
33,6536
33,6549
33,6703
33,6707
33,6712
33,6720
33,6728
33,6762
33,6786
33,6789
33,6790
33,6876
33,6877
33,6881
33,6889
33,6946
33,7007
33,7024
33,7042
33,7053
33,7070
33,7095
33,7098
33,7160
33,7163
33,7185
33,7192
33,7226
33,7228
33,7232
33,7261
33,7271
33,7278
33,7288
33,7330
33,7340
33,7362
33,7414
33,7438
33,7484
33,7489
33,7571
33,7574
33,7675
33,7691
33,7695
33,7697
33,7699
33,7715
33,7716
33,7719
33,7762
33,7817
33,7891
33,7903
33,7910
33,7920
33,7974
33,7979
33,7982
33,7986
33,8026
33,8049
33,8050
33,8075
33,8093
33,8102
33,8123
33,8171
33,8179
33,8193
33,8247
33,8270
33,8303
33,8356
33,8361
33,8408
33,8425
33,8480
33,8485
33,8487
33,8509
33,8523
33,8537
33,8579
33,8608
33,8646
33,8710
33,8727
33,8813
33,8909
33,8924
33,8929
33,8988
33,8990
33,9038
33,9045
33,9087
33,9130
33,9150
33,9151
33,9152
33,9157
33,9231
33,9265
33,9266
33,9319
33,9330
33,9343
33,9349
33,9373
33,9395
33,9408
33,9429
33,9441
33,9452
33,9504
33,9513
33,9552
33,9555
33,9574
33,9589
33,9614
33,9623
33,9652
33,9702
33,9704
33,9714
33,9723
33,9726
33,9742
33,9825
33,9838
33,9844
33,9868
33,9935
33,9948
33,9962
33,9971
33,10060
33,10113
33,10185
33,10202
33,10209
33,10229
33,10239
33,10266
33,10299
33,10319
33,10327
33,10328
33,10341
33,10385
33,10395
33,10400
33,10419
33,10483
33,10545
33,10573
33,10633
33,10654
33,10663
33,10736
33,10760
33,10761
33,10797
33,10803
33,10824
33,10937
33,10969
33,11063
33,11124
33,11129
33,11179
33,11216
33,11219
33,11228
33,11244
33,11314
33,11330
33,11388
33,11398
33,11401
33,11410
33,11438
33,11474
33,11480
33,11496
33,11510
33,11521
33,11534
33,11535
33,11545
33,11548
33,11568
33,11608
33,11682
33,11701
33,11738
33,11755
33,11837
33,11858
33,11891
33,11903
33,11952
33,12041
33,12045
33,12071
33,12079
33,12090
33,12097
33,12099
33,12123
33,12170
33,12192
33,12199
33,12292
33,12331
33,12333
33,12341
33,12352
33,12356
33,12406
33,12417
33,12533
33,12552
33,12572
33,12581
33,12606
33,12630
33,12632
33,12646
33,12657
33,12699
33,12700
33,12710
33,12716
33,12753
33,12761
33,12810
33,12840
33,12863
33,12870
33,12888
33,12902
33,12914
33,12932
33,12948
33,12951
33,13034
33,13053
33,13059
33,13090
33,13186
33,13237
33,13238
33,13239
33,13244
33,13284
33,13307
33,13317
33,13322
33,13373
33,13385
33,13427
33,13434
33,13445
33,13460
33,13494
33,13527
33,13566
33,13589
33,13624
33,13636
33,13744
33,13840
33,13876
33,13902
33,13930
33,13942
33,13958
33,13973
33,14039
33,14158
33,14212
33,14249
33,14269
33,14287
33,14288
33,14341
33,14445
33,14465
33,14523
33,14534
33,14561
33,14563
33,14574
33,14599
33,14619
33,14632
33,14641
33,14689
33,14702
33,14713
33,14762
33,14794
33,14815
33,14987
33,15104
33,15119
33,15134
33,15135
33,15154
33,15173
33,15217
33,15320
33,15348
33,15363
33,15392
33,15401
33,15428
33,15439
33,15445
33,15451
33,15464
33,15475
33,15492
33,15495
33,15512
33,15525
33,15545
33,15566
33,15570
33,15625
33,15685
33,15714
33,15776
33,15780
33,15794
33,15821
33,15856
33,15936
33,15959
33,15992
33,16013
33,16050
33,16072
33,16101
33,16164
33,16201
33,16238
33,16247
33,16313
33,16314
33,16389
33,16415
33,16422
33,16430
33,16434
33,16438
33,16442
33,16443
33,16455
33,16462
33,16476
33,16479
33,16487
33,16501
33,16535
33,16555
33,16568
33,16601
33,16629
33,16650
33,16688
33,16835
33,16846
33,16866
33,16879
33,16884
33,16916
33,16934
33,16961
33,17017
33,17044
33,17063
33,17066
33,17117
33,17159
33,17199
33,17203
33,17224
33,17259
33,17366
33,17386
33,17441
33,17455
33,17481
33,17508
33,17550
33,17565
33,17567
33,17570
33,17586
33,17600
33,17606
33,17680
33,17713
33,17728
33,17756
33,17901
33,18008
33,18018
33,18033
33,18101
33,18108
33,18126
33,18129
33,18176
33,18193
33,18209
33,18271
33,18299
33,18346
33,18384
33,18386
33,18408
33,18449
33,18469
33,18476
33,18488
33,18570
33,18579
33,18591
33,18604
33,18606
33,18622
33,18629
33,18637
33,18660
33,18661
33,18680
33,18682
33,18699
33,18709
33,18720
33,18722
33,18743
33,18777
33,18802
33,18804
33,18855
33,18896
33,18938
33,18988
33,18993
33,19028
33,19029
33,19042
33,19058
33,19137
33,19193
33,19200
33,19206
33,19217
33,19251
33,19256
33,19281
33,19285
33,19297
33,19329
33,19351
33,19379
33,19404
33,19447
33,19462
33,19463
33,19467
33,19476
33,19488
33,19548
33,19581
33,19665
33,19673
33,19684
33,19750
33,19779
33,19922
33,19937
33,19951
33,20031
33,20042
33,20066
33,20071
33,20073
33,20083
33,20124
33,20194
33,20212
33,20227
33,20258
33,20276
33,20290
33,20306
33,20439
33,20485
33,20506
33,20511
33,20525
33,20530
33,20619
33,20621
33,20623
33,20632
33,20649
33,20666
33,20686
33,20702
33,20735
33,20736
33,20798
33,20844
33,20884
33,20931
33,20939
33,20989
33,21025
33,21029
33,21058
33,21088
33,21115
33,21198
33,21271
33,21285
33,21292
33,21304
33,21350
33,21356
33,21365
33,21398
33,21403
33,21419
33,21450
33,21461
33,21469
33,21549
33,21556
33,21577
33,21625
33,21671
33,21698
33,21715
33,21851
33,21854
33,21861
33,21882
33,21891
33,21932
33,21963
33,21987
33,22004
33,22059
33,22063
33,22072
33,22090
33,22130
33,22139
33,22143
33,22169
33,22175
33,22177
33,22178
33,22192
33,22193
33,22214
33,22239
33,22260
33,22262
33,22302
33,22319
33,22322
33,22331
33,22345
33,22349
33,22355
33,22390
33,22434
33,22447
33,22452
33,22522
33,22538
33,22624
33,22689
33,22724
33,22744
33,22757
33,22765
33,22773
33,22776
33,22799
33,22839
33,22840
33,22857
33,22881
33,22910
33,22983
33,23009
33,23017
33,23025
33,23027
33,23096
33,23105
33,23107
33,23159
33,23177
33,23178
33,23184
33,23291
33,23320
33,23324
33,23344
33,23379
33,23384
33,23395
33,23404
33,23442
33,23445
33,23460
33,23494
33,23514
33,23547
33,23570
33,23624
33,23627
33,23654
33,23691
33,23730
33,23745
33,23786
33,23791
33,23820
33,23828
33,23836
33,23839
33,23868
33,23883
33,23947
33,23977
33,23979
33,24011
33,24072
33,24095
33,24104
33,24114
33,24127
33,24149
33,24167
33,24229
33,24235
33,24246
33,24276
33,24285
33,24365
33,24454
33,24485
33,24490
33,24509
33,24528
33,24530
33,24533
33,24542
33,24581
33,24688
33,24689
33,24701
33,24786
33,24843
33,24844
33,24851
33,24862
33,24927
33,24928
33,25022
33,25037
33,25092
33,25131
33,25148
33,25188
33,25209
33,25221
33,25256
33,25260
33,25367
33,25451
33,25462
33,25486
33,25508
33,25513
33,25542
33,25573
33,25619
33,25642
33,25659
33,25724
33,25749
33,25750
33,25794
33,25812
33,25841
33,25862
33,25867
33,25870
33,25872
33,25889
33,25901
33,25931
33,25964
33,25965
33,26044
33,26048
33,26053
33,26064
33,26079
33,26086
33,26091
33,26102
33,26107
33,26110
33,26124
33,26151
33,26172
33,26180
33,26187
33,26212
33,26276
33,26282
33,26285
33,26294
33,26328
33,26337
33,26340
33,26444
33,26487
33,26493
33,26506
33,26510
33,26521
33,26529
33,26536
33,26568
33,26579
33,26644
33,26651
33,26667
33,26694
33,26707
33,26725
33,26727
33,26735
33,26736
33,26781
33,26830
33,26906
33,26913
33,26975
33,27026
33,27117
33,27150
33,27166
33,27194
33,27207
33,27236
33,27240
33,27247
33,27250
33,27295
33,27310
33,27319
33,27331
33,27344
33,27349
33,27407
33,27417
33,27452
33,27472
33,27492
33,27524
33,27600
33,27603
33,27606
33,27616
33,27630
33,27634
33,27645
33,27678
33,27745
33,27754
33,27765
33,27791
33,27843
33,27845
33,27868
33,27872
33,27967
33,27972
33,27975
33,28030
33,28060
33,28079
33,28098
33,28118
33,28146
33,28156
33,28184
33,28196
33,28245
33,28290
33,28327
33,28375
33,28408
33,28432
33,28448
33,28488
33,28494
33,28514
33,28515
33,28519
33,28528
33,28587
33,28589
33,28607
33,28615
33,28628
33,28669
33,28674
33,28695
33,28704
33,28709
33,28756
33,28768
33,28827
33,28859
33,28993
33,29033
33,29035
33,29056
33,29076
33,29119
33,29174
33,29192
33,29196
33,29203
33,29224
33,29240
33,29260
33,29274
33,29285
33,29314
33,29347
33,29354
33,29366
33,29372
33,29385
33,29411
33,29414
33,29422
33,29441
33,29446
33,29512
33,29520
33,29555
33,29561
34,22
34,38
34,63
34,164
34,249
34,261
34,279
34,281
34,284
34,324
34,333
34,347
34,351
34,355
34,376
34,396
34,420
34,436
34,458
34,467
34,473
34,475
34,485
34,491
34,552
34,559
34,595
34,700
34,724
34,746
34,758
34,772
34,804
34,883
34,922
34,928
34,952
34,955
34,962
34,988
34,1080
34,1092
34,1150
34,1161
34,1162
34,1167
34,1170
34,1173
34,1194
34,1211
34,1234
34,1289
34,1292
34,1379
34,1392
34,1401
34,1431
34,1446
34,1465
34,1468
34,1479
34,1493
34,1554
34,1585
34,1586
34,1625
34,1637
34,1661
34,1682
34,1711
34,1722
34,1798
34,1800
34,1835
34,1885
34,1901
34,1911
34,2004
34,2010
34,2033
34,2045
34,2049
34,2109
34,2134
34,2144
34,2177
34,2253
34,2285
34,2299
34,2325
34,2327
34,2362
34,2383
34,2409
34,2418
34,2466
34,2477
34,2478
34,2482
34,2483
34,2521
34,2524
34,2531
34,2535
34,2537
34,2570
34,2639
34,2642
34,2645
34,2697
34,2700
34,2740
34,2766
34,2835
34,2935
34,2974
34,2984
34,2995
34,3043
34,3131
34,3167
34,3223
34,3253
34,3301
34,3306
34,3310
34,3391
34,3465
34,3536
34,3539
34,3547
34,3562
34,3657
34,3677
34,3683
34,3707
34,3721
34,3724
34,3746
34,3748
34,3760
34,3775
34,3846
34,3850
34,3866
34,3869
34,3875
34,3889
34,3912
34,3970
34,4017
34,4035
34,4059
34,4085
34,4132
34,4152
34,4153
34,4156
34,4165
34,4216
34,4218
34,4274
34,4298
34,4306
34,4307
34,4343
34,4359
34,4371
34,4426
34,4444
34,4473
34,4476
34,4493
34,4569
34,4633
34,4634
34,4642
34,4666
34,4667
34,4687
34,4732
34,4757
34,4763
34,4785
34,4836
34,4855
34,4859
34,4865
34,4872
34,4908
34,4961
34,5009
34,5060
34,5089
34,5091
34,5095
34,5142
34,5176
34,5200
34,5248
34,5270
34,5273
34,5323
34,5344
34,5365
34,5379
34,5497
34,5512
34,5526
34,5539
34,5551
34,5554
34,5571
34,5604
34,5608
34,5622
34,5642
34,5662
34,5701
34,5745
34,5766
34,5798
34,5833
34,5889
34,5907
34,5949
34,5961
34,5991
34,5997
34,6009
34,6012
34,6025
34,6055
34,6155
34,6177
34,6181
34,6209
34,6228
34,6291
34,6342
34,6355
34,6363
34,6414
34,6475
34,6530
34,6572
34,6623
34,6626
34,6675
34,6678
34,6692
34,6769
34,6776
34,6789
34,6822
34,6844
34,6890
34,6930
34,6932
34,6944
34,6954
34,6959
34,6966
34,7023
34,7081
34,7126
34,7139
34,7160
34,7161
34,7188
34,7229
34,7237
34,7291
34,7320
34,7350
34,7361
34,7377
34,7384
34,7440
34,7442
34,7443
34,7478
34,7484
34,7505
34,7550
34,7567
34,7573
34,7580
34,7594
34,7624
34,7692
34,7696
34,7698
34,7744
34,7756
34,7810
34,7932
34,7966
34,7972
34,7989
34,8061
34,8064
34,8074
34,8087
34,8096
34,8118
34,8128
34,8168
34,8169
34,8179
34,8181
34,8202
34,8222
34,8232
34,8242
34,8297
34,8308
34,8315
34,8324
34,8349
34,8350
34,8359
34,8373
34,8375
34,8427
34,8460
34,8511
34,8542
34,8569
34,8580
34,8589
34,8626
34,8750
34,8785
34,8811
34,8839
34,8848
34,8854
34,8860
34,8877
34,8878
34,8899
34,8953
34,9029
34,9049
34,9089
34,9112
34,9145
34,9199
34,9209
34,9212
34,9230
34,9249
34,9282
34,9316
34,9334
34,9363
34,9376
34,9411
34,9421
34,9424
34,9433
34,9503
34,9538
34,9565
34,9566
34,9577
34,9597
34,9629
34,9644
34,9654
34,9768
34,9774
34,9779
34,9804
34,9834
34,9841
34,9932
34,9940
34,9958
34,10020
34,10046
34,10061
34,10081
34,10162
34,10171
34,10186
34,10223
34,10290
34,10295
34,10322
34,10324
34,10370
34,10373
34,10392
34,10399
34,10406
34,10413
34,10441
34,10505
34,10523
34,10535
34,10548
34,10586
34,10588
34,10600
34,10628
34,10686
34,10687
34,10736
34,10763
34,10783
34,10810
34,10817
34,10837
34,10851
34,10854
34,10878
34,10918
34,10959
34,10971
34,11105
34,11124
34,11140
34,11155
34,11159
34,11213
34,11227
34,11268
34,11279
34,11298
34,11385
34,11419
34,11423
34,11469
34,11526
34,11548
34,11575
34,11664
34,11696
34,11704
34,11706
34,11747
34,11835
34,11905
34,11924
34,11927
34,11949
34,11996
34,12009
34,12044
34,12173
34,12241
34,12246
34,12283
34,12303
34,12396
34,12426
34,12492
34,12496
34,12551
34,12582
34,12595
34,12664
34,12676
34,12703
34,12801
34,12809
34,12817
34,12825
34,12912
34,12914
34,12916
34,12977
34,12998
34,13020
34,13021
34,13035
34,13081
34,13108
34,13157
34,13159
34,13193
34,13198
34,13220
34,13224
34,13226
34,13270
34,13288
34,13306
34,13317
34,13327
34,13332
34,13362
34,13366
34,13433
34,13467
34,13485
34,13501
34,13511
34,13591
34,13593
34,13597
34,13611
34,13614
34,13634
34,13678
34,13750
34,13786
34,13848
34,13864
34,13881
34,13899
34,13935
34,13976
34,13996
34,14031
34,14073
34,14080
34,14081
34,14185
34,14192
34,14207
34,14217
34,14233
34,14276
34,14283
34,14295
34,14342
34,14393
34,14450
34,14491
34,14499
34,14542
34,14584
34,14652
34,14654
34,14666
34,14669
34,14677
34,14802
34,14822
34,14837
34,14929
34,14946
34,14968
34,14982
34,15053
34,15079
34,15082
34,15133
34,15158
34,15166
34,15175
34,15177
34,15225
34,15245
34,15292
34,15328
34,15355
34,15357
34,15361
34,15376
34,15401
34,15434
34,15507
34,15509
34,15511
34,15560
34,15573
34,15592
34,15641
34,15696
34,15704
34,15733
34,15744
34,15763
34,15768
34,15793
34,15814
34,15904
34,15919
34,15950
34,15961
34,15974
34,15982
34,16121
34,16132
34,16235
34,16240
34,16321
34,16376
34,16393
34,16398
34,16457
34,16469
34,16519
34,16580
34,16586
34,16594
34,16612
34,16702
34,16766
34,16769
34,16770
34,16817
34,16861
34,16868
34,16877
34,16916
34,16917
34,16945
34,16960
34,16966
34,16987
34,17002
34,17007
34,17032
34,17044
34,17046
34,17051
34,17067
34,17185
34,17226
34,17237
34,17246
34,17332
34,17368
34,17373
34,17410
34,17414
34,17442
34,17480
34,17525
34,17536
34,17542
34,17548
34,17564
34,17579
34,17617
34,17664
34,17679
34,17684
34,17723
34,17808
34,17813
34,17858
34,17971
34,17988
34,18018
34,18025
34,18121
34,18143
34,18185
34,18195
34,18262
34,18264
34,18387
34,18419
34,18487
34,18504
34,18523
34,18546
34,18576
34,18590
34,18632
34,18658
34,18712
34,18735
34,18743
34,18800
34,18809
34,18815
34,18835
34,18966
34,19015
34,19034
34,19041
34,19051
34,19054
34,19141
34,19166
34,19202
34,19235
34,19252
34,19270
34,19271
34,19273
34,19300
34,19316
34,19406
34,19420
34,19449
34,19457
34,19522
34,19544
34,19563
34,19577
34,19630
34,19661
34,19721
34,19724
34,19725
34,19739
34,19797
34,19801
34,19802
34,19815
34,19822
34,19828
34,19846
34,19903
34,20019
34,20038
34,20043
34,20066
34,20087
34,20165
34,20169
34,20180
34,20233
34,20256
34,20262
34,20307
34,20338
34,20346
34,20377
34,20382
34,20388
34,20413
34,20424
34,20428
34,20431
34,20437
34,20475
34,20476
34,20491
34,20498
34,20509
34,20515
34,20521
34,20542
34,20588
34,20611
34,20615
34,20653
34,20706
34,20765
34,20782
34,20789
34,20823
34,20867
34,20877
34,20930
34,20931
34,20947
34,20950
34,20957
34,20970
34,20975
34,21035
34,21050
34,21080
34,21126
34,21164
34,21223
34,21239
34,21274
34,21286
34,21296
34,21314
34,21337
34,21350
34,21372
34,21399
34,21436
34,21472
34,21479
34,21497
34,21561
34,21565
34,21586
34,21603
34,21659
34,21689
34,21696
34,21697
34,21747
34,21763
34,21765
34,21785
34,21787
34,21822
34,21911
34,21983
34,22004
34,22005
34,22049
34,22070
34,22107
34,22115
34,22136
34,22153
34,22155
34,22159
34,22162
34,22177
34,22197
34,22201
34,22247
34,22293
34,22348
34,22358
34,22362
34,22366
34,22393
34,22398
34,22461
34,22487
34,22505
34,22533
34,22537
34,22553
34,22570
34,22605
34,22607
34,22612
34,22638
34,22660
34,22716
34,22736
34,22776
34,22935
34,22946
34,22990
34,23014
34,23043
34,23045
34,23139
34,23192
34,23219
34,23241
34,23275
34,23299
34,23308
34,23327
34,23334
34,23360
34,23366
34,23369
34,23370
34,23425
34,23426
34,23469
34,23472
34,23495
34,23555
34,23620
34,23627
34,23659
34,23673
34,23674
34,23692
34,23720
34,23733
34,23757
34,23765
34,23905
34,23947
34,23981
34,24028
34,24070
34,24080
34,24103
34,24231
34,24236
34,24268
34,24281
34,24352
34,24355
34,24360
34,24362
34,24412
34,24425
34,24445
34,24456
34,24471
34,24510
34,24518
34,24538
34,24545
34,24555
34,24560
34,24604
34,24637
34,24704
34,24734
34,24777
34,24790
34,24813
34,24819
34,24832
34,24840
34,24847
34,24851
34,24891
34,24910
34,24943
34,24954
34,24977
34,25016
34,25023
34,25038
34,25096
34,25178
34,25194
34,25230
34,25253
34,25285
34,25307
34,25331
34,25514
34,25580
34,25585
34,25629
34,25632
34,25697
34,25745
34,25797
34,25804
34,25826
34,25835
34,25847
34,25856
34,25885
34,25895
34,25914
34,25929
34,25945
34,25949
34,25989
34,26042
34,26046
34,26067
34,26086
34,26105
34,26117
34,26167
34,26188
34,26214
34,26219
34,26230
34,26244
34,26253
34,26315
34,26334
34,26389
34,26455
34,26464
34,26467
34,26470
34,26518
34,26522
34,26524
34,26541
34,26565
34,26575
34,26624
34,26660
34,26689
34,26713
34,26720
34,26723
34,26763
34,26790
34,26811
34,26874
34,26882
34,26904
34,27006
34,27035
34,27074
34,27078
34,27179
34,27221
34,27223
34,27245
34,27250
34,27296
34,27300
34,27305
34,27313
34,27319
34,27356
34,27358
34,27399
34,27434
34,27444
34,27472
34,27543
34,27584
34,27597
34,27598
34,27609
34,27613
34,27615
34,27632
34,27659
34,27660
34,27698
34,27743
34,27750
34,27766
34,27778
34,27786
34,27802
34,27809
34,27818
34,27819
34,27834
34,27854
34,27885
34,27890
34,27903
34,27920
34,27984
34,28042
34,28084
34,28086
34,28160
34,28164
34,28169
34,28184
34,28193
34,28201
34,28207
34,28252
34,28257
34,28311
34,28316
34,28317
34,28318
34,28372
34,28391
34,28396
34,28432
34,28443
34,28444
34,28447
34,28495
34,28524
34,28529
34,28622
34,28669
34,28678
34,28715
34,28737
34,28792
34,28797
34,28811
34,28823
34,28859
34,28864
34,28894
34,28925
34,28941
34,28947
34,29041
34,29063
34,29086
34,29109
34,29128
34,29176
34,29201
34,29243
34,29246
34,29257
34,29280
34,29287
34,29292
34,29298
34,29394
34,29426
34,29469
34,29553
34,29563
35,47
35,60
35,64
35,79
35,117
35,170
35,197
35,207
35,220
35,229
35,261
35,299
35,306
35,315
35,368
35,399
35,406
35,441
35,462
35,463
35,472
35,513
35,552
35,573
35,575
35,591
35,595
35,599
35,620
35,633
35,638
35,649
35,691
35,703
35,717
35,734
35,739
35,761
35,778
35,781
35,842
35,844
35,858
35,870
35,882
35,887
35,891
35,899
35,920
35,955
35,985
35,1018
35,1019
35,1032
35,1091
35,1154
35,1176
35,1181
35,1187
35,1210
35,1263
35,1282
35,1306
35,1308
35,1342
35,1368
35,1419
35,1423
35,1534
35,1551
35,1586
35,1598
35,1617
35,1635
35,1675
35,1710
35,1716
35,1727
35,1733
35,1736
35,1744
35,1749
35,1799
35,1804
35,1808
35,1810
35,1898
35,1911
35,1912
35,1928
35,1956
35,1971
35,2048
35,2081
35,2084
35,2087
35,2108
35,2131
35,2141
35,2149
35,2152
35,2158
35,2205
35,2218
35,2275
35,2326
35,2341
35,2348
35,2356
35,2370
35,2374
35,2386
35,2394
35,2399
35,2451
35,2461
35,2469
35,2487
35,2491
35,2493
35,2501
35,2509
35,2637
35,2650
35,2667
35,2681
35,2756
35,2806
35,2821
35,2829
35,2894
35,2915
35,2930
35,2934
35,2940
35,2957
35,2963
35,2964
35,3011
35,3018
35,3101
35,3104
35,3110
35,3129
35,3144
35,3179
35,3184
35,3219
35,3263
35,3271
35,3280
35,3293
35,3296
35,3309
35,3315
35,3317
35,3319
35,3340
35,3347
35,3382
35,3411
35,3415
35,3438
35,3451
35,3535
35,3545
35,3581
35,3602
35,3647
35,3657
35,3658
35,3663
35,3671
35,3688
35,3719
35,3722
35,3736
35,3743
35,3747
35,3759
35,3777
35,3786
35,3794
35,3816
35,3826
35,3829
35,3860
35,3866
35,3869
35,3871
35,3880
35,3881
35,3882
35,3885
35,3907
35,3925
35,3935
35,3955
35,3962
35,3984
35,3987
35,4028
35,4056
35,4092
35,4104
35,4114
35,4122
35,4214
35,4221
35,4223
35,4226
35,4245
35,4265
35,4275
35,4277
35,4285
35,4365
35,4374
35,4381
35,4396
35,4411
35,4414
35,4416
35,4445
35,4453
35,4471
35,4510
35,4565
35,4572
35,4664
35,4670
35,4681
35,4693
35,4694
35,4731
35,4786
35,4827
35,4849
35,4903
35,4909
35,4910
35,4930
35,4932
35,4947
35,4950
35,4959
35,4982
35,4988
35,5032
35,5052
35,5054
35,5056
35,5058
35,5081
35,5089
35,5100
35,5112
35,5115
35,5120
35,5129
35,5131
35,5142
35,5207
35,5242
35,5250
35,5260
35,5265
35,5314
35,5324
35,5338
35,5349
35,5359
35,5372
35,5386
35,5418
35,5423
35,5451
35,5454
35,5470
35,5493
35,5539
35,5546
35,5547
35,5579
35,5582
35,5603
35,5614
35,5627
35,5633
35,5681
35,5717
35,5750
35,5751
35,5761
35,5777
35,5816
35,5828
35,5834
35,5849
35,5922
35,5930
35,5963
35,5977
35,5987
35,5995
35,6061
35,6065
35,6070
35,6071
35,6079
35,6092
35,6098
35,6099
35,6109
35,6128
35,6135
35,6142
35,6173
35,6181
35,6195
35,6205
35,6206
35,6232
35,6233
35,6264
35,6279
35,6293
35,6338
35,6341
35,6371
35,6374
35,6498
35,6522
35,6542
35,6555
35,6564
35,6575
35,6598
35,6603
35,6622
35,6630
35,6635
35,6658
35,6688
35,6689
35,6701
35,6718
35,6722
35,6732
35,6766
35,6786
35,6801
35,6812
35,6838
35,6846
35,6851
35,6854
35,6864
35,6923
35,6925
35,6949
35,6992
35,7004
35,7010
35,7025
35,7048
35,7059
35,7063
35,7072
35,7095
35,7120
35,7132
35,7135
35,7150
35,7166
35,7199
35,7207
35,7211
35,7215
35,7234
35,7239
35,7294
35,7307
35,7312
35,7318
35,7329
35,7335
35,7340
35,7404
35,7462
35,7498
35,7538
35,7546
35,7565
35,7573
35,7586
35,7587
35,7596
35,7618
35,7644
35,7672
35,7685
35,7876
35,7880
35,7915
35,7933
35,7964
35,7979
35,8002
35,8009
35,8012
35,8032
35,8045
35,8076
35,8112
35,8113
35,8204
35,8207
35,8251
35,8263
35,8278
35,8318
35,8333
35,8336
35,8346
35,8355
35,8388
35,8407
35,8421
35,8429
35,8437
35,8443
35,8488
35,8499
35,8543
35,8552
35,8560
35,8607
35,8656
35,8696
35,8732
35,8764
35,8771
35,8776
35,8841
35,8871
35,8886
35,8903
35,8913
35,8921
35,8939
35,8959
35,8964
35,8969
35,8970
35,9024
35,9049
35,9100
35,9129
35,9199
35,9200
35,9212
35,9234
35,9243
35,9273
35,9328
35,9365
35,9399
35,9409
35,9416
35,9480
35,9491
35,9538
35,9556
35,9581
35,9586
35,9603
35,9635
35,9649
35,9650
35,9658
35,9661
35,9682
35,9727
35,9741
35,9751
35,9772
35,9778
35,9781
35,9785
35,9840
35,9867
35,9886
35,9963
35,9986
35,10015
35,10045
35,10057
35,10063
35,10086
35,10102
35,10127
35,10174
35,10262
35,10265
35,10269
35,10296
35,10308
35,10355
35,10368
35,10386
35,10388
35,10420
35,10437
35,10489
35,10597
35,10604
35,10613
35,10618
35,10624
35,10647
35,10678
35,10732
35,10737
35,10750
35,10751
35,10774
35,10793
35,10798
35,10822
35,10842
35,10875
35,10876
35,10904
35,10931
35,10933
35,10940
35,10941
35,10987
35,10997
35,11027
35,11038
35,11102
35,11164
35,11165
35,11187
35,11188
35,11205
35,11210
35,11230
35,11235
35,11246
35,11267
35,11316
35,11323
35,11335
35,11347
35,11373
35,11387
35,11394
35,11417
35,11441
35,11451
35,11456
35,11502
35,11529
35,11531
35,11543
35,11548
35,11551
35,11560
35,11576
35,11578
35,11579
35,11580
35,11588
35,11593
35,11607
35,11610
35,11677
35,11700
35,11744
35,11794
35,11931
35,11946
35,11947
35,11970
35,12052
35,12055
35,12094
35,12136
35,12153
35,12185
35,12220
35,12234
35,12251
35,12252
35,12267
35,12310
35,12332
35,12343
35,12381
35,12398
35,12431
35,12448
35,12509
35,12521
35,12564
35,12581
35,12598
35,12613
35,12631
35,12633
35,12672
35,12677
35,12686
35,12694
35,12696
35,12710
35,12761
35,12762
35,12775
35,12824
35,12902
35,12916
35,12920
35,12959
35,12978
35,12979
35,13063
35,13065
35,13071
35,13076
35,13093
35,13095
35,13234
35,13316
35,13352
35,13362
35,13374
35,13386
35,13394
35,13424
35,13432
35,13470
35,13482
35,13501
35,13587
35,13632
35,13659
35,13697
35,13706
35,13713
35,13735
35,13760
35,13795
35,13805
35,13807
35,13813
35,13828
35,13884
35,13890
35,13915
35,13952
35,13968
35,13981
35,13986
35,14042
35,14108
35,14154
35,14187
35,14216
35,14219
35,14227
35,14256
35,14296
35,14301
35,14313
35,14355
35,14385
35,14414
35,14418
35,14421
35,14429
35,14452
35,14471
35,14518
35,14535
35,14537
35,14568
35,14605
35,14610
35,14631
35,14678
35,14702
35,14735
35,14739
35,14784
35,14792
35,14827
35,14855
35,14864
35,14891
35,14922
35,14930
35,15001
35,15007
35,15069
35,15072
35,15074
35,15137
35,15149
35,15178
35,15190
35,15197
35,15243
35,15320
35,15339
35,15340
35,15375
35,15449
35,15451
35,15490
35,15503
35,15545
35,15581
35,15601
35,15619
35,15637
35,15752
35,15769
35,15784
35,15797
35,15803
35,15804
35,15833
35,15905
35,15908
35,15929
35,15933
35,15940
35,15942
35,15956
35,15984
35,16000
35,16004
35,16012
35,16074
35,16143
35,16176
35,16193
35,16202
35,16239
35,16248
35,16261
35,16315
35,16365
35,16453
35,16495
35,16505
35,16520
35,16607
35,16617
35,16620
35,16666
35,16697
35,16703
35,16730
35,16758
35,16777
35,16789
35,16799
35,16823
35,16863
35,16934
35,16946
35,16952
35,16994
35,17073
35,17091
35,17111
35,17112
35,17131
35,17167
35,17200
35,17238
35,17299
35,17309
35,17319
35,17329
35,17347
35,17360
35,17449
35,17458
35,17473
35,17476
35,17477
35,17487
35,17499
35,17576
35,17586
35,17594
35,17664
35,17692
35,17697
35,17700
35,17704
35,17716
35,17737
35,17757
35,17762
35,17791
35,17792
35,17813
35,17823
35,17846
35,17857
35,17933
35,17941
35,17947
35,17958
35,17965
35,18021
35,18050
35,18053
35,18059
35,18139
35,18145
35,18204
35,18222
35,18261
35,18262
35,18269
35,18303
35,18345
35,18366
35,18381
35,18398
35,18404
35,18406
35,18414
35,18420
35,18436
35,18438
35,18526
35,18540
35,18542
35,18549
35,18550
35,18563
35,18620
35,18627
35,18632
35,18644
35,18681
35,18693
35,18716
35,18717
35,18753
35,18783
35,18813
35,18869
35,18910
35,18931
35,18970
35,18998
35,18999
35,19045
35,19059
35,19115
35,19138
35,19163
35,19169
35,19176
35,19187
35,19197
35,19198
35,19214
35,19270
35,19275
35,19278
35,19294
35,19297
35,19386
35,19387
35,19388
35,19413
35,19432
35,19450
35,19455
35,19485
35,19503
35,19514
35,19538
35,19549
35,19560
35,19572
35,19573
35,19585
35,19604
35,19643
35,19678
35,19705
35,19710
35,19717
35,19730
35,19745
35,19810
35,19813
35,19817
35,19832
35,19864
35,19892
35,19930
35,19955
35,19956
35,19987
35,20006
35,20041
35,20068
35,20080
35,20105
35,20176
35,20189
35,20195
35,20237
35,20242
35,20263
35,20275
35,20310
35,20317
35,20328
35,20346
35,20509
35,20570
35,20573
35,20594
35,20625
35,20674
35,20680
35,20683
35,20713
35,20733
35,20796
35,20813
35,20839
35,20918
35,20934
35,20944
35,20945
35,21021
35,21055
35,21088
35,21149
35,21163
35,21178
35,21191
35,21206
35,21238
35,21287
35,21317
35,21328
35,21342
35,21405
35,21434
35,21437
35,21442
35,21443
35,21465
35,21485
35,21519
35,21529
35,21531
35,21609
35,21612
35,21618
35,21647
35,21664
35,21687
35,21710
35,21723
35,21772
35,21784
35,21794
35,21832
35,21846
35,21870
35,21884
35,21895
35,21978
35,21991
35,21997
35,22017
35,22078
35,22087
35,22093
35,22103
35,22132
35,22181
35,22212
35,22242
35,22271
35,22281
35,22288
35,22319
35,22347
35,22369
35,22393
35,22396
35,22426
35,22481
35,22579
35,22583
35,22593
35,22598
35,22604
35,22606
35,22616
35,22646
35,22650
35,22656
35,22702
35,22703
35,22710
35,22748
35,22789
35,22851
35,22873
35,22908
35,22956
35,22962
35,22985
35,23011
35,23055
35,23071
35,23082
35,23111
35,23158
35,23167
35,23174
35,23259
35,23265
35,23293
35,23323
35,23326
35,23344
35,23373
35,23401
35,23441
35,23460
35,23462
35,23482
35,23490
35,23496
35,23506
35,23537
35,23562
35,23619
35,23626
35,23660
35,23675
35,23682
35,23724
35,23759
35,23774
35,23786
35,23809
35,23871
35,23876
35,23970
35,23988
35,23995
35,24006
35,24025
35,24031
35,24034
35,24039
35,24043
35,24044
35,24047
35,24103
35,24184
35,24200
35,24218
35,24221
35,24264
35,24274
35,24291
35,24334
35,24344
35,24370
35,24381
35,24387
35,24475
35,24548
35,24558
35,24564
35,24575
35,24630
35,24657
35,24658
35,24685
35,24710
35,24711
35,24716
35,24717
35,24725
35,24758
35,24768
35,24801
35,24810
35,24843
35,24854
35,24871
35,24888
35,24931
35,24942
35,24963
35,24993
35,25012
35,25017
35,25060
35,25070
35,25112
35,25139
35,25170
35,25188
35,25209
35,25215
35,25229
35,25236
35,25244
35,25280
35,25286
35,25304
35,25339
35,25346
35,25351
35,25353
35,25361
35,25382
35,25402
35,25405
35,25440
35,25461
35,25472
35,25495
35,25535
35,25540
35,25546
35,25553
35,25580
35,25617
35,25622
35,25648
35,25649
35,25659
35,25671
35,25720
35,25725
35,25797
35,25814
35,25819
35,25825
35,25867
35,25874
35,25915
35,25935
35,25947
35,25957
35,25986
35,25993
35,26058
35,26067
35,26096
35,26127
35,26165
35,26168
35,26196
35,26201
35,26256
35,26267
35,26287
35,26344
35,26349
35,26368
35,26378
35,26380
35,26414
35,26417
35,26423
35,26432
35,26443
35,26458
35,26515
35,26517
35,26531
35,26584
35,26587
35,26621
35,26629
35,26665
35,26677
35,26680
35,26693
35,26699
35,26703
35,26715
35,26732
35,26800
35,26801
35,26812
35,26854
35,26861
35,26868
35,26880
35,26891
35,26912
35,26971
35,26978
35,27049
35,27067
35,27110
35,27123
35,27164
35,27179
35,27192
35,27194
35,27195
35,27219
35,27225
35,27236
35,27369
35,27378
35,27419
35,27436
35,27447
35,27456
35,27463
35,27488
35,27511
35,27528
35,27540
35,27565
35,27583
35,27615
35,27641
35,27691
35,27713
35,27720
35,27724
35,27733
35,27757
35,27771
35,27787
35,27801
35,27851
35,27856
35,27875
35,27931
35,27937
35,27941
35,28007
35,28048
35,28073
35,28081
35,28082
35,28089
35,28128
35,28136
35,28153
35,28202
35,28209
35,28213
35,28232
35,28237
35,28248
35,28275
35,28277
35,28308
35,28402
35,28415
35,28474
35,28503
35,28537
35,28581
35,28649
35,28655
35,28665
35,28695
35,28748
35,28790
35,28797
35,28822
35,28859
35,28872
35,28877
35,28888
35,28900
35,28901
35,28910
35,28921
35,28926
35,28933
35,28938
35,28940
35,29007
35,29031
35,29033
35,29055
35,29065
35,29090
35,29128
35,29136
35,29139
35,29144
35,29177
35,29192
35,29204
35,29208
35,29210
35,29223
35,29226
35,29261
35,29288
35,29296
35,29402
35,29435
35,29477
35,29493
35,29497
35,29502
35,29505
35,29509
36,3
36,13
36,26
36,42
36,44
36,66
36,68
36,71
36,108
36,158
36,221
36,253
36,254
36,255
36,257
36,268
36,271
36,287
36,297
36,362
36,376
36,381
36,428
36,440
36,449
36,498
36,510
36,516
36,525
36,532
36,561
36,573
36,613
36,675
36,686
36,693
36,694
36,711
36,754
36,826
36,849
36,862
36,885
36,895
36,904
36,919
36,949
36,965
36,974
36,1009
36,1011
36,1019
36,1085
36,1128
36,1149
36,1154
36,1166
36,1206
36,1229
36,1293
36,1296
36,1313
36,1368
36,1371
36,1388
36,1392
36,1422
36,1435
36,1456
36,1457
36,1467
36,1574
36,1577
36,1602
36,1648
36,1696
36,1718
36,1739
36,1806
36,1811
36,1841
36,1843
36,1847
36,1906
36,1907
36,1909
36,1931
36,1951
36,1974
36,1992
36,2028
36,2034
36,2035
36,2100
36,2102
36,2109
36,2112
36,2183
36,2238
36,2241
36,2251
36,2268
36,2287
36,2289
36,2307
36,2314
36,2328
36,2337
36,2372
36,2404
36,2469
36,2477
36,2546
36,2609
36,2612
36,2614
36,2616
36,2639
36,2659
36,2665
36,2675
36,2682
36,2686
36,2718
36,2743
36,2749
36,2759
36,2760
36,2786
36,2794
36,2803
36,2818
36,2828
36,2833
36,2844
36,2869
36,2880
36,2957
36,3009
36,3023
36,3038
36,3050
36,3064
36,3094
36,3113
36,3115
36,3125
36,3153
36,3156
36,3172
36,3176
36,3190
36,3203
36,3222
36,3229
36,3238
36,3249
36,3268
36,3286
36,3300
36,3310
36,3320
36,3321
36,3347
36,3361
36,3372
36,3379
36,3382
36,3386
36,3394
36,3404
36,3414
36,3439
36,3463
36,3513
36,3518
36,3523
36,3527
36,3534
36,3537
36,3543
36,3555
36,3565
36,3579
36,3627
36,3635
36,3649
36,3653
36,3658
36,3808
36,3827
36,3831
36,3890
36,3903
36,3914
36,3930
36,3986
36,3989
36,4000
36,4017
36,4089
36,4126
36,4163
36,4218
36,4251
36,4268
36,4311
36,4314
36,4331
36,4409
36,4411
36,4444
36,4471
36,4476
36,4480
36,4519
36,4551
36,4581
36,4585
36,4591
36,4605
36,4609
36,4616
36,4634
36,4675
36,4705
36,4709
36,4710
36,4714
36,4742
36,4748
36,4753
36,4760
36,4765
36,4773
36,4781
36,4793
36,4851
36,4859
36,4863
36,4896
36,4928
36,4940
36,4946
36,4950
36,4957
36,4959
36,4989
36,5018
36,5019
36,5042
36,5044
36,5070
36,5075
36,5090
36,5098
36,5102
36,5116
36,5126
36,5129
36,5135
36,5147
36,5163
36,5178
36,5222
36,5226
36,5229
36,5235
36,5267
36,5277
36,5287
36,5353
36,5374
36,5418
36,5427
36,5450
36,5526
36,5530
36,5531
36,5567
36,5574
36,5586
36,5624
36,5740
36,5742
36,5749
36,5764
36,5765
36,5801
36,5818
36,5838
36,5847
36,5860
36,5871
36,5882
36,5889
36,5905
36,5924
36,6013
36,6017
36,6047
36,6063
36,6097
36,6113
36,6155
36,6172
36,6180
36,6233
36,6239
36,6260
36,6293
36,6319
36,6331
36,6459
36,6460
36,6471
36,6512
36,6522
36,6527
36,6535
36,6563
36,6576
36,6591
36,6596
36,6601
36,6625
36,6647
36,6676
36,6697
36,6698
36,6754
36,6796
36,6828
36,6831
36,6872
36,6882
36,6926
36,6944
36,6978
36,7006
36,7036
36,7037
36,7070
36,7090
36,7134
36,7149
36,7151
36,7182
36,7191
36,7197
36,7201
36,7294
36,7360
36,7390
36,7419
36,7422
36,7464
36,7465
36,7542
36,7553
36,7582
36,7584
36,7585
36,7591
36,7594
36,7632
36,7664
36,7699
36,7777
36,7799
36,7809
36,7816
36,7834
36,7858
36,7880
36,7941
36,7951
36,7985
36,7998
36,8010
36,8012
36,8017
36,8025
36,8031
36,8057
36,8075
36,8083
36,8089
36,8095
36,8131
36,8149
36,8156
36,8161
36,8217
36,8231
36,8267
36,8285
36,8292
36,8311
36,8321
36,8337
36,8371
36,8379
36,8380
36,8418
36,8436
36,8492
36,8493
36,8522
36,8536
36,8537
36,8548
36,8554
36,8557
36,8561
36,8594
36,8671
36,8675
36,8677
36,8698
36,8771
36,8783
36,8801
36,8856
36,8863
36,8897
36,8912
36,8967
36,8973
36,8991
36,9016
36,9021
36,9024
36,9042
36,9079
36,9101
36,9135
36,9166
36,9197
36,9258
36,9260
36,9276
36,9277
36,9281
36,9284
36,9339
36,9365
36,9370
36,9438
36,9460
36,9495
36,9499
36,9516
36,9527
36,9531
36,9573
36,9596
36,9607
36,9623
36,9642
36,9746
36,9775
36,9781
36,9786
36,9815
36,9818
36,9827
36,9831
36,9838
36,9840
36,9848
36,9854
36,9862
36,9886
36,9890
36,9892
36,9953
36,9958
36,9976
36,10009
36,10038
36,10046
36,10070
36,10081
36,10092
36,10125
36,10142
36,10151
36,10214
36,10240
36,10246
36,10260
36,10268
36,10360
36,10442
36,10446
36,10457
36,10507
36,10510
36,10569
36,10604
36,10635
36,10637
36,10640
36,10641
36,10666
36,10675
36,10700
36,10708
36,10710
36,10726
36,10735
36,10756
36,10791
36,10824
36,10833
36,10840
36,10856
36,10901
36,10923
36,10930
36,10962
36,10996
36,11045
36,11047
36,11057
36,11063
36,11072
36,11079
36,11105
36,11155
36,11156
36,11164
36,11228
36,11243
36,11270
36,11276
36,11278
36,11282
36,11283
36,11297
36,11306
36,11344
36,11346
36,11364
36,11372
36,11375
36,11470
36,11484
36,11539
36,11546
36,11552
36,11567
36,11572
36,11648
36,11663
36,11689
36,11716
36,11727
36,11752
36,11764
36,11767
36,11769
36,11772
36,11775
36,11804
36,11808
36,11856
36,11871
36,11878
36,11885
36,11908
36,11976
36,11985
36,11993
36,12007
36,12025
36,12063
36,12129
36,12145
36,12207
36,12223
36,12252
36,12326
36,12360
36,12420
36,12426
36,12433
36,12445
36,12467
36,12485
36,12552
36,12558
36,12580
36,12582
36,12595
36,12637
36,12643
36,12651
36,12652
36,12701
36,12738
36,12743
36,12753
36,12763
36,12799
36,12945
36,12964
36,12979
36,12993
36,12999
36,13036
36,13039
36,13043
36,13149
36,13154
36,13183
36,13191
36,13229
36,13243
36,13264
36,13284
36,13285
36,13287
36,13288
36,13323
36,13328
36,13376
36,13387
36,13391
36,13399
36,13403
36,13421
36,13431
36,13486
36,13498
36,13513
36,13514
36,13519
36,13522
36,13567
36,13571
36,13599
36,13604
36,13610
36,13624
36,13637
36,13642
36,13651
36,13658
36,13662
36,13684
36,13701
36,13718
36,13720
36,13724
36,13796
36,13799
36,13802
36,13803
36,13821
36,13836
36,13877
36,13880
36,13898
36,13938
36,14023
36,14035
36,14050
36,14054
36,14074
36,14086
36,14094
36,14145
36,14159
36,14165
36,14166
36,14219
36,14242
36,14305
36,14324
36,14347
36,14382
36,14443
36,14469
36,14496
36,14538
36,14555
36,14556
36,14564
36,14574
36,14579
36,14664
36,14667
36,14673
36,14711
36,14762
36,14789
36,14802
36,14810
36,14847
36,14851
36,14852
36,14897
36,14901
36,14976
36,14994
36,15014
36,15043
36,15044
36,15090
36,15099
36,15101
36,15131
36,15133
36,15158
36,15196
36,15205
36,15232
36,15234
36,15281
36,15310
36,15327
36,15339
36,15359
36,15364
36,15378
36,15397
36,15451
36,15467
36,15469
36,15489
36,15497
36,15516
36,15546
36,15547
36,15593
36,15611
36,15614
36,15640
36,15647
36,15652
36,15681
36,15693
36,15716
36,15727
36,15774
36,15821
36,15825
36,15867
36,15871
36,15953
36,15973
36,15981
36,16014
36,16053
36,16058
36,16109
36,16156
36,16159
36,16195
36,16223
36,16228
36,16229
36,16236
36,16357
36,16363
36,16366
36,16381
36,16388
36,16404
36,16429
36,16434
36,16451
36,16459
36,16470
36,16489
36,16498
36,16512
36,16551
36,16571
36,16583
36,16637
36,16642
36,16647
36,16652
36,16709
36,16711
36,16729
36,16773
36,16809
36,16837
36,16841
36,16853
36,16860
36,16870
36,16908
36,16920
36,16923
36,16933
36,16934
36,16958
36,16964
36,16969
36,16976
36,16979
36,17002
36,17048
36,17073
36,17159
36,17171
36,17185
36,17214
36,17223
36,17238
36,17245
36,17298
36,17318
36,17357
36,17380
36,17402
36,17472
36,17496
36,17607
36,17618
36,17673
36,17678
36,17713
36,17735
36,17824
36,17834
36,17876
36,17888
36,17895
36,17921
36,17949
36,17979
36,17993
36,18005
36,18033
36,18099
36,18125
36,18175
36,18194
36,18195
36,18200
36,18224
36,18226
36,18248
36,18278
36,18318
36,18406
36,18441
36,18456
36,18457
36,18501
36,18524
36,18545
36,18558
36,18559
36,18586
36,18593
36,18609
36,18617
36,18622
36,18654
36,18662
36,18730
36,18746
36,18803
36,18850
36,18873
36,18882
36,18904
36,18945
36,19071
36,19080
36,19092
36,19153
36,19156
36,19230
36,19237
36,19254
36,19260
36,19262
36,19282
36,19356
36,19374
36,19419
36,19455
36,19493
36,19599
36,19604
36,19616
36,19634
36,19668
36,19728
36,19733
36,19743
36,19745
36,19764
36,19774
36,19813
36,19824
36,19958
36,20024
36,20026
36,20073
36,20107
36,20148
36,20171
36,20229
36,20251
36,20254
36,20264
36,20282
36,20296
36,20298
36,20310
36,20327
36,20351
36,20352
36,20420
36,20436
36,20472
36,20511
36,20592
36,20594
36,20597
36,20607
36,20694
36,20716
36,20747
36,20797
36,20873
36,20925
36,20969
36,20987
36,21014
36,21075
36,21076
36,21120
36,21128
36,21149
36,21170
36,21205
36,21210
36,21242
36,21250
36,21254
36,21308
36,21335
36,21373
36,21404
36,21430
36,21445
36,21478
36,21483
36,21488
36,21492
36,21541
36,21542
36,21583
36,21585
36,21604
36,21615
36,21630
36,21642
36,21682
36,21706
36,21722
36,21727
36,21753
36,21797
36,21826
36,21838
36,21858
36,21880
36,21889
36,21902
36,21904
36,21929
36,21933
36,21956
36,21962
36,21974
36,22035
36,22062
36,22105
36,22108
36,22110
36,22116
36,22125
36,22142
36,22144
36,22162
36,22165
36,22211
36,22257
36,22266
36,22279
36,22283
36,22307
36,22337
36,22341
36,22345
36,22382
36,22386
36,22390
36,22402
36,22459
36,22486
36,22497
36,22501
36,22511
36,22520
36,22544
36,22577
36,22588
36,22603
36,22609
36,22615
36,22687
36,22697
36,22709
36,22724
36,22736
36,22764
36,22794
36,22833
36,22916
36,22968
36,22992
36,23045
36,23072
36,23073
36,23076
36,23078
36,23163
36,23180
36,23185
36,23205
36,23215
36,23222
36,23232
36,23243
36,23258
36,23269
36,23289
36,23299
36,23332
36,23362
36,23368
36,23399
36,23426
36,23458
36,23477
36,23480
36,23487
36,23533
36,23544
36,23546
36,23638
36,23647
36,23665
36,23714
36,23737
36,23774
36,23787
36,23813
36,23832
36,23839
36,23857
36,23910
36,23943
36,23958
36,24002
36,24016
36,24022
36,24064
36,24076
36,24101
36,24107
36,24115
36,24127
36,24134
36,24191
36,24248
36,24264
36,24299
36,24321
36,24328
36,24332
36,24353
36,24368
36,24386
36,24423
36,24429
36,24442
36,24485
36,24503
36,24522
36,24654
36,24683
36,24722
36,24734
36,24736
36,24747
36,24793
36,24823
36,24846
36,24903
36,24982
36,24999
36,25025
36,25035
36,25063
36,25076
36,25079
36,25082
36,25113
36,25195
36,25198
36,25202
36,25204
36,25206
36,25218
36,25234
36,25254
36,25293
36,25294
36,25298
36,25318
36,25322
36,25343
36,25349
36,25352
36,25380
36,25388
36,25391
36,25394
36,25435
36,25458
36,25469
36,25530
36,25575
36,25587
36,25590
36,25601
36,25615
36,25655
36,25673
36,25711
36,25787
36,25814
36,25825
36,25856
36,25870
36,25892
36,25900
36,25915
36,25958
36,25964
36,26005
36,26016
36,26020
36,26028
36,26031
36,26053
36,26087
36,26107
36,26128
36,26130
36,26156
36,26163
36,26233
36,26243
36,26248
36,26288
36,26391
36,26396
36,26400
36,26411
36,26415
36,26453
36,26460
36,26469
36,26473
36,26478
36,26479
36,26490
36,26510
36,26541
36,26636
36,26649
36,26656
36,26670
36,26679
36,26691
36,26698
36,26752
36,26755
36,26758
36,26779
36,26780
36,26783
36,26800
36,26813
36,26829
36,26862
36,26876
36,26877
36,26893
36,26900
36,26904
36,26914
36,26946
36,26951
36,27000
36,27040
36,27042
36,27081
36,27093
36,27100
36,27117
36,27119
36,27150
36,27164
36,27177
36,27196
36,27225
36,27234
36,27264
36,27268
36,27287
36,27297
36,27306
36,27313
36,27333
36,27350
36,27363
36,27373
36,27390
36,27402
36,27409
36,27445
36,27458
36,27465
36,27475
36,27518
36,27555
36,27564
36,27626
36,27640
36,27673
36,27755
36,27759
36,27767
36,27776
36,27781
36,27821
36,27834
36,27869
36,27899
36,27927
36,27986
36,28001
36,28008
36,28010
36,28033
36,28047
36,28060
36,28100
36,28163
36,28183
36,28188
36,28196
36,28212
36,28245
36,28284
36,28298
36,28321
36,28351
36,28385
36,28418
36,28428
36,28470
36,28477
36,28502
36,28528
36,28543
36,28557
36,28584
36,28597
36,28601
36,28606
36,28612
36,28626
36,28634
36,28658
36,28668
36,28679
36,28697
36,28704
36,28739
36,28770
36,28774
36,28797
36,28869
36,28926
36,29005
36,29056
36,29082
36,29101
36,29105
36,29128
36,29130
36,29165
36,29176
36,29210
36,29222
36,29226
36,29234
36,29263
36,29271
36,29284
36,29309
36,29311
36,29328
36,29382
36,29396
36,29424
36,29429
36,29432
36,29435
36,29437
36,29455
36,29460
36,29531
36,29553
37,16
37,59
37,82
37,96
37,119
37,130
37,134
37,151
37,158
37,181
37,194
37,195
37,224
37,258
37,259
37,283
37,313
37,321
37,331
37,335
37,385
37,391
37,398
37,402
37,417
37,427
37,480
37,483
37,486
37,495
37,504
37,524
37,556
37,558
37,567
37,589
37,643
37,646
37,720
37,817
37,838
37,853
37,872
37,930
37,948
37,966
37,969
37,983
37,1013
37,1035
37,1040
37,1047
37,1052
37,1061
37,1066
37,1137
37,1146
37,1149
37,1163
37,1171
37,1181
37,1186
37,1215
37,1219
37,1294
37,1316
37,1331
37,1332
37,1378
37,1387
37,1405
37,1411
37,1469
37,1470
37,1471
37,1479
37,1492
37,1512
37,1543
37,1566
37,1601
37,1605
37,1628
37,1637
37,1646
37,1687
37,1717
37,1735
37,1737
37,1741
37,1743
37,1755
37,1774
37,1794
37,1795
37,1800
37,1803
37,1810
37,1812
37,1825
37,1826
37,1840
37,1852
37,1856
37,1863
37,1864
37,1877
37,1901
37,1907
37,1918
37,1973
37,2018
37,2051
37,2107
37,2137
37,2142
37,2210
37,2223
37,2229
37,2231
37,2377
37,2379
37,2386
37,2393
37,2427
37,2446
37,2447
37,2468
37,2506
37,2543
37,2558
37,2607
37,2621
37,2624
37,2638
37,2646
37,2663
37,2677
37,2702
37,2703
37,2747
37,2754
37,2759
37,2769
37,2790
37,2818
37,2822
37,2830
37,2869
37,2877
37,2882
37,2906
37,2913
37,2993
37,3030
37,3044
37,3056
37,3106
37,3109
37,3130
37,3155
37,3160
37,3167
37,3174
37,3190
37,3200
37,3204
37,3206
37,3216
37,3228
37,3234
37,3284
37,3291
37,3357
37,3362
37,3407
37,3425
37,3455
37,3465
37,3473
37,3528
37,3580
37,3642
37,3650
37,3701
37,3734
37,3781
37,3783
37,3785
37,3795
37,3800
37,3831
37,3837
37,3838
37,3890
37,3931
37,3949
37,3952
37,3990
37,4042
37,4123
37,4132
37,4149
37,4161
37,4163
37,4200
37,4217
37,4221
37,4278
37,4279
37,4285
37,4287
37,4292
37,4308
37,4312
37,4314
37,4418
37,4430
37,4509
37,4522
37,4523
37,4551
37,4558
37,4565
37,4584
37,4588
37,4606
37,4626
37,4642
37,4653
37,4656
37,4663
37,4665
37,4682
37,4683
37,4716
37,4754
37,4783
37,4793
37,4794
37,4807
37,4819
37,4886
37,4941
37,4966
37,4969
37,4980
37,4988
37,5001
37,5008
37,5023
37,5039
37,5075
37,5096
37,5198
37,5247
37,5273
37,5283
37,5337
37,5338
37,5354
37,5355
37,5364
37,5370
37,5402
37,5433
37,5441
37,5452
37,5479
37,5497
37,5516
37,5575
37,5600
37,5644
37,5645
37,5662
37,5671
37,5682
37,5692
37,5739
37,5749
37,5752
37,5756
37,5758
37,5768
37,5810
37,5829
37,5863
37,5884
37,5889
37,5893
37,5895
37,5905
37,5936
37,5940
37,5950
37,5951
37,5977
37,5988
37,5994
37,6022
37,6024
37,6118
37,6139
37,6179
37,6210
37,6236
37,6259
37,6296
37,6300
37,6316
37,6346
37,6348
37,6350
37,6369
37,6376
37,6409
37,6419
37,6428
37,6442
37,6476
37,6491
37,6564
37,6581
37,6594
37,6645
37,6647
37,6654
37,6670
37,6686
37,6742
37,6749
37,6758
37,6759
37,6779
37,6780
37,6788
37,6828
37,6853
37,6857
37,6882
37,6897
37,6943
37,6948
37,6991
37,6992
37,6998
37,7003
37,7008
37,7010
37,7017
37,7020
37,7025
37,7036
37,7050
37,7068
37,7094
37,7104
37,7138
37,7178
37,7222
37,7287
37,7378
37,7389
37,7400
37,7417
37,7433
37,7437
37,7454
37,7464
37,7477
37,7495
37,7504
37,7507
37,7510
37,7513
37,7531
37,7562
37,7580
37,7584
37,7633
37,7650
37,7675
37,7713
37,7716
37,7722
37,7742
37,7760
37,7774
37,7775
37,7794
37,7808
37,7810
37,7817
37,7851
37,7881
37,7888
37,7896
37,7904
37,7907
37,7937
37,7939
37,7942
37,8000
37,8015
37,8045
37,8089
37,8097
37,8110
37,8121
37,8135
37,8172
37,8185
37,8204
37,8222
37,8226
37,8235
37,8254
37,8271
37,8295
37,8302
37,8307
37,8322
37,8340
37,8352
37,8371
37,8391
37,8395
37,8419
37,8434
37,8438
37,8452
37,8454
37,8462
37,8472
37,8489
37,8493
37,8527
37,8541
37,8597
37,8598
37,8601
37,8611
37,8626
37,8642
37,8702
37,8726
37,8737
37,8739
37,8761
37,8774
37,8834
37,8835
37,8861
37,8875
37,8926
37,8948
37,8960
37,8981
37,8996
37,8997
37,9005
37,9053
37,9065
37,9076
37,9096
37,9118
37,9164
37,9199
37,9211
37,9221
37,9241
37,9276
37,9279
37,9312
37,9317
37,9323
37,9342
37,9374
37,9400
37,9426
37,9427
37,9488
37,9503
37,9509
37,9594
37,9631
37,9662
37,9666
37,9673
37,9697
37,9740
37,9790
37,9803
37,9824
37,9831
37,9869
37,9882
37,9906
37,9941
37,9962
37,9976
37,9992
37,10020
37,10027
37,10042
37,10046
37,10166
37,10209
37,10232
37,10234
37,10237
37,10362
37,10372
37,10393
37,10411
37,10421
37,10440
37,10456
37,10463
37,10464
37,10475
37,10486
37,10494
37,10496
37,10510
37,10513
37,10537
37,10556
37,10591
37,10658
37,10683
37,10722
37,10724
37,10727
37,10738
37,10752
37,10760
37,10762
37,10786
37,10795
37,10807
37,10839
37,10840
37,10848
37,10851
37,10904
37,10907
37,10929
37,10932
37,10938
37,10990
37,10994
37,11001
37,11010
37,11012
37,11019
37,11032
37,11054
37,11077
37,11084
37,11089
37,11112
37,11116
37,11131
37,11136
37,11147
37,11180
37,11245
37,11256
37,11265
37,11275
37,11304
37,11312
37,11313
37,11336
37,11361
37,11367
37,11380
37,11382
37,11389
37,11412
37,11420
37,11429
37,11456
37,11463
37,11474
37,11475
37,11518
37,11530
37,11534
37,11535
37,11552
37,11584
37,11599
37,11620
37,11643
37,11682
37,11687
37,11722
37,11723
37,11766
37,11778
37,11787
37,11789
37,11799
37,11807
37,11836
37,11842
37,11874
37,11891
37,11915
37,11942
37,11944
37,11945
37,11967
37,11971
37,11991
37,11998
37,11999
37,12010
37,12019
37,12028
37,12029
37,12034
37,12051
37,12056
37,12102
37,12126
37,12130
37,12131
37,12160
37,12163
37,12172
37,12186
37,12191
37,12221
37,12245
37,12306
37,12315
37,12340
37,12348
37,12362
37,12370
37,12394
37,12434
37,12455
37,12467
37,12478
37,12490
37,12514
37,12543
37,12549
37,12581
37,12601
37,12606
37,12645
37,12655
37,12690
37,12694
37,12733
37,12738
37,12756
37,12822
37,12837
37,12844
37,12856
37,12863
37,12887
37,12921
37,12953
37,12975
37,12988
37,12998
37,13013
37,13023
37,13044
37,13045
37,13067
37,13085
37,13086
37,13118
37,13134
37,13147
37,13178
37,13200
37,13240
37,13246
37,13249
37,13252
37,13254
37,13257
37,13272
37,13285
37,13318
37,13327
37,13330
37,13349
37,13353
37,13363
37,13400
37,13419
37,13428
37,13456
37,13489
37,13496
37,13500
37,13528
37,13562
37,13592
37,13621
37,13642
37,13643
37,13671
37,13676
37,13721
37,13726
37,13749
37,13758
37,13781
37,13791
37,13808
37,13809
37,13879
37,13896
37,13914
37,13916
37,13924
37,13930
37,13957
37,13978
37,13994
37,13995
37,14026
37,14037
37,14091
37,14128
37,14159
37,14196
37,14197
37,14209
37,14217
37,14223
37,14234
37,14235
37,14304
37,14306
37,14309
37,14311
37,14315
37,14348
37,14360
37,14374
37,14379
37,14383
37,14395
37,14418
37,14435
37,14507
37,14522
37,14540
37,14549
37,14557
37,14560
37,14564
37,14586
37,14587
37,14593
37,14660
37,14675
37,14678
37,14702
37,14721
37,14755
37,14811
37,14830
37,14936
37,14943
37,14980
37,15006
37,15009
37,15020
37,15028
37,15029
37,15097
37,15134
37,15203
37,15210
37,15221
37,15228
37,15247
37,15267
37,15277
37,15281
37,15298
37,15300
37,15310
37,15318
37,15338
37,15341
37,15345
37,15357
37,15371
37,15380
37,15394
37,15396
37,15403
37,15415
37,15425
37,15446
37,15483
37,15547
37,15550
37,15563
37,15598
37,15601
37,15623
37,15644
37,15669
37,15674
37,15685
37,15707
37,15708
37,15742
37,15748
37,15761
37,15771
37,15806
37,15812
37,15854
37,15898
37,15909
37,15921
37,15928
37,15957
37,15991
37,16009
37,16066
37,16090
37,16095
37,16104
37,16106
37,16132
37,16206
37,16243
37,16248
37,16249
37,16264
37,16276
37,16337
37,16361
37,16416
37,16424
37,16458
37,16485
37,16488
37,16507
37,16516
37,16554
37,16614
37,16617
37,16650
37,16651
37,16667
37,16671
37,16676
37,16677
37,16719
37,16724
37,16741
37,16751
37,16783
37,16785
37,16788
37,16801
37,16861
37,16868
37,16871
37,16893
37,16927
37,16950
37,16965
37,17008
37,17030
37,17065
37,17113
37,17118
37,17132
37,17149
37,17160
37,17161
37,17175
37,17180
37,17204
37,17236
37,17250
37,17253
37,17265
37,17267
37,17334
37,17389
37,17399
37,17418
37,17457
37,17466
37,17513
37,17515
37,17523
37,17543
37,17547
37,17566
37,17572
37,17594
37,17596
37,17624
37,17631
37,17657
37,17660
37,17666
37,17697
37,17710
37,17712
37,17713
37,17738
37,17759
37,17795
37,17828
37,17869
37,17913
37,17946
37,17966
37,17968
37,17986
37,18006
37,18016
37,18047
37,18048
37,18049
37,18064
37,18078
37,18141
37,18165
37,18167
37,18172
37,18215
37,18225
37,18243
37,18271
37,18275
37,18302
37,18321
37,18336
37,18382
37,18403
37,18428
37,18493
37,18502
37,18509
37,18545
37,18576
37,18587
37,18588
37,18614
37,18695
37,18701
37,18708
37,18716
37,18733
37,18740
37,18787
37,18807
37,18845
37,18881
37,18899
37,18928
37,18932
37,18950
37,18963
37,18977
37,18982
37,18993
37,18998
37,19018
37,19022
37,19079
37,19096
37,19107
37,19115
37,19147
37,19165
37,19168
37,19175
37,19221
37,19238
37,19268
37,19339
37,19356
37,19390
37,19408
37,19435
37,19449
37,19450
37,19459
37,19463
37,19465
37,19470
37,19478
37,19497
37,19502
37,19506
37,19572
37,19576
37,19597
37,19622
37,19628
37,19640
37,19655
37,19669
37,19710
37,19726
37,19728
37,19742
37,19756
37,19774
37,19844
37,19856
37,19887
37,19913
37,19926
37,19929
37,19931
37,19934
37,19948
37,19952
37,19966
37,20038
37,20057
37,20058
37,20064
37,20079
37,20081
37,20097
37,20106
37,20126
37,20130
37,20151
37,20157
37,20184
37,20187
37,20188
37,20221
37,20236
37,20324
37,20334
37,20339
37,20364
37,20372
37,20378
37,20406
37,20412
37,20413
37,20445
37,20476
37,20501
37,20524
37,20594
37,20599
37,20604
37,20625
37,20638
37,20664
37,20695
37,20721
37,20733
37,20736
37,20740
37,20787
37,20802
37,20826
37,20848
37,20881
37,20882
37,20979
37,20980
37,21027
37,21032
37,21036
37,21080
37,21091
37,21122
37,21128
37,21132
37,21162
37,21176
37,21183
37,21204
37,21228
37,21230
37,21237
37,21239
37,21281
37,21288
37,21301
37,21309
37,21329
37,21343
37,21344
37,21360
37,21370
37,21410
37,21436
37,21450
37,21460
37,21464
37,21474
37,21480
37,21493
37,21517
37,21525
37,21528
37,21539
37,21560
37,21569
37,21571
37,21588
37,21607
37,21609
37,21617
37,21628
37,21634
37,21675
37,21679
37,21694
37,21746
37,21747
37,21836
37,21852
37,21858
37,21888
37,21897
37,21899
37,21911
37,21941
37,21956
37,21982
37,21985
37,22048
37,22080
37,22086
37,22108
37,22115
37,22119
37,22137
37,22149
37,22153
37,22226
37,22231
37,22236
37,22262
37,22280
37,22283
37,22289
37,22310
37,22321
37,22330
37,22347
37,22349
37,22358
37,22360
37,22400
37,22407
37,22408
37,22491
37,22505
37,22517
37,22528
37,22559
37,22567
37,22572
37,22591
37,22643
37,22688
37,22691
37,22693
37,22717
37,22724
37,22730
37,22735
37,22761
37,22796
37,22886
37,22895
37,22902
37,22908
37,22939
37,22951
37,22966
37,22975
37,23006
37,23034
37,23060
37,23068
37,23077
37,23163
37,23180
37,23195
37,23200
37,23207
37,23216
37,23222
37,23261
37,23273
37,23295
37,23310
37,23350
37,23368
37,23385
37,23435
37,23447
37,23459
37,23488
37,23497
37,23512
37,23532
37,23537
37,23555
37,23557
37,23561
37,23595
37,23597
37,23609
37,23612
37,23622
37,23624
37,23647
37,23692
37,23706
37,23726
37,23750
37,23771
37,23827
37,23834
37,23844
37,23849
37,23858
37,23877
37,23884
37,23886
37,24022
37,24044
37,24057
37,24079
37,24116
37,24145
37,24176
37,24179
37,24186
37,24208
37,24268
37,24270
37,24278
37,24307
37,24314
37,24337
37,24358
37,24359
37,24402
37,24421
37,24437
37,24440
37,24468
37,24471
37,24483
37,24497
37,24501
37,24509
37,24551
37,24553
37,24554
37,24559
37,24571
37,24584
37,24644
37,24647
37,24652
37,24656
37,24681
37,24733
37,24743
37,24753
37,24781
37,24800
37,24832
37,24855
37,24862
37,24886
37,24902
37,24905
37,24941
37,24955
37,24986
37,24987
37,25011
37,25021
37,25055
37,25065
37,25072
37,25083
37,25090
37,25109
37,25112
37,25117
37,25160
37,25206
37,25218
37,25232
37,25266
37,25317
37,25363
37,25367
37,25386
37,25408
37,25420
37,25423
37,25443
37,25447
37,25459
37,25463
37,25482
37,25491
37,25510
37,25526
37,25536
37,25554
37,25586
37,25591
37,25598
37,25606
37,25615
37,25616
37,25628
37,25722
37,25730
37,25748
37,25756
37,25773
37,25788
37,25795
37,25831
37,25886
37,25899
37,25926
37,25941
37,25944
37,25947
37,25952
37,25960
37,26001
37,26046
37,26055
37,26070
37,26090
37,26149
37,26168
37,26188
37,26206
37,26251
37,26317
37,26330
37,26362
37,26395
37,26425
37,26427
37,26437
37,26448
37,26470
37,26475
37,26509
37,26518
37,26535
37,26538
37,26544
37,26556
37,26574
37,26629
37,26631
37,26673
37,26691
37,26697
37,26718
37,26731
37,26770
37,26771
37,26844
37,26845
37,26854
37,26883
37,26899
37,26917
37,26934
37,26945
37,26947
37,26977
37,26991
37,27009
37,27050
37,27077
37,27116
37,27160
37,27233
37,27234
37,27267
37,27305
37,27319
37,27359
37,27381
37,27385
37,27397
37,27428
37,27437
37,27465
37,27472
37,27474
37,27504
37,27520
37,27544
37,27566
37,27589
37,27594
37,27622
37,27722
37,27723
37,27725
37,27744
37,27783
37,27811
37,27860
37,27861
37,27883
37,27911
37,27925
37,27942
37,27948
37,27975
37,28003
37,28021
37,28056
37,28078
37,28098
37,28112
37,28128
37,28169
37,28188
37,28208
37,28219
37,28232
37,28241
37,28262
37,28295
37,28303
37,28319
37,28390
37,28399
37,28415
37,28419
37,28426
37,28441
37,28457
37,28468
37,28545
37,28552
37,28559
37,28605
37,28614
37,28629
37,28631
37,28674
37,28690
37,28724
37,28777
37,28808
37,28818
37,28838
37,28839
37,28845
37,28902
37,28957
37,29016
37,29047
37,29059
37,29141
37,29146
37,29161
37,29172
37,29178
37,29180
37,29226
37,29230
37,29249
37,29261
37,29297
37,29316
37,29323
37,29329
37,29356
37,29390
37,29391
37,29415
37,29488
37,29490
37,29496
37,29516
37,29537
37,29543
37,29557
38,31
38,39
38,63
38,87
38,91
38,102
38,116
38,120
38,159
38,192
38,229
38,231
38,235
38,239
38,242
38,269
38,280
38,292
38,339
38,354
38,365
38,379
38,395
38,408
38,409
38,419
38,454
38,455
38,491
38,499
38,524
38,539
38,557
38,583
38,585
38,616
38,624
38,625
38,637
38,661
38,669
38,682
38,684
38,691
38,694
38,718
38,723
38,745
38,765
38,766
38,770
38,774
38,775
38,783
38,793
38,811
38,816
38,820
38,843
38,845
38,852
38,906
38,911
38,931
38,948
38,952
38,970
38,971
38,990
38,992
38,1005
38,1029
38,1038
38,1086
38,1088
38,1116
38,1117
38,1120
38,1123
38,1138
38,1153
38,1176
38,1181
38,1200
38,1245
38,1258
38,1263
38,1272
38,1287
38,1317
38,1342
38,1344
38,1356
38,1367
38,1386
38,1412
38,1457
38,1462
38,1473
38,1487
38,1499
38,1535
38,1546
38,1587
38,1588
38,1599
38,1627
38,1656
38,1669
38,1680
38,1697
38,1700
38,1728
38,1740
38,1755
38,1816
38,1822
38,1839
38,1859
38,1870
38,1884
38,1885
38,1886
38,1892
38,1935
38,1940
38,1944
38,1956
38,1977
38,1985
38,2007
38,2099
38,2106
38,2119
38,2125
38,2130
38,2131
38,2145
38,2153
38,2154
38,2158
38,2167
38,2175
38,2193
38,2217
38,2225
38,2226
38,2284
38,2285
38,2331
38,2347
38,2360
38,2364
38,2377
38,2410
38,2424
38,2432
38,2463
38,2465
38,2477
38,2482
38,2492
38,2498
38,2499
38,2501
38,2533
38,2564
38,2573
38,2576
38,2584
38,2597
38,2601
38,2603
38,2607
38,2611
38,2627
38,2632
38,2645
38,2673
38,2676
38,2679
38,2686
38,2717
38,2726
38,2734
38,2759
38,2805
38,2826
38,2827
38,2838
38,2854
38,2867
38,2911
38,2919
38,2928
38,2936
38,2947
38,2986
38,2995
38,3005
38,3010
38,3015
38,3026
38,3030
38,3047
38,3099
38,3104
38,3126
38,3132
38,3136
38,3148
38,3150
38,3197
38,3201
38,3211
38,3212
38,3214
38,3246
38,3266
38,3272
38,3293
38,3319
38,3334
38,3350
38,3363
38,3375
38,3382
38,3388
38,3392
38,3394
38,3397
38,3430
38,3432
38,3434
38,3440
38,3454
38,3457
38,3476
38,3527
38,3532
38,3537
38,3566
38,3573
38,3604
38,3609
38,3611
38,3618
38,3623
38,3624
38,3649
38,3673
38,3677
38,3686
38,3689
38,3692
38,3696
38,3703
38,3707
38,3717
38,3730
38,3740
38,3746
38,3772
38,3777
38,3804
38,3820
38,3824
38,3867
38,3900
38,3913
38,3917
38,3928
38,3937
38,3943
38,3955
38,3975
38,3981
38,3984
38,3988
38,3997
38,4000
38,4013
38,4016
38,4018
38,4023
38,4037
38,4042
38,4075
38,4093
38,4113
38,4116
38,4126
38,4173
38,4176
38,4179
38,4180
38,4183
38,4194
38,4206
38,4210
38,4212
38,4252
38,4299
38,4313
38,4336
38,4349
38,4356
38,4376
38,4398
38,4441
38,4476
38,4510
38,4515
38,4516
38,4524
38,4526
38,4528
38,4529
38,4554
38,4557
38,4563
38,4568
38,4582
38,4597
38,4616
38,4650
38,4652
38,4671
38,4697
38,4699
38,4704
38,4710
38,4726
38,4758
38,4765
38,4767
38,4794
38,4798
38,4800
38,4802
38,4845
38,4847
38,4853
38,4870
38,4871
38,4893
38,4914
38,4928
38,4938
38,4949
38,4957
38,4968
38,4973
38,4998
38,5010
38,5016
38,5030
38,5056
38,5069
38,5072
38,5107
38,5128
38,5139
38,5183
38,5203
38,5206
38,5216
38,5235
38,5293
38,5330
38,5347
38,5400
38,5413
38,5439
38,5463
38,5473
38,5498
38,5513
38,5522
38,5552
38,5556
38,5570
38,5580
38,5585
38,5606
38,5636
38,5637
38,5663
38,5684
38,5687
38,5696
38,5706
38,5713
38,5718
38,5728
38,5741
38,5743
38,5746
38,5773
38,5798
38,5807
38,5811
38,5821
38,5827
38,5828
38,5836
38,5842
38,5852
38,5853
38,5927
38,5948
38,5961
38,5964
38,6011
38,6022
38,6028
38,6064
38,6072
38,6073
38,6092
38,6112
38,6131
38,6140
38,6142
38,6162
38,6174
38,6175
38,6186
38,6195
38,6198
38,6206
38,6213
38,6252
38,6258
38,6261
38,6266
38,6268
38,6282
38,6288
38,6309
38,6331
38,6395
38,6396
38,6418
38,6436
38,6439
38,6451
38,6457
38,6468
38,6475
38,6493
38,6525
38,6541
38,6542
38,6596
38,6600
38,6615
38,6620
38,6622
38,6626
38,6630
38,6637
38,6642
38,6646
38,6647
38,6656
38,6693
38,6717
38,6727
38,6735
38,6737
38,6750
38,6769
38,6777
38,6786
38,6806
38,6808
38,6821
38,6831
38,6836
38,6843
38,6886
38,6903
38,6915
38,6918
38,6922
38,6967
38,6995
38,7007
38,7028
38,7029
38,7032
38,7056
38,7071
38,7086
38,7087
38,7090
38,7096
38,7098
38,7099
38,7105
38,7106
38,7116
38,7119
38,7139
38,7145
38,7152
38,7175
38,7205
38,7218
38,7220
38,7227
38,7238
38,7245
38,7256
38,7265
38,7268
38,7279
38,7283
38,7288
38,7290
38,7315
38,7328
38,7351
38,7361
38,7376
38,7386
38,7389
38,7395
38,7397
38,7404
38,7446
38,7473
38,7479
38,7481
38,7489
38,7503
38,7504
38,7513
38,7518
38,7532
38,7553
38,7554
38,7559
38,7566
38,7568
38,7575
38,7585
38,7599
38,7609
38,7621
38,7637
38,7642
38,7704
38,7708
38,7719
38,7722
38,7725
38,7781
38,7798
38,7799
38,7821
38,7823
38,7828
38,7844
38,7861
38,7875
38,7915
38,7920
38,7939
38,7974
38,7990
38,8012
38,8026
38,8037
38,8045
38,8062
38,8065
38,8085
38,8098
38,8102
38,8108
38,8116
38,8162
38,8183
38,8191
38,8209
38,8218
38,8225
38,8228
38,8238
38,8243
38,8244
38,8249
38,8281
38,8298
38,8300
38,8309
38,8311
38,8340
38,8343
38,8354
38,8410
38,8426
38,8430
38,8445
38,8451
38,8455
38,8491
38,8495
38,8543
38,8561
38,8626
38,8634
38,8638
38,8639
38,8676
38,8690
38,8701
38,8706
38,8707
38,8710
38,8715
38,8727
38,8757
38,8770
38,8805
38,8844
38,8853
38,8864
38,8875
38,8888
38,8924
38,8946
38,8995
38,9009
38,9025
38,9046
38,9056
38,9057
38,9068
38,9095
38,9103
38,9157
38,9187
38,9197
38,9222
38,9226
38,9234
38,9235
38,9240
38,9246
38,9289
38,9291
38,9300
38,9309
38,9329
38,9347
38,9351
38,9356
38,9476
38,9478
38,9480
38,9489
38,9521
38,9524
38,9526
38,9541
38,9548
38,9555
38,9558
38,9566
38,9568
38,9588
38,9605
38,9666
38,9679
38,9695
38,9706
38,9728
38,9751
38,9752
38,9758
38,9769
38,9779
38,9788
38,9823
38,9845
38,9862
38,9868
38,9942
38,9944
38,9960
38,9971
38,10012
38,10017
38,10020
38,10030
38,10043
38,10063
38,10069
38,10080
38,10090
38,10097
38,10112
38,10125
38,10126
38,10155
38,10179
38,10182
38,10209
38,10243
38,10249
38,10253
38,10273
38,10277
38,10314
38,10334
38,10339
38,10349
38,10370
38,10371
38,10394
38,10395
38,10412
38,10422
38,10426
38,10428
38,10432
38,10442
38,10484
38,10492
38,10505
38,10518
38,10519
38,10532
38,10610
38,10645
38,10693
38,10703
38,10730
38,10732
38,10734
38,10764
38,10786
38,10812
38,10865
38,10867
38,10875
38,10901
38,10921
38,10936
38,10946
38,10948
38,10954
38,10957
38,10969
38,11000
38,11020
38,11022
38,11046
38,11055
38,11077
38,11086
38,11095
38,11105
38,11139
38,11145
38,11155
38,11180
38,11207
38,11216
38,11229
38,11237
38,11242
38,11247
38,11249
38,11254
38,11256
38,11269
38,11285
38,11328
38,11368
38,11387
38,11409
38,11431
38,11441
38,11443
38,11447
38,11461
38,11503
38,11511
38,11535
38,11561
38,11567
38,11568
38,11591
38,11606
38,11618
38,11630
38,11645
38,11648
38,11673
38,11689
38,11707
38,11709
38,11712
38,11747
38,11766
38,11785
38,11802
38,11840
38,11856
38,11859
38,11862
38,11889
38,11891
38,11908
38,11914
38,11931
38,11960
38,11971
38,12009
38,12039
38,12060
38,12072
38,12079
38,12100
38,12109
38,12119
38,12157
38,12167
38,12172
38,12194
38,12245
38,12247
38,12282
38,12288
38,12300
38,12327
38,12351
38,12352
38,12388
38,12403
38,12413
38,12414
38,12417
38,12459
38,12495
38,12539
38,12548
38,12556
38,12590
38,12593
38,12597
38,12623
38,12640
38,12660
38,12694
38,12708
38,12729
38,12733
38,12777
38,12781
38,12791
38,12794
38,12816
38,12817
38,12875
38,12928
38,12942
38,12944
38,12945
38,12960
38,12981
38,12994
38,12995
38,13009
38,13028
38,13063
38,13068
38,13078
38,13088
38,13116
38,13138
38,13145
38,13153
38,13161
38,13170
38,13190
38,13198
38,13200
38,13240
38,13263
38,13267
38,13297
38,13311
38,13320
38,13330
38,13332
38,13354
38,13356
38,13366
38,13383
38,13386
38,13391
38,13392
38,13407
38,13412
38,13417
38,13422
38,13426
38,13450
38,13459
38,13470
38,13480
38,13483
38,13484
38,13491
38,13501
38,13532
38,13546
38,13548
38,13553
38,13561
38,13563
38,13568
38,13593
38,13601
38,13649
38,13657
38,13700
38,13712
38,13721
38,13741
38,13757
38,13762
38,13765
38,13779
38,13800
38,13824
38,13835
38,13847
38,13853
38,13866
38,13869
38,13871
38,13897
38,13927
38,13974
38,13980
38,14005
38,14010
38,14014
38,14016
38,14021
38,14037
38,14058
38,14078
38,14107
38,14138
38,14139
38,14142
38,14172
38,14208
38,14217
38,14221
38,14244
38,14264
38,14289
38,14291
38,14320
38,14336
38,14337
38,14339
38,14340
38,14345
38,14349
38,14358
38,14376
38,14463
38,14465
38,14473
38,14474
38,14476
38,14481
38,14544
38,14581
38,14627
38,14633
38,14637
38,14652
38,14656
38,14697
38,14716
38,14751
38,14791
38,14816
38,14838
38,14842
38,14845
38,14846
38,14847
38,14862
38,14886
38,14891
38,14896
38,14897
38,14915
38,14918
38,14924
38,14958
38,14965
38,14973
38,14993
38,15013
38,15016
38,15019
38,15026
38,15036
38,15043
38,15044
38,15065
38,15121
38,15127
38,15137
38,15153
38,15159
38,15171
38,15176
38,15186
38,15201
38,15227
38,15236
38,15255
38,15259
38,15262
38,15311
38,15313
38,15316
38,15342
38,15360
38,15385
38,15401
38,15436
38,15492
38,15504
38,15508
38,15538
38,15545
38,15562
38,15573
38,15602
38,15667
38,15672
38,15676
38,15703
38,15708
38,15723
38,15751
38,15770
38,15777
38,15782
38,15797
38,15799
38,15807
38,15810
38,15819
38,15825
38,15829
38,15859
38,15865
38,15883
38,15937
38,15939
38,15971
38,15983
38,15987
38,16029
38,16046
38,16051
38,16056
38,16060
38,16072
38,16103
38,16107
38,16134
38,16153
38,16171
38,16174
38,16191
38,16217
38,16223
38,16255
38,16274
38,16280
38,16325
38,16334
38,16356
38,16391
38,16392
38,16452
38,16463
38,16470
38,16475
38,16518
38,16542
38,16545
38,16557
38,16558
38,16559
38,16575
38,16599
38,16609
38,16634
38,16637
38,16645
38,16693
38,16719
38,16730
38,16737
38,16764
38,16765
38,16811
38,16822
38,16836
38,16855
38,16894
38,16910
38,16937
38,16939
38,16957
38,16966
38,16973
38,16976
38,16979
38,17019
38,17024
38,17025
38,17036
38,17058
38,17067
38,17083
38,17085
38,17118
38,17121
38,17126
38,17133
38,17148
38,17192
38,17225
38,17237
38,17242
38,17248
38,17249
38,17258
38,17283
38,17289
38,17291
38,17299
38,17313
38,17321
38,17365
38,17381
38,17409
38,17413
38,17440
38,17447
38,17462
38,17482
38,17483
38,17544
38,17558
38,17572
38,17583
38,17603
38,17620
38,17621
38,17630
38,17652
38,17705
38,17706
38,17728
38,17732
38,17762
38,17772
38,17785
38,17795
38,17799
38,17850
38,17861
38,17881
38,17900
38,17945
38,17963
38,18013
38,18059
38,18071
38,18098
38,18135
38,18138
38,18161
38,18162
38,18173
38,18184
38,18202
38,18215
38,18224
38,18288
38,18294
38,18321
38,18367
38,18376
38,18387
38,18390
38,18394
38,18401
38,18408
38,18437
38,18472
38,18480
38,18515
38,18516
38,18532
38,18549
38,18551
38,18585
38,18595
38,18598
38,18638
38,18659
38,18693
38,18707
38,18738
38,18750
38,18760
38,18763
38,18764
38,18773
38,18775
38,18785
38,18787
38,18835
38,18859
38,18872
38,18910
38,18922
38,18930
38,18941
38,18944
38,18947
38,18973
38,18997
38,19018
38,19033
38,19036
38,19039
38,19047
38,19062
38,19094
38,19100
38,19106
38,19123
38,19147
38,19148
38,19158
38,19214
38,19225
38,19240
38,19291
38,19307
38,19313
38,19319
38,19324
38,19339
38,19350
38,19352
38,19370
38,19378
38,19388
38,19402
38,19426
38,19431
38,19461
38,19485
38,19498
38,19518
38,19524
38,19547
38,19552
38,19556
38,19572
38,19581
38,19585
38,19587
38,19601
38,19613
38,19637
38,19652
38,19662
38,19708
38,19730
38,19733
38,19751
38,19761
38,19768
38,19774
38,19775
38,19806
38,19807
38,19819
38,19830
38,19875
38,19915
38,19927
38,19934
38,19945
38,19960
38,19963
38,19974
38,20001
38,20021
38,20026
38,20057
38,20060
38,20086
38,20111
38,20112
38,20115
38,20125
38,20127
38,20131
38,20152
38,20185
38,20186
38,20209
38,20222
38,20229
38,20247
38,20276
38,20343
38,20358
38,20373
38,20397
38,20442
38,20447
38,20448
38,20462
38,20474
38,20515
38,20520
38,20537
38,20541
38,20554
38,20582
38,20592
38,20594
38,20616
38,20620
38,20646
38,20647
38,20653
38,20681
38,20723
38,20726
38,20739
38,20762
38,20788
38,20790
38,20801
38,20908
38,20913
38,20926
38,20929
38,20935
38,20950
38,20959
38,20963
38,20977
38,20985
38,21008
38,21031
38,21036
38,21044
38,21055
38,21063
38,21106
38,21111
38,21118
38,21162
38,21163
38,21168
38,21177
38,21179
38,21207
38,21221
38,21223
38,21335
38,21338
38,21343
38,21344
38,21345
38,21346
38,21383
38,21389
38,21403
38,21440
38,21478
38,21506
38,21511
38,21516
38,21518
38,21524
38,21534
38,21543
38,21560
38,21587
38,21609
38,21612
38,21630
38,21632
38,21637
38,21649
38,21652
38,21669
38,21676
38,21706
38,21721
38,21727
38,21748
38,21756
38,21787
38,21795
38,21806
38,21808
38,21811
38,21820
38,21822
38,21825
38,21830
38,21835
38,21885
38,21886
38,21887
38,21902
38,21949
38,21950
38,21971
38,22013
38,22032
38,22054
38,22085
38,22112
38,22121
38,22127
38,22128
38,22147
38,22155
38,22220
38,22242
38,22246
38,22252
38,22280
38,22286
38,22293
38,22326
38,22337
38,22338
38,22344
38,22381
38,22383
38,22427
38,22430
38,22437
38,22438
38,22463
38,22492
38,22515
38,22516
38,22529
38,22530
38,22540
38,22548
38,22576
38,22676
38,22702
38,22706
38,22711
38,22722
38,22750
38,22781
38,22783
38,22787
38,22803
38,22817
38,22833
38,22853
38,22877
38,22904
38,22905
38,22945
38,22949
38,22976
38,22978
38,23029
38,23032
38,23037
38,23053
38,23083
38,23093
38,23110
38,23113
38,23132
38,23147
38,23158
38,23188
38,23197
38,23213
38,23232
38,23233
38,23250
38,23252
38,23279
38,23288
38,23292
38,23296
38,23307
38,23311
38,23312
38,23372
38,23388
38,23410
38,23411
38,23414
38,23419
38,23437
38,23442
38,23461
38,23481
38,23499
38,23505
38,23507
38,23509
38,23539
38,23583
38,23626
38,23627
38,23641
38,23644
38,23654
38,23668
38,23702
38,23703
38,23707
38,23732
38,23766
38,23774
38,23775
38,23804
38,23813
38,23819
38,23821
38,23839
38,23840
38,23866
38,23880
38,23898
38,23902
38,23907
38,23921
38,23925
38,23934
38,23961
38,23980
38,23988
38,24018
38,24022
38,24041
38,24079
38,24092
38,24128
38,24146
38,24167
38,24182
38,24200
38,24201
38,24280
38,24298
38,24309
38,24324
38,24335
38,24350
38,24368
38,24396
38,24406
38,24411
38,24412
38,24414
38,24433
38,24456
38,24465
38,24466
38,24494
38,24570
38,24571
38,24576
38,24601
38,24622
38,24634
38,24638
38,24645
38,24667
38,24676
38,24698
38,24707
38,24717
38,24723
38,24726
38,24763
38,24780
38,24790
38,24801
38,24816
38,24819
38,24825
38,24828
38,24830
38,24855
38,24876
38,24878
38,24911
38,24919
38,24934
38,24944
38,24948
38,24962
38,24974
38,24994
38,25030
38,25076
38,25104
38,25156
38,25213
38,25232
38,25233
38,25235
38,25243
38,25267
38,25289
38,25309
38,25314
38,25322
38,25330
38,25353
38,25359
38,25374
38,25417
38,25419
38,25445
38,25478
38,25483
38,25515
38,25585
38,25595
38,25603
38,25611
38,25627
38,25645
38,25653
38,25695
38,25721
38,25741
38,25767
38,25828
38,25866
38,25872
38,25879
38,25890
38,25893
38,25894
38,25895
38,25901
38,25903
38,25933
38,25937
38,25944
38,25946
38,25951
38,25953
38,25991
38,26033
38,26054
38,26068
38,26072
38,26122
38,26130
38,26132
38,26133
38,26138
38,26144
38,26145
38,26147
38,26151
38,26169
38,26183
38,26193
38,26195
38,26212
38,26213
38,26223
38,26225
38,26251
38,26280
38,26286
38,26296
38,26299
38,26304
38,26307
38,26339
38,26353
38,26382
38,26389
38,26398
38,26442
38,26502
38,26508
38,26516
38,26524
38,26526
38,26530
38,26563
38,26581
38,26593
38,26618
38,26660
38,26662
38,26664
38,26691
38,26692
38,26758
38,26800
38,26806
38,26809
38,26821
38,26846
38,26858
38,26869
38,26879
38,26886
38,26917
38,26928
38,26943
38,26950
38,26964
38,26965
38,26969
38,26987
38,26994
38,26995
38,27000
38,27011
38,27027
38,27048
38,27051
38,27056
38,27087
38,27091
38,27100
38,27108
38,27129
38,27170
38,27177
38,27189
38,27202
38,27207
38,27209
38,27237
38,27255
38,27283
38,27286
38,27297
38,27303
38,27344
38,27419
38,27422
38,27423
38,27427
38,27452
38,27454
38,27455
38,27456
38,27457
38,27491
38,27492
38,27530
38,27539
38,27609
38,27617
38,27624
38,27666
38,27674
38,27701
38,27704
38,27712
38,27716
38,27720
38,27727
38,27746
38,27753
38,27783
38,27791
38,27792
38,27811
38,27815
38,27817
38,27840
38,27844
38,27873
38,27882
38,27891
38,27926
38,27937
38,27940
38,27943
38,27978
38,27994
38,28004
38,28012
38,28018
38,28044
38,28049
38,28058
38,28064
38,28076
38,28078
38,28084
38,28098
38,28131
38,28133
38,28146
38,28152
38,28154
38,28167
38,28173
38,28177
38,28182
38,28191
38,28205
38,28217
38,28231
38,28233
38,28249
38,28281
38,28291
38,28295
38,28308
38,28323
38,28340
38,28350
38,28381
38,28384
38,28385
38,28453
38,28460
38,28461
38,28473
38,28475
38,28477
38,28506
38,28516
38,28518
38,28521
38,28522
38,28523
38,28534
38,28546
38,28547
38,28549
38,28577
38,28597
38,28652
38,28662
38,28677
38,28690
38,28709
38,28712
38,28728
38,28729
38,28730
38,28749
38,28760
38,28769
38,28774
38,28820
38,28821
38,28853
38,28860
38,28882
38,28889
38,28891
38,28895
38,28945
38,28963
38,28971
38,28976
38,28977
38,28985
38,29015
38,29018
38,29021
38,29027
38,29036
38,29041
38,29064
38,29080
38,29126
38,29149
38,29173
38,29207
38,29232
38,29263
38,29275
38,29280
38,29288
38,29301
38,29324
38,29342
38,29343
38,29359
38,29374
38,29390
38,29394
38,29401
38,29409
38,29412
38,29418
38,29420
38,29428
38,29436
38,29447
38,29455
38,29469
38,29483
38,29492
38,29532
38,29535
38,29539
39,3
39,5
39,7
39,24
39,60
39,74
39,123
39,149
39,151
39,197
39,202
39,206
39,208
39,213
39,234
39,256
39,277
39,288
39,300
39,317
39,344
39,367
39,381
39,401
39,428
39,441
39,443
39,453
39,477
39,484
39,500
39,509
39,517
39,530
39,534
39,576
39,597
39,601
39,604
39,619
39,631
39,635
39,645
39,661
39,725
39,765
39,766
39,767
39,772
39,776
39,781
39,793
39,801
39,810
39,850
39,885
39,888
39,906
39,911
39,1005
39,1024
39,1042
39,1056
39,1057
39,1066
39,1101
39,1103
39,1125
39,1137
39,1184
39,1213
39,1248
39,1256
39,1273
39,1293
39,1296
39,1312
39,1313
39,1328
39,1341
39,1358
39,1402
39,1428
39,1446
39,1461
39,1480
39,1507
39,1552
39,1567
39,1578
39,1604
39,1625
39,1649
39,1653
39,1672
39,1678
39,1697
39,1707
39,1712
39,1725
39,1731
39,1733
39,1744
39,1765
39,1779
39,1817
39,1841
39,1868
39,1889
39,1890
39,1896
39,1946
39,1968
39,1982
39,1996
39,2005
39,2014
39,2039
39,2042
39,2049
39,2098
39,2116
39,2158
39,2177
39,2191
39,2240
39,2241
39,2250
39,2253
39,2254
39,2256
39,2297
39,2320
39,2324
39,2326
39,2333
39,2349
39,2354
39,2358
39,2366
39,2372
39,2470
39,2473
39,2475
39,2520
39,2537
39,2563
39,2564
39,2570
39,2596
39,2599
39,2620
39,2631
39,2638
39,2650
39,2659
39,2662
39,2666
39,2701
39,2713
39,2726
39,2729
39,2731
39,2736
39,2749
39,2780
39,2796
39,2808
39,2820
39,2821
39,2823
39,2858
39,2863
39,2893
39,2912
39,2934
39,2970
39,3004
39,3005
39,3010
39,3017
39,3019
39,3024
39,3029
39,3065
39,3080
39,3087
39,3101
39,3103
39,3108
39,3120
39,3146
39,3150
39,3217
39,3221
39,3222
39,3269
39,3295
39,3314
39,3322
39,3331
39,3333
39,3339
39,3341
39,3351
39,3362
39,3381
39,3382
39,3391
39,3398
39,3456
39,3471
39,3487
39,3501
39,3507
39,3521
39,3535
39,3563
39,3565
39,3576
39,3610
39,3633
39,3639
39,3689
39,3704
39,3745
39,3775
39,3815
39,3848
39,3886
39,3907
39,3916
39,3952
39,3977
39,3998
39,4012
39,4030
39,4037
39,4042
39,4043
39,4055
39,4065
39,4073
39,4082
39,4094
39,4110
39,4126
39,4165
39,4167
39,4173
39,4211
39,4223
39,4237
39,4247
39,4278
39,4285
39,4291
39,4295
39,4313
39,4322
39,4376
39,4382
39,4398
39,4424
39,4425
39,4441
39,4458
39,4469
39,4474
39,4488
39,4492
39,4493
39,4533
39,4587
39,4595
39,4602
39,4608
39,4633
39,4660
39,4689
39,4709
39,4710
39,4739
39,4752
39,4766
39,4790
39,4814
39,4872
39,4924
39,4928
39,4946
39,4950
39,4961
39,4964
39,4971
39,4974
39,4980
39,5000
39,5051
39,5055
39,5105
39,5154
39,5173
39,5175
39,5192
39,5202
39,5208
39,5216
39,5227
39,5245
39,5262
39,5293
39,5313
39,5355
39,5381
39,5395
39,5399
39,5430
39,5432
39,5434
39,5459
39,5460
39,5511
39,5512
39,5523
39,5535
39,5549
39,5571
39,5579
39,5598
39,5600
39,5616
39,5659
39,5691
39,5734
39,5736
39,5771
39,5777
39,5795
39,5804
39,5811
39,5829
39,5863
39,5893
39,5933
39,5939
39,5969
39,5974
39,5986
39,5999
39,6054
39,6074
39,6083
39,6119
39,6142
39,6169
39,6184
39,6212
39,6226
39,6235
39,6249
39,6259
39,6267
39,6350
39,6367
39,6380
39,6389
39,6400
39,6430
39,6437
39,6491
39,6497
39,6513
39,6524
39,6538
39,6539
39,6575
39,6607
39,6644
39,6716
39,6720
39,6732
39,6742
39,6753
39,6758
39,6779
39,6793
39,6795
39,6831
39,6857
39,6874
39,6884
39,6885
39,6900
39,6917
39,6927
39,6931
39,6941
39,6972
39,6981
39,7001
39,7021
39,7026
39,7034
39,7035
39,7066
39,7070
39,7072
39,7089
39,7090
39,7132
39,7166
39,7171
39,7176
39,7197
39,7232
39,7239
39,7253
39,7263
39,7276
39,7283
39,7285
39,7303
39,7320
39,7323
39,7331
39,7351
39,7364
39,7365
39,7371
39,7385
39,7390
39,7402
39,7416
39,7418
39,7471
39,7478
39,7484
39,7501
39,7503
39,7509
39,7525
39,7527
39,7543
39,7566
39,7598
39,7615
39,7623
39,7632
39,7715
39,7729
39,7741
39,7758
39,7862
39,7866
39,7868
39,7903
39,7915
39,7931
39,7954
39,7968
39,8005
39,8020
39,8047
39,8048
39,8067
39,8091
39,8096
39,8166
39,8210
39,8262
39,8272
39,8273
39,8281
39,8285
39,8287
39,8334
39,8373
39,8392
39,8410
39,8414
39,8422
39,8474
39,8481
39,8488
39,8508
39,8522
39,8532
39,8539
39,8554
39,8582
39,8589
39,8608
39,8628
39,8687
39,8693
39,8695
39,8730
39,8779
39,8799
39,8800
39,8807
39,8821
39,8828
39,8841
39,8844
39,8857
39,8866
39,8872
39,8875
39,8888
39,8933
39,8955
39,8957
39,8962
39,8971
39,8983
39,8990
39,9007
39,9014
39,9025
39,9033
39,9039
39,9055
39,9056
39,9076
39,9097
39,9102
39,9155
39,9233
39,9288
39,9291
39,9306
39,9318
39,9335
39,9341
39,9351
39,9364
39,9411
39,9414
39,9457
39,9465
39,9468
39,9477
39,9503
39,9566
39,9600
39,9603
39,9617
39,9641
39,9644
39,9684
39,9692
39,9698
39,9711
39,9748
39,9754
39,9775
39,9834
39,9849
39,9852
39,9874
39,9917
39,9919
39,9978
39,9997
39,10026
39,10034
39,10043
39,10085
39,10100
39,10109
39,10119
39,10128
39,10163
39,10165
39,10207
39,10214
39,10223
39,10248
39,10249
39,10262
39,10267
39,10270
39,10306
39,10311
39,10312
39,10322
39,10323
39,10327
39,10341
39,10342
39,10371
39,10382
39,10460
39,10497
39,10511
39,10529
39,10549
39,10563
39,10577
39,10626
39,10629
39,10637
39,10639
39,10669
39,10674
39,10678
39,10686
39,10710
39,10716
39,10740
39,10756
39,10767
39,10780
39,10789
39,10795
39,10799
39,10802
39,10809
39,10850
39,10878
39,10884
39,10891
39,10904
39,10906
39,10978
39,10981
39,10994
39,11008
39,11029
39,11031
39,11054
39,11069
39,11093
39,11096
39,11123
39,11136
39,11178
39,11216
39,11227
39,11232
39,11248
39,11262
39,11287
39,11288
39,11298
39,11314
39,11370
39,11372
39,11375
39,11422
39,11425
39,11440
39,11472
39,11478
39,11481
39,11487
39,11494
39,11498
39,11499
39,11517
39,11525
39,11541
39,11543
39,11562
39,11582
39,11587
39,11618
39,11623
39,11634
39,11638
39,11640
39,11642
39,11655
39,11661
39,11694
39,11748
39,11758
39,11760
39,11761
39,11764
39,11765
39,11786
39,11792
39,11800
39,11887
39,11902
39,11914
39,11923
39,11924
39,11928
39,11946
39,11953
39,11966
39,11981
39,11984
39,11985
39,12016
39,12050
39,12051
39,12071
39,12086
39,12098
39,12100
39,12127
39,12130
39,12166
39,12187
39,12203
39,12243
39,12244
39,12246
39,12258
39,12259
39,12260
39,12341
39,12347
39,12383
39,12388
39,12390
39,12393
39,12444
39,12518
39,12519
39,12521
39,12533
39,12536
39,12553
39,12559
39,12560
39,12571
39,12599
39,12632
39,12640
39,12645
39,12681
39,12694
39,12700
39,12712
39,12714
39,12723
39,12734
39,12743
39,12751
39,12763
39,12778
39,12799
39,12809
39,12812
39,12829
39,12845
39,12875
39,12902
39,12957
39,12963
39,12980
39,12996
39,12997
39,13025
39,13026
39,13072
39,13078
39,13088
39,13133
39,13151
39,13180
39,13182
39,13198
39,13223
39,13233
39,13291
39,13298
39,13356
39,13367
39,13369
39,13371
39,13376
39,13380
39,13404
39,13414
39,13416
39,13464
39,13469
39,13522
39,13528
39,13552
39,13562
39,13572
39,13581
39,13583
39,13633
39,13641
39,13711
39,13724
39,13726
39,13748
39,13777
39,13784
39,13791
39,13832
39,13883
39,13938
39,13944
39,13951
39,13952
39,13968
39,13971
39,13973
39,13977
39,13988
39,14024
39,14050
39,14068
39,14130
39,14149
39,14186
39,14196
39,14204
39,14205
39,14223
39,14247
39,14288
39,14302
39,14351
39,14360
39,14369
39,14375
39,14397
39,14402
39,14424
39,14432
39,14441
39,14445
39,14451
39,14453
39,14465
39,14477
39,14508
39,14536
39,14546
39,14547
39,14553
39,14563
39,14565
39,14620
39,14647
39,14656
39,14698
39,14740
39,14742
39,14744
39,14751
39,14762
39,14768
39,14789
39,14821
39,14824
39,14854
39,14858
39,14888
39,14919
39,14924
39,14949
39,14975
39,14976
39,15033
39,15046
39,15052
39,15094
39,15133
39,15136
39,15201
39,15233
39,15245
39,15250
39,15252
39,15280
39,15294
39,15380
39,15392
39,15413
39,15454
39,15475
39,15493
39,15496
39,15506
39,15526
39,15568
39,15583
39,15587
39,15595
39,15607
39,15624
39,15625
39,15635
39,15642
39,15677
39,15678
39,15683
39,15692
39,15718
39,15726
39,15734
39,15758
39,15779
39,15797
39,15840
39,15875
39,15884
39,15891
39,15930
39,15932
39,15945
39,15961
39,16018
39,16020
39,16028
39,16051
39,16054
39,16070
39,16083
39,16100
39,16103
39,16133
39,16139
39,16151
39,16163
39,16167
39,16174
39,16220
39,16227
39,16229
39,16233
39,16270
39,16275
39,16298
39,16311
39,16373
39,16378
39,16391
39,16396
39,16399
39,16417
39,16457
39,16482
39,16500
39,16507
39,16527
39,16580
39,16598
39,16608
39,16610
39,16670
39,16676
39,16679
39,16710
39,16720
39,16735
39,16740
39,16764
39,16777
39,16787
39,16793
39,16800
39,16829
39,16833
39,16846
39,16848
39,16852
39,16877
39,16881
39,16915
39,16929
39,16959
39,16985
39,17002
39,17050
39,17058
39,17113
39,17136
39,17143
39,17194
39,17199
39,17229
39,17252
39,17257
39,17260
39,17309
39,17310
39,17313
39,17314
39,17343
39,17356
39,17375
39,17400
39,17401
39,17413
39,17415
39,17432
39,17456
39,17457
39,17469
39,17490
39,17504
39,17511
39,17517
39,17536
39,17554
39,17560
39,17565
39,17586
39,17594
39,17600
39,17603
39,17606
39,17633
39,17645
39,17661
39,17663
39,17689
39,17694
39,17698
39,17709
39,17726
39,17749
39,17750
39,17776
39,17780
39,17783
39,17790
39,17796
39,17801
39,17804
39,17816
39,17832
39,17868
39,17894
39,17898
39,17921
39,17949
39,17961
39,17980
39,17984
39,17985
39,17997
39,17998
39,18002
39,18003
39,18012
39,18013
39,18029
39,18049
39,18052
39,18053
39,18071
39,18081
39,18124
39,18127
39,18155
39,18197
39,18227
39,18228
39,18229
39,18231
39,18274
39,18284
39,18325
39,18330
39,18333
39,18348
39,18386
39,18390
39,18402
39,18409
39,18457
39,18483
39,18524
39,18526
39,18531
39,18567
39,18570
39,18586
39,18615
39,18625
39,18627
39,18652
39,18681
39,18684
39,18688
39,18690
39,18702
39,18713
39,18726
39,18729
39,18766
39,18815
39,18824
39,18825
39,18838
39,18843
39,18850
39,18856
39,18869
39,18876
39,18918
39,18926
39,18939
39,18942
39,18980
39,18993
39,19021
39,19074
39,19102
39,19119
39,19141
39,19157
39,19159
39,19179
39,19192
39,19193
39,19194
39,19219
39,19283
39,19298
39,19314
39,19340
39,19342
39,19376
39,19394
39,19406
39,19410
39,19425
39,19459
39,19467
39,19474
39,19535
39,19571
39,19595
39,19621
39,19652
39,19666
39,19668
39,19676
39,19679
39,19723
39,19727
39,19738
39,19779
39,19804
39,19819
39,19828
39,19844
39,19856
39,19899
39,19922
39,19924
39,19928
39,19945
39,19950
39,19982
39,19995
39,19999
39,20002
39,20036
39,20080
39,20086
39,20087
39,20100
39,20103
39,20110
39,20123
39,20126
39,20149
39,20153
39,20160
39,20165
39,20170
39,20171
39,20185
39,20195
39,20215
39,20240
39,20255
39,20260
39,20285
39,20311
39,20313
39,20327
39,20344
39,20381
39,20385
39,20396
39,20411
39,20429
39,20430
39,20438
39,20442
39,20462
39,20468
39,20522
39,20535
39,20558
39,20572
39,20587
39,20640
39,20679
39,20745
39,20763
39,20777
39,20795
39,20822
39,20829
39,20831
39,20895
39,20898
39,20926
39,20936
39,20959
39,20992
39,21007
39,21039
39,21043
39,21078
39,21098
39,21108
39,21114
39,21152
39,21156
39,21163
39,21170
39,21177
39,21184
39,21185
39,21191
39,21223
39,21228
39,21230
39,21246
39,21269
39,21275
39,21320
39,21323
39,21346
39,21374
39,21376
39,21386
39,21404
39,21416
39,21417
39,21429
39,21441
39,21447
39,21450
39,21459
39,21465
39,21466
39,21497
39,21503
39,21524
39,21555
39,21578
39,21581
39,21590
39,21629
39,21639
39,21650
39,21684
39,21690
39,21770
39,21774
39,21785
39,21786
39,21837
39,21872
39,21880
39,21884
39,21887
39,21889
39,21904
39,21916
39,21965
39,21983
39,21994
39,22005
39,22016
39,22035
39,22039
39,22071
39,22078
39,22082
39,22084
39,22096
39,22098
39,22104
39,22121
39,22163
39,22167
39,22185
39,22193
39,22216
39,22224
39,22263
39,22349
39,22372
39,22373
39,22418
39,22428
39,22435
39,22452
39,22480
39,22515
39,22542
39,22580
39,22587
39,22596
39,22598
39,22677
39,22702
39,22703
39,22711
39,22715
39,22728
39,22754
39,22759
39,22764
39,22772
39,22816
39,22821
39,22837
39,22838
39,22839
39,22866
39,22872
39,22894
39,22919
39,22940
39,22944
39,22957
39,22961
39,22969
39,22974
39,23002
39,23008
39,23010
39,23049
39,23102
39,23104
39,23120
39,23131
39,23196
39,23217
39,23250
39,23253
39,23254
39,23273
39,23316
39,23321
39,23330
39,23332
39,23344
39,23368
39,23377
39,23393
39,23412
39,23442
39,23454
39,23469
39,23478
39,23489
39,23494
39,23500
39,23510
39,23512
39,23513
39,23518
39,23527
39,23528
39,23574
39,23578
39,23583
39,23595
39,23620
39,23648
39,23662
39,23716
39,23741
39,23761
39,23763
39,23781
39,23794
39,23811
39,23861
39,23870
39,23881
39,23904
39,23908
39,23910
39,23930
39,23985
39,24020
39,24031
39,24034
39,24036
39,24043
39,24049
39,24055
39,24100
39,24103
39,24110
39,24123
39,24134
39,24140
39,24155
39,24200
39,24243
39,24269
39,24332
39,24334
39,24335
39,24336
39,24351
39,24375
39,24411
39,24417
39,24438
39,24446
39,24452
39,24473
39,24474
39,24479
39,24481
39,24484
39,24486
39,24500
39,24535
39,24536
39,24537
39,24543
39,24547
39,24549
39,24561
39,24589
39,24602
39,24606
39,24642
39,24651
39,24660
39,24662
39,24666
39,24688
39,24713
39,24719
39,24721
39,24756
39,24770
39,24881
39,24886
39,24906
39,24946
39,24978
39,25010
39,25015
39,25020
39,25039
39,25056
39,25060
39,25075
39,25096
39,25161
39,25164
39,25189
39,25207
39,25229
39,25236
39,25238
39,25260
39,25261
39,25304
39,25309
39,25328
39,25337
39,25365
39,25372
39,25426
39,25429
39,25441
39,25445
39,25447
39,25457
39,25489
39,25491
39,25500
39,25501
39,25518
39,25550
39,25555
39,25563
39,25575
39,25589
39,25591
39,25607
39,25609
39,25640
39,25642
39,25681
39,25682
39,25691
39,25755
39,25756
39,25774
39,25776
39,25781
39,25785
39,25796
39,25810
39,25841
39,25844
39,25852
39,25918
39,25926
39,25928
39,25942
39,25961
39,25993
39,26036
39,26054
39,26057
39,26077
39,26097
39,26131
39,26134
39,26168
39,26244
39,26258
39,26269
39,26278
39,26280
39,26295
39,26321
39,26330
39,26363
39,26368
39,26383
39,26389
39,26394
39,26397
39,26399
39,26426
39,26458
39,26487
39,26523
39,26602
39,26624
39,26643
39,26713
39,26716
39,26743
39,26755
39,26789
39,26790
39,26796
39,26857
39,26869
39,26885
39,26891
39,26901
39,26905
39,26925
39,26972
39,26975
39,26980
39,26984
39,27013
39,27015
39,27024
39,27046
39,27097
39,27110
39,27153
39,27164
39,27172
39,27185
39,27190
39,27208
39,27269
39,27276
39,27309
39,27336
39,27348
39,27352
39,27373
39,27398
39,27429
39,27447
39,27485
39,27532
39,27564
39,27587
39,27601
39,27603
39,27612
39,27645
39,27657
39,27696
39,27747
39,27751
39,27777
39,27778
39,27786
39,27790
39,27795
39,27814
39,27832
39,27840
39,27855
39,27875
39,27925
39,27933
39,27956
39,27959
39,27968
39,28038
39,28039
39,28061
39,28113
39,28119
39,28125
39,28128
39,28184
39,28208
39,28214
39,28223
39,28272
39,28280
39,28288
39,28303
39,28319
39,28351
39,28377
39,28387
39,28415
39,28422
39,28439
39,28442
39,28447
39,28482
39,28485
39,28497
39,28529
39,28543
39,28545
39,28560
39,28585
39,28600
39,28607
39,28618
39,28621
39,28630
39,28656
39,28678
39,28682
39,28703
39,28711
39,28712
39,28719
39,28729
39,28732
39,28750
39,28762
39,28774
39,28802
39,28812
39,28814
39,28822
39,28831
39,28866
39,28929
39,28956
39,28958
39,28961
39,28975
39,28981
39,29009
39,29058
39,29075
39,29100
39,29113
39,29127
39,29160
39,29161
39,29184
39,29190
39,29191
39,29224
39,29280
39,29296
39,29299
39,29313
39,29333
39,29337
39,29352
39,29355
39,29374
39,29377
39,29385
39,29386
39,29391
39,29392
39,29398
39,29424
39,29456
39,29494
39,29500
39,29523
39,29544
39,29553
40,17
40,25
40,58
40,59
40,75
40,79
40,83
40,86
40,123
40,158
40,175
40,205
40,232
40,238
40,239
40,256
40,259
40,262
40,268
40,281
40,293
40,295
40,297
40,323
40,327
40,331
40,379
40,390
40,391
40,398
40,406
40,425
40,431
40,448
40,449
40,497
40,503
40,511
40,555
40,575
40,594
40,596
40,604
40,614
40,622
40,664
40,683
40,717
40,736
40,740
40,760
40,765
40,776
40,816
40,818
40,851
40,855
40,862
40,876
40,879
40,883
40,892
40,897
40,903
40,928
40,956
40,960
40,1011
40,1061
40,1064
40,1101
40,1121
40,1124
40,1131
40,1167
40,1169
40,1181
40,1183
40,1194
40,1219
40,1249
40,1251
40,1252
40,1283
40,1288
40,1290
40,1320
40,1328
40,1332
40,1350
40,1353
40,1379
40,1386
40,1406
40,1410
40,1431
40,1437
40,1446
40,1502
40,1509
40,1513
40,1522
40,1561
40,1589
40,1625
40,1626
40,1707
40,1766
40,1785
40,1794
40,1797
40,1799
40,1831
40,1836
40,1840
40,1863
40,1865
40,1877
40,1894
40,1935
40,1978
40,1989
40,2014
40,2016
40,2055
40,2064
40,2066
40,2090
40,2093
40,2110
40,2114
40,2117
40,2140
40,2171
40,2223
40,2285
40,2292
40,2332
40,2333
40,2408
40,2420
40,2430
40,2436
40,2440
40,2447
40,2455
40,2510
40,2537
40,2539
40,2550
40,2552
40,2575
40,2584
40,2597
40,2599
40,2610
40,2625
40,2660
40,2685
40,2703
40,2714
40,2724
40,2741
40,2743
40,2765
40,2767
40,2774
40,2775
40,2780
40,2804
40,2831
40,2840
40,2844
40,2848
40,2853
40,2874
40,2879
40,2906
40,2918
40,2931
40,2949
40,2979
40,2980
40,2990
40,2998
40,3014
40,3040
40,3081
40,3088
40,3099
40,3103
40,3115
40,3116
40,3160
40,3192
40,3208
40,3212
40,3246
40,3248
40,3251
40,3253
40,3263
40,3265
40,3298
40,3326
40,3335
40,3376
40,3377
40,3395
40,3397
40,3401
40,3406
40,3413
40,3426
40,3443
40,3457
40,3462
40,3483
40,3487
40,3502
40,3509
40,3528
40,3530
40,3531
40,3546
40,3558
40,3623
40,3644
40,3652
40,3660
40,3684
40,3712
40,3738
40,3740
40,3747
40,3756
40,3764
40,3820
40,3837
40,3862
40,3901
40,3906
40,3933
40,3935
40,3954
40,3977
40,4072
40,4077
40,4081
40,4082
40,4122
40,4143
40,4213
40,4217
40,4281
40,4305
40,4316
40,4322
40,4346
40,4347
40,4353
40,4369
40,4386
40,4400
40,4404
40,4409
40,4442
40,4449
40,4468
40,4481
40,4483
40,4499
40,4503
40,4512
40,4516
40,4520
40,4529
40,4534
40,4536
40,4544
40,4561
40,4569
40,4573
40,4577
40,4580
40,4644
40,4681
40,4692
40,4695
40,4707
40,4722
40,4731
40,4748
40,4768
40,4778
40,4779
40,4785
40,4787
40,4788
40,4789
40,4796
40,4816
40,4817
40,4858
40,4868
40,4877
40,4885
40,4926
40,4929
40,4934
40,4956
40,4967
40,4971
40,4980
40,5003
40,5011
40,5021
40,5024
40,5032
40,5046
40,5055
40,5084
40,5136
40,5150
40,5161
40,5166
40,5240
40,5368
40,5370
40,5375
40,5378
40,5380
40,5389
40,5428
40,5438
40,5440
40,5455
40,5489
40,5498
40,5499
40,5515
40,5521
40,5523
40,5532
40,5536
40,5541
40,5553
40,5585
40,5603
40,5604
40,5628
40,5678
40,5692
40,5701
40,5761
40,5782
40,5783
40,5785
40,5834
40,5857
40,5864
40,5872
40,5877
40,5885
40,5891
40,5893
40,5901
40,5923
40,5941
40,5943
40,5964
40,5970
40,6008
40,6047
40,6087
40,6092
40,6106
40,6152
40,6166
40,6169
40,6178
40,6181
40,6200
40,6206
40,6207
40,6230
40,6256
40,6263
40,6269
40,6303
40,6315
40,6346
40,6366
40,6377
40,6395
40,6403
40,6406
40,6414
40,6415
40,6420
40,6430
40,6486
40,6544
40,6549
40,6550
40,6558
40,6559
40,6570
40,6595
40,6600
40,6630
40,6633
40,6637
40,6646
40,6651
40,6660
40,6666
40,6684
40,6707
40,6725
40,6726
40,6729
40,6732
40,6743
40,6777
40,6790
40,6797
40,6800
40,6810
40,6820
40,6852
40,6862
40,6868
40,6913
40,6919
40,6945
40,6963
40,6978
40,7011
40,7032
40,7036
40,7042
40,7085
40,7090
40,7110
40,7193
40,7196
40,7211
40,7246
40,7259
40,7265
40,7270
40,7274
40,7275
40,7284
40,7289
40,7302
40,7304
40,7317
40,7325
40,7330
40,7331
40,7355
40,7363
40,7402
40,7406
40,7411
40,7414
40,7443
40,7457
40,7459
40,7461
40,7471
40,7493
40,7502
40,7515
40,7516
40,7525
40,7528
40,7535
40,7553
40,7562
40,7575
40,7579
40,7596
40,7605
40,7619
40,7632
40,7637
40,7653
40,7661
40,7673
40,7693
40,7697
40,7699
40,7715
40,7723
40,7727
40,7732
40,7750
40,7799
40,7818
40,7820
40,7822
40,7828
40,7829
40,7837
40,7873
40,7901
40,7928
40,7944
40,7968
40,7971
40,7994
40,7998
40,8021
40,8035
40,8038
40,8045
40,8052
40,8075
40,8117
40,8123
40,8124
40,8137
40,8192
40,8217
40,8220
40,8226
40,8230
40,8231
40,8263
40,8276
40,8279
40,8304
40,8309
40,8329
40,8332
40,8355
40,8361
40,8363
40,8364
40,8382
40,8391
40,8409
40,8422
40,8432
40,8433
40,8440
40,8476
40,8519
40,8585
40,8633
40,8660
40,8661
40,8670
40,8679
40,8705
40,8710
40,8716
40,8722
40,8724
40,8758
40,8788
40,8820
40,8823
40,8826
40,8832
40,8845
40,8869
40,8877
40,8878
40,8893
40,8916
40,8968
40,8997
40,9007
40,9011
40,9013
40,9033
40,9035
40,9037
40,9050
40,9051
40,9052
40,9073
40,9083
40,9086
40,9109
40,9149
40,9155
40,9187
40,9192
40,9200
40,9234
40,9267
40,9272
40,9274
40,9278
40,9281
40,9304
40,9326
40,9329
40,9345
40,9415
40,9421
40,9423
40,9510
40,9520
40,9533
40,9545
40,9564
40,9581
40,9588
40,9592
40,9599
40,9615
40,9616
40,9629
40,9636
40,9659
40,9680
40,9734
40,9738
40,9739
40,9741
40,9775
40,9802
40,9809
40,9815
40,9817
40,9836
40,9886
40,9924
40,9931
40,9941
40,9944
40,9972
40,10001
40,10072
40,10100
40,10104
40,10115
40,10120
40,10133
40,10135
40,10143
40,10163
40,10218
40,10236
40,10250
40,10256
40,10258
40,10262
40,10298
40,10303
40,10320
40,10333
40,10350
40,10356
40,10374
40,10388
40,10437
40,10440
40,10450
40,10453
40,10459
40,10486
40,10497
40,10516
40,10531
40,10541
40,10561
40,10593
40,10619
40,10671
40,10681
40,10692
40,10702
40,10706
40,10721
40,10760
40,10761
40,10782
40,10802
40,10807
40,10825
40,10827
40,10849
40,10861
40,10872
40,10874
40,10884
40,10894
40,10910
40,10947
40,11011
40,11018
40,11027
40,11031
40,11049
40,11084
40,11089
40,11092
40,11097
40,11111
40,11112
40,11128
40,11132
40,11134
40,11137
40,11139
40,11145
40,11173
40,11180
40,11193
40,11206
40,11207
40,11208
40,11217
40,11262
40,11276
40,11292
40,11297
40,11313
40,11343
40,11392
40,11396
40,11429
40,11489
40,11503
40,11507
40,11511
40,11540
40,11552
40,11567
40,11582
40,11590
40,11625
40,11626
40,11630
40,11633
40,11654
40,11670
40,11692
40,11708
40,11711
40,11717
40,11744
40,11756
40,11763
40,11807
40,11816
40,11879
40,11884
40,11915
40,11918
40,11929
40,11930
40,11941
40,11950
40,11953
40,11959
40,11963
40,11964
40,12004
40,12013
40,12033
40,12042
40,12064
40,12065
40,12080
40,12083
40,12117
40,12134
40,12152
40,12153
40,12154
40,12160
40,12178
40,12194
40,12195
40,12197
40,12199
40,12204
40,12215
40,12219
40,12226
40,12241
40,12244
40,12268
40,12320
40,12323
40,12331
40,12344
40,12362
40,12365
40,12407
40,12416
40,12443
40,12450
40,12458
40,12508
40,12538
40,12546
40,12561
40,12571
40,12577
40,12578
40,12586
40,12610
40,12615
40,12637
40,12638
40,12643
40,12647
40,12670
40,12682
40,12713
40,12755
40,12765
40,12774
40,12802
40,12805
40,12813
40,12830
40,12851
40,12853
40,12885
40,12886
40,12889
40,12917
40,12928
40,12954
40,12981
40,12986
40,13014
40,13027
40,13032
40,13034
40,13039
40,13040
40,13045
40,13060
40,13094
40,13110
40,13115
40,13132
40,13136
40,13148
40,13198
40,13241
40,13243
40,13247
40,13249
40,13253
40,13292
40,13296
40,13318
40,13327
40,13328
40,13329
40,13344
40,13348
40,13368
40,13421
40,13424
40,13425
40,13431
40,13435
40,13436
40,13476
40,13482
40,13496
40,13502
40,13508
40,13518
40,13531
40,13553
40,13555
40,13565
40,13569
40,13621
40,13622
40,13625
40,13636
40,13655
40,13671
40,13711
40,13765
40,13781
40,13790
40,13797
40,13812
40,13816
40,13831
40,13833
40,13866
40,13869
40,13879
40,13903
40,13909
40,13916
40,13926
40,13930
40,13954
40,13968
40,14000
40,14025
40,14028
40,14033
40,14054
40,14060
40,14141
40,14143
40,14161
40,14186
40,14197
40,14202
40,14225
40,14233
40,14250
40,14269
40,14271
40,14285
40,14288
40,14296
40,14327
40,14337
40,14358
40,14372
40,14398
40,14427
40,14431
40,14433
40,14441
40,14478
40,14484
40,14498
40,14531
40,14544
40,14546
40,14567
40,14640
40,14642
40,14647
40,14684
40,14698
40,14701
40,14758
40,14774
40,14791
40,14795
40,14878
40,14897
40,14962
40,14966
40,14999
40,15061
40,15072
40,15089
40,15095
40,15130
40,15134
40,15168
40,15213
40,15273
40,15284
40,15295
40,15299
40,15326
40,15334
40,15338
40,15341
40,15362
40,15368
40,15383
40,15385
40,15387
40,15447
40,15466
40,15468
40,15476
40,15482
40,15490
40,15496
40,15498
40,15516
40,15520
40,15549
40,15564
40,15573
40,15579
40,15588
40,15618
40,15643
40,15648
40,15650
40,15673
40,15676
40,15685
40,15737
40,15738
40,15741
40,15751
40,15773
40,15779
40,15781
40,15802
40,15877
40,15892
40,15921
40,15953
40,15956
40,15984
40,15998
40,16012
40,16022
40,16033
40,16044
40,16061
40,16094
40,16116
40,16120
40,16122
40,16128
40,16165
40,16166
40,16199
40,16201
40,16258
40,16265
40,16267
40,16273
40,16296
40,16329
40,16352
40,16364
40,16376
40,16387
40,16389
40,16391
40,16415
40,16416
40,16436
40,16452
40,16508
40,16529
40,16544
40,16546
40,16559
40,16566
40,16581
40,16593
40,16600
40,16629
40,16636
40,16656
40,16682
40,16683
40,16704
40,16735
40,16760
40,16770
40,16792
40,16794
40,16798
40,16816
40,16841
40,16855
40,16856
40,16901
40,16909
40,16912
40,16916
40,16924
40,16937
40,16942
40,16950
40,16978
40,17024
40,17040
40,17123
40,17125
40,17134
40,17145
40,17148
40,17168
40,17178
40,17191
40,17200
40,17224
40,17225
40,17240
40,17263
40,17273
40,17312
40,17335
40,17336
40,17344
40,17351
40,17367
40,17368
40,17397
40,17478
40,17484
40,17527
40,17528
40,17549
40,17566
40,17574
40,17580
40,17591
40,17601
40,17618
40,17645
40,17652
40,17663
40,17664
40,17693
40,17701
40,17714
40,17718
40,17730
40,17804
40,17806
40,17809
40,17820
40,17821
40,17828
40,17858
40,17861
40,17863
40,17885
40,17892
40,17917
40,17918
40,17937
40,17941
40,17948
40,17961
40,17970
40,17972
40,17974
40,17988
40,18003
40,18035
40,18063
40,18071
40,18094
40,18097
40,18099
40,18102
40,18122
40,18134
40,18150
40,18159
40,18164
40,18174
40,18185
40,18194
40,18198
40,18204
40,18205
40,18207
40,18246
40,18256
40,18282
40,18309
40,18339
40,18361
40,18365
40,18396
40,18406
40,18420
40,18444
40,18448
40,18449
40,18459
40,18476
40,18478
40,18481
40,18494
40,18512
40,18549
40,18551
40,18566
40,18572
40,18573
40,18576
40,18601
40,18610
40,18620
40,18636
40,18649
40,18652
40,18660
40,18670
40,18681
40,18700
40,18711
40,18720
40,18741
40,18746
40,18795
40,18812
40,18813
40,18832
40,18836
40,18838
40,18845
40,18862
40,18864
40,18875
40,18884
40,18933
40,18953
40,18956
40,18967
40,18986
40,18990
40,18994
40,19008
40,19010
40,19018
40,19024
40,19080
40,19102
40,19104
40,19143
40,19146
40,19160
40,19188
40,19213
40,19241
40,19245
40,19254
40,19345
40,19359
40,19369
40,19377
40,19436
40,19440
40,19443
40,19472
40,19489
40,19493
40,19527
40,19539
40,19540
40,19556
40,19581
40,19595
40,19617
40,19627
40,19628
40,19630
40,19633
40,19669
40,19679
40,19704
40,19707
40,19711
40,19733
40,19743
40,19748
40,19752
40,19761
40,19769
40,19773
40,19782
40,19787
40,19791
40,19804
40,19805
40,19807
40,19819
40,19827
40,19835
40,19850
40,19851
40,19852
40,19878
40,19902
40,19925
40,19965
40,19972
40,19977
40,19997
40,20002
40,20003
40,20005
40,20041
40,20048
40,20051
40,20062
40,20075
40,20092
40,20113
40,20125
40,20126
40,20130
40,20136
40,20164
40,20169
40,20186
40,20188
40,20204
40,20215
40,20219
40,20239
40,20240
40,20255
40,20256
40,20293
40,20296
40,20299
40,20311
40,20335
40,20402
40,20431
40,20432
40,20462
40,20463
40,20470
40,20475
40,20510
40,20577
40,20580
40,20599
40,20608
40,20624
40,20636
40,20658
40,20672
40,20678
40,20683
40,20711
40,20713
40,20743
40,20747
40,20769
40,20783
40,20796
40,20810
40,20821
40,20828
40,20838
40,20854
40,20903
40,20905
40,20913
40,20915
40,20934
40,20939
40,20946
40,20953
40,20972
40,20981
40,20984
40,20994
40,21031
40,21058
40,21097
40,21100
40,21148
40,21189
40,21218
40,21221
40,21236
40,21257
40,21277
40,21280
40,21283
40,21287
40,21324
40,21331
40,21341
40,21388
40,21406
40,21426
40,21455
40,21468
40,21472
40,21482
40,21507
40,21508
40,21512
40,21527
40,21533
40,21569
40,21581
40,21582
40,21591
40,21602
40,21612
40,21671
40,21700
40,21707
40,21714
40,21765
40,21783
40,21788
40,21821
40,21827
40,21829
40,21866
40,21882
40,21900
40,21907
40,21911
40,21913
40,21916
40,21924
40,21942
40,21963
40,21966
40,21972
40,21979
40,21993
40,22006
40,22017
40,22024
40,22026
40,22046
40,22064
40,22071
40,22072
40,22079
40,22091
40,22117
40,22171
40,22189
40,22206
40,22217
40,22224
40,22227
40,22245
40,22260
40,22272
40,22279
40,22281
40,22301
40,22304
40,22312
40,22403
40,22413
40,22418
40,22453
40,22460
40,22468
40,22469
40,22475
40,22476
40,22493
40,22512
40,22535
40,22538
40,22539
40,22576
40,22581
40,22609
40,22646
40,22670
40,22672
40,22686
40,22711
40,22748
40,22772
40,22781
40,22804
40,22815
40,22834
40,22839
40,22845
40,22863
40,22876
40,22900
40,22922
40,22924
40,22935
40,22952
40,23013
40,23026
40,23044
40,23069
40,23081
40,23083
40,23110
40,23124
40,23139
40,23168
40,23178
40,23189
40,23192
40,23221
40,23292
40,23298
40,23326
40,23338
40,23371
40,23414
40,23421
40,23423
40,23427
40,23435
40,23443
40,23453
40,23459
40,23466
40,23479
40,23482
40,23536
40,23543
40,23549
40,23572
40,23583
40,23590
40,23593
40,23594
40,23607
40,23614
40,23624
40,23638
40,23641
40,23653
40,23656
40,23665
40,23667
40,23710
40,23733
40,23740
40,23748
40,23797
40,23802
40,23827
40,23828
40,23830
40,23833
40,23850
40,23860
40,23920
40,23929
40,23941
40,23953
40,23980
40,23999
40,24006
40,24045
40,24048
40,24059
40,24077
40,24093
40,24106
40,24137
40,24140
40,24148
40,24161
40,24166
40,24186
40,24199
40,24206
40,24220
40,24234
40,24250
40,24277
40,24287
40,24290
40,24300
40,24318
40,24331
40,24345
40,24346
40,24375
40,24393
40,24425
40,24452
40,24474
40,24482
40,24505
40,24537
40,24549
40,24556
40,24559
40,24562
40,24579
40,24647
40,24654
40,24677
40,24679
40,24684
40,24704
40,24734
40,24797
40,24798
40,24827
40,24834
40,24836
40,24843
40,24879
40,24893
40,24897
40,24920
40,24952
40,25021
40,25030
40,25031
40,25043
40,25047
40,25076
40,25092
40,25098
40,25108
40,25125
40,25159
40,25161
40,25177
40,25181
40,25182
40,25210
40,25233
40,25248
40,25249
40,25269
40,25281
40,25299
40,25307
40,25329
40,25333
40,25339
40,25340
40,25343
40,25356
40,25357
40,25363
40,25370
40,25376
40,25389
40,25410
40,25418
40,25430
40,25434
40,25437
40,25454
40,25461
40,25466
40,25467
40,25487
40,25530
40,25533
40,25542
40,25545
40,25549
40,25560
40,25596
40,25646
40,25650
40,25673
40,25699
40,25713
40,25737
40,25749
40,25755
40,25764
40,25765
40,25782
40,25792
40,25796
40,25807
40,25812
40,25832
40,25837
40,25882
40,25885
40,25893
40,25894
40,25945
40,25962
40,26027
40,26059
40,26077
40,26091
40,26099
40,26116
40,26148
40,26177
40,26179
40,26181
40,26209
40,26249
40,26252
40,26261
40,26262
40,26267
40,26278
40,26280
40,26281
40,26288
40,26317
40,26344
40,26369
40,26372
40,26390
40,26395
40,26397
40,26417
40,26423
40,26426
40,26429
40,26446
40,26448
40,26462
40,26471
40,26507
40,26514
40,26531
40,26534
40,26546
40,26557
40,26570
40,26591
40,26609
40,26612
40,26627
40,26648
40,26655
40,26675
40,26681
40,26685
40,26688
40,26691
40,26706
40,26711
40,26712
40,26731
40,26746
40,26749
40,26768
40,26779
40,26791
40,26838
40,26856
40,26937
40,26940
40,26960
40,26965
40,26970
40,26984
40,26992
40,27004
40,27014
40,27035
40,27049
40,27069
40,27085
40,27108
40,27122
40,27124
40,27135
40,27140
40,27145
40,27148
40,27150
40,27176
40,27184
40,27190
40,27192
40,27239
40,27332
40,27334
40,27362
40,27373
40,27389
40,27391
40,27395
40,27396
40,27399
40,27410
40,27418
40,27419
40,27430
40,27473
40,27488
40,27494
40,27497
40,27510
40,27517
40,27520
40,27550
40,27553
40,27592
40,27604
40,27608
40,27624
40,27657
40,27685
40,27709
40,27728
40,27775
40,27793
40,27810
40,27824
40,27825
40,27829
40,27830
40,27857
40,27869
40,27878
40,27899
40,27914
40,27939
40,27967
40,27998
40,28005
40,28015
40,28040
40,28045
40,28047
40,28066
40,28103
40,28115
40,28122
40,28135
40,28136
40,28142
40,28167
40,28185
40,28192
40,28213
40,28222
40,28232
40,28235
40,28244
40,28253
40,28291
40,28318
40,28339
40,28343
40,28346
40,28369
40,28373
40,28376
40,28389
40,28398
40,28423
40,28430
40,28437
40,28443
40,28445
40,28451
40,28488
40,28513
40,28516
40,28524
40,28533
40,28535
40,28538
40,28542
40,28553
40,28568
40,28588
40,28595
40,28612
40,28621
40,28664
40,28703
40,28714
40,28764
40,28767
40,28773
40,28795
40,28829
40,28832
40,28857
40,28873
40,28901
40,28928
40,28955
40,28965
40,29029
40,29055
40,29061
40,29066
40,29067
40,29068
40,29070
40,29077
40,29140
40,29145
40,29155
40,29156
40,29170
40,29225
40,29241
40,29246
40,29311
40,29316
40,29317
40,29328
40,29334
40,29351
40,29380
40,29388
40,29420
40,29440
40,29450
40,29502
40,29531
41,42
41,48
41,92
41,98
41,127
41,138
41,150
41,151
41,158
41,162
41,171
41,172
41,213
41,215
41,217
41,218
41,279
41,285
41,295
41,299
41,306
41,330
41,331
41,334
41,365
41,383
41,387
41,390
41,392
41,412
41,431
41,484
41,499
41,520
41,606
41,663
41,680
41,710
41,716
41,724
41,787
41,793
41,796
41,827
41,855
41,856
41,865
41,869
41,879
41,913
41,943
41,947
41,967
41,973
41,1001
41,1026
41,1064
41,1114
41,1129
41,1132
41,1159
41,1163
41,1169
41,1180
41,1188
41,1199
41,1218
41,1219
41,1225
41,1230
41,1241
41,1243
41,1270
41,1290
41,1298
41,1306
41,1314
41,1316
41,1323
41,1352
41,1389
41,1401
41,1429
41,1482
41,1488
41,1495
41,1496
41,1498
41,1516
41,1573
41,1590
41,1613
41,1641
41,1647
41,1654
41,1656
41,1710
41,1733
41,1766
41,1777
41,1794
41,1804
41,1821
41,1822
41,1845
41,1856
41,1875
41,1880
41,1889
41,1895
41,1917
41,1924
41,1930
41,1940
41,1950
41,1957
41,1968
41,1974
41,1997
41,2017
41,2059
41,2092
41,2096
41,2098
41,2107
41,2118
41,2120
41,2127
41,2144
41,2150
41,2177
41,2180
41,2196
41,2206
41,2231
41,2243
41,2268
41,2275
41,2284
41,2288
41,2307
41,2313
41,2331
41,2347
41,2376
41,2401
41,2411
41,2448
41,2474
41,2478
41,2479
41,2484
41,2485
41,2502
41,2504
41,2506
41,2562
41,2580
41,2601
41,2602
41,2614
41,2632
41,2635
41,2659
41,2672
41,2708
41,2716
41,2752
41,2766
41,2771
41,2780
41,2812
41,2815
41,2847
41,2855
41,2857
41,2864
41,2865
41,2894
41,2900
41,2981
41,2984
41,3008
41,3032
41,3034
41,3080
41,3109
41,3125
41,3131
41,3151
41,3174
41,3229
41,3238
41,3245
41,3264
41,3274
41,3276
41,3282
41,3301
41,3327
41,3328
41,3339
41,3347
41,3359
41,3366
41,3396
41,3409
41,3418
41,3420
41,3433
41,3448
41,3452
41,3462
41,3473
41,3479
41,3489
41,3518
41,3545
41,3546
41,3551
41,3555
41,3557
41,3603
41,3635
41,3636
41,3665
41,3669
41,3686
41,3724
41,3728
41,3750
41,3753
41,3790
41,3800
41,3808
41,3825
41,3835
41,3907
41,3914
41,3935
41,3941
41,3950
41,3977
41,3990
41,3997
41,3999
41,4039
41,4051
41,4058
41,4070
41,4073
41,4078
41,4080
41,4081
41,4090
41,4100
41,4102
41,4125
41,4134
41,4165
41,4181
41,4185
41,4192
41,4193
41,4196
41,4201
41,4231
41,4278
41,4281
41,4295
41,4307
41,4327
41,4339
41,4341
41,4345
41,4356
41,4409
41,4420
41,4423
41,4451
41,4486
41,4504
41,4522
41,4545
41,4561
41,4564
41,4573
41,4592
41,4638
41,4648
41,4680
41,4688
41,4692
41,4730
41,4734
41,4773
41,4775
41,4829
41,4858
41,4865
41,4880
41,4918
41,4933
41,4947
41,4955
41,4965
41,4966
41,4990
41,4995
41,5012
41,5018
41,5067
41,5140
41,5154
41,5166
41,5173
41,5201
41,5207
41,5215
41,5217
41,5300
41,5314
41,5317
41,5320
41,5364
41,5371
41,5423
41,5478
41,5489
41,5531
41,5543
41,5571
41,5608
41,5624
41,5699
41,5734
41,5745
41,5757
41,5806
41,5813
41,5843
41,5868
41,5880
41,5890
41,5893
41,5908
41,5913
41,5940
41,5950
41,5961
41,5975
41,5987
41,5989
41,6012
41,6025
41,6039
41,6042
41,6075
41,6080
41,6134
41,6136
41,6160
41,6161
41,6206
41,6248
41,6250
41,6251
41,6254
41,6267
41,6271
41,6284
41,6305
41,6315
41,6369
41,6379
41,6383
41,6412
41,6429
41,6487
41,6496
41,6500
41,6513
41,6516
41,6518
41,6564
41,6587
41,6603
41,6604
41,6653
41,6666
41,6672
41,6675
41,6678
41,6695
41,6698
41,6720
41,6762
41,6821
41,6842
41,6848
41,6849
41,6853
41,6857
41,6860
41,6861
41,6870
41,6875
41,6887
41,6897
41,6913
41,6926
41,6939
41,6979
41,6980
41,6989
41,7002
41,7022
41,7028
41,7055
41,7060
41,7082
41,7085
41,7088
41,7096
41,7109
41,7118
41,7120
41,7148
41,7177
41,7181
41,7184
41,7225
41,7239
41,7276
41,7292
41,7295
41,7328
41,7331
41,7344
41,7370
41,7373
41,7379
41,7402
41,7408
41,7410
41,7431
41,7446
41,7454
41,7460
41,7461
41,7500
41,7510
41,7549
41,7571
41,7575
41,7587
41,7622
41,7634
41,7640
41,7653
41,7664
41,7677
41,7681
41,7686
41,7700
41,7713
41,7724
41,7734
41,7747
41,7760
41,7762
41,7821
41,7826
41,7832
41,7841
41,7856
41,7892
41,7913
41,7939
41,7953
41,7962
41,7971
41,7982
41,8007
41,8011
41,8032
41,8067
41,8070
41,8093
41,8119
41,8120
41,8135
41,8142
41,8177
41,8186
41,8265
41,8281
41,8283
41,8286
41,8332
41,8348
41,8434
41,8452
41,8458
41,8480
41,8484
41,8544
41,8573
41,8577
41,8590
41,8641
41,8684
41,8686
41,8690
41,8694
41,8699
41,8702
41,8725
41,8739
41,8749
41,8773
41,8776
41,8792
41,8802
41,8804
41,8808
41,8820
41,8829
41,8831
41,8846
41,8850
41,8867
41,8868
41,8880
41,8885
41,8903
41,8911
41,8919
41,8942
41,8962
41,8971
41,8974
41,8977
41,8995
41,8999
41,9038
41,9063
41,9073
41,9094
41,9106
41,9108
41,9144
41,9166
41,9206
41,9207
41,9215
41,9259
41,9273
41,9281
41,9287
41,9291
41,9306
41,9311
41,9317
41,9321
41,9339
41,9343
41,9351
41,9361
41,9377
41,9380
41,9398
41,9420
41,9423
41,9440
41,9464
41,9466
41,9477
41,9483
41,9529
41,9538
41,9544
41,9555
41,9568
41,9589
41,9625
41,9628
41,9652
41,9657
41,9673
41,9678
41,9680
41,9682
41,9727
41,9729
41,9736
41,9745
41,9779
41,9820
41,9863
41,9887
41,9917
41,9934
41,9940
41,9950
41,9954
41,10006
41,10016
41,10046
41,10058
41,10073
41,10074
41,10097
41,10106
41,10131
41,10134
41,10157
41,10188
41,10203
41,10220
41,10226
41,10240
41,10243
41,10259
41,10262
41,10291
41,10326
41,10336
41,10340
41,10376
41,10381
41,10384
41,10390
41,10402
41,10405
41,10421
41,10424
41,10450
41,10452
41,10459
41,10460
41,10508
41,10512
41,10514
41,10532
41,10547
41,10556
41,10572
41,10579
41,10610
41,10620
41,10622
41,10663
41,10725
41,10732
41,10733
41,10741
41,10777
41,10779
41,10799
41,10800
41,10801
41,10808
41,10813
41,10817
41,10870
41,10875
41,10878
41,10907
41,10920
41,10922
41,10924
41,10940
41,10951
41,10967
41,10970
41,10971
41,10973
41,10991
41,11010
41,11012
41,11035
41,11056
41,11062
41,11068
41,11072
41,11073
41,11077
41,11082
41,11106
41,11115
41,11126
41,11144
41,11158
41,11181
41,11196
41,11210
41,11220
41,11232
41,11250
41,11254
41,11256
41,11298
41,11303
41,11304
41,11308
41,11345
41,11351
41,11359
41,11379
41,11386
41,11387
41,11411
41,11415
41,11433
41,11450
41,11457
41,11501
41,11541
41,11561
41,11568
41,11571
41,11582
41,11632
41,11638
41,11661
41,11669
41,11676
41,11714
41,11723
41,11736
41,11744
41,11750
41,11769
41,11790
41,11806
41,11832
41,11836
41,11872
41,11881
41,11889
41,11921
41,11924
41,11969
41,11981
41,11998
41,12011
41,12027
41,12060
41,12064
41,12080
41,12084
41,12093
41,12124
41,12131
41,12134
41,12135
41,12149
41,12153
41,12173
41,12188
41,12209
41,12215
41,12220
41,12228
41,12258
41,12261
41,12270
41,12272
41,12274
41,12275
41,12283
41,12334
41,12337
41,12345
41,12363
41,12376
41,12385
41,12393
41,12398
41,12436
41,12449
41,12460
41,12483
41,12486
41,12491
41,12508
41,12532
41,12534
41,12535
41,12538
41,12553
41,12554
41,12582
41,12612
41,12632
41,12635
41,12647
41,12653
41,12659
41,12665
41,12670
41,12675
41,12687
41,12696
41,12705
41,12727
41,12741
41,12760
41,12765
41,12778
41,12792
41,12804
41,12850
41,12851
41,12862
41,12863
41,12878
41,12886
41,12901
41,12920
41,12983
41,13008
41,13021
41,13036
41,13054
41,13055
41,13062
41,13073
41,13084
41,13096
41,13104
41,13105
41,13123
41,13140
41,13150
41,13170
41,13175
41,13184
41,13197
41,13229
41,13233
41,13245
41,13263
41,13267
41,13271
41,13282
41,13286
41,13313
41,13321
41,13333
41,13339
41,13363
41,13366
41,13388
41,13401
41,13409
41,13417
41,13421
41,13425
41,13495
41,13530
41,13534
41,13545
41,13556
41,13599
41,13616
41,13622
41,13626
41,13671
41,13673
41,13681
41,13688
41,13695
41,13715
41,13726
41,13732
41,13737
41,13756
41,13771
41,13820
41,13824
41,13826
41,13831
41,13849
41,13856
41,13866
41,13882
41,13905
41,13924
41,13955
41,13958
41,13968
41,13976
41,13978
41,14020
41,14033
41,14049
41,14052
41,14054
41,14066
41,14076
41,14086
41,14095
41,14099
41,14103
41,14108
41,14110
41,14129
41,14138
41,14202
41,14204
41,14210
41,14228
41,14256
41,14262
41,14263
41,14270
41,14338
41,14339
41,14340
41,14352
41,14355
41,14372
41,14375
41,14392
41,14412
41,14421
41,14428
41,14438
41,14439
41,14458
41,14459
41,14461
41,14477
41,14480
41,14491
41,14511
41,14517
41,14522
41,14573
41,14589
41,14625
41,14644
41,14666
41,14692
41,14699
41,14720
41,14728
41,14730
41,14738
41,14760
41,14766
41,14782
41,14795
41,14808
41,14821
41,14826
41,14839
41,14876
41,14912
41,14948
41,14973
41,14981
41,14997
41,15003
41,15014
41,15026
41,15030
41,15043
41,15053
41,15058
41,15069
41,15146
41,15151
41,15156
41,15159
41,15182
41,15202
41,15203
41,15213
41,15217
41,15234
41,15271
41,15276
41,15278
41,15279
41,15303
41,15351
41,15387
41,15394
41,15398
41,15399
41,15402
41,15407
41,15479
41,15492
41,15546
41,15618
41,15645
41,15666
41,15685
41,15728
41,15799
41,15813
41,15815
41,15824
41,15880
41,15913
41,15914
41,15990
41,15992
41,16000
41,16004
41,16035
41,16042
41,16052
41,16073
41,16074
41,16096
41,16140
41,16205
41,16206
41,16208
41,16220
41,16223
41,16241
41,16267
41,16270
41,16272
41,16301
41,16308
41,16323
41,16334
41,16366
41,16388
41,16409
41,16426
41,16438
41,16454
41,16464
41,16472
41,16476
41,16482
41,16494
41,16499
41,16505
41,16511
41,16520
41,16563
41,16565
41,16570
41,16571
41,16574
41,16652
41,16662
41,16668
41,16707
41,16712
41,16715
41,16718
41,16720
41,16770
41,16781
41,16783
41,16791
41,16794
41,16796
41,16799
41,16824
41,16869
41,16874
41,16882
41,16892
41,16900
41,16905
41,16910
41,16917
41,16932
41,16956
41,16957
41,16966
41,16971
41,16976
41,17005
41,17012
41,17017
41,17074
41,17118
41,17126
41,17138
41,17147
41,17155
41,17160
41,17190
41,17197
41,17212
41,17224
41,17226
41,17249
41,17254
41,17274
41,17297
41,17311
41,17329
41,17384
41,17405
41,17428
41,17431
41,17444
41,17462
41,17471
41,17496
41,17529
41,17536
41,17555
41,17563
41,17579
41,17602
41,17624
41,17635
41,17637
41,17640
41,17666
41,17679
41,17689
41,17720
41,17747
41,17756
41,17774
41,17777
41,17785
41,17860
41,17867
41,17881
41,17891
41,17904
41,17923
41,17924
41,17939
41,17952
41,17971
41,17979
41,18006
41,18035
41,18062
41,18075
41,18092
41,18107
41,18116
41,18124
41,18129
41,18131
41,18165
41,18173
41,18182
41,18183
41,18187
41,18198
41,18237
41,18262
41,18285
41,18314
41,18335
41,18337
41,18379
41,18436
41,18442
41,18445
41,18497
41,18501
41,18504
41,18518
41,18528
41,18538
41,18551
41,18567
41,18615
41,18644
41,18654
41,18669
41,18673
41,18679
41,18690
41,18697
41,18724
41,18728
41,18746
41,18748
41,18772
41,18796
41,18800
41,18886
41,18899
41,18907
41,18959
41,19003
41,19040
41,19043
41,19063
41,19071
41,19075
41,19080
41,19104
41,19139
41,19163
41,19164
41,19168
41,19207
41,19216
41,19228
41,19236
41,19240
41,19267
41,19322
41,19328
41,19344
41,19357
41,19387
41,19390
41,19405
41,19417
41,19423
41,19463
41,19467
41,19468
41,19484
41,19508
41,19513
41,19525
41,19543
41,19557
41,19565
41,19631
41,19637
41,19649
41,19652
41,19670
41,19737
41,19741
41,19759
41,19805
41,19814
41,19816
41,19828
41,19837
41,19838
41,19842
41,19847
41,19849
41,19866
41,19871
41,19883
41,19899
41,19913
41,19923
41,19930
41,19948
41,19951
41,19977
41,19993
41,20010
41,20076
41,20099
41,20121
41,20156
41,20160
41,20163
41,20174
41,20195
41,20243
41,20244
41,20250
41,20251
41,20262
41,20275
41,20281
41,20287
41,20313
41,20353
41,20358
41,20403
41,20414
41,20426
41,20448
41,20452
41,20464
41,20473
41,20478
41,20484
41,20488
41,20518
41,20520
41,20543
41,20544
41,20545
41,20593
41,20619
41,20620
41,20622
41,20631
41,20659
41,20693
41,20707
41,20720
41,20732
41,20740
41,20799
41,20803
41,20820
41,20823
41,20837
41,20862
41,20883
41,20900
41,20913
41,20916
41,20923
41,20925
41,20956
41,21004
41,21023
41,21047
41,21054
41,21068
41,21086
41,21091
41,21118
41,21123
41,21169
41,21181
41,21187
41,21190
41,21223
41,21229
41,21259
41,21273
41,21286
41,21300
41,21310
41,21311
41,21315
41,21330
41,21368
41,21398
41,21442
41,21457
41,21471
41,21513
41,21516
41,21518
41,21530
41,21538
41,21541
41,21545
41,21584
41,21591
41,21595
41,21598
41,21602
41,21635
41,21638
41,21646
41,21657
41,21694
41,21713
41,21732
41,21748
41,21761
41,21824
41,21841
41,21852
41,21854
41,21871
41,21875
41,21879
41,21890
41,21912
41,21921
41,21960
41,21962
41,21968
41,21971
41,21989
41,21995
41,22020
41,22023
41,22025
41,22080
41,22083
41,22126
41,22127
41,22139
41,22145
41,22152
41,22156
41,22166
41,22167
41,22170
41,22189
41,22192
41,22196
41,22201
41,22230
41,22245
41,22250
41,22260
41,22328
41,22339
41,22356
41,22358
41,22385
41,22411
41,22430
41,22439
41,22450
41,22476
41,22481
41,22484
41,22491
41,22499
41,22509
41,22547
41,22587
41,22600
41,22615
41,22619
41,22621
41,22627
41,22656
41,22692
41,22693
41,22736
41,22741
41,22742
41,22745
41,22771
41,22783
41,22814
41,22815
41,22819
41,22832
41,22862
41,22873
41,22877
41,22888
41,22898
41,22908
41,22911
41,22928
41,22947
41,22953
41,22959
41,22975
41,22980
41,22995
41,22999
41,23003
41,23034
41,23035
41,23055
41,23062
41,23076
41,23119
41,23162
41,23174
41,23214
41,23216
41,23220
41,23221
41,23224
41,23251
41,23253
41,23263
41,23279
41,23304
41,23319
41,23334
41,23338
41,23343
41,23345
41,23349
41,23359
41,23405
41,23437
41,23456
41,23468
41,23471
41,23481
41,23485
41,23491
41,23501
41,23506
41,23534
41,23541
41,23555
41,23561
41,23573
41,23599
41,23615
41,23622
41,23633
41,23637
41,23679
41,23688
41,23753
41,23755
41,23764
41,23786
41,23792
41,23800
41,23820
41,23833
41,23875
41,23900
41,23917
41,23919
41,23922
41,23962
41,23966
41,23983
41,24015
41,24024
41,24035
41,24047
41,24049
41,24096
41,24109
41,24124
41,24212
41,24248
41,24255
41,24299
41,24308
41,24310
41,24315
41,24328
41,24332
41,24344
41,24353
41,24355
41,24357
41,24403
41,24446
41,24461
41,24529
41,24532
41,24555
41,24576
41,24604
41,24631
41,24643
41,24660
41,24667
41,24668
41,24682
41,24694
41,24716
41,24728
41,24746
41,24751
41,24767
41,24784
41,24791
41,24831
41,24832
41,24854
41,24859
41,24878
41,24888
41,24889
41,24910
41,24915
41,24943
41,24995
41,25058
41,25064
41,25091
41,25138
41,25147
41,25153
41,25158
41,25170
41,25174
41,25186
41,25187
41,25207
41,25225
41,25234
41,25251
41,25252
41,25267
41,25317
41,25319
41,25324
41,25330
41,25348
41,25413
41,25417
41,25429
41,25440
41,25450
41,25469
41,25470
41,25479
41,25509
41,25554
41,25571
41,25576
41,25604
41,25612
41,25616
41,25628
41,25640
41,25642
41,25658
41,25659
41,25669
41,25673
41,25710
41,25712
41,25719
41,25736
41,25751
41,25765
41,25770
41,25774
41,25776
41,25778
41,25781
41,25789
41,25820
41,25849
41,25873
41,25874
41,25875
41,25882
41,25889
41,25913
41,25968
41,25977
41,25999
41,26006
41,26010
41,26013
41,26026
41,26052
41,26076
41,26105
41,26117
41,26141
41,26164
41,26174
41,26200
41,26219
41,26224
41,26238
41,26241
41,26250
41,26253
41,26293
41,26326
41,26349
41,26357
41,26368
41,26374
41,26392
41,26395
41,26399
41,26454
41,26491
41,26496
41,26509
41,26524
41,26566
41,26577
41,26579
41,26615
41,26633
41,26644
41,26673
41,26678
41,26686
41,26693
41,26707
41,26722
41,26725
41,26726
41,26730
41,26771
41,26772
41,26778
41,26783
41,26786
41,26803
41,26823
41,26849
41,26884
41,26887
41,26893
41,26895
41,26896
41,26915
41,26929
41,26952
41,26967
41,26976
41,26985
41,26998
41,27000
41,27011
41,27045
41,27049
41,27058
41,27065
41,27101
41,27102
41,27116
41,27136
41,27152
41,27159
41,27161
41,27166
41,27179
41,27188
41,27191
41,27241
41,27259
41,27267
41,27279
41,27285
41,27286
41,27289
41,27291
41,27302
41,27322
41,27335
41,27342
41,27368
41,27378
41,27384
41,27390
41,27483
41,27495
41,27537
41,27567
41,27572
41,27583
41,27642
41,27649
41,27651
41,27656
41,27661
41,27704
41,27706
41,27719
41,27771
41,27797
41,27804
41,27821
41,27838
41,27845
41,27888
41,27957
41,27961
41,27973
41,27996
41,28005
41,28013
41,28032
41,28045
41,28054
41,28095
41,28131
41,28138
41,28152
41,28162
41,28181
41,28198
41,28217
41,28228
41,28236
41,28267
41,28272
41,28294
41,28299
41,28312
41,28317
41,28335
41,28337
41,28403
41,28429
41,28430
41,28435
41,28439
41,28441
41,28455
41,28461
41,28491
41,28495
41,28502
41,28521
41,28530
41,28534
41,28537
41,28539
41,28547
41,28549
41,28563
41,28573
41,28583
41,28598
41,28618
41,28619
41,28623
41,28651
41,28676
41,28682
41,28688
41,28690
41,28694
41,28736
41,28749
41,28754
41,28791
41,28797
41,28800
41,28827
41,28828
41,28844
41,28845
41,28867
41,28894
41,28910
41,28922
41,28927
41,28970
41,29008
41,29014
41,29017
41,29018
41,29019
41,29020
41,29031
41,29035
41,29048
41,29073
41,29078
41,29099
41,29177
41,29182
41,29227
41,29238
41,29286
41,29313
41,29367
41,29406
41,29408
41,29433
41,29436
41,29439
41,29443
41,29452
41,29476
41,29481
41,29484
41,29486
41,29498
41,29506
41,29510
41,29518
41,29539
41,29555
42,7
42,11
42,30
42,37
42,50
42,60
42,93
42,98
42,118
42,131
42,135
42,151
42,166
42,170
42,190
42,202
42,205
42,207
42,210
42,239
42,252
42,278
42,294
42,303
42,315
42,324
42,330
42,338
42,339
42,343
42,345
42,351
42,352
42,379
42,413
42,421
42,448
42,450
42,463
42,476
42,481
42,494
42,501
42,521
42,536
42,538
42,579
42,586
42,588
42,601
42,630
42,639
42,648
42,650
42,653
42,673
42,720
42,722
42,750
42,768
42,796
42,818
42,858
42,863
42,893
42,931
42,949
42,953
42,962
42,982
42,983
42,984
42,993
42,1000
42,1022
42,1069
42,1072
42,1086
42,1096
42,1121
42,1130
42,1147
42,1157
42,1175
42,1194
42,1201
42,1220
42,1226
42,1238
42,1258
42,1303
42,1312
42,1330
42,1337
42,1347
42,1359
42,1367
42,1406
42,1418
42,1422
42,1432
42,1448
42,1464
42,1467
42,1472
42,1481
42,1482
42,1490
42,1491
42,1529
42,1539
42,1564
42,1573
42,1579
42,1583
42,1584
42,1590
42,1599
42,1602
42,1615
42,1635
42,1640
42,1654
42,1658
42,1660
42,1679
42,1688
42,1709
42,1738
42,1765
42,1767
42,1770
42,1783
42,1792
42,1803
42,1826
42,1832
42,1837
42,1855
42,1875
42,1906
42,1919
42,1933
42,1943
42,1958
42,1976
42,2005
42,2013
42,2036
42,2048
42,2051
42,2071
42,2073
42,2080
42,2148
42,2177
42,2180
42,2207
42,2216
42,2227
42,2251
42,2259
42,2273
42,2276
42,2340
42,2350
42,2356
42,2376
42,2395
42,2409
42,2456
42,2510
42,2525
42,2530
42,2555
42,2556
42,2570
42,2592
42,2601
42,2607
42,2611
42,2671
42,2697
42,2698
42,2712
42,2723
42,2725
42,2750
42,2754
42,2755
42,2777
42,2784
42,2806
42,2814
42,2846
42,2891
42,2911
42,2915
42,2931
42,2938
42,2983
42,2997
42,3008
42,3012
42,3026
42,3031
42,3073
42,3077
42,3086
42,3107
42,3124
42,3127
42,3136
42,3137
42,3147
42,3177
42,3195
42,3199
42,3214
42,3229
42,3248
42,3299
42,3319
42,3340
42,3344
42,3356
42,3362
42,3370
42,3388
42,3390
42,3403
42,3426
42,3434
42,3462
42,3500
42,3522
42,3559
42,3568
42,3587
42,3614
42,3619
42,3624
42,3635
42,3649
42,3656
42,3688
42,3724
42,3727
42,3744
42,3746
42,3768
42,3773
42,3820
42,3822
42,3825
42,3829
42,3849
42,3878
42,3886
42,3903
42,3905
42,3921
42,3928
42,3929
42,3932
42,3941
42,3974
42,3975
42,3980
42,3983
42,4030
42,4033
42,4048
42,4065
42,4079
42,4090
42,4095
42,4105
42,4109
42,4134
42,4140
42,4148
42,4155
42,4168
42,4175
42,4184
42,4186
42,4204
42,4213
42,4216
42,4229
42,4237
42,4240
42,4252
42,4267
42,4278
42,4284
42,4295
42,4306
42,4331
42,4349
42,4351
42,4377
42,4392
42,4441
42,4449
42,4466
42,4485
42,4492
42,4504
42,4518
42,4520
42,4540
42,4549
42,4550
42,4578
42,4580
42,4592
42,4607
42,4613
42,4619
42,4648
42,4654
42,4684
42,4724
42,4728
42,4734
42,4736
42,4744
42,4760
42,4829
42,4830
42,4850
42,4871
42,4876
42,4892
42,4894
42,4912
42,4919
42,4920
42,4921
42,4929
42,4931
42,4934
42,4946
42,4952
42,4964
42,4996
42,5027
42,5043
42,5047
42,5071
42,5083
42,5084
42,5092
42,5135
42,5143
42,5159
42,5187
42,5205
42,5211
42,5213
42,5228
42,5238
42,5240
42,5262
42,5269
42,5271
42,5284
42,5292
42,5296
42,5306
42,5308
42,5318
42,5366
42,5371
42,5376
42,5393
42,5432
42,5467
42,5472
42,5508
42,5510
42,5547
42,5571
42,5584
42,5585
42,5618
42,5622
42,5657
42,5696
42,5700
42,5727
42,5754
42,5762
42,5777
42,5790
42,5794
42,5796
42,5811
42,5833
42,5855
42,5862
42,5877
42,5882
42,5896
42,5917
42,5929
42,5942
42,5944
42,5962
42,5982
42,5983
42,6001
42,6002
42,6030
42,6037
42,6053
42,6054
42,6078
42,6079
42,6099
42,6103
42,6115
42,6121
42,6130
42,6132
42,6135
42,6154
42,6164
42,6179
42,6180
42,6224
42,6227
42,6260
42,6265
42,6266
42,6292
42,6302
42,6312
42,6326
42,6353
42,6365
42,6380
42,6410
42,6418
42,6490
42,6514
42,6524
42,6552
42,6559
42,6560
42,6588
42,6608
42,6613
42,6624
42,6641
42,6649
42,6654
42,6681
42,6704
42,6710
42,6729
42,6746
42,6758
42,6805
42,6832
42,6850
42,6886
42,6888
42,6891
42,6893
42,6956
42,6958
42,6964
42,6970
42,6971
42,6976
42,6999
42,7033
42,7034
42,7040
42,7055
42,7076
42,7084
42,7085
42,7097
42,7104
42,7137
42,7150
42,7156
42,7173
42,7174
42,7194
42,7206
42,7216
42,7231
42,7244
42,7253
42,7255
42,7299
42,7329
42,7331
42,7332
42,7337
42,7341
42,7346
42,7353
42,7363
42,7364
42,7368
42,7399
42,7453
42,7456
42,7472
42,7475
42,7508
42,7513
42,7522
42,7525
42,7554
42,7563
42,7584
42,7586
42,7602
42,7628
42,7630
42,7636
42,7697
42,7708
42,7739
42,7747
42,7795
42,7814
42,7825
42,7827
42,7839
42,7855
42,7867
42,7870
42,7878
42,7880
42,7908
42,7920
42,7931
42,7970
42,7977
42,7983
42,7988
42,8014
42,8040
42,8041
42,8066
42,8071
42,8083
42,8097
42,8105
42,8110
42,8111
42,8127
42,8142
42,8152
42,8174
42,8178
42,8188
42,8273
42,8295
42,8296
42,8300
42,8318
42,8330
42,8346
42,8360
42,8373
42,8377
42,8416
42,8420
42,8431
42,8441
42,8442
42,8461
42,8463
42,8464
42,8475
42,8492
42,8499
42,8506
42,8532
42,8535
42,8551
42,8553
42,8563
42,8587
42,8592
42,8603
42,8608
42,8613
42,8628
42,8641
42,8643
42,8716
42,8720
42,8724
42,8737
42,8763
42,8794
42,8799
42,8803
42,8804
42,8834
42,8840
42,8862
42,8916
42,8932
42,9004
42,9025
42,9035
42,9069
42,9078
42,9079
42,9083
42,9094
42,9127
42,9132
42,9152
42,9175
42,9202
42,9210
42,9214
42,9230
42,9236
42,9242
42,9248
42,9253
42,9258
42,9262
42,9274
42,9282
42,9292
42,9307
42,9311
42,9326
42,9383
42,9388
42,9394
42,9429
42,9439
42,9465
42,9474
42,9476
42,9479
42,9482
42,9483
42,9522
42,9569
42,9571
42,9587
42,9620
42,9624
42,9637
42,9642
42,9645
42,9668
42,9670
42,9674
42,9679
42,9682
42,9695
42,9717
42,9731
42,9764
42,9769
42,9772
42,9797
42,9813
42,9858
42,9870
42,9872
42,9879
42,9889
42,9890
42,9898
42,9899
42,9907
42,9916
42,9918
42,9921
42,9925
42,9928
42,9944
42,9946
42,9976
42,10077
42,10100
42,10106
42,10118
42,10127
42,10147
42,10151
42,10162
42,10173
42,10182
42,10195
42,10236
42,10290
42,10306
42,10314
42,10342
42,10361
42,10367
42,10370
42,10380
42,10389
42,10391
42,10402
42,10409
42,10417
42,10431
42,10453
42,10476
42,10492
42,10499
42,10509
42,10516
42,10525
42,10526
42,10537
42,10542
42,10557
42,10570
42,10597
42,10602
42,10607
42,10619
42,10639
42,10641
42,10664
42,10673
42,10691
42,10708
42,10718
42,10721
42,10728
42,10744
42,10747
42,10749
42,10772
42,10780
42,10785
42,10791
42,10792
42,10795
42,10811
42,10812
42,10834
42,10835
42,10855
42,10877
42,10889
42,10890
42,10895
42,10912
42,10928
42,10935
42,10936
42,10944
42,10955
42,10957
42,10971
42,10985
42,10995
42,11004
42,11007
42,11014
42,11035
42,11065
42,11137
42,11147
42,11153
42,11164
42,11169
42,11224
42,11253
42,11291
42,11313
42,11316
42,11320
42,11321
42,11325
42,11343
42,11365
42,11418
42,11459
42,11461
42,11469
42,11513
42,11552
42,11559
42,11579
42,11588
42,11596
42,11617
42,11618
42,11649
42,11650
42,11663
42,11689
42,11706
42,11729
42,11763
42,11788
42,11789
42,11795
42,11810
42,11819
42,11834
42,11846
42,11906
42,11908
42,11925
42,11932
42,11939
42,11964
42,11973
42,11986
42,12008
42,12035
42,12040
42,12049
42,12087
42,12092
42,12105
42,12128
42,12153
42,12163
42,12190
42,12201
42,12212
42,12224
42,12225
42,12239
42,12254
42,12292
42,12311
42,12334
42,12365
42,12376
42,12398
42,12400
42,12409
42,12411
42,12420
42,12431
42,12434
42,12439
42,12452
42,12453
42,12461
42,12466
42,12490
42,12497
42,12531
42,12556
42,12557
42,12564
42,12565
42,12588
42,12605
42,12609
42,12614
42,12627
42,12629
42,12655
42,12659
42,12663
42,12668
42,12669
42,12673
42,12681
42,12694
42,12717
42,12732
42,12749
42,12756
42,12762
42,12784
42,12791
42,12816
42,12819
42,12852
42,12864
42,12898
42,12910
42,12914
42,12922
42,12949
42,12971
42,12973
42,12986
42,13015
42,13019
42,13035
42,13062
42,13069
42,13070
42,13073
42,13080
42,13109
42,13127
42,13159
42,13161
42,13164
42,13179
42,13181
42,13197
42,13204
42,13224
42,13247
42,13250
42,13257
42,13262
42,13266
42,13269
42,13298
42,13299
42,13305
42,13313
42,13321
42,13363
42,13366
42,13368
42,13370
42,13383
42,13401
42,13403
42,13409
42,13442
42,13443
42,13458
42,13466
42,13473
42,13476
42,13485
42,13486
42,13493
42,13529
42,13573
42,13579
42,13594
42,13608
42,13611
42,13634
42,13638
42,13639
42,13644
42,13645
42,13673
42,13699
42,13707
42,13709
42,13777
42,13780
42,13786
42,13800
42,13817
42,13820
42,13822
42,13828
42,13840
42,13843
42,13871
42,13879
42,13880
42,13928
42,13938
42,13951
42,13964
42,13980
42,13986
42,13988
42,14009
42,14010
42,14039
42,14069
42,14072
42,14079
42,14085
42,14115
42,14116
42,14137
42,14143
42,14163
42,14166
42,14169
42,14203
42,14222
42,14223
42,14225
42,14231
42,14233
42,14242
42,14258
42,14262
42,14279
42,14285
42,14323
42,14336
42,14356
42,14370
42,14391
42,14403
42,14425
42,14453
42,14461
42,14464
42,14479
42,14491
42,14492
42,14493
42,14529
42,14533
42,14537
42,14577
42,14597
42,14598
42,14602
42,14608
42,14609
42,14620
42,14645
42,14683
42,14755
42,14765
42,14768
42,14785
42,14792
42,14802
42,14815
42,14837
42,14846
42,14898
42,14905
42,14936
42,14982
42,14989
42,14991
42,15018
42,15020
42,15035
42,15036
42,15040
42,15044
42,15048
42,15057
42,15061
42,15073
42,15090
42,15097
42,15103
42,15105
42,15115
42,15146
42,15174
42,15190
42,15194
42,15204
42,15209
42,15220
42,15222
42,15227
42,15232
42,15274
42,15289
42,15292
42,15313
42,15330
42,15332
42,15366
42,15385
42,15387
42,15391
42,15413
42,15415
42,15428
42,15450
42,15453
42,15464
42,15496
42,15500
42,15514
42,15541
42,15542
42,15548
42,15556
42,15557
42,15561
42,15567
42,15571
42,15581
42,15590
42,15614
42,15632
42,15636
42,15640
42,15673
42,15674
42,15698
42,15702
42,15704
42,15733
42,15739
42,15745
42,15764
42,15773
42,15787
42,15789
42,15812
42,15825
42,15833
42,15848
42,15852
42,15867
42,15868
42,15888
42,15900
42,15908
42,15934
42,15949
42,15957
42,15983
42,15985
42,15989
42,16004
42,16041
42,16049
42,16072
42,16079
42,16082
42,16099
42,16117
42,16137
42,16141
42,16167
42,16176
42,16196
42,16208
42,16210
42,16211
42,16213
42,16219
42,16236
42,16244
42,16261
42,16265
42,16272
42,16301
42,16323
42,16364
42,16372
42,16378
42,16417
42,16425
42,16440
42,16470
42,16497
42,16504
42,16511
42,16513
42,16519
42,16535
42,16537
42,16551
42,16559
42,16562
42,16576
42,16598
42,16612
42,16614
42,16627
42,16631
42,16632
42,16650
42,16670
42,16675
42,16676
42,16684
42,16692
42,16742
42,16777
42,16789
42,16791
42,16803
42,16808
42,16820
42,16828
42,16847
42,16851
42,16868
42,16938
42,16972
42,16998
42,17005
42,17013
42,17023
42,17064
42,17070
42,17071
42,17082
42,17103
42,17117
42,17121
42,17130
42,17134
42,17138
42,17143
42,17163
42,17164
42,17195
42,17208
42,17213
42,17231
42,17233
42,17244
42,17268
42,17295
42,17314
42,17333
42,17334
42,17344
42,17355
42,17372
42,17375
42,17397
42,17407
42,17434
42,17435
42,17442
42,17453
42,17470
42,17488
42,17551
42,17568
42,17577
42,17594
42,17605
42,17618
42,17634
42,17647
42,17655
42,17662
42,17666
42,17771
42,17797
42,17828
42,17831
42,17846
42,17856
42,17862
42,17869
42,17897
42,17928
42,17929
42,18024
42,18026
42,18040
42,18048
42,18076
42,18079
42,18083
42,18084
42,18088
42,18093
42,18102
42,18131
42,18146
42,18164
42,18172
42,18185
42,18191
42,18208
42,18248
42,18263
42,18306
42,18327
42,18333
42,18335
42,18341
42,18346
42,18352
42,18397
42,18433
42,18438
42,18443
42,18457
42,18460
42,18473
42,18492
42,18508
42,18516
42,18551
42,18553
42,18569
42,18578
42,18585
42,18605
42,18615
42,18620
42,18626
42,18629
42,18633
42,18642
42,18659
42,18660
42,18692
42,18706
42,18731
42,18739
42,18752
42,18753
42,18754
42,18775
42,18778
42,18799
42,18839
42,18888
42,18900
42,18904
42,18939
42,18946
42,18958
42,18959
42,18994
42,19010
42,19022
42,19037
42,19062
42,19071
42,19086
42,19097
42,19103
42,19150
42,19177
42,19191
42,19228
42,19247
42,19257
42,19270
42,19281
42,19282
42,19285
42,19331
42,19338
42,19344
42,19352
42,19360
42,19362
42,19365
42,19418
42,19420
42,19427
42,19440
42,19482
42,19491
42,19512
42,19520
42,19521
42,19530
42,19553
42,19605
42,19606
42,19609
42,19613
42,19624
42,19626
42,19641
42,19688
42,19733
42,19747
42,19762
42,19796
42,19799
42,19804
42,19855
42,19894
42,19898
42,19931
42,19948
42,19987
42,19997
42,19998
42,20032
42,20053
42,20058
42,20074
42,20093
42,20101
42,20107
42,20151
42,20159
42,20191
42,20195
42,20252
42,20295
42,20335
42,20356
42,20358
42,20373
42,20378
42,20407
42,20408
42,20442
42,20459
42,20479
42,20481
42,20487
42,20495
42,20513
42,20542
42,20551
42,20555
42,20564
42,20567
42,20599
42,20606
42,20611
42,20624
42,20631
42,20666
42,20678
42,20729
42,20768
42,20769
42,20777
42,20779
42,20798
42,20823
42,20829
42,20840
42,20844
42,20852
42,20857
42,20874
42,20876
42,20891
42,20902
42,20925
42,20926
42,20932
42,20940
42,20945
42,20967
42,20979
42,21022
42,21024
42,21036
42,21043
42,21069
42,21077
42,21092
42,21096
42,21106
42,21113
42,21125
42,21157
42,21182
42,21190
42,21203
42,21213
42,21237
42,21239
42,21244
42,21246
42,21260
42,21281
42,21283
42,21307
42,21320
42,21340
42,21349
42,21361
42,21373
42,21379
42,21387
42,21403
42,21425
42,21433
42,21439
42,21465
42,21474
42,21481
42,21491
42,21502
42,21512
42,21517
42,21522
42,21527
42,21552
42,21553
42,21556
42,21558
42,21562
42,21574
42,21585
42,21627
42,21650
42,21653
42,21672
42,21695
42,21707
42,21708
42,21772
42,21775
42,21776
42,21777
42,21808
42,21821
42,21827
42,21839
42,21845
42,21880
42,21950
42,21956
42,21968
42,21970
42,21978
42,21987
42,22018
42,22043
42,22086
42,22112
42,22131
42,22145
42,22149
42,22207
42,22221
42,22254
42,22258
42,22260
42,22262
42,22288
42,22327
42,22328
42,22332
42,22351
42,22363
42,22365
42,22409
42,22437
42,22455
42,22473
42,22498
42,22501
42,22540
42,22585
42,22593
42,22605
42,22612
42,22618
42,22627
42,22662
42,22671
42,22704
42,22725
42,22760
42,22766
42,22779
42,22781
42,22784
42,22785
42,22807
42,22813
42,22835
42,22855
42,22898
42,22901
42,22916
42,22954
42,22969
42,22978
42,22989
42,23000
42,23009
42,23012
42,23029
42,23033
42,23036
42,23039
42,23044
42,23047
42,23065
42,23094
42,23125
42,23132
42,23206
42,23212
42,23220
42,23254
42,23279
42,23297
42,23309
42,23339
42,23346
42,23350
42,23358
42,23362
42,23384
42,23399
42,23404
42,23435
42,23436
42,23438
42,23451
42,23471
42,23514
42,23519
42,23520
42,23522
42,23542
42,23550
42,23568
42,23575
42,23586
42,23605
42,23620
42,23643
42,23647
42,23653
42,23656
42,23683
42,23684
42,23690
42,23693
42,23740
42,23749
42,23756
42,23776
42,23797
42,23810
42,23825
42,23837
42,23882
42,23887
42,23892
42,23897
42,23918
42,23933
42,23944
42,23958
42,23972
42,23976
42,23977
42,23986
42,24038
42,24064
42,24068
42,24077
42,24081
42,24113
42,24114
42,24137
42,24152
42,24178
42,24184
42,24185
42,24186
42,24192
42,24196
42,24209
42,24213
42,24217
42,24220
42,24251
42,24296
42,24321
42,24323
42,24327
42,24339
42,24345
42,24350
42,24376
42,24380
42,24386
42,24401
42,24412
42,24425
42,24430
42,24446
42,24473
42,24485
42,24513
42,24542
42,24548
42,24556
42,24575
42,24576
42,24611
42,24613
42,24614
42,24623
42,24644
42,24646
42,24674
42,24679
42,24689
42,24723
42,24725
42,24793
42,24804
42,24841
42,24858
42,24917
42,24941
42,24943
42,24954
42,24976
42,24980
42,25030
42,25056
42,25077
42,25090
42,25098
42,25113
42,25128
42,25159
42,25170
42,25185
42,25219
42,25242
42,25260
42,25262
42,25272
42,25277
42,25282
42,25314
42,25322
42,25330
42,25333
42,25336
42,25395
42,25440
42,25444
42,25446
42,25447
42,25452
42,25489
42,25493
42,25496
42,25501
42,25554
42,25556
42,25560
42,25585
42,25618
42,25625
42,25632
42,25668
42,25686
42,25749
42,25772
42,25777
42,25778
42,25794
42,25796
42,25798
42,25804
42,25807
42,25825
42,25828
42,25833
42,25839
42,25875
42,25894
42,25895
42,25910
42,25941
42,25953
42,25960
42,25967
42,26007
42,26023
42,26025
42,26029
42,26030
42,26036
42,26127
42,26128
42,26133
42,26139
42,26147
42,26167
42,26197
42,26213
42,26223
42,26236
42,26252
42,26269
42,26291
42,26305
42,26322
42,26327
42,26334
42,26357
42,26358
42,26365
42,26370
42,26392
42,26395
42,26438
42,26439
42,26445
42,26448
42,26459
42,26466
42,26472
42,26474
42,26479
42,26489
42,26528
42,26541
42,26546
42,26549
42,26554
42,26563
42,26571
42,26576
42,26595
42,26610
42,26627
42,26637
42,26645
42,26650
42,26680
42,26683
42,26691
42,26694
42,26700
42,26741
42,26771
42,26782
42,26784
42,26796
42,26798
42,26802
42,26813
42,26824
42,26832
42,26838
42,26850
42,26879
42,26890
42,26892
42,26901
42,26902
42,26906
42,26931
42,26955
42,26966
42,26983
42,26985
42,26990
42,26991
42,26998
42,26999
42,27018
42,27060
42,27081
42,27122
42,27143
42,27148
42,27157
42,27163
42,27165
42,27179
42,27182
42,27225
42,27231
42,27276
42,27289
42,27308
42,27318
42,27342
42,27371
42,27377
42,27406
42,27423
42,27442
42,27451
42,27465
42,27471
42,27474
42,27480
42,27516
42,27520
42,27524
42,27538
42,27539
42,27555
42,27569
42,27576
42,27579
42,27625
42,27629
42,27632
42,27673
42,27681
42,27705
42,27710
42,27732
42,27735
42,27740
42,27750
42,27761
42,27762
42,27768
42,27770
42,27781
42,27786
42,27807
42,27827
42,27855
42,27880
42,27909
42,27911
42,27921
42,27922
42,27951
42,27955
42,27956
42,27968
42,27971
42,27980
42,27997
42,28048
42,28060
42,28104
42,28113
42,28126
42,28128
42,28131
42,28147
42,28158
42,28164
42,28172
42,28173
42,28208
42,28215
42,28242
42,28272
42,28284
42,28290
42,28301
42,28316
42,28324
42,28326
42,28348
42,28352
42,28360
42,28379
42,28386
42,28389
42,28420
42,28436
42,28450
42,28451
42,28458
42,28461
42,28475
42,28506
42,28526
42,28531
42,28534
42,28543
42,28558
42,28572
42,28586
42,28593
42,28601
42,28603
42,28612
42,28628
42,28629
42,28631
42,28632
42,28658
42,28676
42,28692
42,28694
42,28696
42,28700
42,28704
42,28754
42,28787
42,28835
42,28859
42,28912
42,28919
42,28922
42,28923
42,28924
42,28928
42,28965
42,28966
42,28970
42,28979
42,28982
42,28989
42,28994
42,28997
42,29017
42,29024
42,29033
42,29035
42,29050
42,29073
42,29081
42,29099
42,29115
42,29124
42,29135
42,29139
42,29144
42,29171
42,29175
42,29179
42,29202
42,29231
42,29252
42,29256
42,29257
42,29259
42,29274
42,29294
42,29301
42,29327
42,29335
42,29349
42,29360
42,29378
42,29391
42,29393
42,29418
42,29425
42,29435
42,29450
42,29468
42,29471
42,29477
42,29487
42,29492
42,29498
42,29499
42,29501
42,29508
42,29525
42,29528
42,29531
42,29555
43,1
43,6
43,20
43,28
43,30
43,53
43,95
43,102
43,104
43,121
43,125
43,135
43,145
43,151
43,169
43,194
43,195
43,219
43,244
43,246
43,281
43,302
43,347
43,379
43,413
43,418
43,422
43,429
43,437
43,448
43,451
43,452
43,453
43,474
43,476
43,485
43,505
43,539
43,556
43,571
43,574
43,582
43,585
43,589
43,604
43,615
43,625
43,653
43,665
43,682
43,688
43,698
43,708
43,717
43,740
43,743
43,765
43,772
43,783
43,795
43,846
43,869
43,893
43,906
43,911
43,913
43,929
43,967
43,971
43,988
43,1007
43,1045
43,1053
43,1076
43,1086
43,1087
43,1088
43,1137
43,1152
43,1178
43,1185
43,1221
43,1270
43,1283
43,1294
43,1313
43,1332
43,1342
43,1357
43,1362
43,1374
43,1382
43,1395
43,1437
43,1440
43,1480
43,1481
43,1482
43,1518
43,1526
43,1537
43,1538
43,1543
43,1570
43,1575
43,1600
43,1618
43,1622
43,1623
43,1644
43,1645
43,1693
43,1722
43,1726
43,1728
43,1738
43,1770
43,1781
43,1783
43,1790
43,1838
43,1842
43,1847
43,1882
43,1883
43,1901
43,1936
43,1938
43,1964
43,1969
43,1972
43,1979
43,1983
43,1988
43,1992
43,2000
43,2004
43,2035
43,2041
43,2098
43,2110
43,2122
43,2128
43,2152
43,2187
43,2188
43,2199
43,2212
43,2217
43,2237
43,2248
43,2268
43,2279
43,2309
43,2310
43,2345
43,2353
43,2357
43,2376
43,2384
43,2391
43,2417
43,2420
43,2450
43,2463
43,2473
43,2479
43,2480
43,2495
43,2505
43,2537
43,2540
43,2554
43,2572
43,2573
43,2600
43,2606
43,2622
43,2639
43,2644
43,2662
43,2681
43,2702
43,2711
43,2726
43,2761
43,2780
43,2783
43,2791
43,2805
43,2835
43,2840
43,2862
43,2901
43,2911
43,2924
43,2933
43,2957
43,2959
43,2961
43,2962
43,2975
43,3034
43,3069
43,3083
43,3095
43,3117
43,3121
43,3122
43,3124
43,3130
43,3135
43,3143
43,3151
43,3156
43,3170
43,3193
43,3206
43,3235
43,3248
43,3258
43,3299
43,3417
43,3422
43,3425
43,3427
43,3458
43,3467
43,3527
43,3546
43,3570
43,3571
43,3613
43,3616
43,3631
43,3643
43,3651
43,3710
43,3733
43,3738
43,3754
43,3800
43,3810
43,3836
43,3872
43,3877
43,3899
43,3903
43,3904
43,3953
43,3977
43,4038
43,4044
43,4092
43,4125
43,4131
43,4144
43,4156
43,4176
43,4179
43,4212
43,4228
43,4237
43,4261
43,4269
43,4277
43,4315
43,4365
43,4396
43,4408
43,4438
43,4468
43,4491
43,4495
43,4501
43,4537
43,4541
43,4549
43,4559
43,4576
43,4587
43,4588
43,4607
43,4616
43,4623
43,4625
43,4630
43,4644
43,4645
43,4648
43,4690
43,4705
43,4709
43,4712
43,4729
43,4745
43,4748
43,4756
43,4773
43,4775
43,4784
43,4792
43,4800
43,4801
43,4802
43,4803
43,4808
43,4841
43,4845
43,4849
43,4860
43,4861
43,4876
43,4885
43,4900
43,4913
43,4922
43,4929
43,4936
43,4937
43,4967
43,4989
43,5007
43,5019
43,5040
43,5071
43,5073
43,5076
43,5078
43,5095
43,5110
43,5112
43,5118
43,5138
43,5146
43,5179
43,5234
43,5242
43,5258
43,5319
43,5320
43,5322
43,5339
43,5341
43,5357
43,5359
43,5361
43,5369
43,5370
43,5382
43,5402
43,5433
43,5438
43,5441
43,5450
43,5458
43,5465
43,5469
43,5481
43,5514
43,5540
43,5556
43,5566
43,5583
43,5622
43,5624
43,5669
43,5688
43,5703
43,5722
43,5732
43,5770
43,5802
43,5808
43,5819
43,5833
43,5842
43,5860
43,5868
43,5869
43,5893
43,5894
43,5895
43,5900
43,5930
43,5932
43,5938
43,5967
43,5971
43,6000
43,6011
43,6022
43,6024
43,6029
43,6036
43,6068
43,6083
43,6110
43,6121
43,6125
43,6131
43,6133
43,6139
43,6162
43,6165
43,6171
43,6174
43,6175
43,6191
43,6192
43,6212
43,6225
43,6227
43,6298
43,6378
43,6420
43,6470
43,6472
43,6478
43,6484
43,6491
43,6501
43,6510
43,6522
43,6529
43,6587
43,6594
43,6605
43,6621
43,6623
43,6625
43,6640
43,6643
43,6664
43,6666
43,6671
43,6675
43,6680
43,6697
43,6701
43,6703
43,6728
43,6732
43,6801
43,6825
43,6846
43,6888
43,6903
43,6929
43,6930
43,6948
43,6951
43,6953
43,6964
43,6972
43,7001
43,7013
43,7050
43,7051
43,7062
43,7066
43,7071
43,7097
43,7119
43,7130
43,7143
43,7144
43,7154
43,7179
43,7185
43,7200
43,7206
43,7217
43,7221
43,7260
43,7275
43,7288
43,7293
43,7315
43,7324
43,7330
43,7334
43,7338
43,7345
43,7374
43,7389
43,7393
43,7424
43,7434
43,7468
43,7478
43,7497
43,7499
43,7505
43,7511
43,7514
43,7529
43,7541
43,7574
43,7582
43,7597
43,7634
43,7636
43,7652
43,7670
43,7675
43,7687
43,7689
43,7692
43,7700
43,7712
43,7716
43,7724
43,7728
43,7749
43,7767
43,7797
43,7814
43,7826
43,7849
43,7852
43,7863
43,7872
43,7883
43,7892
43,7898
43,7901
43,7908
43,7919
43,7920
43,7921
43,7929
43,7945
43,7955
43,7981
43,7982
43,7985
43,7988
43,8027
43,8029
43,8031
43,8049
43,8064
43,8085
43,8090
43,8123
43,8127
43,8150
43,8153
43,8155
43,8170
43,8181
43,8184
43,8192
43,8203
43,8216
43,8217
43,8234
43,8235
43,8254
43,8269
43,8289
43,8321
43,8337
43,8339
43,8350
43,8371
43,8390
43,8398
43,8419
43,8422
43,8428
43,8434
43,8440
43,8448
43,8452
43,8479
43,8488
43,8523
43,8541
43,8551
43,8570
43,8571
43,8582
43,8586
43,8588
43,8594
43,8598
43,8602
43,8605
43,8608
43,8610
43,8628
43,8668
43,8671
43,8685
43,8691
43,8696
43,8699
43,8720
43,8729
43,8738
43,8741
43,8754
43,8772
43,8773
43,8779
43,8790
43,8792
43,8821
43,8825
43,8858
43,8871
43,8892
43,8900
43,8930
43,8959
43,8960
43,8969
43,8973
43,8999
43,9013
43,9022
43,9064
43,9069
43,9084
43,9091
43,9096
43,9099
43,9102
43,9159
43,9180
43,9185
43,9202
43,9203
43,9208
43,9212
43,9239
43,9251
43,9254
43,9255
43,9269
43,9273
43,9276
43,9283
43,9339
43,9342
43,9353
43,9354
43,9373
43,9376
43,9384
43,9406
43,9417
43,9420
43,9422
43,9430
43,9448
43,9449
43,9457
43,9464
43,9465
43,9483
43,9491
43,9511
43,9516
43,9519
43,9527
43,9533
43,9543
43,9544
43,9575
43,9592
43,9598
43,9609
43,9647
43,9649
43,9680
43,9710
43,9718
43,9759
43,9774
43,9775
43,9781
43,9788
43,9799
43,9811
43,9819
43,9821
43,9839
43,9843
43,9846
43,9855
43,9863
43,9867
43,9886
43,9900
43,9912
43,9914
43,9915
43,9919
43,9929
43,9931
43,9943
43,9981
43,9986
43,9989
43,9998
43,9999
43,10000
43,10068
43,10094
43,10124
43,10134
43,10150
43,10194
43,10197
43,10209
43,10237
43,10249
43,10298
43,10308
43,10312
43,10318
43,10322
43,10326
43,10333
43,10353
43,10358
43,10372
43,10394
43,10395
43,10408
43,10431
43,10477
43,10487
43,10529
43,10533
43,10537
43,10541
43,10544
43,10545
43,10581
43,10605
43,10613
43,10633
43,10652
43,10664
43,10667
43,10676
43,10678
43,10680
43,10730
43,10742
43,10750
43,10751
43,10775
43,10790
43,10797
43,10802
43,10804
43,10807
43,10814
43,10846
43,10850
43,10877
43,10927
43,10941
43,10948
43,10955
43,10961
43,10976
43,10981
43,11018
43,11020
43,11024
43,11029
43,11045
43,11053
43,11066
43,11104
43,11108
43,11117
43,11130
43,11134
43,11137
43,11140
43,11170
43,11173
43,11194
43,11204
43,11217
43,11224
43,11276
43,11280
43,11297
43,11312
43,11321
43,11325
43,11366
43,11369
43,11373
43,11388
43,11405
43,11409
43,11412
43,11427
43,11436
43,11455
43,11457
43,11477
43,11483
43,11488
43,11498
43,11511
43,11535
43,11559
43,11567
43,11576
43,11594
43,11621
43,11629
43,11641
43,11654
43,11724
43,11725
43,11734
43,11739
43,11763
43,11772
43,11773
43,11852
43,11856
43,11877
43,11889
43,11893
43,11957
43,11958
43,11970
43,12005
43,12016
43,12030
43,12038
43,12058
43,12068
43,12078
43,12085
43,12142
43,12143
43,12144
43,12160
43,12166
43,12173
43,12182
43,12188
43,12194
43,12215
43,12236
43,12247
43,12249
43,12264
43,12276
43,12277
43,12319
43,12326
43,12328
43,12330
43,12337
43,12340
43,12375
43,12378
43,12381
43,12450
43,12491
43,12504
43,12532
43,12537
43,12551
43,12560
43,12590
43,12594
43,12599
43,12600
43,12604
43,12618
43,12640
43,12647
43,12662
43,12667
43,12695
43,12702
43,12716
43,12729
43,12731
43,12742
43,12752
43,12753
43,12754
43,12755
43,12779
43,12783
43,12784
43,12790
43,12796
43,12797
43,12798
43,12832
43,12850
43,12852
43,12858
43,12864
43,12873
43,12888
43,12932
43,12943
43,12949
43,12951
43,12955
43,12963
43,12978
43,12985
43,12996
43,13011
43,13022
43,13038
43,13042
43,13045
43,13062
43,13068
43,13086
43,13109
43,13117
43,13127
43,13134
43,13136
43,13156
43,13161
43,13167
43,13178
43,13194
43,13196
43,13198
43,13210
43,13215
43,13232
43,13244
43,13262
43,13263
43,13267
43,13277
43,13303
43,13318
43,13331
43,13332
43,13343
43,13367
43,13394
43,13406
43,13408
43,13411
43,13431
43,13463
43,13480
43,13491
43,13496
43,13516
43,13522
43,13540
43,13542
43,13543
43,13556
43,13566
43,13570
43,13578
43,13580
43,13593
43,13596
43,13599
43,13604
43,13608
43,13616
43,13617
43,13633
43,13636
43,13638
43,13640
43,13656
43,13667
43,13685
43,13701
43,13707
43,13712
43,13715
43,13751
43,13768
43,13787
43,13790
43,13799
43,13834
43,13843
43,13865
43,13871
43,13889
43,13903
43,13941
43,13953
43,13995
43,14018
43,14024
43,14051
43,14057
43,14082
43,14088
43,14094
43,14126
43,14137
43,14143
43,14147
43,14156
43,14171
43,14176
43,14202
43,14207
43,14231
43,14265
43,14278
43,14305
43,14316
43,14320
43,14337
43,14344
43,14400
43,14402
43,14428
43,14438
43,14439
43,14446
43,14466
43,14470
43,14479
43,14502
43,14511
43,14520
43,14523
43,14543
43,14555
43,14584
43,14590
43,14593
43,14630
43,14648
43,14668
43,14681
43,14682
43,14687
43,14695
43,14700
43,14731
43,14751
43,14777
43,14811
43,14828
43,14838
43,14847
43,14850
43,14872
43,14882
43,14894
43,14906
43,14924
43,14935
43,14955
43,14977
43,14984
43,15038
43,15058
43,15069
43,15070
43,15071
43,15083
43,15105
43,15114
43,15116
43,15131
43,15176
43,15211
43,15247
43,15250
43,15253
43,15263
43,15274
43,15275
43,15276
43,15334
43,15362
43,15389
43,15394
43,15407
43,15428
43,15429
43,15449
43,15455
43,15463
43,15464
43,15493
43,15502
43,15518
43,15528
43,15550
43,15554
43,15561
43,15585
43,15588
43,15592
43,15594
43,15597
43,15600
43,15606
43,15611
43,15619
43,15624
43,15633
43,15638
43,15655
43,15656
43,15666
43,15672
43,15720
43,15731
43,15749
43,15754
43,15768
43,15770
43,15778
43,15785
43,15790
43,15803
43,15843
43,15850
43,15878
43,15880
43,15882
43,15887
43,15889
43,15896
43,15900
43,15957
43,15993
43,15996
43,16008
43,16018
43,16022
43,16026
43,16040
43,16053
43,16055
43,16057
43,16060
43,16072
43,16109
43,16178
43,16179
43,16193
43,16194
43,16230
43,16233
43,16241
43,16254
43,16259
43,16268
43,16277
43,16284
43,16299
43,16304
43,16308
43,16310
43,16363
43,16383
43,16396
43,16407
43,16411
43,16424
43,16426
43,16428
43,16435
43,16437
43,16443
43,16444
43,16445
43,16455
43,16471
43,16473
43,16485
43,16494
43,16497
43,16538
43,16540
43,16571
43,16587
43,16622
43,16630
43,16632
43,16636
43,16653
43,16676
43,16686
43,16706
43,16718
43,16723
43,16735
43,16739
43,16746
43,16766
43,16776
43,16788
43,16802
43,16807
43,16857
43,16859
43,16865
43,16880
43,16926
43,16940
43,16948
43,16972
43,16991
43,17005
43,17020
43,17036
43,17042
43,17045
43,17064
43,17128
43,17136
43,17141
43,17147
43,17150
43,17163
43,17200
43,17217
43,17240
43,17249
43,17253
43,17257
43,17261
43,17290
43,17295
43,17305
43,17322
43,17368
43,17395
43,17396
43,17398
43,17400
43,17420
43,17427
43,17446
43,17448
43,17475
43,17490
43,17495
43,17504
43,17529
43,17530
43,17539
43,17573
43,17616
43,17624
43,17629
43,17634
43,17655
43,17665
43,17677
43,17696
43,17701
43,17710
43,17731
43,17733
43,17757
43,17764
43,17772
43,17800
43,17813
43,17818
43,17821
43,17824
43,17846
43,17866
43,17869
43,17876
43,17904
43,17937
43,17945
43,17973
43,17989
43,17991
43,18001
43,18006
43,18018
43,18059
43,18073
43,18078
43,18095
43,18115
43,18149
43,18159
43,18172
43,18187
43,18205
43,18216
43,18218
43,18235
43,18241
43,18249
43,18256
43,18262
43,18268
43,18287
43,18309
43,18347
43,18351
43,18358
43,18369
43,18372
43,18397
43,18404
43,18415
43,18418
43,18439
43,18445
43,18446
43,18464
43,18466
43,18505
43,18509
43,18526
43,18538
43,18545
43,18572
43,18586
43,18590
43,18699
43,18716
43,18719
43,18724
43,18725
43,18727
43,18739
43,18741
43,18759
43,18785
43,18795
43,18798
43,18807
43,18809
43,18823
43,18852
43,18855
43,18890
43,18891
43,18902
43,18963
43,18978
43,19000
43,19020
43,19047
43,19057
43,19063
43,19067
43,19069
43,19074
43,19080
43,19081
43,19098
43,19137
43,19158
43,19164
43,19206
43,19246
43,19316
43,19341
43,19343
43,19364
43,19370
43,19390
43,19394
43,19401
43,19414
43,19422
43,19427
43,19429
43,19479
43,19494
43,19500
43,19528
43,19536
43,19554
43,19557
43,19560
43,19568
43,19569
43,19575
43,19586
43,19593
43,19604
43,19638
43,19643
43,19658
43,19692
43,19751
43,19756
43,19777
43,19798
43,19805
43,19815
43,19837
43,19841
43,19855
43,19866
43,19882
43,19910
43,19915
43,19926
43,19929
43,19933
43,19969
43,19980
43,19983
43,19996
43,20016
43,20040
43,20052
43,20095
43,20110
43,20111
43,20143
43,20147
43,20183
43,20194
43,20207
43,20216
43,20217
43,20219
43,20222
43,20228
43,20239
43,20269
43,20281
43,20307
43,20326
43,20331
43,20340
43,20355
43,20368
43,20372
43,20374
43,20375
43,20376
43,20406
43,20422
43,20430
43,20446
43,20450
43,20473
43,20487
43,20490
43,20497
43,20498
43,20508
43,20515
43,20551
43,20559
43,20577
43,20595
43,20597
43,20611
43,20628
43,20651
43,20652
43,20662
43,20688
43,20702
43,20721
43,20747
43,20752
43,20753
43,20760
43,20778
43,20789
43,20802
43,20850
43,20854
43,20877
43,20883
43,20901
43,20908
43,20920
43,20928
43,20945
43,20953
43,20984
43,20996
43,21002
43,21012
43,21023
43,21032
43,21056
43,21060
43,21065
43,21067
43,21068
43,21070
43,21076
43,21123
43,21172
43,21180
43,21217
43,21219
43,21239
43,21255
43,21263
43,21277
43,21291
43,21313
43,21318
43,21319
43,21327
43,21353
43,21356
43,21370
43,21378
43,21382
43,21414
43,21421
43,21422
43,21429
43,21435
43,21442
43,21456
43,21509
43,21513
43,21515
43,21530
43,21532
43,21547
43,21554
43,21568
43,21569
43,21608
43,21615
43,21628
43,21637
43,21666
43,21668
43,21687
43,21696
43,21739
43,21762
43,21764
43,21765
43,21774
43,21776
43,21787
43,21819
43,21824
43,21832
43,21838
43,21881
43,21899
43,21907
43,21916
43,21940
43,21977
43,21988
43,21996
43,22017
43,22020
43,22029
43,22036
43,22101
43,22113
43,22130
43,22164
43,22167
43,22184
43,22191
43,22208
43,22210
43,22220
43,22228
43,22234
43,22266
43,22268
43,22283
43,22294
43,22299
43,22342
43,22351
43,22364
43,22371
43,22399
43,22401
43,22403
43,22416
43,22419
43,22444
43,22522
43,22545
43,22548
43,22567
43,22580
43,22619
43,22627
43,22648
43,22649
43,22698
43,22709
43,22729
43,22734
43,22738
43,22756
43,22759
43,22762
43,22764
43,22772
43,22774
43,22777
43,22785
43,22787
43,22790
43,22797
43,22832
43,22853
43,22943
43,22966
43,22981
43,22988
43,23007
43,23015
43,23060
43,23106
43,23110
43,23125
43,23126
43,23132
43,23138
43,23143
43,23163
43,23182
43,23192
43,23204
43,23206
43,23211
43,23248
43,23271
43,23274
43,23285
43,23292
43,23299
43,23300
43,23310
43,23319
43,23323
43,23332
43,23378
43,23395
43,23403
43,23432
43,23456
43,23457
43,23466
43,23470
43,23480
43,23522
43,23539
43,23546
43,23547
43,23590
43,23591
43,23604
43,23614
43,23659
43,23674
43,23695
43,23703
43,23731
43,23736
43,23774
43,23802
43,23822
43,23826
43,23833
43,23848
43,23866
43,23918
43,23948
43,23955
43,23958
43,24010
43,24016
43,24039
43,24054
43,24074
43,24077
43,24078
43,24089
43,24097
43,24104
43,24109
43,24125
43,24137
43,24151
43,24164
43,24183
43,24200
43,24208
43,24222
43,24240
43,24251
43,24269
43,24296
43,24337
43,24378
43,24385
43,24392
43,24434
43,24446
43,24447
43,24453
43,24471
43,24488
43,24500
43,24527
43,24545
43,24568
43,24590
43,24601
43,24603
43,24625
43,24635
43,24638
43,24660
43,24668
43,24706
43,24709
43,24718
43,24728
43,24773
43,24786
43,24790
43,24800
43,24828
43,24872
43,24875
43,24876
43,24884
43,24906
43,24908
43,24922
43,24929
43,24941
43,24943
43,24952
43,24959
43,25000
43,25010
43,25025
43,25027
43,25029
43,25045
43,25069
43,25094
43,25100
43,25105
43,25111
43,25115
43,25121
43,25152
43,25164
43,25191
43,25202
43,25209
43,25216
43,25241
43,25247
43,25251
43,25297
43,25298
43,25326
43,25345
43,25359
43,25370
43,25373
43,25382
43,25414
43,25419
43,25423
43,25440
43,25442
43,25467
43,25468
43,25486
43,25511
43,25523
43,25540
43,25556
43,25592
43,25597
43,25621
43,25627
43,25633
43,25668
43,25670
43,25718
43,25738
43,25763
43,25885
43,25886
43,25896
43,25939
43,25955
43,25971
43,25987
43,26000
43,26089
43,26106
43,26107
43,26121
43,26131
43,26143
43,26170
43,26187
43,26233
43,26267
43,26274
43,26275
43,26291
43,26344
43,26364
43,26390
43,26392
43,26402
43,26424
43,26466
43,26480
43,26505
43,26513
43,26534
43,26553
43,26558
43,26580
43,26602
43,26604
43,26614
43,26641
43,26676
43,26677
43,26681
43,26689
43,26691
43,26724
43,26744
43,26800
43,26811
43,26820
43,26824
43,26830
43,26835
43,26859
43,26878
43,26882
43,26908
43,26918
43,26939
43,26952
43,26973
43,26999
43,27003
43,27018
43,27020
43,27086
43,27093
43,27103
43,27119
43,27131
43,27170
43,27181
43,27219
43,27226
43,27231
43,27239
43,27246
43,27281
43,27291
43,27332
43,27352
43,27372
43,27377
43,27407
43,27419
43,27439
43,27444
43,27522
43,27523
43,27543
43,27559
43,27561
43,27591
43,27594
43,27628
43,27667
43,27673
43,27674
43,27682
43,27708
43,27738
43,27747
43,27759
43,27767
43,27773
43,27806
43,27808
43,27829
43,27855
43,27877
43,27880
43,27907
43,27925
43,27941
43,27976
43,27978
43,28000
43,28008
43,28014
43,28081
43,28098
43,28118
43,28132
43,28163
43,28167
43,28180
43,28207
43,28209
43,28213
43,28256
43,28274
43,28288
43,28295
43,28302
43,28305
43,28317
43,28330
43,28333
43,28341
43,28352
43,28369
43,28374
43,28384
43,28396
43,28413
43,28422
43,28424
43,28440
43,28444
43,28462
43,28486
43,28509
43,28532
43,28549
43,28556
43,28560
43,28561
43,28566
43,28574
43,28587
43,28588
43,28590
43,28605
43,28608
43,28612
43,28616
43,28621
43,28628
43,28644
43,28652
43,28663
43,28689
43,28696
43,28711
43,28714
43,28726
43,28730
43,28735
43,28763
43,28766
43,28769
43,28815
43,28825
43,28833
43,28844
43,28878
43,28881
43,28885
43,28916
43,28929
43,28949
43,28960
43,28965
43,28966
43,28970
43,28971
43,28976
43,28990
43,28999
43,29008
43,29009
43,29010
43,29073
43,29085
43,29096
43,29111
43,29146
43,29152
43,29156
43,29179
43,29223
43,29225
43,29237
43,29257
43,29272
43,29279
43,29285
43,29344
43,29364
43,29372
43,29384
43,29394
43,29409
43,29426
43,29436
43,29456
43,29482
43,29487
43,29506
43,29522
43,29554
43,29555
43,29566
44,9
44,14
44,69
44,82
44,100
44,126
44,167
44,169
44,221
44,236
44,239
44,240
44,241
44,296
44,298
44,319
44,324
44,333
44,345
44,356
44,367
44,372
44,402
44,405
44,407
44,435
44,446
44,455
44,459
44,477
44,496
44,525
44,545
44,550
44,579
44,620
44,642
44,660
44,704
44,711
44,719
44,756
44,783
44,796
44,799
44,819
44,847
44,851
44,942
44,948
44,953
44,961
44,983
44,986
44,1007
44,1025
44,1033
44,1049
44,1061
44,1081
44,1087
44,1125
44,1138
44,1153
44,1172
44,1185
44,1189
44,1202
44,1211
44,1239
44,1301
44,1303
44,1325
44,1326
44,1350
44,1401
44,1413
44,1421
44,1422
44,1428
44,1453
44,1484
44,1491
44,1519
44,1555
44,1563
44,1579
44,1587
44,1604
44,1606
44,1622
44,1641
44,1644
44,1653
44,1659
44,1664
44,1718
44,1729
44,1793
44,1814
44,1825
44,1834
44,1835
44,1858
44,1870
44,1874
44,1879
44,1890
44,1933
44,1949
44,2005
44,2019
44,2043
44,2048
44,2061
44,2085
44,2108
44,2133
44,2137
44,2179
44,2182
44,2246
44,2249
44,2268
44,2281
44,2287
44,2322
44,2325
44,2327
44,2329
44,2362
44,2384
44,2388
44,2392
44,2403
44,2414
44,2487
44,2491
44,2495
44,2512
44,2514
44,2520
44,2565
44,2571
44,2595
44,2608
44,2616
44,2624
44,2638
44,2641
44,2689
44,2693
44,2711
44,2746
44,2755
44,2760
44,2774
44,2779
44,2783
44,2796
44,2798
44,2802
44,2804
44,2820
44,2898
44,3020
44,3046
44,3061
44,3079
44,3092
44,3105
44,3127
44,3128
44,3144
44,3150
44,3151
44,3152
44,3155
44,3189
44,3203
44,3238
44,3240
44,3241
44,3246
44,3253
44,3254
44,3262
44,3274
44,3295
44,3309
44,3322
44,3324
44,3349
44,3350
44,3351
44,3355
44,3364
44,3376
44,3387
44,3388
44,3396
44,3456
44,3468
44,3491
44,3497
44,3506
44,3517
44,3520
44,3532
44,3577
44,3596
44,3657
44,3660
44,3681
44,3702
44,3706
44,3711
44,3719
44,3724
44,3751
44,3755
44,3757
44,3759
44,3769
44,3792
44,3811
44,3823
44,3849
44,3896
44,3932
44,3934
44,3959
44,3975
44,3986
44,4011
44,4028
44,4057
44,4061
44,4124
44,4148
44,4150
44,4154
44,4169
44,4181
44,4189
44,4218
44,4224
44,4230
44,4307
44,4320
44,4322
44,4324
44,4342
44,4344
44,4406
44,4416
44,4445
44,4483
44,4501
44,4523
44,4547
44,4558
44,4597
44,4612
44,4617
44,4645
44,4652
44,4676
44,4679
44,4708
44,4727
44,4730
44,4735
44,4743
44,4744
44,4749
44,4766
44,4774
44,4779
44,4795
44,4823
44,4855
44,4865
44,4889
44,4923
44,4940
44,4941
44,4962
44,4968
44,4978
44,4980
44,4994
44,5007
44,5026
44,5045
44,5047
44,5060
44,5079
44,5082
44,5101
44,5122
44,5124
44,5127
44,5140
44,5150
44,5168
44,5185
44,5189
44,5235
44,5252
44,5294
44,5316
44,5351
44,5363
44,5437
44,5445
44,5479
44,5489
44,5504
44,5529
44,5557
44,5559
44,5565
44,5569
44,5573
44,5583
44,5599
44,5641
44,5643
44,5679
44,5741
44,5746
44,5749
44,5750
44,5756
44,5762
44,5768
44,5778
44,5794
44,5807
44,5826
44,5834
44,5886
44,5892
44,5922
44,5935
44,5943
44,5961
44,5976
44,6006
44,6019
44,6030
44,6047
44,6052
44,6055
44,6063
44,6089
44,6111
44,6116
44,6129
44,6137
44,6147
44,6154
44,6172
44,6183
44,6188
44,6195
44,6246
44,6253
44,6352
44,6354
44,6418
44,6449
44,6462
44,6486
44,6503
44,6504
44,6521
44,6535
44,6547
44,6551
44,6554
44,6635
44,6689
44,6692
44,6701
44,6712
44,6727
44,6763
44,6791
44,6804
44,6876
44,6885
44,6904
44,6911
44,6917
44,6937
44,6959
44,6984
44,7023
44,7033
44,7034
44,7041
44,7054
44,7107
44,7110
44,7111
44,7142
44,7150
44,7153
44,7213
44,7219
44,7226
44,7237
44,7277
44,7278
44,7298
44,7306
44,7312
44,7316
44,7348
44,7370
44,7383
44,7390
44,7415
44,7421
44,7434
44,7486
44,7489
44,7490
44,7492
44,7536
44,7550
44,7580
44,7597
44,7599
44,7608
44,7627
44,7683
44,7687
44,7690
44,7697
44,7712
44,7721
44,7757
44,7761
44,7770
44,7773
44,7784
44,7803
44,7821
44,7833
44,7853
44,7857
44,7877
44,7887
44,7945
44,7947
44,7963
44,7978
44,7988
44,8009
44,8011
44,8016
44,8043
44,8058
44,8064
44,8112
44,8215
44,8243
44,8255
44,8277
44,8279
44,8294
44,8327
44,8331
44,8338
44,8392
44,8397
44,8413
44,8436
44,8445
44,8455
44,8509
44,8521
44,8531
44,8540
44,8546
44,8554
44,8575
44,8589
44,8590
44,8595
44,8602
44,8621
44,8622
44,8648
44,8760
44,8773
44,8813
44,8834
44,8842
44,8870
44,8873
44,8875
44,8876
44,8887
44,8931
44,8934
44,8943
44,8964
44,8984
44,8988
44,9005
44,9019
44,9027
44,9043
44,9048
44,9056
44,9057
44,9067
44,9086
44,9096
44,9121
44,9133
44,9135
44,9147
44,9159
44,9171
44,9184
44,9198
44,9200
44,9206
44,9220
44,9259
44,9284
44,9290
44,9302
44,9310
44,9318
44,9323
44,9327
44,9382
44,9390
44,9417
44,9422
44,9455
44,9458
44,9470
44,9472
44,9492
44,9507
44,9531
44,9554
44,9577
44,9608
44,9622
44,9625
44,9630
44,9636
44,9646
44,9651
44,9672
44,9676
44,9695
44,9725
44,9728
44,9742
44,9758
44,9809
44,9830
44,9835
44,9837
44,9838
44,9841
44,9845
44,9848
44,9856
44,9865
44,9885
44,9913
44,9918
44,9959
44,9964
44,10041
44,10044
44,10048
44,10056
44,10073
44,10081
44,10082
44,10086
44,10104
44,10125
44,10128
44,10130
44,10144
44,10155
44,10180
44,10191
44,10219
44,10224
44,10226
44,10230
44,10235
44,10237
44,10239
44,10257
44,10278
44,10308
44,10314
44,10322
44,10327
44,10340
44,10360
44,10371
44,10411
44,10414
44,10454
44,10516
44,10529
44,10536
44,10547
44,10550
44,10557
44,10573
44,10583
44,10610
44,10625
44,10648
44,10659
44,10684
44,10690
44,10697
44,10709
44,10770
44,10789
44,10854
44,10859
44,10862
44,10873
44,10881
44,10894
44,10895
44,10928
44,10936
44,11016
44,11021
44,11050
44,11073
44,11092
44,11094
44,11121
44,11134
44,11136
44,11157
44,11197
44,11218
44,11227
44,11228
44,11231
44,11232
44,11250
44,11259
44,11263
44,11268
44,11361
44,11397
44,11399
44,11468
44,11497
44,11501
44,11510
44,11517
44,11528
44,11543
44,11566
44,11570
44,11571
44,11580
44,11588
44,11590
44,11612
44,11650
44,11653
44,11665
44,11668
44,11732
44,11738
44,11764
44,11766
44,11773
44,11782
44,11806
44,11814
44,11826
44,11854
44,11857
44,11859
44,11878
44,11921
44,11933
44,11935
44,11959
44,11991
44,12008
44,12022
44,12032
44,12037
44,12069
44,12079
44,12081
44,12085
44,12086
44,12096
44,12125
44,12144
44,12148
44,12155
44,12170
44,12171
44,12176
44,12210
44,12250
44,12310
44,12322
44,12333
44,12337
44,12384
44,12397
44,12410
44,12422
44,12431
44,12441
44,12446
44,12474
44,12501
44,12508
44,12512
44,12519
44,12529
44,12571
44,12572
44,12587
44,12606
44,12613
44,12644
44,12673
44,12699
44,12721
44,12725
44,12739
44,12758
44,12776
44,12781
44,12812
44,12813
44,12816
44,12823
44,12867
44,12884
44,12902
44,12914
44,12929
44,12931
44,12939
44,12975
44,12978
44,13005
44,13040
44,13047
44,13069
44,13072
44,13101
44,13112
44,13128
44,13176
44,13198
44,13218
44,13226
44,13248
44,13275
44,13335
44,13369
44,13376
44,13385
44,13397
44,13400
44,13425
44,13426
44,13429
44,13431
44,13456
44,13469
44,13477
44,13484
44,13510
44,13520
44,13523
44,13564
44,13570
44,13581
44,13586
44,13588
44,13603
44,13606
44,13635
44,13743
44,13783
44,13804
44,13808
44,13834
44,13858
44,13892
44,13925
44,13928
44,13932
44,13971
44,13972
44,13983
44,13986
44,13990
44,14009
44,14020
44,14023
44,14082
44,14084
44,14117
44,14124
44,14125
44,14153
44,14155
44,14166
44,14170
44,14171
44,14181
44,14182
44,14190
44,14218
44,14237
44,14244
44,14263
44,14283
44,14300
44,14334
44,14355
44,14400
44,14429
44,14446
44,14452
44,14461
44,14463
44,14515
44,14525
44,14528
44,14532
44,14550
44,14553
44,14582
44,14585
44,14620
44,14621
44,14634
44,14691
44,14694
44,14705
44,14712
44,14721
44,14738
44,14750
44,14765
44,14792
44,14798
44,14828
44,14833
44,14844
44,14847
44,14888
44,14954
44,14958
44,14992
44,14997
44,14998
44,14999
44,15006
44,15021
44,15027
44,15054
44,15067
44,15075
44,15088
44,15090
44,15116
44,15124
44,15146
44,15174
44,15197
44,15205
44,15272
44,15288
44,15291
44,15319
44,15329
44,15338
44,15363
44,15412
44,15436
44,15478
44,15509
44,15521
44,15525
44,15532
44,15534
44,15544
44,15548
44,15555
44,15568
44,15587
44,15618
44,15626
44,15646
44,15702
44,15712
44,15753
44,15766
44,15775
44,15809
44,15833
44,15865
44,15893
44,15902
44,15926
44,15941
44,16015
44,16018
44,16033
44,16055
44,16069
44,16108
44,16115
44,16123
44,16127
44,16142
44,16153
44,16158
44,16163
44,16169
44,16190
44,16208
44,16214
44,16224
44,16229
44,16231
44,16243
44,16247
44,16273
44,16278
44,16288
44,16298
44,16303
44,16327
44,16331
44,16338
44,16349
44,16353
44,16361
44,16391
44,16436
44,16443
44,16450
44,16462
44,16473
44,16495
44,16503
44,16525
44,16537
44,16578
44,16580
44,16590
44,16673
44,16687
44,16691
44,16694
44,16695
44,16743
44,16757
44,16758
44,16764
44,16794
44,16810
44,16838
44,16843
44,16877
44,16897
44,16899
44,16910
44,16943
44,16957
44,16961
44,16984
44,17004
44,17011
44,17015
44,17017
44,17043
44,17124
44,17130
44,17134
44,17137
44,17148
44,17154
44,17158
44,17200
44,17207
44,17283
44,17291
44,17294
44,17296
44,17306
44,17310
44,17328
44,17339
44,17344
44,17351
44,17366
44,17374
44,17376
44,17418
44,17435
44,17487
44,17538
44,17554
44,17555
44,17559
44,17562
44,17584
44,17602
44,17614
44,17615
44,17624
44,17640
44,17641
44,17644
44,17680
44,17690
44,17691
44,17721
44,17728
44,17753
44,17756
44,17758
44,17787
44,17837
44,17839
44,17874
44,17920
44,17921
44,17932
44,17961
44,17965
44,17977
44,17999
44,18002
44,18025
44,18036
44,18068
44,18071
44,18089
44,18101
44,18114
44,18117
44,18127
44,18130
44,18135
44,18141
44,18172
44,18179
44,18182
44,18184
44,18186
44,18212
44,18216
44,18234
44,18261
44,18267
44,18334
44,18340
44,18358
44,18359
44,18475
44,18476
44,18478
44,18490
44,18552
44,18568
44,18570
44,18597
44,18608
44,18613
44,18636
44,18637
44,18640
44,18651
44,18668
44,18678
44,18687
44,18705
44,18758
44,18759
44,18788
44,18805
44,18822
44,18826
44,18854
44,18864
44,18866
44,18875
44,18876
44,18885
44,18892
44,18898
44,18914
44,18935
44,18949
44,18950
44,18974
44,18992
44,19009
44,19010
44,19032
44,19067
44,19082
44,19091
44,19097
44,19110
44,19112
44,19113
44,19114
44,19121
44,19122
44,19129
44,19136
44,19138
44,19149
44,19163
44,19169
44,19197
44,19202
44,19208
44,19213
44,19265
44,19280
44,19316
44,19342
44,19345
44,19360
44,19369
44,19408
44,19432
44,19441
44,19485
44,19497
44,19504
44,19512
44,19514
44,19523
44,19571
44,19631
44,19634
44,19635
44,19686
44,19697
44,19700
44,19701
44,19708
44,19712
44,19765
44,19796
44,19799
44,19864
44,19881
44,19886
44,19899
44,19947
44,19958
44,19971
44,19995
44,20056
44,20065
44,20068
44,20070
44,20118
44,20131
44,20140
44,20181
44,20189
44,20192
44,20219
44,20238
44,20243
44,20254
44,20271
44,20277
44,20315
44,20332
44,20334
44,20335
44,20336
44,20343
44,20344
44,20347
44,20350
44,20368
44,20403
44,20414
44,20418
44,20447
44,20453
44,20459
44,20460
44,20464
44,20488
44,20511
44,20535
44,20555
44,20561
44,20582
44,20591
44,20592
44,20614
44,20627
44,20638
44,20646
44,20665
44,20678
44,20680
44,20687
44,20708
44,20712
44,20770
44,20784
44,20796
44,20802
44,20840
44,20846
44,20848
44,20859
44,20912
44,21002
44,21055
44,21068
44,21079
44,21081
44,21086
44,21121
44,21129
44,21156
44,21169
44,21184
44,21192
44,21217
44,21261
44,21267
44,21281
44,21306
44,21327
44,21341
44,21350
44,21353
44,21360
44,21381
44,21397
44,21399
44,21401
44,21438
44,21439
44,21454
44,21470
44,21489
44,21498
44,21555
44,21564
44,21593
44,21601
44,21604
44,21617
44,21621
44,21660
44,21674
44,21695
44,21721
44,21724
44,21727
44,21728
44,21732
44,21743
44,21763
44,21788
44,21812
44,21813
44,21814
44,21856
44,21865
44,21877
44,21886
44,21889
44,21897
44,21907
44,21910
44,21914
44,21917
44,21963
44,21993
44,21994
44,22017
44,22060
44,22073
44,22086
44,22089
44,22128
44,22132
44,22157
44,22159
44,22175
44,22183
44,22193
44,22199
44,22225
44,22234
44,22239
44,22241
44,22268
44,22285
44,22286
44,22290
44,22294
44,22315
44,22336
44,22355
44,22356
44,22379
44,22381
44,22395
44,22450
44,22490
44,22496
44,22498
44,22525
44,22570
44,22604
44,22612
44,22613
44,22651
44,22653
44,22657
44,22666
44,22686
44,22700
44,22740
44,22746
44,22749
44,22785
44,22791
44,22824
44,22829
44,22871
44,22962
44,22967
44,23000
44,23001
44,23036
44,23037
44,23049
44,23076
44,23096
44,23100
44,23103
44,23107
44,23111
44,23121
44,23123
44,23152
44,23169
44,23174
44,23179
44,23191
44,23201
44,23217
44,23275
44,23292
44,23335
44,23343
44,23344
44,23419
44,23425
44,23434
44,23439
44,23463
44,23517
44,23533
44,23559
44,23565
44,23578
44,23583
44,23588
44,23632
44,23635
44,23699
44,23726
44,23730
44,23738
44,23745
44,23755
44,23757
44,23760
44,23798
44,23826
44,23827
44,23831
44,23835
44,23837
44,23840
44,23842
44,23845
44,23859
44,23864
44,23866
44,23910
44,23918
44,23980
44,24000
44,24019
44,24040
44,24088
44,24094
44,24123
44,24127
44,24142
44,24157
44,24166
44,24186
44,24197
44,24199
44,24215
44,24225
44,24251
44,24275
44,24279
44,24292
44,24321
44,24344
44,24363
44,24386
44,24387
44,24400
44,24403
44,24411
44,24428
44,24434
44,24454
44,24470
44,24516
44,24530
44,24535
44,24540
44,24570
44,24591
44,24596
44,24604
44,24607
44,24610
44,24618
44,24643
44,24651
44,24659
44,24781
44,24822
44,24833
44,24835
44,24859
44,24860
44,24885
44,24894
44,24900
44,24903
44,24915
44,24937
44,24949
44,24972
44,24988
44,24993
44,25029
44,25030
44,25058
44,25089
44,25090
44,25105
44,25106
44,25117
44,25124
44,25132
44,25162
44,25227
44,25236
44,25277
44,25281
44,25304
44,25316
44,25319
44,25325
44,25328
44,25333
44,25343
44,25363
44,25372
44,25413
44,25434
44,25449
44,25454
44,25500
44,25508
44,25510
44,25544
44,25559
44,25566
44,25575
44,25596
44,25634
44,25644
44,25677
44,25698
44,25770
44,25781
44,25788
44,25803
44,25806
44,25834
44,25855
44,25889
44,25915
44,25921
44,25933
44,25937
44,25966
44,25974
44,25999
44,26000
44,26002
44,26003
44,26033
44,26039
44,26049
44,26059
44,26091
44,26092
44,26107
44,26122
44,26128
44,26141
44,26152
44,26160
44,26219
44,26251
44,26262
44,26276
44,26292
44,26300
44,26312
44,26373
44,26388
44,26390
44,26416
44,26461
44,26520
44,26548
44,26576
44,26583
44,26588
44,26591
44,26610
44,26638
44,26650
44,26762
44,26773
44,26778
44,26810
44,26824
44,26837
44,26869
44,26883
44,26925
44,26947
44,26951
44,26954
44,26961
44,26970
44,26997
44,26999
44,27007
44,27010
44,27030
44,27077
44,27081
44,27112
44,27119
44,27139
44,27161
44,27174
44,27199
44,27203
44,27236
44,27256
44,27260
44,27268
44,27290
44,27308
44,27331
44,27376
44,27381
44,27385
44,27397
44,27405
44,27419
44,27451
44,27471
44,27489
44,27494
44,27524
44,27530
44,27533
44,27538
44,27539
44,27544
44,27549
44,27568
44,27589
44,27592
44,27608
44,27640
44,27641
44,27663
44,27668
44,27670
44,27691
44,27700
44,27704
44,27731
44,27747
44,27773
44,27807
44,27841
44,27860
44,27867
44,27918
44,27925
44,27934
44,27945
44,27984
44,28033
44,28052
44,28058
44,28070
44,28117
44,28165
44,28167
44,28238
44,28252
44,28254
44,28257
44,28275
44,28291
44,28300
44,28328
44,28360
44,28370
44,28393
44,28403
44,28408
44,28409
44,28411
44,28442
44,28450
44,28461
44,28550
44,28560
44,28575
44,28590
44,28594
44,28653
44,28672
44,28684
44,28690
44,28709
44,28715
44,28717
44,28753
44,28765
44,28778
44,28807
44,28825
44,28833
44,28863
44,28881
44,28891
44,28908
44,28917
44,28937
44,28972
44,28979
44,28992
44,28998
44,29000
44,29020
44,29021
44,29028
44,29036
44,29069
44,29077
44,29080
44,29081
44,29099
44,29120
44,29146
44,29148
44,29162
44,29165
44,29190
44,29194
44,29204
44,29236
44,29259
44,29265
44,29266
44,29277
44,29298
44,29301
44,29313
44,29314
44,29408
44,29410
44,29424
44,29439
44,29452
44,29484
44,29503
44,29505
44,29526
44,29542
44,29548
45,26
45,71
45,81
45,92
45,107
45,137
45,146
45,148
45,181
45,209
45,231
45,255
45,291
45,335
45,344
45,361
45,362
45,373
45,401
45,407
45,420
45,438
45,489
45,508
45,581
45,584
45,612
45,627
45,660
45,661
45,727
45,740
45,753
45,771
45,778
45,859
45,867
45,868
45,872
45,878
45,927
45,966
45,988
45,1002
45,1009
45,1017
45,1018
45,1059
45,1109
45,1139
45,1150
45,1165
45,1267
45,1300
45,1312
45,1326
45,1343
45,1382
45,1430
45,1449
45,1452
45,1472
45,1505
45,1507
45,1509
45,1522
45,1566
45,1580
45,1586
45,1603
45,1608
45,1652
45,1726
45,1782
45,1787
45,1794
45,1799
45,1800
45,1811
45,1872
45,1873
45,1901
45,1912
45,1939
45,1952
45,1954
45,1958
45,1996
45,2014
45,2058
45,2089
45,2145
45,2152
45,2196
45,2208
45,2223
45,2228
45,2235
45,2236
45,2246
45,2274
45,2282
45,2283
45,2298
45,2335
45,2337
45,2366
45,2402
45,2403
45,2406
45,2417
45,2466
45,2472
45,2489
45,2492
45,2500
45,2510
45,2514
45,2547
45,2551
45,2574
45,2582
45,2616
45,2664
45,2669
45,2670
45,2747
45,2759
45,2779
45,2804
45,2842
45,2855
45,2873
45,2879
45,2891
45,2937
45,2939
45,2958
45,2974
45,3010
45,3019
45,3072
45,3139
45,3165
45,3181
45,3193
45,3214
45,3216
45,3225
45,3227
45,3229
45,3245
45,3258
45,3329
45,3331
45,3334
45,3355
45,3407
45,3423
45,3489
45,3528
45,3578
45,3581
45,3617
45,3623
45,3664
45,3665
45,3692
45,3694
45,3715
45,3767
45,3797
45,3826
45,3860
45,3861
45,3864
45,3895
45,3896
45,3904
45,3928
45,3968
45,3985
45,3997
45,4002
45,4036
45,4041
45,4070
45,4081
45,4092
45,4099
45,4110
45,4120
45,4126
45,4174
45,4241
45,4246
45,4307
45,4329
45,4372
45,4382
45,4410
45,4411
45,4488
45,4516
45,4526
45,4537
45,4609
45,4643
45,4646
45,4726
45,4781
45,4832
45,4845
45,4854
45,4881
45,4907
45,4986
45,5008
45,5022
45,5053
45,5061
45,5084
45,5134
45,5138
45,5172
45,5191
45,5194
45,5196
45,5210
45,5291
45,5315
45,5317
45,5329
45,5418
45,5450
45,5481
45,5557
45,5573
45,5624
45,5628
45,5671
45,5708
45,5721
45,5754
45,5764
45,5802
45,5819
45,5828
45,5838
45,5840
45,5901
45,5904
45,5914
45,5935
45,5937
45,5940
45,5951
45,5972
45,5973
45,5979
45,6021
45,6023
45,6031
45,6049
45,6054
45,6088
45,6098
45,6162
45,6164
45,6202
45,6240
45,6257
45,6270
45,6295
45,6358
45,6363
45,6386
45,6423
45,6435
45,6462
45,6484
45,6508
45,6524
45,6529
45,6554
45,6587
45,6612
45,6640
45,6647
45,6692
45,6736
45,6764
45,6782
45,6842
45,6853
45,6880
45,6898
45,6920
45,6934
45,6948
45,6956
45,6957
45,6969
45,6972
45,7022
45,7035
45,7060
45,7067
45,7078
45,7124
45,7144
45,7147
45,7150
45,7164
45,7169
45,7172
45,7174
45,7184
45,7190
45,7261
45,7275
45,7302
45,7305
45,7314
45,7326
45,7345
45,7350
45,7367
45,7391
45,7412
45,7413
45,7450
45,7459
45,7460
45,7469
45,7482
45,7501
45,7506
45,7516
45,7539
45,7557
45,7627
45,7646
45,7665
45,7703
45,7709
45,7714
45,7730
45,7763
45,7801
45,7820
45,7830
45,7835
45,7860
45,7954
45,7973
45,7988
45,8004
45,8018
45,8020
45,8059
45,8080
45,8152
45,8159
45,8172
45,8262
45,8269
45,8314
45,8324
45,8338
45,8353
45,8400
45,8421
45,8462
45,8467
45,8468
45,8485
45,8489
45,8493
45,8512
45,8516
45,8517
45,8546
45,8547
45,8558
45,8591
45,8621
45,8626
45,8639
45,8641
45,8651
45,8679
45,8692
45,8706
45,8710
45,8745
45,8773
45,8794
45,8801
45,8806
45,8816
45,8846
45,8861
45,8877
45,9000
45,9010
45,9051
45,9059
45,9064
45,9077
45,9123
45,9153
45,9185
45,9225
45,9264
45,9287
45,9322
45,9342
45,9370
45,9371
45,9391
45,9414
45,9454
45,9465
45,9490
45,9493
45,9532
45,9603
45,9640
45,9651
45,9657
45,9670
45,9674
45,9741
45,9768
45,9774
45,9776
45,9790
45,9800
45,9820
45,9824
45,9832
45,9836
45,9869
45,9883
45,9901
45,9909
45,9944
45,10004
45,10040
45,10048
45,10063
45,10091
45,10136
45,10151
45,10152
45,10173
45,10200
45,10217
45,10248
45,10294
45,10315
45,10321
45,10338
45,10370
45,10379
45,10436
45,10473
45,10497
45,10500
45,10510
45,10515
45,10534
45,10566
45,10573
45,10579
45,10582
45,10606
45,10614
45,10622
45,10659
45,10672
45,10675
45,10682
45,10711
45,10735
45,10736
45,10753
45,10765
45,10786
45,10787
45,10790
45,10798
45,10838
45,10841
45,10865
45,10870
45,10874
45,10895
45,10896
45,10921
45,10929
45,11055
45,11113
45,11122
45,11154
45,11157
45,11203
45,11227
45,11303
45,11318
45,11335
45,11356
45,11381
45,11408
45,11464
45,11476
45,11478
45,11479
45,11489
45,11497
45,11543
45,11579
45,11622
45,11627
45,11704
45,11710
45,11725
45,11733
45,11748
45,11885
45,11900
45,11920
45,11930
45,11945
45,12004
45,12060
45,12065
45,12071
45,12101
45,12167
45,12186
45,12187
45,12203
45,12208
45,12218
45,12221
45,12233
45,12242
45,12265
45,12294
45,12308
45,12327
45,12328
45,12337
45,12353
45,12355
45,12357
45,12386
45,12387
45,12410
45,12418
45,12434
45,12466
45,12479
45,12485
45,12555
45,12586
45,12605
45,12631
45,12651
45,12672
45,12699
45,12710
45,12744
45,12755
45,12778
45,12802
45,12804
45,12831
45,12912
45,12931
45,12948
45,13041
45,13051
45,13057
45,13063
45,13071
45,13078
45,13095
45,13136
45,13151
45,13178
45,13180
45,13224
45,13231
45,13239
45,13249
45,13267
45,13269
45,13304
45,13312
45,13351
45,13370
45,13397
45,13410
45,13480
45,13510
45,13531
45,13571
45,13669
45,13696
45,13719
45,13734
45,13772
45,13799
45,13806
45,13811
45,13831
45,13851
45,13871
45,13886
45,13891
45,13899
45,13913
45,13914
45,13940
45,13953
45,13967
45,14016
45,14103
45,14115
45,14141
45,14159
45,14193
45,14194
45,14232
45,14233
45,14247
45,14248
45,14263
45,14267
45,14273
45,14298
45,14309
45,14315
45,14320
45,14332
45,14339
45,14358
45,14371
45,14382
45,14395
45,14402
45,14428
45,14487
45,14491
45,14493
45,14521
45,14524
45,14525
45,14572
45,14590
45,14600
45,14605
45,14643
45,14731
45,14767
45,14813
45,14818
45,14834
45,14839
45,14863
45,14901
45,14916
45,14954
45,14968
45,14976
45,14983
45,15000
45,15019
45,15061
45,15102
45,15110
45,15114
45,15117
45,15126
45,15153
45,15207
45,15221
45,15237
45,15239
45,15274
45,15306
45,15307
45,15322
45,15376
45,15402
45,15403
45,15405
45,15439
45,15441
45,15448
45,15458
45,15460
45,15470
45,15514
45,15531
45,15549
45,15561
45,15562
45,15567
45,15572
45,15635
45,15659
45,15660
45,15698
45,15710
45,15725
45,15774
45,15784
45,15790
45,15792
45,15939
45,16025
45,16034
45,16059
45,16066
45,16071
45,16083
45,16089
45,16133
45,16145
45,16172
45,16175
45,16223
45,16252
45,16260
45,16298
45,16304
45,16311
45,16313
45,16362
45,16369
45,16391
45,16395
45,16400
45,16404
45,16425
45,16456
45,16464
45,16476
45,16484
45,16489
45,16506
45,16509
45,16532
45,16544
45,16581
45,16644
45,16674
45,16677
45,16698
45,16755
45,16822
45,16859
45,16898
45,16903
45,16918
45,16919
45,16922
45,16930
45,16960
45,16983
45,17039
45,17066
45,17069
45,17072
45,17086
45,17091
45,17109
45,17112
45,17130
45,17140
45,17186
45,17196
45,17202
45,17291
45,17292
45,17311
45,17329
45,17374
45,17392
45,17411
45,17417
45,17434
45,17441
45,17442
45,17490
45,17525
45,17562
45,17570
45,17576
45,17579
45,17613
45,17614
45,17634
45,17662
45,17701
45,17742
45,17773
45,17804
45,17810
45,17819
45,17827
45,17831
45,17855
45,17859
45,17861
45,17878
45,17880
45,17884
45,17912
45,17933
45,17969
45,17974
45,17994
45,18010
45,18039
45,18067
45,18071
45,18072
45,18082
45,18097
45,18143
45,18156
45,18159
45,18160
45,18223
45,18260
45,18262
45,18296
45,18381
45,18387
45,18397
45,18412
45,18418
45,18433
45,18452
45,18481
45,18488
45,18491
45,18497
45,18507
45,18619
45,18620
45,18651
45,18722
45,18754
45,18807
45,18829
45,18839
45,18954
45,18977
45,19023
45,19086
45,19103
45,19120
45,19142
45,19145
45,19147
45,19181
45,19204
45,19226
45,19237
45,19308
45,19327
45,19344
45,19347
45,19348
45,19365
45,19391
45,19411
45,19414
45,19418
45,19434
45,19491
45,19504
45,19525
45,19534
45,19536
45,19589
45,19632
45,19650
45,19667
45,19671
45,19691
45,19745
45,19787
45,19845
45,19858
45,19859
45,19869
45,19870
45,19876
45,19879
45,19880
45,19891
45,19909
45,19935
45,19945
45,19974
45,19979
45,20000
45,20041
45,20057
45,20072
45,20089
45,20090
45,20147
45,20151
45,20164
45,20176
45,20191
45,20214
45,20219
45,20232
45,20243
45,20259
45,20277
45,20281
45,20285
45,20300
45,20324
45,20339
45,20381
45,20384
45,20418
45,20441
45,20494
45,20507
45,20527
45,20541
45,20548
45,20569
45,20625
45,20627
45,20655
45,20660
45,20664
45,20685
45,20686
45,20687
45,20691
45,20724
45,20726
45,20741
45,20748
45,20749
45,20764
45,20793
45,20795
45,20845
45,20848
45,20956
45,20964
45,20993
45,21006
45,21014
45,21042
45,21050
45,21076
45,21159
45,21179
45,21196
45,21237
45,21239
45,21284
45,21286
45,21291
45,21306
45,21333
45,21353
45,21375
45,21400
45,21417
45,21429
45,21448
45,21488
45,21530
45,21557
45,21569
45,21625
45,21660
45,21673
45,21694
45,21712
45,21720
45,21753
45,21784
45,21863
45,21944
45,21963
45,21981
45,21985
45,21999
45,22032
45,22046
45,22062
45,22095
45,22141
45,22147
45,22148
45,22161
45,22163
45,22168
45,22172
45,22183
45,22208
45,22218
45,22237
45,22297
45,22298
45,22328
45,22392
45,22403
45,22410
45,22421
45,22429
45,22438
45,22462
45,22471
45,22472
45,22476
45,22497
45,22524
45,22532
45,22561
45,22581
45,22595
45,22598
45,22616
45,22635
45,22642
45,22645
45,22661
45,22662
45,22664
45,22689
45,22713
45,22718
45,22733
45,22774
45,22806
45,22808
45,22818
45,22839
45,22865
45,22890
45,22901
45,22920
45,22922
45,22951
45,22958
45,22960
45,22996
45,23035
45,23038
45,23058
45,23062
45,23072
45,23075
45,23102
45,23127
45,23131
45,23152
45,23155
45,23210
45,23215
45,23237
45,23245
45,23254
45,23272
45,23318
45,23329
45,23346
45,23358
45,23363
45,23376
45,23416
45,23442
45,23504
45,23519
45,23526
45,23536
45,23613
45,23652
45,23655
45,23662
45,23698
45,23731
45,23732
45,23826
45,23865
45,23877
45,23886
45,24010
45,24058
45,24062
45,24119
45,24140
45,24179
45,24191
45,24237
45,24249
45,24365
45,24373
45,24376
45,24416
45,24442
45,24456
45,24499
45,24501
45,24504
45,24509
45,24541
45,24592
45,24602
45,24616
45,24669
45,24682
45,24754
45,24773
45,24778
45,24797
45,24811
45,24867
45,24872
45,24879
45,24911
45,24938
45,24973
45,24992
45,25024
45,25041
45,25071
45,25112
45,25115
45,25175
45,25211
45,25264
45,25298
45,25360
45,25446
45,25450
45,25469
45,25476
45,25480
45,25488
45,25513
45,25514
45,25517
45,25527
45,25537
45,25641
45,25647
45,25686
45,25713
45,25733
45,25744
45,25746
45,25748
45,25813
45,25826
45,25838
45,25840
45,25853
45,25879
45,25921
45,25942
45,25961
45,25980
45,26002
45,26014
45,26019
45,26026
45,26071
45,26141
45,26216
45,26247
45,26270
45,26280
45,26285
45,26325
45,26334
45,26382
45,26414
45,26444
45,26448
45,26480
45,26481
45,26482
45,26496
45,26517
45,26581
45,26625
45,26682
45,26693
45,26724
45,26727
45,26731
45,26766
45,26803
45,26882
45,26907
45,26956
45,26959
45,26978
45,26987
45,26998
45,27016
45,27020
45,27027
45,27062
45,27105
45,27115
45,27258
45,27294
45,27310
45,27317
45,27321
45,27329
45,27342
45,27343
45,27398
45,27414
45,27441
45,27459
45,27460
45,27471
45,27517
45,27541
45,27543
45,27580
45,27584
45,27603
45,27611
45,27629
45,27631
45,27647
45,27673
45,27688
45,27691
45,27703
45,27856
45,27866
45,27883
45,27926
45,27933
45,27985
45,27992
45,28010
45,28012
45,28019
45,28022
45,28073
45,28093
45,28108
45,28111
45,28118
45,28131
45,28134
45,28154
45,28177
45,28199
45,28201
45,28203
45,28208
45,28261
45,28312
45,28319
45,28354
45,28397
45,28403
45,28416
45,28441
45,28443
45,28456
45,28476
45,28482
45,28487
45,28500
45,28539
45,28554
45,28555
45,28563
45,28586
45,28620
45,28642
45,28663
45,28668
45,28735
45,28741
45,28754
45,28785
45,28788
45,28835
45,28913
45,28933
45,28963
45,29000
45,29006
45,29010
45,29019
45,29027
45,29092
45,29113
45,29120
45,29147
45,29164
45,29174
45,29220
45,29276
45,29278
45,29287
45,29298
45,29306
45,29309
45,29332
45,29362
45,29376
45,29473
45,29481
45,29490
45,29493
45,29494
45,29506
45,29564
46,15
46,24
46,63
46,84
46,96
46,114
46,121
46,129
46,134
46,150
46,156
46,157
46,181
46,186
46,188
46,203
46,218
46,281
46,282
46,296
46,298
46,312
46,319
46,342
46,348
46,354
46,376
46,386
46,390
46,400
46,550
46,597
46,602
46,692
46,696
46,698
46,723
46,742
46,785
46,825
46,835
46,841
46,847
46,869
46,909
46,949
46,974
46,980
46,986
46,1002
46,1017
46,1025
46,1026
46,1034
46,1051
46,1072
46,1109
46,1119
46,1127
46,1128
46,1143
46,1152
46,1161
46,1189
46,1211
46,1230
46,1231
46,1253
46,1259
46,1281
46,1395
46,1426
46,1463
46,1466
46,1480
46,1499
46,1516
46,1522
46,1534
46,1542
46,1583
46,1591
46,1623
46,1628
46,1635
46,1682
46,1690
46,1693
46,1707
46,1775
46,1789
46,1798
46,1801
46,1815
46,1816
46,1818
46,1933
46,1946
46,1966
46,1976
46,2011
46,2024
46,2031
46,2069
46,2070
46,2099
46,2149
46,2178
46,2188
46,2221
46,2250
46,2275
46,2293
46,2325
46,2331
46,2339
46,2363
46,2386
46,2419
46,2510
46,2569
46,2577
46,2591
46,2662
46,2687
46,2712
46,2717
46,2725
46,2730
46,2734
46,2747
46,2751
46,2788
46,2791
46,2792
46,2806
46,2807
46,2808
46,2872
46,2884
46,2888
46,2983
46,3006
46,3010
46,3019
46,3026
46,3048
46,3065
46,3102
46,3114
46,3136
46,3155
46,3189
46,3199
46,3206
46,3236
46,3341
46,3346
46,3366
46,3380
46,3450
46,3529
46,3535
46,3546
46,3583
46,3672
46,3761
46,3762
46,3797
46,3799
46,3812
46,3824
46,3851
46,3868
46,3878
46,3900
46,3918
46,3930
46,3938
46,3949
46,3953
46,3985
46,4027
46,4033
46,4040
46,4052
46,4092
46,4116
46,4189
46,4268
46,4289
46,4310
46,4311
46,4318
46,4338
46,4386
46,4442
46,4480
46,4522
46,4548
46,4574
46,4589
46,4607
46,4626
46,4637
46,4686
46,4691
46,4747
46,4806
46,4887
46,4894
46,4901
46,4903
46,4904
46,4918
46,4936
46,4948
46,4954
46,4972
46,4983
46,5056
46,5088
46,5108
46,5149
46,5174
46,5187
46,5195
46,5199
46,5205
46,5250
46,5256
46,5258
46,5265
46,5270
46,5275
46,5278
46,5291
46,5296
46,5302
46,5308
46,5311
46,5323
46,5358
46,5368
46,5401
46,5404
46,5409
46,5410
46,5415
46,5423
46,5444
46,5493
46,5516
46,5546
46,5551
46,5594
46,5638
46,5642
46,5646
46,5681
46,5727
46,5735
46,5766
46,5773
46,5795
46,5838
46,5839
46,5907
46,5923
46,5939
46,5946
46,5954
46,5959
46,5974
46,6003
46,6045
46,6064
46,6135
46,6151
46,6172
46,6183
46,6204
46,6205
46,6226
46,6247
46,6279
46,6316
46,6330
46,6346
46,6475
46,6503
46,6518
46,6530
46,6576
46,6601
46,6636
46,6637
46,6638
46,6639
46,6644
46,6689
46,6782
46,6783
46,6794
46,6803
46,6834
46,6920
46,6922
46,6948
46,6955
46,6978
46,6989
46,6993
46,7039
46,7095
46,7108
46,7151
46,7215
46,7226
46,7228
46,7236
46,7241
46,7248
46,7279
46,7300
46,7305
46,7308
46,7330
46,7348
46,7360
46,7423
46,7430
46,7449
46,7452
46,7458
46,7481
46,7492
46,7510
46,7513
46,7528
46,7538
46,7543
46,7694
46,7699
46,7724
46,7735
46,7799
46,7807
46,7846
46,7863
46,7897
46,7899
46,7951
46,7963
46,7970
46,8010
46,8014
46,8044
46,8052
46,8054
46,8056
46,8069
46,8111
46,8118
46,8123
46,8154
46,8173
46,8184
46,8187
46,8195
46,8231
46,8236
46,8265
46,8307
46,8311
46,8324
46,8334
46,8370
46,8381
46,8392
46,8399
46,8402
46,8423
46,8424
46,8520
46,8542
46,8557
46,8601
46,8625
46,8645
46,8655
46,8664
46,8695
46,8702
46,8810
46,8850
46,8886
46,8887
46,8946
46,8954
46,8967
46,8968
46,8978
46,8987
46,9008
46,9015
46,9020
46,9030
46,9049
46,9066
46,9087
46,9183
46,9188
46,9264
46,9270
46,9285
46,9314
46,9347
46,9388
46,9424
46,9431
46,9447
46,9520
46,9523
46,9530
46,9537
46,9565
46,9586
46,9589
46,9608
46,9631
46,9681
46,9690
46,9744
46,9752
46,9793
46,9806
46,9831
46,9835
46,9905
46,9972
46,9988
46,10013
46,10042
46,10046
46,10070
46,10075
46,10106
46,10117
46,10133
46,10162
46,10202
46,10223
46,10283
46,10308
46,10327
46,10375
46,10384
46,10393
46,10404
46,10414
46,10441
46,10449
46,10486
46,10489
46,10532
46,10538
46,10585
46,10587
46,10589
46,10597
46,10609
46,10614
46,10617
46,10643
46,10657
46,10659
46,10675
46,10678
46,10680
46,10682
46,10714
46,10749
46,10750
46,10756
46,10769
46,10814
46,10817
46,10833
46,10839
46,10860
46,10879
46,10886
46,10918
46,10930
46,10955
46,10984
46,11009
46,11050
46,11079
46,11092
46,11105
46,11160
46,11177
46,11201
46,11229
46,11244
46,11326
46,11337
46,11342
46,11354
46,11384
46,11395
46,11413
46,11448
46,11486
46,11489
46,11492
46,11506
46,11578
46,11583
46,11604
46,11623
46,11639
46,11650
46,11664
46,11686
46,11704
46,11787
46,11790
46,11791
46,11798
46,11803
46,11811
46,11821
46,11825
46,11838
46,11841
46,11868
46,11886
46,11914
46,11958
46,11963
46,11986
46,12019
46,12062
46,12081
46,12141
46,12148
46,12152
46,12155
46,12188
46,12191
46,12214
46,12218
46,12228
46,12229
46,12253
46,12260
46,12286
46,12322
46,12323
46,12325
46,12370
46,12378
46,12389
46,12430
46,12472
46,12478
46,12489
46,12497
46,12509
46,12546
46,12556
46,12559
46,12609
46,12692
46,12721
46,12771
46,12806
46,12820
46,12823
46,12898
46,12902
46,12929
46,13014
46,13029
46,13038
46,13128
46,13140
46,13173
46,13178
46,13193
46,13200
46,13205
46,13248
46,13276
46,13292
46,13324
46,13369
46,13370
46,13393
46,13417
46,13445
46,13525
46,13529
46,13565
46,13582
46,13649
46,13652
46,13670
46,13685
46,13689
46,13691
46,13758
46,13787
46,13788
46,13853
46,13858
46,13913
46,13923
46,13929
46,13945
46,13968
46,13980
46,14018
46,14027
46,14034
46,14035
46,14050
46,14051
46,14055
46,14076
46,14141
46,14142
46,14154
46,14161
46,14194
46,14212
46,14239
46,14262
46,14277
46,14316
46,14358
46,14368
46,14376
46,14466
46,14474
46,14508
46,14551
46,14555
46,14562
46,14617
46,14638
46,14686
46,14698
46,14717
46,14843
46,14862
46,14941
46,14967
46,14974
46,15022
46,15030
46,15057
46,15062
46,15063
46,15066
46,15069
46,15071
46,15074
46,15089
46,15127
46,15140
46,15165
46,15195
46,15291
46,15308
46,15324
46,15347
46,15363
46,15377
46,15387
46,15401
46,15407
46,15442
46,15461
46,15476
46,15492
46,15504
46,15519
46,15553
46,15560
46,15561
46,15572
46,15578
46,15584
46,15598
46,15624
46,15629
46,15648
46,15651
46,15681
46,15711
46,15712
46,15743
46,15786
46,15795
46,15798
46,15837
46,15846
46,15889
46,15930
46,15935
46,15955
46,15969
46,16034
46,16067
46,16175
46,16178
46,16187
46,16203
46,16206
46,16217
46,16245
46,16271
46,16297
46,16301
46,16347
46,16360
46,16388
46,16393
46,16399
46,16482
46,16513
46,16533
46,16539
46,16565
46,16573
46,16574
46,16593
46,16595
46,16642
46,16707
46,16718
46,16720
46,16760
46,16768
46,16789
46,16895
46,16937
46,16943
46,16963
46,17072
46,17078
46,17079
46,17115
46,17129
46,17143
46,17147
46,17149
46,17167
46,17168
46,17202
46,17237
46,17262
46,17315
46,17325
46,17432
46,17482
46,17493
46,17513
46,17517
46,17543
46,17552
46,17569
46,17574
46,17581
46,17591
46,17632
46,17642
46,17644
46,17655
46,17694
46,17708
46,17754
46,17842
46,17855
46,17865
46,17893
46,17926
46,17937
46,17977
46,17980
46,17996
46,18004
46,18082
46,18119
46,18125
46,18155
46,18198
46,18231
46,18238
46,18240
46,18273
46,18291
46,18298
46,18347
46,18357
46,18389
46,18390
46,18405
46,18413
46,18416
46,18475
46,18495
46,18513
46,18520
46,18542
46,18562
46,18600
46,18630
46,18650
46,18692
46,18703
46,18722
46,18738
46,18754
46,18779
46,18793
46,18809
46,18835
46,18863
46,18866
46,18898
46,18903
46,18905
46,18920
46,18967
46,18968
46,19002
46,19061
46,19101
46,19146
46,19158
46,19218
46,19227
46,19246
46,19280
46,19326
46,19327
46,19328
46,19340
46,19365
46,19371
46,19376
46,19413
46,19423
46,19436
46,19449
46,19467
46,19503
46,19578
46,19592
46,19642
46,19659
46,19661
46,19690
46,19734
46,19736
46,19761
46,19804
46,19809
46,19810
46,19821
46,19822
46,19826
46,19836
46,19841
46,19892
46,19934
46,19964
46,19985
46,20028
46,20061
46,20102
46,20149
46,20176
46,20266
46,20279
46,20312
46,20314
46,20317
46,20337
46,20338
46,20349
46,20365
46,20370
46,20382
46,20393
46,20394
46,20436
46,20475
46,20519
46,20524
46,20547
46,20624
46,20629
46,20634
46,20664
46,20687
46,20694
46,20715
46,20752
46,20798
46,20882
46,20958
46,20981
46,21019
46,21043
46,21050
46,21068
46,21078
46,21084
46,21088
46,21099
46,21103
46,21106
46,21111
46,21165
46,21172
46,21206
46,21224
46,21237
46,21253
46,21263
46,21319
46,21335
46,21400
46,21477
46,21490
46,21511
46,21525
46,21583
46,21630
46,21631
46,21644
46,21686
46,21687
46,21750
46,21760
46,21777
46,21787
46,21844
46,21855
46,21857
46,21877
46,21886
46,21891
46,21907
46,21978
46,21989
46,22006
46,22012
46,22019
46,22020
46,22040
46,22118
46,22119
46,22148
46,22164
46,22198
46,22206
46,22229
46,22253
46,22273
46,22289
46,22349
46,22381
46,22448
46,22498
46,22583
46,22617
46,22634
46,22661
46,22696
46,22735
46,22809
46,22810
46,22814
46,22815
46,22821
46,22828
46,22867
46,22879
46,22888
46,22906
46,22923
46,22927
46,22928
46,22931
46,22951
46,22953
46,22991
46,22992
46,22997
46,23015
46,23017
46,23080
46,23116
46,23141
46,23154
46,23161
46,23170
46,23188
46,23190
46,23201
46,23208
46,23229
46,23287
46,23309
46,23373
46,23425
46,23454
46,23485
46,23493
46,23557
46,23599
46,23661
46,23679
46,23683
46,23698
46,23741
46,23796
46,23805
46,23838
46,23868
46,23870
46,23876
46,23919
46,23927
46,23934
46,23936
46,23943
46,23954
46,24008
46,24033
46,24052
46,24081
46,24124
46,24172
46,24191
46,24195
46,24270
46,24286
46,24302
46,24357
46,24402
46,24423
46,24436
46,24525
46,24526
46,24538
46,24567
46,24568
46,24581
46,24613
46,24625
46,24641
46,24679
46,24780
46,24785
46,24793
46,24848
46,24864
46,24893
46,24918
46,24926
46,24930
46,24931
46,24932
46,24940
46,24955
46,24963
46,25004
46,25007
46,25105
46,25179
46,25203
46,25247
46,25288
46,25333
46,25382
46,25394
46,25405
46,25415
46,25428
46,25437
46,25441
46,25476
46,25489
46,25505
46,25512
46,25516
46,25519
46,25554
46,25556
46,25590
46,25591
46,25593
46,25595
46,25602
46,25641
46,25677
46,25686
46,25690
46,25710
46,25731
46,25795
46,25814
46,25820
46,25918
46,25933
46,25938
46,25970
46,25998
46,26023
46,26040
46,26043
46,26052
46,26069
46,26087
46,26100
46,26129
46,26153
46,26158
46,26175
46,26193
46,26194
46,26198
46,26214
46,26237
46,26242
46,26253
46,26289
46,26403
46,26404
46,26447
46,26500
46,26541
46,26562
46,26582
46,26593
46,26606
46,26626
46,26634
46,26639
46,26661
46,26678
46,26679
46,26686
46,26750
46,26787
46,26799
46,26805
46,26822
46,26855
46,26869
46,26872
46,26910
46,26918
46,26971
46,26977
46,26993
46,27022
46,27028
46,27041
46,27089
46,27113
46,27119
46,27121
46,27168
46,27170
46,27183
46,27234
46,27318
46,27336
46,27343
46,27350
46,27396
46,27405
46,27449
46,27450
46,27457
46,27489
46,27515
46,27546
46,27604
46,27606
46,27697
46,27699
46,27726
46,27749
46,27751
46,27765
46,27780
46,27781
46,27791
46,27824
46,27831
46,27851
46,27867
46,27898
46,27928
46,27937
46,27981
46,27994
46,28003
46,28015
46,28042
46,28073
46,28082
46,28083
46,28084
46,28085
46,28093
46,28127
46,28135
46,28142
46,28150
46,28203
46,28204
46,28217
46,28225
46,28236
46,28250
46,28266
46,28276
46,28277
46,28307
46,28320
46,28324
46,28343
46,28349
46,28365
46,28376
46,28407
46,28430
46,28438
46,28484
46,28490
46,28529
46,28535
46,28547
46,28594
46,28606
46,28625
46,28648
46,28727
46,28730
46,28768
46,28822
46,28838
46,28861
46,28863
46,28891
46,28914
46,28932
46,28967
46,28992
46,29008
46,29029
46,29056
46,29064
46,29068
46,29090
46,29096
46,29107
46,29152
46,29160
46,29201
46,29247
46,29248
46,29278
46,29317
46,29321
46,29327
46,29329
46,29340
46,29369
46,29377
46,29392
46,29396
46,29412
46,29413
46,29504
46,29510
46,29537
46,29538
47,55
47,66
47,75
47,78
47,109
47,110
47,113
47,122
47,136
47,194
47,201
47,203
47,311
47,340
47,358
47,375
47,381
47,403
47,421
47,433
47,491
47,551
47,593
47,605
47,606
47,610
47,621
47,764
47,781
47,792
47,797
47,805
47,806
47,809
47,860
47,913
47,945
47,951
47,1034
47,1044
47,1105
47,1114
47,1173
47,1200
47,1230
47,1232
47,1242
47,1258
47,1309
47,1329
47,1339
47,1369
47,1370
47,1437
47,1501
47,1551
47,1557
47,1587
47,1595
47,1603
47,1634
47,1641
47,1644
47,1649
47,1650
47,1686
47,1701
47,1729
47,1745
47,1748
47,1814
47,1827
47,1851
47,1870
47,1871
47,1902
47,1910
47,1981
47,1994
47,2020
47,2040
47,2079
47,2151
47,2175
47,2191
47,2250
47,2258
47,2328
47,2335
47,2371
47,2375
47,2452
47,2479
47,2530
47,2561
47,2575
47,2578
47,2617
47,2621
47,2623
47,2648
47,2659
47,2678
47,2712
47,2746
47,2747
47,2756
47,2772
47,2804
47,2806
47,2846
47,2850
47,2898
47,2920
47,2969
47,2972
47,3002
47,3040
47,3121
47,3123
47,3125
47,3133
47,3203
47,3223
47,3268
47,3294
47,3320
47,3321
47,3432
47,3460
47,3507
47,3509
47,3531
47,3559
47,3564
47,3575
47,3586
47,3608
47,3626
47,3628
47,3675
47,3676
47,3677
47,3678
47,3734
47,3735
47,3738
47,3743
47,3757
47,3779
47,3787
47,3843
47,3871
47,3899
47,3941
47,3948
47,3956
47,3969
47,4043
47,4093
47,4100
47,4174
47,4203
47,4224
47,4229
47,4245
47,4250
47,4285
47,4286
47,4301
47,4363
47,4366
47,4406
47,4419
47,4457
47,4511
47,4535
47,4552
47,4556
47,4569
47,4598
47,4610
47,4632
47,4633
47,4650
47,4702
47,4703
47,4709
47,4714
47,4737
47,4747
47,4755
47,4763
47,4772
47,4779
47,4791
47,4795
47,4836
47,4841
47,4850
47,4876
47,4906
47,4924
47,4940
47,4952
47,4983
47,4985
47,4991
47,5033
47,5036
47,5097
47,5098
47,5124
47,5147
47,5168
47,5214
47,5220
47,5251
47,5254
47,5273
47,5285
47,5292
47,5302
47,5318
47,5361
47,5370
47,5424
47,5425
47,5540
47,5570
47,5580
47,5604
47,5607
47,5681
47,5698
47,5744
47,5804
47,5825
47,5856
47,5887
47,5906
47,5922
47,5950
47,5955
47,5976
47,5987
47,6010
47,6029
47,6062
47,6066
47,6078
47,6084
47,6100
47,6155
47,6205
47,6215
47,6252
47,6272
47,6274
47,6286
47,6313
47,6361
47,6378
47,6399
47,6419
47,6429
47,6465
47,6473
47,6479
47,6543
47,6544
47,6552
47,6566
47,6590
47,6613
47,6616
47,6632
47,6643
47,6656
47,6669
47,6720
47,6751
47,6758
47,6766
47,6776
47,6785
47,6787
47,6788
47,6804
47,6826
47,6870
47,6892
47,6893
47,6915
47,6919
47,6951
47,7006
47,7037
47,7065
47,7105
47,7209
47,7269
47,7273
47,7275
47,7304
47,7314
47,7350
47,7372
47,7407
47,7454
47,7501
47,7526
47,7540
47,7588
47,7656
47,7687
47,7694
47,7725
47,7731
47,7765
47,7812
47,7817
47,7840
47,7857
47,7932
47,7949
47,7950
47,7952
47,7954
47,7958
47,7983
47,7991
47,7999
47,8011
47,8013
47,8040
47,8108
47,8151
47,8153
47,8192
47,8229
47,8238
47,8256
47,8263
47,8275
47,8383
47,8418
47,8443
47,8509
47,8517
47,8521
47,8534
47,8642
47,8705
47,8713
47,8729
47,8809
47,8853
47,8902
47,8905
47,8909
47,8931
47,8960
47,8963
47,8966
47,8984
47,9001
47,9091
47,9108
47,9124
47,9142
47,9150
47,9213
47,9249
47,9303
47,9361
47,9363
47,9379
47,9410
47,9455
47,9457
47,9499
47,9505
47,9522
47,9538
47,9558
47,9632
47,9665
47,9712
47,9729
47,9754
47,9763
47,9792
47,9814
47,9827
47,9834
47,9837
47,9899
47,9981
47,10043
47,10110
47,10111
47,10116
47,10121
47,10136
47,10143
47,10152
47,10157
47,10163
47,10203
47,10205
47,10223
47,10225
47,10291
47,10303
47,10380
47,10384
47,10386
47,10445
47,10457
47,10494
47,10528
47,10592
47,10598
47,10652
47,10682
47,10697
47,10787
47,10813
47,10895
47,10899
47,10921
47,10926
47,10960
47,11009
47,11024
47,11044
47,11079
47,11080
47,11102
47,11114
47,11124
47,11210
47,11213
47,11214
47,11227
47,11234
47,11238
47,11268
47,11287
47,11300
47,11301
47,11320
47,11328
47,11341
47,11351
47,11370
47,11374
47,11478
47,11486
47,11519
47,11546
47,11571
47,11610
47,11666
47,11695
47,11713
47,11722
47,11732
47,11734
47,11750
47,11797
47,11805
47,11809
47,11862
47,11908
47,11942
47,11946
47,11964
47,11976
47,12024
47,12064
47,12076
47,12093
47,12107
47,12135
47,12151
47,12181
47,12192
47,12327
47,12354
47,12358
47,12373
47,12395
47,12397
47,12420
47,12426
47,12442
47,12447
47,12540
47,12552
47,12582
47,12594
47,12603
47,12604
47,12635
47,12653
47,12658
47,12700
47,12792
47,12806
47,12845
47,12852
47,12885
47,12959
47,13036
47,13094
47,13118
47,13121
47,13202
47,13219
47,13221
47,13225
47,13229
47,13272
47,13320
47,13344
47,13349
47,13382
47,13389
47,13397
47,13401
47,13415
47,13417
47,13439
47,13455
47,13480
47,13482
47,13537
47,13557
47,13658
47,13674
47,13683
47,13693
47,13716
47,13726
47,13777
47,13824
47,13871
47,13924
47,13951
47,13971
47,14028
47,14043
47,14060
47,14074
47,14160
47,14162
47,14179
47,14187
47,14206
47,14222
47,14255
47,14264
47,14273
47,14305
47,14344
47,14348
47,14385
47,14424
47,14449
47,14455
47,14475
47,14496
47,14519
47,14568
47,14583
47,14591
47,14598
47,14604
47,14620
47,14632
47,14635
47,14646
47,14702
47,14708
47,14737
47,14739
47,14795
47,14807
47,14814
47,14821
47,14866
47,14879
47,14924
47,14938
47,14946
47,14947
47,14948
47,15027
47,15036
47,15041
47,15045
47,15053
47,15078
47,15095
47,15137
47,15230
47,15278
47,15285
47,15300
47,15311
47,15313
47,15318
47,15418
47,15456
47,15462
47,15481
47,15516
47,15531
47,15539
47,15561
47,15584
47,15598
47,15601
47,15606
47,15617
47,15637
47,15698
47,15731
47,15738
47,15770
47,15776
47,15851
47,15881
47,15883
47,15889
47,15929
47,15966
47,15976
47,15978
47,15983
47,15988
47,15992
47,15996
47,16033
47,16034
47,16111
47,16116
47,16154
47,16164
47,16204
47,16211
47,16247
47,16306
47,16318
47,16359
47,16367
47,16371
47,16383
47,16397
47,16405
47,16407
47,16431
47,16472
47,16491
47,16510
47,16543
47,16565
47,16578
47,16585
47,16598
47,16649
47,16654
47,16665
47,16673
47,16693
47,16718
47,16719
47,16806
47,16831
47,16838
47,16876
47,16910
47,16970
47,16985
47,17027
47,17039
47,17042
47,17058
47,17063
47,17088
47,17090
47,17091
47,17138
47,17178
47,17282
47,17318
47,17323
47,17370
47,17393
47,17398
47,17408
47,17423
47,17435
47,17436
47,17504
47,17573
47,17578
47,17581
47,17607
47,17653
47,17669
47,17753
47,17800
47,17810
47,17953
47,17980
47,18003
47,18004
47,18013
47,18030
47,18059
47,18083
47,18087
47,18114
47,18151
47,18157
47,18159
47,18183
47,18220
47,18233
47,18248
47,18252
47,18273
47,18287
47,18341
47,18348
47,18349
47,18362
47,18383
47,18400
47,18409
47,18441
47,18460
47,18479
47,18484
47,18501
47,18502
47,18544
47,18569
47,18577
47,18588
47,18590
47,18601
47,18602
47,18635
47,18668
47,18686
47,18691
47,18706
47,18749
47,18830
47,18838
47,18923
47,18970
47,19021
47,19033
47,19047
47,19067
47,19098
47,19150
47,19162
47,19169
47,19187
47,19200
47,19213
47,19300
47,19326
47,19352
47,19391
47,19416
47,19478
47,19486
47,19521
47,19585
47,19598
47,19626
47,19631
47,19644
47,19659
47,19669
47,19673
47,19687
47,19697
47,19784
47,19816
47,19817
47,19851
47,19857
47,19893
47,19993
47,20026
47,20043
47,20051
47,20053
47,20061
47,20065
47,20066
47,20116
47,20137
47,20142
47,20169
47,20200
47,20205
47,20211
47,20213
47,20257
47,20264
47,20338
47,20342
47,20349
47,20353
47,20423
47,20437
47,20443
47,20466
47,20476
47,20507
47,20526
47,20529
47,20572
47,20581
47,20588
47,20613
47,20636
47,20643
47,20673
47,20688
47,20689
47,20726
47,20742
47,20744
47,20772
47,20782
47,20792
47,20811
47,20834
47,20844
47,20863
47,20870
47,20919
47,20954
47,20970
47,20976
47,20994
47,21010
47,21049
47,21078
47,21105
47,21107
47,21108
47,21117
47,21206
47,21222
47,21224
47,21262
47,21266
47,21267
47,21297
47,21331
47,21344
47,21402
47,21427
47,21485
47,21500
47,21541
47,21604
47,21611
47,21623
47,21636
47,21650
47,21660
47,21679
47,21683
47,21696
47,21713
47,21733
47,21792
47,21833
47,21846
47,21847
47,21864
47,21877
47,21889
47,21892
47,21898
47,21919
47,21932
47,21941
47,21965
47,21975
47,21986
47,22039
47,22051
47,22060
47,22081
47,22105
47,22131
47,22161
47,22173
47,22176
47,22232
47,22273
47,22287
47,22293
47,22322
47,22329
47,22333
47,22338
47,22348
47,22358
47,22364
47,22371
47,22489
47,22555
47,22572
47,22592
47,22598
47,22616
47,22636
47,22698
47,22743
47,22762
47,22788
47,22791
47,22805
47,22828
47,22866
47,22881
47,22887
47,22901
47,22920
47,22965
47,22995
47,23008
47,23040
47,23050
47,23060
47,23062
47,23077
47,23083
47,23122
47,23212
47,23238
47,23246
47,23247
47,23248
47,23260
47,23288
47,23305
47,23328
47,23339
47,23346
47,23375
47,23411
47,23413
47,23469
47,23472
47,23488
47,23498
47,23523
47,23576
47,23593
47,23607
47,23626
47,23628
47,23667
47,23681
47,23683
47,23725
47,23796
47,23808
47,23835
47,23861
47,23864
47,23866
47,23890
47,23906
47,23911
47,23967
47,23992
47,24015
47,24042
47,24061
47,24064
47,24094
47,24102
47,24157
47,24206
47,24235
47,24249
47,24264
47,24302
47,24305
47,24390
47,24392
47,24396
47,24464
47,24520
47,24526
47,24550
47,24570
47,24607
47,24612
47,24615
47,24639
47,24682
47,24688
47,24719
47,24752
47,24810
47,24819
47,24876
47,24891
47,24900
47,24902
47,24905
47,24906
47,24934
47,24995
47,24996
47,25140
47,25162
47,25164
47,25180
47,25185
47,25211
47,25269
47,25282
47,25329
47,25331
47,25363
47,25369
47,25398
47,25403
47,25510
47,25521
47,25547
47,25550
47,25552
47,25553
47,25586
47,25671
47,25684
47,25761
47,25797
47,25866
47,25931
47,25940
47,25946
47,25959
47,25984
47,26011
47,26071
47,26101
47,26105
47,26144
47,26158
47,26166
47,26172
47,26280
47,26289
47,26306
47,26317
47,26326
47,26362
47,26373
47,26381
47,26425
47,26452
47,26464
47,26502
47,26513
47,26527
47,26554
47,26573
47,26611
47,26618
47,26680
47,26684
47,26725
47,26757
47,26772
47,26805
47,26813
47,26842
47,26856
47,26919
47,26942
47,27007
47,27051
47,27056
47,27077
47,27084
47,27086
47,27108
47,27116
47,27132
47,27136
47,27158
47,27210
47,27242
47,27261
47,27264
47,27282
47,27292
47,27299
47,27319
47,27388
47,27390
47,27408
47,27440
47,27446
47,27461
47,27496
47,27498
47,27531
47,27536
47,27560
47,27588
47,27605
47,27640
47,27657
47,27660
47,27665
47,27678
47,27722
47,27745
47,27771
47,27783
47,27797
47,27820
47,27837
47,27852
47,27895
47,27939
47,27958
47,28038
47,28050
47,28058
47,28092
47,28115
47,28116
47,28143
47,28145
47,28157
47,28168
47,28236
47,28268
47,28270
47,28290
47,28307
47,28315
47,28362
47,28376
47,28379
47,28384
47,28409
47,28498
47,28501
47,28565
47,28623
47,28666
47,28683
47,28697
47,28714
47,28748
47,28758
47,28760
47,28806
47,28809
47,28913
47,28965
47,28977
47,29007
47,29022
47,29056
47,29075
47,29153
47,29155
47,29192
47,29211
47,29234
47,29238
47,29239
47,29245
47,29363
47,29365
47,29405
47,29413
47,29461
47,29465
47,29480
47,29485
47,29489
47,29491
47,29541
48,14
48,29
48,99
48,169
48,245
48,261
48,320
48,322
48,460
48,505
48,546
48,547
48,566
48,582
48,610
48,627
48,673
48,685
48,696
48,709
48,718
48,739
48,748
48,751
48,771
48,804
48,806
48,818
48,827
48,838
48,896
48,913
48,972
48,988
48,1010
48,1017
48,1051
48,1067
48,1077
48,1097
48,1112
48,1139
48,1163
48,1184
48,1197
48,1203
48,1205
48,1215
48,1245
48,1264
48,1300
48,1315
48,1317
48,1331
48,1339
48,1362
48,1395
48,1406
48,1414
48,1453
48,1461
48,1467
48,1507
48,1516
48,1592
48,1609
48,1793
48,1811
48,1909
48,1985
48,1988
48,1993
48,2017
48,2051
48,2079
48,2080
48,2109
48,2125
48,2146
48,2160
48,2190
48,2191
48,2200
48,2221
48,2258
48,2263
48,2295
48,2329
48,2337
48,2371
48,2375
48,2406
48,2439
48,2446
48,2476
48,2479
48,2485
48,2486
48,2493
48,2512
48,2526
48,2550
48,2593
48,2607
48,2609
48,2613
48,2615
48,2643
48,2690
48,2721
48,2770
48,2803
48,2811
48,2823
48,2834
48,2838
48,2902
48,2913
48,2956
48,2988
48,3032
48,3165
48,3205
48,3235
48,3244
48,3261
48,3305
48,3310
48,3317
48,3322
48,3331
48,3341
48,3345
48,3369
48,3378
48,3390
48,3411
48,3426
48,3432
48,3433
48,3436
48,3487
48,3500
48,3518
48,3546
48,3561
48,3562
48,3563
48,3602
48,3612
48,3629
48,3647
48,3682
48,3708
48,3749
48,3755
48,3770
48,3780
48,3812
48,3843
48,3845
48,3881
48,3882
48,3892
48,3899
48,3912
48,3939
48,3949
48,3956
48,3983
48,4002
48,4003
48,4025
48,4044
48,4074
48,4092
48,4098
48,4109
48,4131
48,4162
48,4170
48,4196
48,4238
48,4267
48,4268
48,4272
48,4281
48,4282
48,4283
48,4364
48,4388
48,4406
48,4453
48,4486
48,4488
48,4491
48,4501
48,4521
48,4571
48,4572
48,4577
48,4629
48,4665
48,4682
48,4687
48,4693
48,4730
48,4765
48,4811
48,4818
48,4837
48,4873
48,4954
48,4960
48,4963
48,4969
48,4991
48,5018
48,5027
48,5040
48,5049
48,5100
48,5102
48,5116
48,5135
48,5146
48,5159
48,5195
48,5198
48,5202
48,5205
48,5240
48,5322
48,5331
48,5343
48,5344
48,5358
48,5359
48,5363
48,5380
48,5407
48,5424
48,5444
48,5446
48,5516
48,5549
48,5558
48,5628
48,5638
48,5644
48,5670
48,5758
48,5793
48,5805
48,5882
48,5906
48,5907
48,5944
48,5958
48,5984
48,6009
48,6020
48,6035
48,6058
48,6094
48,6118
48,6158
48,6188
48,6207
48,6238
48,6257
48,6272
48,6349
48,6369
48,6373
48,6394
48,6409
48,6461
48,6470
48,6521
48,6524
48,6549
48,6564
48,6582
48,6594
48,6620
48,6637
48,6650
48,6654
48,6678
48,6682
48,6705
48,6727
48,6754
48,6760
48,6793
48,6798
48,6843
48,6857
48,6873
48,6899
48,6966
48,6969
48,6977
48,7010
48,7032
48,7036
48,7073
48,7074
48,7090
48,7115
48,7125
48,7135
48,7136
48,7163
48,7165
48,7201
48,7222
48,7289
48,7316
48,7321
48,7350
48,7364
48,7375
48,7395
48,7410
48,7456
48,7469
48,7478
48,7498
48,7536
48,7539
48,7541
48,7562
48,7571
48,7578
48,7579
48,7598
48,7638
48,7682
48,7704
48,7706
48,7741
48,7787
48,7790
48,7806
48,7810
48,7852
48,7863
48,7870
48,7876
48,7890
48,7908
48,8002
48,8043
48,8049
48,8055
48,8078
48,8088
48,8089
48,8108
48,8135
48,8174
48,8190
48,8192
48,8219
48,8276
48,8327
48,8342
48,8363
48,8364
48,8369
48,8381
48,8383
48,8493
48,8544
48,8594
48,8604
48,8626
48,8629
48,8681
48,8682
48,8714
48,8737
48,8741
48,8794
48,8828
48,8845
48,8862
48,8875
48,8912
48,8927
48,8947
48,8956
48,8989
48,9009
48,9037
48,9039
48,9087
48,9097
48,9099
48,9110
48,9124
48,9132
48,9140
48,9145
48,9165
48,9178
48,9180
48,9183
48,9192
48,9196
48,9230
48,9283
48,9323
48,9438
48,9520
48,9557
48,9584
48,9600
48,9613
48,9621
48,9626
48,9651
48,9700
48,9713
48,9718
48,9739
48,9761
48,9768
48,9793
48,9804
48,9808
48,9844
48,9848
48,9860
48,9925
48,9931
48,9942
48,9949
48,9965
48,10004
48,10035
48,10045
48,10068
48,10085
48,10088
48,10135
48,10171
48,10185
48,10192
48,10229
48,10271
48,10288
48,10377
48,10379
48,10391
48,10400
48,10461
48,10477
48,10478
48,10517
48,10542
48,10586
48,10588
48,10595
48,10606
48,10607
48,10645
48,10648
48,10688
48,10730
48,10773
48,10835
48,10847
48,10853
48,10883
48,10922
48,10946
48,10948
48,10966
48,10969
48,10982
48,11002
48,11024
48,11028
48,11036
48,11115
48,11134
48,11171
48,11199
48,11201
48,11218
48,11271
48,11281
48,11284
48,11334
48,11360
48,11377
48,11405
48,11410
48,11418
48,11428
48,11447
48,11461
48,11463
48,11478
48,11501
48,11502
48,11511
48,11542
48,11543
48,11559
48,11580
48,11596
48,11608
48,11633
48,11652
48,11689
48,11707
48,11739
48,11745
48,11752
48,11768
48,11773
48,11877
48,11918
48,11924
48,11926
48,11933
48,11962
48,12032
48,12050
48,12073
48,12086
48,12087
48,12088
48,12111
48,12113
48,12146
48,12168
48,12188
48,12200
48,12205
48,12219
48,12254
48,12259
48,12262
48,12281
48,12305
48,12311
48,12312
48,12329
48,12348
48,12351
48,12361
48,12400
48,12419
48,12426
48,12449
48,12451
48,12453
48,12485
48,12505
48,12559
48,12594
48,12620
48,12622
48,12627
48,12639
48,12684
48,12692
48,12713
48,12754
48,12761
48,12778
48,12834
48,12852
48,12886
48,12889
48,12987
48,12996
48,13015
48,13093
48,13098
48,13104
48,13106
48,13107
48,13115
48,13118
48,13127
48,13162
48,13177
48,13185
48,13205
48,13289
48,13292
48,13300
48,13360
48,13388
48,13425
48,13456
48,13501
48,13502
48,13514
48,13526
48,13557
48,13588
48,13607
48,13613
48,13685
48,13686
48,13688
48,13731
48,13735
48,13743
48,13791
48,13797
48,13853
48,13858
48,13865
48,13908
48,13924
48,13960
48,13979
48,14039
48,14044
48,14050
48,14098
48,14127
48,14134
48,14193
48,14198
48,14250
48,14337
48,14491
48,14504
48,14508
48,14533
48,14551
48,14559
48,14570
48,14615
48,14655
48,14688
48,14697
48,14700
48,14724
48,14726
48,14735
48,14739
48,14740
48,14756
48,14770
48,14886
48,14899
48,14921
48,14959
48,14961
48,14974
48,14979
48,14990
48,14994
48,14997
48,15009
48,15023
48,15032
48,15061
48,15067
48,15077
48,15117
48,15134
48,15154
48,15189
48,15194
48,15211
48,15220
48,15258
48,15262
48,15264
48,15267
48,15291
48,15302
48,15315
48,15349
48,15351
48,15383
48,15397
48,15422
48,15434
48,15443
48,15449
48,15454
48,15465
48,15477
48,15490
48,15534
48,15536
48,15551
48,15558
48,15588
48,15620
48,15722
48,15782
48,15791
48,15793
48,15818
48,15856
48,15878
48,15888
48,15900
48,15928
48,15939
48,15940
48,16012
48,16031
48,16097
48,16117
48,16131
48,16163
48,16195
48,16233
48,16236
48,16250
48,16281
48,16307
48,16309
48,16333
48,16347
48,16367
48,16374
48,16392
48,16412
48,16430
48,16435
48,16451
48,16459
48,16485
48,16514
48,16519
48,16539
48,16543
48,16569
48,16570
48,16588
48,16637
48,16645
48,16696
48,16718
48,16735
48,16742
48,16786
48,16848
48,16862
48,16903
48,16919
48,16934
48,16972
48,16979
48,17052
48,17102
48,17107
48,17142
48,17225
48,17227
48,17258
48,17276
48,17281
48,17303
48,17320
48,17343
48,17380
48,17394
48,17412
48,17464
48,17528
48,17540
48,17559
48,17563
48,17619
48,17622
48,17627
48,17637
48,17661
48,17664
48,17668
48,17733
48,17739
48,17764
48,17792
48,17803
48,17871
48,17878
48,17927
48,17946
48,17974
48,17976
48,17984
48,18009
48,18021
48,18084
48,18107
48,18134
48,18200
48,18242
48,18247
48,18270
48,18313
48,18387
48,18437
48,18450
48,18465
48,18487
48,18496
48,18554
48,18563
48,18603
48,18640
48,18682
48,18699
48,18728
48,18744
48,18750
48,18772
48,18780
48,18782
48,18894
48,18898
48,18906
48,18908
48,18945
48,18984
48,18991
48,19004
48,19010
48,19020
48,19029
48,19038
48,19051
48,19087
48,19117
48,19128
48,19156
48,19169
48,19173
48,19181
48,19182
48,19207
48,19254
48,19313
48,19316
48,19319
48,19464
48,19472
48,19510
48,19514
48,19558
48,19565
48,19593
48,19594
48,19600
48,19629
48,19630
48,19640
48,19695
48,19715
48,19729
48,19757
48,19786
48,19797
48,19827
48,19830
48,19854
48,19864
48,19916
48,19918
48,19941
48,19990
48,20008
48,20039
48,20063
48,20066
48,20119
48,20127
48,20129
48,20135
48,20149
48,20186
48,20208
48,20227
48,20321
48,20330
48,20335
48,20340
48,20341
48,20361
48,20373
48,20464
48,20479
48,20486
48,20494
48,20509
48,20521
48,20530
48,20588
48,20606
48,20616
48,20621
48,20628
48,20654
48,20706
48,20769
48,20794
48,20803
48,20840
48,20842
48,20848
48,20851
48,20922
48,20928
48,20957
48,21030
48,21072
48,21109
48,21127
48,21131
48,21165
48,21187
48,21210
48,21222
48,21262
48,21263
48,21268
48,21270
48,21279
48,21324
48,21326
48,21333
48,21339
48,21347
48,21348
48,21380
48,21467
48,21473
48,21522
48,21578
48,21607
48,21626
48,21646
48,21648
48,21697
48,21716
48,21743
48,21767
48,21810
48,21812
48,21847
48,21853
48,21867
48,21870
48,21891
48,21931
48,21946
48,21976
48,21983
48,22008
48,22022
48,22076
48,22125
48,22154
48,22186
48,22191
48,22194
48,22208
48,22235
48,22266
48,22278
48,22299
48,22319
48,22375
48,22381
48,22390
48,22397
48,22419
48,22529
48,22553
48,22580
48,22603
48,22615
48,22637
48,22652
48,22679
48,22683
48,22707
48,22756
48,22812
48,22838
48,22863
48,22865
48,22873
48,22889
48,22897
48,22904
48,22913
48,22925
48,22929
48,22957
48,22967
48,23008
48,23028
48,23033
48,23069
48,23099
48,23105
48,23151
48,23157
48,23158
48,23191
48,23211
48,23234
48,23241
48,23249
48,23259
48,23314
48,23340
48,23367
48,23470
48,23485
48,23498
48,23527
48,23546
48,23579
48,23592
48,23606
48,23634
48,23640
48,23687
48,23739
48,23820
48,23830
48,23836
48,23850
48,23885
48,23938
48,23968
48,24023
48,24066
48,24075
48,24103
48,24118
48,24139
48,24144
48,24161
48,24204
48,24205
48,24208
48,24212
48,24234
48,24244
48,24276
48,24280
48,24302
48,24332
48,24339
48,24474
48,24475
48,24477
48,24493
48,24510
48,24541
48,24564
48,24584
48,24594
48,24644
48,24646
48,24669
48,24687
48,24709
48,24785
48,24839
48,24859
48,24862
48,24886
48,24891
48,24897
48,24901
48,24935
48,24951
48,24963
48,24965
48,24973
48,25001
48,25022
48,25026
48,25041
48,25050
48,25067
48,25072
48,25078
48,25105
48,25154
48,25170
48,25177
48,25247
48,25253
48,25301
48,25308
48,25325
48,25355
48,25361
48,25411
48,25476
48,25534
48,25538
48,25556
48,25660
48,25681
48,25688
48,25709
48,25722
48,25735
48,25739
48,25749
48,25782
48,25800
48,25812
48,25855
48,25871
48,25882
48,25898
48,25952
48,25985
48,26003
48,26005
48,26033
48,26059
48,26061
48,26067
48,26096
48,26101
48,26194
48,26233
48,26236
48,26259
48,26260
48,26268
48,26269
48,26305
48,26323
48,26419
48,26440
48,26482
48,26486
48,26493
48,26508
48,26511
48,26545
48,26565
48,26568
48,26640
48,26683
48,26688
48,26697
48,26718
48,26749
48,26773
48,26776
48,26804
48,26846
48,26852
48,26873
48,26889
48,26896
48,26908
48,26938
48,26960
48,26980
48,27037
48,27066
48,27072
48,27077
48,27082
48,27089
48,27146
48,27149
48,27157
48,27191
48,27200
48,27210
48,27253
48,27273
48,27275
48,27278
48,27286
48,27288
48,27297
48,27298
48,27335
48,27354
48,27358
48,27365
48,27373
48,27380
48,27386
48,27430
48,27455
48,27475
48,27479
48,27504
48,27505
48,27528
48,27576
48,27592
48,27605
48,27630
48,27636
48,27644
48,27681
48,27694
48,27704
48,27709
48,27717
48,27728
48,27734
48,27748
48,27751
48,27752
48,27821
48,27858
48,27863
48,27879
48,27883
48,27922
48,27934
48,27939
48,28037
48,28080
48,28082
48,28143
48,28172
48,28179
48,28182
48,28185
48,28198
48,28204
48,28284
48,28297
48,28305
48,28333
48,28364
48,28382
48,28399
48,28403
48,28409
48,28452
48,28596
48,28600
48,28617
48,28641
48,28675
48,28677
48,28682
48,28715
48,28719
48,28774
48,28779
48,28852
48,28875
48,28901
48,29011
48,29023
48,29037
48,29041
48,29067
48,29109
48,29130
48,29135
48,29159
48,29160
48,29169
48,29205
48,29215
48,29220
48,29262
48,29263
48,29323
48,29341
48,29348
48,29405
48,29406
48,29415
48,29432
48,29435
48,29436
48,29469
48,29519
48,29533
48,29538
49,7
49,16
49,30
49,40
49,59
49,65
49,69
49,91
49,94
49,103
49,119
49,120
49,127
49,183
49,248
49,285
49,320
49,332
49,356
49,360
49,383
49,400
49,428
49,462
49,463
49,489
49,491
49,510
49,622
49,626
49,637
49,683
49,694
49,702
49,759
49,817
49,820
49,822
49,952
49,966
49,1025
49,1043
49,1051
49,1061
49,1117
49,1123
49,1157
49,1195
49,1200
49,1221
49,1265
49,1274
49,1279
49,1284
49,1288
49,1333
49,1364
49,1379
49,1447
49,1479
49,1537
49,1551
49,1571
49,1609
49,1625
49,1658
49,1709
49,1743
49,1755
49,1809
49,1877
49,1883
49,1900
49,1913
49,1938
49,1942
49,2042
49,2069
49,2070
49,2105
49,2108
49,2120
49,2146
49,2180
49,2209
49,2212
49,2305
49,2314
49,2365
49,2368
49,2383
49,2386
49,2427
49,2447
49,2452
49,2459
49,2473
49,2478
49,2587
49,2594
49,2599
49,2642
49,2673
49,2678
49,2690
49,2708
49,2733
49,2739
49,2798
49,2866
49,2875
49,2895
49,2904
49,2949
49,2982
49,2999
49,3003
49,3019
49,3039
49,3111
49,3127
49,3151
49,3167
49,3231
49,3240
49,3265
49,3281
49,3296
49,3299
49,3402
49,3427
49,3444
49,3536
49,3561
49,3588
49,3701
49,3732
49,3756
49,3797
49,3822
49,3823
49,3854
49,3860
49,3862
49,3873
49,3889
49,3892
49,3893
49,3898
49,3935
49,3982
49,3994
49,4053
49,4070
49,4163
49,4169
49,4224
49,4248
49,4286
49,4312
49,4333
49,4351
49,4405
49,4439
49,4494
49,4508
49,4547
49,4572
49,4625
49,4638
49,4658
49,4673
49,4721
49,4722
49,4735
49,4748
49,4846
49,4851
49,4871
49,4923
49,4941
49,4969
49,4973
49,5002
49,5006
49,5040
49,5136
49,5169
49,5252
49,5304
49,5324
49,5357
49,5396
49,5413
49,5419
49,5424
49,5488
49,5573
49,5658
49,5718
49,5727
49,5764
49,5779
49,5784
49,5785
49,5805
49,5810
49,5836
49,5931
49,6000
49,6036
49,6059
49,6065
49,6070
49,6083
49,6111
49,6115
49,6124
49,6140
49,6173
49,6182
49,6221
49,6269
49,6308
49,6316
49,6334
49,6442
49,6458
49,6459
49,6513
49,6514
49,6609
49,6659
49,6694
49,6700
49,6704
49,6772
49,6812
49,6839
49,6878
49,6889
49,6891
49,6920
49,7021
49,7040
49,7045
49,7056
49,7104
49,7215
49,7232
49,7234
49,7250
49,7277
49,7320
49,7323
49,7326
49,7353
49,7385
49,7391
49,7415
49,7505
49,7508
49,7514
49,7529
49,7557
49,7579
49,7582
49,7585
49,7613
49,7649
49,7699
49,7739
49,7766
49,7804
49,7886
49,7890
49,7893
49,7977
49,8042
49,8060
49,8081
49,8118
49,8136
49,8143
49,8155
49,8160
49,8171
49,8230
49,8246
49,8272
49,8290
49,8298
49,8306
49,8309
49,8315
49,8342
49,8431
49,8440
49,8463
49,8529
49,8539
49,8545
49,8581
49,8584
49,8589
49,8595
49,8596
49,8624
49,8633
49,8641
49,8688
49,8700
49,8735
49,8753
49,8776
49,8793
49,8836
49,8923
49,8945
49,8981
49,8996
49,9024
49,9073
49,9120
49,9130
49,9172
49,9190
49,9248
49,9249
49,9309
49,9337
49,9365
49,9387
49,9401
49,9534
49,9581
49,9636
49,9681
49,9715
49,9721
49,9770
49,9788
49,9821
49,9824
49,9846
49,9854
49,9863
49,9867
49,9873
49,9896
49,9914
49,9928
49,9930
49,9942
49,10102
49,10104
49,10144
49,10159
49,10175
49,10216
49,10236
49,10278
49,10293
49,10301
49,10310
49,10411
49,10448
49,10475
49,10502
49,10516
49,10518
49,10559
49,10594
49,10611
49,10653
49,10677
49,10705
49,10756
49,10779
49,10794
49,10822
49,10827
49,10870
49,10875
49,10887
49,10913
49,10998
49,11034
49,11063
49,11064
49,11082
49,11091
49,11110
49,11156
49,11168
49,11196
49,11211
49,11306
49,11333
49,11364
49,11431
49,11505
49,11528
49,11562
49,11565
49,11570
49,11609
49,11619
49,11627
49,11636
49,11665
49,11677
49,11694
49,11701
49,11774
49,11793
49,11817
49,11849
49,11861
49,11887
49,11902
49,11923
49,11935
49,11999
49,12023
49,12061
49,12091
49,12103
49,12146
49,12164
49,12166
49,12169
49,12175
49,12177
49,12215
49,12250
49,12288
49,12314
49,12373
49,12396
49,12492
49,12510
49,12526
49,12544
49,12565
49,12571
49,12627
49,12632
49,12666
49,12680
49,12769
49,12781
49,12787
49,12826
49,12841
49,12875
49,12879
49,12942
49,12965
49,13005
49,13007
49,13031
49,13038
49,13123
49,13165
49,13197
49,13322
49,13334
49,13343
49,13348
49,13381
49,13388
49,13423
49,13444
49,13483
49,13488
49,13498
49,13507
49,13542
49,13550
49,13583
49,13589
49,13592
49,13632
49,13640
49,13662
49,13701
49,13712
49,13787
49,13794
49,13829
49,13891
49,13955
49,13959
49,13965
49,14008
49,14021
49,14064
49,14107
49,14115
49,14116
49,14151
49,14153
49,14158
49,14181
49,14202
49,14285
49,14307
49,14377
49,14428
49,14464
49,14474
49,14499
49,14516
49,14619
49,14649
49,14651
49,14732
49,14750
49,14788
49,14806
49,14857
49,14894
49,14919
49,14920
49,14957
49,14970
49,14977
49,14991
49,15046
49,15064
49,15084
49,15098
49,15129
49,15144
49,15145
49,15146
49,15154
49,15159
49,15166
49,15168
49,15172
49,15200
49,15235
49,15306
49,15384
49,15417
49,15423
49,15501
49,15520
49,15589
49,15608
49,15637
49,15647
49,15717
49,15726
49,15766
49,15771
49,15794
49,15853
49,15884
49,15924
49,15928
49,15999
49,16028
49,16106
49,16109
49,16125
49,16126
49,16163
49,16190
49,16228
49,16239
49,16266
49,16275
49,16293
49,16306
49,16319
49,16343
49,16378
49,16385
49,16387
49,16400
49,16445
49,16507
49,16510
49,16533
49,16536
49,16550
49,16619
49,16630
49,16649
49,16663
49,16722
49,16756
49,16769
49,16802
49,16805
49,16824
49,16885
49,16898
49,16910
49,16939
49,16959
49,16971
49,16979
49,16980
49,17033
49,17048
49,17076
49,17087
49,17114
49,17121
49,17148
49,17213
49,17214
49,17285
49,17286
49,17287
49,17299
49,17321
49,17363
49,17438
49,17443
49,17463
49,17465
49,17466
49,17508
49,17554
49,17629
49,17642
49,17686
49,17717
49,17744
49,17748
49,17765
49,17769
49,17802
49,17803
49,17807
49,17840
49,17874
49,17881
49,17910
49,17912
49,17920
49,17932
49,17953
49,18003
49,18092
49,18131
49,18132
49,18203
49,18219
49,18227
49,18245
49,18259
49,18291
49,18315
49,18324
49,18394
49,18529
49,18583
49,18652
49,18659
49,18673
49,18695
49,18700
49,18729
49,18781
49,18795
49,18797
49,18809
49,18829
49,18874
49,18974
49,18991
49,18995
49,19013
49,19059
49,19074
49,19095
49,19129
49,19276
49,19307
49,19360
49,19365
49,19367
49,19384
49,19419
49,19427
49,19433
49,19435
49,19442
49,19479
49,19511
49,19513
49,19547
49,19623
49,19650
49,19668
49,19677
49,19719
49,19790
49,19824
49,19881
49,19885
49,19928
49,19933
49,19942
49,19980
49,19981
49,20005
49,20011
49,20039
49,20054
49,20061
49,20117
49,20131
49,20136
49,20195
49,20224
49,20226
49,20235
49,20273
49,20289
49,20346
49,20452
49,20454
49,20457
49,20520
49,20532
49,20538
49,20569
49,20573
49,20580
49,20646
49,20650
49,20667
49,20701
49,20705
49,20730
49,20735
49,20766
49,20767
49,20772
49,20778
49,20783
49,20819
49,20842
49,20863
49,20867
49,20946
49,20957
49,20969
49,21049
49,21118
49,21143
49,21156
49,21181
49,21193
49,21213
49,21250
49,21302
49,21330
49,21342
49,21356
49,21360
49,21414
49,21437
49,21442
49,21457
49,21517
49,21598
49,21614
49,21693
49,21710
49,21726
49,21737
49,21759
49,21788
49,21847
49,21877
49,21888
49,21944
49,22063
49,22067
49,22106
49,22114
49,22122
49,22123
49,22197
49,22220
49,22236
49,22289
49,22365
49,22455
49,22486
49,22499
49,22505
49,22516
49,22531
49,22567
49,22577
49,22617
49,22642
49,22646
49,22656
49,22661
49,22670
49,22734
49,22735
49,22796
49,22808
49,22812
49,22831
49,22977
49,22986
49,23001
49,23021
49,23037
49,23086
49,23134
49,23192
49,23232
49,23279
49,23280
49,23313
49,23342
49,23371
49,23419
49,23421
49,23469
49,23490
49,23518
49,23519
49,23524
49,23576
49,23579
49,23593
49,23606
49,23635
49,23645
49,23734
49,23770
49,23832
49,23838
49,23848
49,23913
49,23952
49,23988
49,23994
49,23995
49,24014
49,24101
49,24128
49,24148
49,24151
49,24192
49,24235
49,24240
49,24322
49,24328
49,24410
49,24487
49,24489
49,24504
49,24524
49,24525
49,24555
49,24653
49,24661
49,24662
49,24689
49,24692
49,24781
49,24787
49,24803
49,24834
49,24856
49,24860
49,24986
49,24992
49,25021
49,25042
49,25118
49,25144
49,25178
49,25193
49,25224
49,25236
49,25270
49,25272
49,25290
49,25349
49,25352
49,25433
49,25448
49,25481
49,25489
49,25497
49,25544
49,25546
49,25551
49,25590
49,25687
49,25706
49,25805
49,25811
49,25888
49,25896
49,25915
49,25924
49,25943
49,26027
49,26057
49,26059
49,26142
49,26183
49,26197
49,26198
49,26232
49,26255
49,26272
49,26307
49,26438
49,26458
49,26494
49,26551
49,26555
49,26568
49,26586
49,26614
49,26657
49,26658
49,26687
49,26697
49,26715
49,26720
49,26731
49,26826
49,26850
49,26875
49,26902
49,26941
49,26973
49,26989
49,27026
49,27034
49,27052
49,27071
49,27079
49,27087
49,27107
49,27113
49,27249
49,27264
49,27283
49,27371
49,27378
49,27393
49,27400
49,27403
49,27460
49,27491
49,27547
49,27631
49,27632
49,27660
49,27669
49,27796
49,27829
49,27840
49,27886
49,27902
49,27908
49,27943
49,27971
49,27976
49,27995
49,28019
49,28033
49,28051
49,28059
49,28179
49,28192
49,28212
49,28223
49,28246
49,28289
49,28294
49,28314
49,28353
49,28360
49,28401
49,28402
49,28437
49,28487
49,28489
49,28494
49,28544
49,28606
49,28620
49,28623
49,28634
49,28663
49,28679
49,28699
49,28701
49,28722
49,28738
49,28845
49,29019
49,29030
49,29035
49,29036
49,29043
49,29081
49,29086
49,29092
49,29113
49,29129
49,29136
49,29137
49,29159
49,29171
49,29177
49,29200
49,29218
49,29317
49,29340
49,29392
49,29412
49,29444
49,29465
49,29471
49,29479
49,29524
49,29535
50,1
50,9
50,13
50,64
50,67
50,99
50,117
50,164
50,175
50,195
50,222
50,325
50,356
50,373
50,407
50,448
50,465
50,517
50,529
50,532
50,578
50,580
50,593
50,599
50,724
50,787
50,789
50,798
50,830
50,849
50,890
50,978
50,991
50,1007
50,1025
50,1065
50,1082
50,1105
50,1107
50,1125
50,1131
50,1168
50,1192
50,1225
50,1279
50,1316
50,1323
50,1325
50,1377
50,1384
50,1493
50,1542
50,1551
50,1554
50,1618
50,1623
50,1641
50,1677
50,1710
50,1736
50,1863
50,1882
50,1909
50,1913
50,1959
50,1982
50,1992
50,2026
50,2052
50,2067
50,2090
50,2119
50,2225
50,2260
50,2267
50,2316
50,2336
50,2352
50,2466
50,2483
50,2487
50,2509
50,2562
50,2573
50,2648
50,2668
50,2707
50,2746
50,2778
50,2903
50,2935
50,2962
50,2971
50,3032
50,3063
50,3115
50,3137
50,3188
50,3199
50,3219
50,3240
50,3263
50,3276
50,3305
50,3313
50,3353
50,3358
50,3407
50,3478
50,3543
50,3707
50,3748
50,3776
50,3845
50,3867
50,3881
50,3895
50,3969
50,3978
50,4009
50,4014
50,4019
50,4033
50,4060
50,4079
50,4082
50,4110
50,4128
50,4166
50,4169
50,4180
50,4210
50,4218
50,4255
50,4260
50,4267
50,4278
50,4335
50,4338
50,4403
50,4439
50,4494
50,4525
50,4527
50,4542
50,4558
50,4599
50,4665
50,4717
50,4824
50,4831
50,4855
50,4878
50,4913
50,4919
50,4931
50,4959
50,5023
50,5032
50,5042
50,5044
50,5145
50,5173
50,5198
50,5247
50,5261
50,5306
50,5341
50,5347
50,5479
50,5485
50,5533
50,5546
50,5558
50,5575
50,5597
50,5643
50,5656
50,5665
50,5692
50,5714
50,5749
50,5754
50,5784
50,5848
50,5912
50,5930
50,5931
50,5941
50,5958
50,6021
50,6062
50,6110
50,6126
50,6135
50,6146
50,6206
50,6249
50,6303
50,6375
50,6506
50,6511
50,6512
50,6513
50,6574
50,6661
50,6687
50,6708
50,6923
50,6986
50,7055
50,7083
50,7148
50,7172
50,7210
50,7229
50,7240
50,7245
50,7269
50,7301
50,7304
50,7325
50,7435
50,7502
50,7562
50,7579
50,7597
50,7659
50,7737
50,7805
50,7807
50,7833
50,7840
50,7881
50,7909
50,7973
50,7993
50,8031
50,8036
50,8051
50,8066
50,8071
50,8214
50,8238
50,8241
50,8271
50,8359
50,8367
50,8381
50,8408
50,8434
50,8438
50,8456
50,8490
50,8493
50,8539
50,8543
50,8564
50,8575
50,8578
50,8590
50,8598
50,8607
50,8655
50,8659
50,8689
50,8696
50,8697
50,8711
50,8776
50,8781
50,8839
50,8843
50,8890
50,8896
50,8926
50,8976
50,9005
50,9048
50,9055
50,9072
50,9110
50,9118
50,9129
50,9200
50,9270
50,9283
50,9298
50,9324
50,9334
50,9337
50,9355
50,9378
50,9380
50,9406
50,9478
50,9481
50,9539
50,9576
50,9623
50,9633
50,9649
50,9760
50,9805
50,9891
50,9898
50,9917
50,9976
50,10009
50,10031
50,10056
50,10069
50,10090
50,10109
50,10118
50,10119
50,10171
50,10177
50,10202
50,10239
50,10251
50,10267
50,10275
50,10284
50,10322
50,10335
50,10340
50,10378
50,10410
50,10412
50,10440
50,10482
50,10515
50,10551
50,10571
50,10667
50,10675
50,10696
50,10703
50,10731
50,10743
50,10800
50,10823
50,10831
50,10853
50,10860
50,10958
50,10965
50,11057
50,11097
50,11111
50,11149
50,11154
50,11172
50,11226
50,11283
50,11384
50,11396
50,11444
50,11479
50,11547
50,11563
50,11564
50,11565
50,11686
50,11864
50,11888
50,11908
50,11973
50,11989
50,12058
50,12078
50,12080
50,12113
50,12175
50,12179
50,12200
50,12209
50,12210
50,12266
50,12276
50,12317
50,12400
50,12420
50,12443
50,12500
50,12543
50,12561
50,12569
50,12576
50,12625
50,12687
50,12742
50,12816
50,12830
50,12855
50,12970
50,13016
50,13080
50,13144
50,13148
50,13193
50,13201
50,13205
50,13218
50,13263
50,13267
50,13330
50,13338
50,13381
50,13451
50,13480
50,13523
50,13541
50,13554
50,13562
50,13582
50,13606
50,13663
50,13665
50,13669
50,13692
50,13735
50,13831
50,13877
50,13906
50,13907
50,13927
50,13941
50,14005
50,14018
50,14043
50,14054
50,14081
50,14120
50,14135
50,14153
50,14168
50,14195
50,14204
50,14207
50,14247
50,14270
50,14309
50,14323
50,14400
50,14421
50,14442
50,14627
50,14629
50,14640
50,14652
50,14716
50,14723
50,14747
50,14779
50,14791
50,14811
50,14832
50,14841
50,14845
50,14849
50,14857
50,14862
50,14880
50,14918
50,14929
50,14948
50,14986
50,15022
50,15027
50,15030
50,15040
50,15046
50,15072
50,15125
50,15134
50,15153
50,15160
50,15167
50,15231
50,15278
50,15283
50,15330
50,15334
50,15343
50,15348
50,15373
50,15375
50,15402
50,15435
50,15438
50,15518
50,15566
50,15581
50,15640
50,15670
50,15698
50,15718
50,15783
50,15816
50,15849
50,15852
50,15858
50,15942
50,15948
50,15981
50,16078
50,16158
50,16186
50,16242
50,16298
50,16306
50,16311
50,16323
50,16442
50,16451
50,16464
50,16491
50,16521
50,16528
50,16532
50,16560
50,16569
50,16579
50,16624
50,16634
50,16640
50,16688
50,16691
50,16740
50,16767
50,16832
50,16836
50,16842
50,16852
50,16933
50,16987
50,17007
50,17023
50,17057
50,17058
50,17126
50,17128
50,17132
50,17235
50,17334
50,17391
50,17409
50,17429
50,17463
50,17472
50,17495
50,17529
50,17542
50,17599
50,17631
50,17649
50,17655
50,17675
50,17779
50,17787
50,17850
50,17863
50,17882
50,17900
50,17901
50,17907
50,17939
50,17956
50,17959
50,17988
50,18003
50,18084
50,18087
50,18100
50,18131
50,18161
50,18176
50,18186
50,18222
50,18238
50,18241
50,18251
50,18259
50,18287
50,18290
50,18318
50,18327
50,18352
50,18368
50,18379
50,18466
50,18518
50,18592
50,18695
50,18710
50,18721
50,18726
50,18761
50,18768
50,18771
50,18831
50,18873
50,18875
50,18885
50,18931
50,18951
50,18966
50,18972
50,19003
50,19010
50,19080
50,19095
50,19174
50,19177
50,19187
50,19227
50,19234
50,19270
50,19275
50,19281
50,19306
50,19338
50,19367
50,19370
50,19426
50,19485
50,19497
50,19500
50,19575
50,19624
50,19657
50,19694
50,19699
50,19747
50,19816
50,19843
50,19886
50,19913
50,19914
50,19931
50,19934
50,19970
50,19997
50,20023
50,20034
50,20104
50,20114
50,20122
50,20131
50,20139
50,20146
50,20165
50,20200
50,20201
50,20272
50,20291
50,20312
50,20329
50,20385
50,20456
50,20468
50,20475
50,20530
50,20539
50,20582
50,20583
50,20642
50,20644
50,20702
50,20703
50,20754
50,20767
50,20811
50,20824
50,20856
50,20876
50,20882
50,20919
50,20936
50,20953
50,20987
50,21007
50,21040
50,21047
50,21050
50,21089
50,21120
50,21215
50,21226
50,21229
50,21342
50,21375
50,21418
50,21433
50,21437
50,21493
50,21503
50,21559
50,21566
50,21629
50,21635
50,21675
50,21727
50,21729
50,21770
50,21836
50,21911
50,21944
50,21949
50,21974
50,21990
50,22002
50,22021
50,22043
50,22046
50,22074
50,22089
50,22101
50,22107
50,22142
50,22149
50,22159
50,22181
50,22225
50,22242
50,22252
50,22273
50,22280
50,22289
50,22290
50,22317
50,22342
50,22347
50,22391
50,22450
50,22452
50,22506
50,22578
50,22668
50,22671
50,22696
50,22717
50,22730
50,22731
50,22761
50,22799
50,22803
50,22804
50,22871
50,22962
50,22982
50,23022
50,23039
50,23135
50,23154
50,23164
50,23205
50,23243
50,23386
50,23387
50,23394
50,23425
50,23447
50,23503
50,23529
50,23531
50,23615
50,23658
50,23695
50,23749
50,23779
50,23780
50,23807
50,23830
50,23879
50,23888
50,23921
50,23999
50,24003
50,24133
50,24155
50,24163
50,24171
50,24187
50,24277
50,24278
50,24334
50,24407
50,24519
50,24528
50,24544
50,24640
50,24717
50,24722
50,24736
50,24740
50,24752
50,24775
50,24785
50,24789
50,24794
50,24838
50,24859
50,24938
50,24963
50,24974
50,25026
50,25032
50,25036
50,25041
50,25048
50,25076
50,25134
50,25165
50,25173
50,25177
50,25214
50,25266
50,25335
50,25345
50,25366
50,25426
50,25460
50,25502
50,25504
50,25532
50,25539
50,25548
50,25590
50,25695
50,25703
50,25724
50,25759
50,25778
50,25797
50,25806
50,25822
50,25832
50,25883
50,25939
50,25952
50,25998
50,26016
50,26025
50,26047
50,26053
50,26122
50,26129
50,26184
50,26196
50,26237
50,26248
50,26266
50,26298
50,26362
50,26384
50,26389
50,26421
50,26431
50,26446
50,26493
50,26502
50,26506
50,26518
50,26540
50,26544
50,26589
50,26591
50,26609
50,26614
50,26622
50,26654
50,26667
50,26674
50,26696
50,26698
50,26743
50,26746
50,26820
50,26828
50,26835
50,26857
50,26889
50,26891
50,26900
50,26984
50,27013
50,27040
50,27095
50,27103
50,27114
50,27118
50,27178
50,27187
50,27222
50,27272
50,27316
50,27370
50,27373
50,27414
50,27436
50,27438
50,27459
50,27472
50,27532
50,27620
50,27632
50,27673
50,27683
50,27684
50,27711
50,27769
50,27858
50,27865
50,27879
50,27892
50,27911
50,27973
50,28008
50,28020
50,28028
50,28034
50,28092
50,28094
50,28097
50,28138
50,28160
50,28175
50,28181
50,28188
50,28205
50,28261
50,28271
50,28292
50,28318
50,28359
50,28408
50,28453
50,28507
50,28522
50,28548
50,28550
50,28563
50,28606
50,28628
50,28634
50,28637
50,28681
50,28788
50,28801
50,28820
50,28823
50,28830
50,28876
50,28905
50,28931
50,28939
50,28955
50,29187
50,29274
50,29290
50,29327
50,29359
50,29378
50,29467
50,29484
50,29521
50,29557
51,53
51,70
51,139
51,157
51,174
51,239
51,321
51,341
51,375
51,407
51,416
51,434
51,463
51,484
51,489
51,533
51,542
51,555
51,629
51,636
51,681
51,683
51,694
51,707
51,725
51,771
51,875
51,956
51,958
51,965
51,993
51,1034
51,1066
51,1104
51,1111
51,1142
51,1177
51,1232
51,1268
51,1291
51,1298
51,1301
51,1322
51,1350
51,1388
51,1390
51,1406
51,1430
51,1451
51,1466
51,1483
51,1494
51,1503
51,1509
51,1572
51,1595
51,1596
51,1673
51,1766
51,1770
51,1858
51,1955
51,1958
51,2005
51,2058
51,2102
51,2107
51,2156
51,2190
51,2230
51,2261
51,2264
51,2282
51,2298
51,2329
51,2348
51,2380
51,2389
51,2432
51,2434
51,2447
51,2457
51,2472
51,2498
51,2557
51,2606
51,2617
51,2777
51,2797
51,2837
51,2849
51,2942
51,3025
51,3081
51,3084
51,3108
51,3143
51,3158
51,3181
51,3188
51,3217
51,3238
51,3248
51,3273
51,3296
51,3304
51,3309
51,3313
51,3314
51,3397
51,3531
51,3549
51,3595
51,3624
51,3633
51,3655
51,3659
51,3709
51,3713
51,3727
51,3735
51,3828
51,3862
51,3907
51,3924
51,3991
51,4000
51,4014
51,4126
51,4148
51,4172
51,4187
51,4216
51,4243
51,4251
51,4281
51,4298
51,4321
51,4426
51,4437
51,4459
51,4462
51,4517
51,4537
51,4543
51,4626
51,4670
51,4712
51,4715
51,4762
51,4780
51,4793
51,4794
51,4864
51,4888
51,4904
51,4939
51,4980
51,5064
51,5077
51,5160
51,5163
51,5204
51,5228
51,5266
51,5302
51,5310
51,5361
51,5386
51,5392
51,5403
51,5424
51,5456
51,5463
51,5477
51,5512
51,5515
51,5527
51,5593
51,5597
51,5603
51,5647
51,5667
51,5678
51,5701
51,5705
51,5745
51,5757
51,5768
51,5840
51,5989
51,6038
51,6042
51,6067
51,6082
51,6089
51,6113
51,6223
51,6230
51,6263
51,6277
51,6281
51,6316
51,6337
51,6403
51,6435
51,6464
51,6467
51,6499
51,6536
51,6559
51,6571
51,6577
51,6590
51,6659
51,6674
51,6700
51,6720
51,6740
51,6745
51,6841
51,6858
51,6862
51,6863
51,6896
51,6974
51,7045
51,7056
51,7131
51,7151
51,7195
51,7218
51,7232
51,7240
51,7241
51,7278
51,7304
51,7428
51,7445
51,7457
51,7478
51,7493
51,7545
51,7557
51,7562
51,7621
51,7624
51,7631
51,7677
51,7704
51,7718
51,7813
51,7865
51,7927
51,7947
51,8058
51,8063
51,8081
51,8125
51,8157
51,8162
51,8236
51,8243
51,8252
51,8264
51,8277
51,8290
51,8317
51,8334
51,8410
51,8414
51,8429
51,8458
51,8461
51,8497
51,8514
51,8519
51,8588
51,8631
51,8648
51,8649
51,8660
51,8673
51,8682
51,8801
51,8802
51,8902
51,8904
51,8943
51,8948
51,9072
51,9138
51,9146
51,9150
51,9186
51,9208
51,9229
51,9249
51,9286
51,9356
51,9368
51,9389
51,9403
51,9523
51,9697
51,9720
51,9739
51,9904
51,9925
51,9929
51,10016
51,10043
51,10047
51,10080
51,10150
51,10279
51,10295
51,10297
51,10382
51,10397
51,10398
51,10414
51,10436
51,10494
51,10497
51,10540
51,10565
51,10578
51,10603
51,10636
51,10657
51,10660
51,10681
51,10704
51,10735
51,10737
51,10757
51,10788
51,10799
51,10823
51,10835
51,10858
51,10897
51,10926
51,10951
51,10985
51,11044
51,11045
51,11128
51,11146
51,11184
51,11238
51,11284
51,11338
51,11356
51,11370
51,11395
51,11445
51,11521
51,11697
51,11704
51,11750
51,11762
51,11765
51,11798
51,11900
51,11928
51,12006
51,12009
51,12042
51,12141
51,12182
51,12193
51,12225
51,12239
51,12249
51,12259
51,12297
51,12324
51,12336
51,12407
51,12429
51,12522
51,12553
51,12584
51,12655
51,12682
51,12788
51,12813
51,12831
51,12849
51,12852
51,12865
51,12874
51,12878
51,12923
51,12931
51,12943
51,12958
51,12983
51,12986
51,13012
51,13082
51,13126
51,13263
51,13281
51,13316
51,13327
51,13401
51,13430
51,13500
51,13510
51,13598
51,13643
51,13653
51,13662
51,13685
51,13739
51,13762
51,13766
51,13793
51,13811
51,13834
51,13839
51,13856
51,13892
51,13928
51,13946
51,13994
51,14004
51,14008
51,14038
51,14047
51,14056
51,14060
51,14074
51,14090
51,14127
51,14151
51,14182
51,14185
51,14247
51,14298
51,14393
51,14409
51,14414
51,14471
51,14484
51,14492
51,14577
51,14624
51,14633
51,14636
51,14695
51,14696
51,14697
51,14699
51,14726
51,14728
51,14732
51,14777
51,14783
51,14797
51,14798
51,14812
51,14873
51,14924
51,14964
51,14993
51,14995
51,15157
51,15195
51,15263
51,15270
51,15300
51,15328
51,15350
51,15380
51,15389
51,15390
51,15399
51,15430
51,15460
51,15501
51,15526
51,15574
51,15635
51,15643
51,15685
51,15686
51,15790
51,15834
51,15840
51,15916
51,16009
51,16011
51,16013
51,16015
51,16069
51,16091
51,16104
51,16155
51,16177
51,16189
51,16400
51,16405
51,16420
51,16485
51,16504
51,16519
51,16614
51,16625
51,16697
51,16702
51,16790
51,16795
51,16808
51,16818
51,16835
51,16854
51,16882
51,16891
51,17001
51,17092
51,17108
51,17173
51,17182
51,17189
51,17197
51,17198
51,17275
51,17315
51,17381
51,17412
51,17438
51,17454
51,17482
51,17490
51,17494
51,17508
51,17555
51,17575
51,17581
51,17582
51,17585
51,17675
51,17722
51,17730
51,17755
51,17850
51,17865
51,18010
51,18027
51,18075
51,18091
51,18102
51,18150
51,18218
51,18258
51,18284
51,18322
51,18359
51,18375
51,18400
51,18425
51,18429
51,18453
51,18514
51,18564
51,18579
51,18593
51,18616
51,18641
51,18660
51,18664
51,18708
51,18721
51,18749
51,18773
51,18789
51,18844
51,18900
51,18941
51,18969
51,19047
51,19115
51,19218
51,19226
51,19259
51,19272
51,19305
51,19309
51,19310
51,19366
51,19399
51,19449
51,19463
51,19499
51,19515
51,19548
51,19590
51,19623
51,19641
51,19669
51,19677
51,19704
51,19726
51,19735
51,19862
51,19880
51,19927
51,19955
51,19977
51,20029
51,20064
51,20071
51,20073
51,20118
51,20123
51,20146
51,20167
51,20179
51,20199
51,20259
51,20268
51,20288
51,20302
51,20337
51,20340
51,20347
51,20369
51,20389
51,20434
51,20457
51,20467
51,20619
51,20654
51,20659
51,20663
51,20665
51,20690
51,20699
51,20727
51,20750
51,20791
51,20851
51,20898
51,20973
51,21029
51,21059
51,21100
51,21271
51,21273
51,21355
51,21363
51,21379
51,21417
51,21441
51,21446
51,21488
51,21509
51,21515
51,21517
51,21520
51,21549
51,21563
51,21564
51,21640
51,21642
51,21656
51,21663
51,21692
51,21737
51,21794
51,21800
51,21822
51,21875
51,21904
51,21910
51,21943
51,21950
51,21982
51,22069
51,22073
51,22079
51,22082
51,22167
51,22182
51,22205
51,22219
51,22224
51,22273
51,22283
51,22299
51,22391
51,22395
51,22457
51,22495
51,22496
51,22616
51,22619
51,22626
51,22729
51,22770
51,22822
51,22828
51,22882
51,22941
51,22954
51,23089
51,23121
51,23135
51,23150
51,23166
51,23267
51,23280
51,23301
51,23336
51,23432
51,23440
51,23556
51,23642
51,23670
51,23672
51,23740
51,23744
51,23745
51,23787
51,23863
51,23918
51,23933
51,23943
51,24080
51,24149
51,24153
51,24206
51,24242
51,24290
51,24301
51,24304
51,24346
51,24349
51,24368
51,24405
51,24429
51,24466
51,24492
51,24504
51,24511
51,24542
51,24594
51,24691
51,24776
51,24788
51,24864
51,24905
51,24918
51,24922
51,24939
51,25009
51,25048
51,25067
51,25082
51,25118
51,25128
51,25130
51,25153
51,25199
51,25200
51,25201
51,25235
51,25252
51,25270
51,25295
51,25305
51,25392
51,25423
51,25463
51,25484
51,25513
51,25535
51,25562
51,25583
51,25609
51,25662
51,25664
51,25737
51,25767
51,25772
51,25796
51,25876
51,25949
51,25992
51,26036
51,26129
51,26214
51,26220
51,26252
51,26404
51,26465
51,26488
51,26516
51,26568
51,26579
51,26602
51,26729
51,26762
51,26867
51,26882
51,26894
51,26922
51,26969
51,26987
51,27052
51,27092
51,27116
51,27147
51,27171
51,27173
51,27214
51,27223
51,27244
51,27291
51,27305
51,27323
51,27334
51,27338
51,27363
51,27388
51,27427
51,27447
51,27450
51,27467
51,27506
51,27516
51,27580
51,27601
51,27645
51,27649
51,27661
51,27716
51,27733
51,27765
51,27771
51,27772
51,27811
51,27822
51,27830
51,27836
51,27845
51,27903
51,27959
51,27977
51,27987
51,28068
51,28082
51,28101
51,28116
51,28127
51,28152
51,28173
51,28183
51,28192
51,28206
51,28217
51,28260
51,28299
51,28384
51,28388
51,28427
51,28429
51,28437
51,28438
51,28485
51,28520
51,28557
51,28649
51,28759
51,28785
51,28789
51,28870
51,28872
51,28874
51,28912
51,28928
51,29001
51,29004
51,29057
51,29071
51,29112
51,29123
51,29155
51,29172
51,29316
51,29338
51,29396
51,29424
51,29443
51,29466
51,29504
51,29516
51,29521
51,29538
51,29544
51,29546
51,29554
51,29557
52,11
52,26
52,33
52,81
52,82
52,117
52,124
52,281
52,413
52,443
52,466
52,478
52,496
52,504
52,518
52,535
52,539
52,540
52,543
52,556
52,569
52,610
52,626
52,641
52,662
52,681
52,731
52,738
52,772
52,782
52,800
52,851
52,881
52,930
52,932
52,944
52,959
52,1056
52,1062
52,1073
52,1075
52,1097
52,1103
52,1127
52,1128
52,1142
52,1152
52,1154
52,1162
52,1226
52,1287
52,1323
52,1340
52,1360
52,1538
52,1554
52,1610
52,1663
52,1688
52,1709
52,1711
52,1746
52,1749
52,1764
52,1792
52,1804
52,1845
52,1942
52,1951
52,1959
52,1997
52,2014
52,2059
52,2077
52,2081
52,2093
52,2098
52,2146
52,2187
52,2241
52,2266
52,2310
52,2315
52,2397
52,2402
52,2410
52,2430
52,2443
52,2474
52,2480
52,2548
52,2556
52,2564
52,2591
52,2606
52,2657
52,2666
52,2680
52,2709
52,2714
52,2787
52,2854
52,2868
52,2869
52,2870
52,2912
52,2913
52,2949
52,2966
52,3002
52,3011
52,3013
52,3020
52,3038
52,3041
52,3047
52,3112
52,3169
52,3172
52,3181
52,3185
52,3202
52,3263
52,3278
52,3291
52,3294
52,3313
52,3441
52,3448
52,3559
52,3565
52,3575
52,3598
52,3681
52,3685
52,3687
52,3703
52,3715
52,3736
52,3759
52,3780
52,3789
52,3851
52,3871
52,3924
52,3945
52,3983
52,4046
52,4054
52,4082
52,4094
52,4104
52,4110
52,4112
52,4128
52,4149
52,4179
52,4282
52,4283
52,4290
52,4396
52,4407
52,4467
52,4481
52,4522
52,4568
52,4574
52,4634
52,4674
52,4682
52,4738
52,4741
52,4796
52,4799
52,4862
52,4917
52,4944
52,4950
52,4978
52,4981
52,4997
52,5036
52,5082
52,5167
52,5169
52,5251
52,5379
52,5387
52,5439
52,5488
52,5490
52,5528
52,5560
52,5570
52,5699
52,5738
52,5790
52,5815
52,5820
52,5821
52,5845
52,5847
52,5864
52,5875
52,5974
52,6002
52,6015
52,6043
52,6092
52,6102
52,6128
52,6160
52,6164
52,6173
52,6186
52,6273
52,6309
52,6314
52,6322
52,6343
52,6400
52,6469
52,6511
52,6519
52,6529
52,6646
52,6721
52,6736
52,6747
52,6832
52,6864
52,6872
52,6876
52,6889
52,6929
52,6972
52,6995
52,7005
52,7008
52,7020
52,7046
52,7054
52,7113
52,7211
52,7227
52,7229
52,7292
52,7303
52,7317
52,7337
52,7351
52,7375
52,7424
52,7499
52,7545
52,7593
52,7634
52,7666
52,7682
52,7700
52,7708
52,7759
52,7802
52,7845
52,7861
52,7976
52,8005
52,8039
52,8125
52,8140
52,8145
52,8211
52,8221
52,8286
52,8322
52,8339
52,8341
52,8342
52,8374
52,8382
52,8397
52,8457
52,8460
52,8497
52,8578
52,8596
52,8669
52,8729
52,8742
52,8906
52,8912
52,8960
52,8964
52,8976
52,8991
52,9034
52,9054
52,9077
52,9107
52,9140
52,9170
52,9193
52,9200
52,9286
52,9307
52,9311
52,9313
52,9315
52,9358
52,9392
52,9469
52,9480
52,9506
52,9535
52,9559
52,9576
52,9694
52,9700
52,9802
52,9856
52,9941
52,9951
52,9985
52,9988
52,10009
52,10041
52,10107
52,10145
52,10190
52,10194
52,10198
52,10236
52,10243
52,10258
52,10384
52,10388
52,10392
52,10417
52,10436
52,10484
52,10522
52,10568
52,10593
52,10644
52,10663
52,10675
52,10681
52,10727
52,10787
52,10822
52,10838
52,10843
52,10854
52,10855
52,10857
52,10876
52,10928
52,10944
52,10979
52,10984
52,10988
52,11007
52,11070
52,11074
52,11114
52,11128
52,11129
52,11154
52,11284
52,11301
52,11348
52,11412
52,11415
52,11422
52,11460
52,11461
52,11512
52,11513
52,11516
52,11520
52,11752
52,11862
52,11882
52,11929
52,11956
52,11976
52,11979
52,11989
52,11998
52,12027
52,12099
52,12107
52,12199
52,12222
52,12254
52,12260
52,12303
52,12351
52,12375
52,12432
52,12437
52,12484
52,12603
52,12645
52,12669
52,12686
52,12707
52,12714
52,12719
52,12738
52,12770
52,12856
52,12880
52,12887
52,12914
52,12920
52,12922
52,12940
52,12969
52,13003
52,13031
52,13080
52,13096
52,13157
52,13185
52,13244
52,13324
52,13411
52,13421
52,13463
52,13514
52,13602
52,13626
52,13695
52,13830
52,13952
52,13957
52,13975
52,13987
52,14040
52,14070
52,14100
52,14126
52,14217
52,14232
52,14404
52,14436
52,14498
52,14532
52,14543
52,14605
52,14607
52,14630
52,14669
52,14670
52,14719
52,14720
52,14736
52,14743
52,14757
52,14800
52,14871
52,14877
52,14881
52,14888
52,14904
52,14937
52,14959
52,14965
52,14976
52,15009
52,15066
52,15091
52,15108
52,15153
52,15236
52,15283
52,15312
52,15329
52,15363
52,15373
52,15483
52,15506
52,15510
52,15535
52,15545
52,15585
52,15594
52,15647
52,15652
52,15654
52,15692
52,15757
52,15778
52,15817
52,15866
52,15873
52,15917
52,15925
52,15932
52,15949
52,15955
52,15994
52,16051
52,16107
52,16141
52,16150
52,16184
52,16243
52,16286
52,16296
52,16343
52,16346
52,16356
52,16390
52,16395
52,16505
52,16506
52,16522
52,16527
52,16538
52,16560
52,16655
52,16801
52,16826
52,16846
52,16859
52,16887
52,16895
52,16902
52,16919
52,16967
52,16992
52,17016
52,17020
52,17042
52,17050
52,17051
52,17085
52,17232
52,17259
52,17266
52,17289
52,17296
52,17301
52,17304
52,17339
52,17384
52,17446
52,17454
52,17509
52,17511
52,17516
52,17540
52,17558
52,17566
52,17606
52,17657
52,17672
52,17743
52,17852
52,17872
52,17882
52,17898
52,17928
52,17934
52,17948
52,17953
52,17981
52,17990
52,18000
52,18023
52,18048
52,18064
52,18088
52,18113
52,18120
52,18171
52,18198
52,18199
52,18224
52,18244
52,18310
52,18328
52,18332
52,18342
52,18357
52,18390
52,18442
52,18500
52,18581
52,18587
52,18648
52,18650
52,18651
52,18723
52,18736
52,18863
52,18949
52,18958
52,19021
52,19037
52,19061
52,19071
52,19098
52,19104
52,19112
52,19176
52,19189
52,19203
52,19228
52,19261
52,19278
52,19294
52,19312
52,19404
52,19408
52,19439
52,19444
52,19461
52,19555
52,19564
52,19570
52,19594
52,19616
52,19633
52,19643
52,19759
52,19777
52,19796
52,19820
52,19844
52,19858
52,19863
52,19896
52,19909
52,19929
52,19967
52,19994
52,20012
52,20107
52,20113
52,20117
52,20139
52,20161
52,20187
52,20191
52,20260
52,20292
52,20294
52,20309
52,20325
52,20335
52,20349
52,20407
52,20442
52,20493
52,20516
52,20530
52,20670
52,20700
52,20711
52,20720
52,20791
52,20805
52,20841
52,20848
52,20881
52,20904
52,20951
52,20972
52,20977
52,21018
52,21026
52,21050
52,21055
52,21101
52,21113
52,21125
52,21154
52,21180
52,21191
52,21205
52,21209
52,21255
52,21273
52,21324
52,21360
52,21430
52,21474
52,21594
52,21649
52,21671
52,21682
52,21688
52,21705
52,21708
52,21711
52,21712
52,21720
52,21728
52,21755
52,21776
52,21790
52,21801
52,21888
52,21905
52,21912
52,21919
52,21964
52,21988
52,22019
52,22055
52,22121
52,22171
52,22193
52,22217
52,22227
52,22318
52,22331
52,22387
52,22420
52,22442
52,22454
52,22492
52,22511
52,22521
52,22537
52,22566
52,22583
52,22601
52,22622
52,22634
52,22646
52,22666
52,22670
52,22698
52,22705
52,22711
52,22792
52,22806
52,22849
52,22910
52,22933
52,23004
52,23029
52,23051
52,23063
52,23090
52,23167
52,23171
52,23200
52,23234
52,23259
52,23332
52,23347
52,23348
52,23399
52,23405
52,23408
52,23445
52,23488
52,23505
52,23517
52,23644
52,23679
52,23731
52,23735
52,23744
52,23820
52,23851
52,23877
52,23885
52,23909
52,23919
52,23965
52,24007
52,24028
52,24082
52,24102
52,24116
52,24231
52,24235
52,24280
52,24309
52,24432
52,24452
52,24475
52,24481
52,24531
52,24554
52,24574
52,24594
52,24601
52,24637
52,24647
52,24732
52,24801
52,24806
52,24839
52,24889
52,24951
52,24980
52,25004
52,25043
52,25054
52,25067
52,25132
52,25226
52,25325
52,25349
52,25375
52,25448
52,25450
52,25529
52,25553
52,25573
52,25580
52,25585
52,25619
52,25625
52,25659
52,25675
52,25676
52,25723
52,25756
52,25786
52,25787
52,25794
52,25809
52,25813
52,25823
52,25836
52,25838
52,25848
52,25871
52,25926
52,25983
52,25997
52,26029
52,26068
52,26097
52,26104
52,26112
52,26216
52,26235
52,26298
52,26347
52,26350
52,26417
52,26535
52,26550
52,26589
52,26648
52,26659
52,26665
52,26710
52,26811
52,26860
52,26870
52,26912
52,26946
52,26980
52,27011
52,27029
52,27109
52,27118
52,27187
52,27204
52,27229
52,27257
52,27283
52,27334
52,27338
52,27355
52,27377
52,27476
52,27511
52,27525
52,27552
52,27572
52,27636
52,27637
52,27641
52,27685
52,27711
52,27725
52,27741
52,27828
52,27874
52,27892
52,27902
52,27916
52,27939
52,27977
52,28099
52,28194
52,28206
52,28225
52,28228
52,28254
52,28259
52,28323
52,28350
52,28399
52,28425
52,28426
52,28462
52,28463
52,28543
52,28559
52,28611
52,28612
52,28651
52,28703
52,28811
52,28824
52,28826
52,28851
52,28862
52,28888
52,28903
52,28913
52,28959
52,28975
52,29015
52,29039
52,29044
52,29062
52,29125
52,29190
52,29244
52,29252
52,29334
52,29375
52,29394
52,29422
52,29451
52,29475
52,29508
53,9
53,17
53,19
53,43
53,44
53,68
53,79
53,111
53,140
53,167
53,168
53,189
53,282
53,308
53,368
53,401
53,425
53,427
53,430
53,438
53,472
53,479
53,497
53,508
53,542
53,576
53,605
53,649
53,709
53,724
53,827
53,857
53,889
53,941
53,946
53,963
53,997
53,1111
53,1114
53,1261
53,1275
53,1283
53,1304
53,1308
53,1333
53,1401
53,1462
53,1467
53,1474
53,1483
53,1626
53,1694
53,1706
53,1731
53,1739
53,1773
53,1804
53,1829
53,1861
53,1879
53,1890
53,1950
53,1990
53,2075
53,2080
53,2083
53,2109
53,2111
53,2146
53,2152
53,2222
53,2223
53,2226
53,2261
53,2262
53,2304
53,2309
53,2327
53,2328
53,2387
53,2399
53,2471
53,2485
53,2494
53,2511
53,2516
53,2540
53,2604
53,2605
53,2620
53,2669
53,2689
53,2697
53,2700
53,2740
53,2747
53,2756
53,2782
53,2808
53,2824
53,2829
53,2844
53,2846
53,2861
53,2866
53,2870
53,2880
53,2886
53,2898
53,2963
53,2965
53,2972
53,2976
53,2997
53,3000
53,3018
53,3043
53,3068
53,3077
53,3080
53,3085
53,3105
53,3135
53,3163
53,3170
53,3171
53,3177
53,3196
53,3227
53,3244
53,3246
53,3255
53,3285
53,3296
53,3317
53,3372
53,3394
53,3414
53,3437
53,3574
53,3583
53,3623
53,3658
53,3692
53,3698
53,3705
53,3740
53,3826
53,3831
53,3850
53,3924
53,3955
53,3968
53,4023
53,4032
53,4099
53,4100
53,4118
53,4163
53,4196
53,4205
53,4206
53,4207
53,4208
53,4212
53,4240
53,4243
53,4244
53,4252
53,4275
53,4310
53,4319
53,4353
53,4381
53,4389
53,4461
53,4469
53,4473
53,4483
53,4493
53,4561
53,4567
53,4579
53,4612
53,4617
53,4627
53,4653
53,4669
53,4687
53,4708
53,4719
53,4730
53,4749
53,4752
53,4780
53,4837
53,4879
53,4933
53,4960
53,4965
53,4978
53,4994
53,5052
53,5091
53,5093
53,5119
53,5121
53,5149
53,5172
53,5175
53,5187
53,5232
53,5284
53,5300
53,5310
53,5332
53,5340
53,5369
53,5421
53,5438
53,5451
53,5463
53,5486
53,5550
53,5560
53,5582
53,5619
53,5677
53,5722
53,5746
53,5773
53,5821
53,5841
53,5857
53,5860
53,5910
53,5912
53,5945
53,5966
53,6003
53,6023
53,6033
53,6079
53,6143
53,6179
53,6226
53,6264
53,6329
53,6368
53,6378
53,6382
53,6478
53,6527
53,6549
53,6561
53,6603
53,6611
53,6637
53,6665
53,6669
53,6671
53,6715
53,6731
53,6744
53,6747
53,6752
53,6764
53,6837
53,6845
53,6921
53,6936
53,7003
53,7005
53,7015
53,7037
53,7060
53,7150
53,7168
53,7211
53,7277
53,7284
53,7296
53,7309
53,7332
53,7337
53,7339
53,7345
53,7404
53,7423
53,7459
53,7476
53,7498
53,7515
53,7516
53,7541
53,7544
53,7556
53,7690
53,7696
53,7703
53,7728
53,7749
53,7759
53,7777
53,7789
53,7797
53,7805
53,7812
53,7840
53,7853
53,7910
53,7918
53,7979
53,7993
53,8024
53,8041
53,8046
53,8066
53,8121
53,8125
53,8135
53,8156
53,8191
53,8222
53,8260
53,8307
53,8317
53,8331
53,8382
53,8387
53,8423
53,8426
53,8437
53,8461
53,8509
53,8510
53,8517
53,8526
53,8531
53,8611
53,8613
53,8618
53,8663
53,8677
53,8692
53,8736
53,8791
53,8799
53,8815
53,8822
53,8834
53,8853
53,8863
53,8873
53,8880
53,8901
53,8923
53,8937
53,8983
53,9010
53,9040
53,9058
53,9104
53,9110
53,9118
53,9141
53,9152
53,9166
53,9170
53,9295
53,9347
53,9360
53,9369
53,9383
53,9387
53,9396
53,9405
53,9470
53,9488
53,9507
53,9517
53,9542
53,9578
53,9600
53,9605
53,9613
53,9629
53,9639
53,9642
53,9668
53,9711
53,9746
53,9755
53,9780
53,9838
53,9845
53,9893
53,9907
53,9908
53,9914
53,9942
53,9944
53,9954
53,9956
53,9960
53,9974
53,9975
53,10019
53,10039
53,10068
53,10130
53,10137
53,10141
53,10178
53,10191
53,10230
53,10240
53,10267
53,10297
53,10317
53,10363
53,10370
53,10382
53,10403
53,10405
53,10430
53,10497
53,10537
53,10550
53,10562
53,10587
53,10614
53,10637
53,10666
53,10743
53,10787
53,10803
53,10816
53,10844
53,10861
53,10935
53,10955
53,10978
53,11075
53,11090
53,11125
53,11144
53,11195
53,11211
53,11288
53,11331
53,11348
53,11350
53,11362
53,11409
53,11421
53,11424
53,11433
53,11439
53,11460
53,11462
53,11475
53,11571
53,11600
53,11673
53,11753
53,11758
53,11767
53,11787
53,11793
53,11805
53,11853
53,11875
53,11879
53,11890
53,11904
53,11922
53,11948
53,11950
53,11960
53,11988
53,11994
53,12012
53,12015
53,12018
53,12021
53,12029
53,12086
53,12090
53,12125
53,12140
53,12177
53,12213
53,12255
53,12286
53,12298
53,12303
53,12316
53,12376
53,12377
53,12378
53,12491
53,12497
53,12509
53,12599
53,12613
53,12694
53,12709
53,12726
53,12734
53,12747
53,12773
53,12794
53,12813
53,12880
53,12897
53,13046
53,13066
53,13106
53,13133
53,13145
53,13187
53,13207
53,13214
53,13236
53,13250
53,13257
53,13268
53,13333
53,13356
53,13385
53,13409
53,13413
53,13444
53,13491
53,13495
53,13499
53,13524
53,13534
53,13554
53,13665
53,13666
53,13671
53,13676
53,13705
53,13740
53,13744
53,13766
53,13808
53,13914
53,13920
53,13976
53,13978
53,14007
53,14016
53,14081
53,14096
53,14147
53,14205
53,14241
53,14248
53,14280
53,14310
53,14323
53,14337
53,14375
53,14391
53,14406
53,14455
53,14458
53,14480
53,14546
53,14557
53,14569
53,14589
53,14621
53,14641
53,14650
53,14657
53,14659
53,14749
53,14773
53,14786
53,14795
53,14797
53,14806
53,14811
53,14814
53,14843
53,14882
53,14885
53,14897
53,14931
53,14964
53,14977
53,14988
53,15023
53,15068
53,15077
53,15091
53,15095
53,15107
53,15132
53,15133
53,15134
53,15166
53,15169
53,15195
53,15200
53,15214
53,15223
53,15230
53,15235
53,15241
53,15270
53,15321
53,15328
53,15387
53,15428
53,15457
53,15462
53,15473
53,15477
53,15530
53,15593
53,15620
53,15631
53,15641
53,15727
53,15730
53,15735
53,15744
53,15762
53,15769
53,15796
53,15813
53,15832
53,15833
53,15867
53,15885
53,15927
53,15944
53,15952
53,16034
53,16057
53,16079
53,16108
53,16227
53,16238
53,16250
53,16251
53,16279
53,16294
53,16298
53,16316
53,16352
53,16360
53,16363
53,16366
53,16392
53,16394
53,16450
53,16481
53,16522
53,16543
53,16552
53,16584
53,16609
53,16633
53,16710
53,16738
53,16764
53,16770
53,16816
53,16841
53,16891
53,16904
53,16928
53,16958
53,17019
53,17023
53,17034
53,17047
53,17105
53,17123
53,17141
53,17177
53,17196
53,17226
53,17245
53,17271
53,17316
53,17330
53,17347
53,17355
53,17367
53,17384
53,17429
53,17463
53,17469
53,17508
53,17526
53,17552
53,17569
53,17633
53,17638
53,17639
53,17684
53,17705
53,17745
53,17765
53,17780
53,17790
53,17806
53,17836
53,17852
53,17862
53,17902
53,17924
53,17926
53,17970
53,17974
53,18010
53,18087
53,18100
53,18121
53,18161
53,18197
53,18251
53,18255
53,18283
53,18294
53,18313
53,18365
53,18395
53,18415
53,18448
53,18473
53,18495
53,18558
53,18583
53,18598
53,18627
53,18633
53,18634
53,18673
53,18691
53,18720
53,18733
53,18765
53,18781
53,18830
53,18836
53,18848
53,18906
53,18920
53,18934
53,18937
53,18968
53,18991
53,19016
53,19044
53,19090
53,19095
53,19121
53,19136
53,19150
53,19171
53,19208
53,19214
53,19223
53,19237
53,19247
53,19265
53,19286
53,19292
53,19446
53,19458
53,19462
53,19467
53,19487
53,19495
53,19539
53,19559
53,19566
53,19615
53,19626
53,19674
53,19675
53,19761
53,19771
53,19796
53,19830
53,19833
53,19836
53,19853
53,19921
53,19977
53,20034
53,20049
53,20092
53,20094
53,20106
53,20212
53,20258
53,20263
53,20308
53,20359
53,20399
53,20404
53,20425
53,20456
53,20477
53,20490
53,20510
53,20523
53,20530
53,20574
53,20610
53,20640
53,20645
53,20653
53,20662
53,20667
53,20682
53,20703
53,20730
53,20731
53,20774
53,20794
53,20800
53,20827
53,20876
53,20878
53,20901
53,20921
53,20926
53,20935
53,20937
53,20960
53,21084
53,21101
53,21121
53,21138
53,21189
53,21198
53,21205
53,21215
53,21231
53,21254
53,21266
53,21283
53,21302
53,21307
53,21313
53,21321
53,21355
53,21391
53,21426
53,21453
53,21498
53,21518
53,21533
53,21549
53,21617
53,21632
53,21665
53,21714
53,21738
53,21746
53,21785
53,21798
53,21832
53,21840
53,21867
53,21868
53,21893
53,21913
53,21930
53,21940
53,21952
53,21984
53,22030
53,22042
53,22058
53,22062
53,22082
53,22110
53,22174
53,22225
53,22227
53,22232
53,22241
53,22253
53,22259
53,22266
53,22280
53,22329
53,22365
53,22380
53,22404
53,22457
53,22470
53,22481
53,22496
53,22503
53,22507
53,22508
53,22547
53,22596
53,22658
53,22682
53,22734
53,22736
53,22753
53,22757
53,22797
53,22817
53,22842
53,22855
53,22877
53,22917
53,22923
53,22930
53,22932
53,22938
53,22940
53,22958
53,22965
53,22979
53,23011
53,23035
53,23046
53,23064
53,23078
53,23085
53,23114
53,23121
53,23126
53,23177
53,23178
53,23183
53,23191
53,23194
53,23195
53,23238
53,23275
53,23312
53,23320
53,23353
53,23382
53,23389
53,23396
53,23442
53,23444
53,23466
53,23477
53,23482
53,23509
53,23523
53,23534
53,23552
53,23558
53,23586
53,23587
53,23589
53,23592
53,23603
53,23644
53,23681
53,23686
53,23706
53,23742
53,23771
53,23836
53,23868
53,23919
53,24044
53,24048
53,24093
53,24129
53,24170
53,24193
53,24266
53,24268
53,24287
53,24295
53,24300
53,24301
53,24306
53,24326
53,24378
53,24389
53,24419
53,24427
53,24433
53,24454
53,24457
53,24554
53,24574
53,24578
53,24581
53,24592
53,24597
53,24607
53,24650
53,24661
53,24673
53,24675
53,24679
53,24710
53,24722
53,24773
53,24811
53,24814
53,24908
53,24933
53,24938
53,24952
53,24959
53,24962
53,24970
53,24991
53,25017
53,25047
53,25063
53,25094
53,25096
53,25127
53,25151
53,25169
53,25207
53,25209
53,25216
53,25292
53,25316
53,25351
53,25410
53,25417
53,25461
53,25552
53,25575
53,25604
53,25627
53,25630
53,25660
53,25669
53,25706
53,25719
53,25770
53,25812
53,25835
53,25841
53,25849
53,25947
53,26014
53,26027
53,26067
53,26093
53,26117
53,26150
53,26206
53,26218
53,26310
53,26319
53,26322
53,26337
53,26358
53,26374
53,26403
53,26450
53,26486
53,26498
53,26502
53,26526
53,26571
53,26620
53,26628
53,26635
53,26658
53,26686
53,26695
53,26705
53,26716
53,26746
53,26793
53,26797
53,26805
53,26810
53,26854
53,26862
53,26898
53,26917
53,26954
53,26956
53,27055
53,27105
53,27120
53,27215
53,27243
53,27268
53,27271
53,27312
53,27346
53,27355
53,27397
53,27401
53,27407
53,27409
53,27417
53,27418
53,27419
53,27422
53,27481
53,27482
53,27517
53,27519
53,27539
53,27544
53,27546
53,27559
53,27578
53,27579
53,27595
53,27598
53,27674
53,27683
53,27687
53,27702
53,27743
53,27748
53,27752
53,27753
53,27760
53,27781
53,27798
53,27822
53,27864
53,27871
53,27886
53,27898
53,27909
53,27915
53,27919
53,27920
53,27945
53,27956
53,27974
53,27977
53,27982
53,28025
53,28027
53,28044
53,28057
53,28069
53,28092
53,28103
53,28117
53,28135
53,28146
53,28191
53,28204
53,28206
53,28215
53,28220
53,28237
53,28248
53,28309
53,28318
53,28332
53,28347
53,28358
53,28378
53,28395
53,28400
53,28402
53,28420
53,28432
53,28472
53,28479
53,28518
53,28545
53,28553
53,28558
53,28593
53,28609
53,28631
53,28685
53,28687
53,28693
53,28701
53,28730
53,28734
53,28750
53,28769
53,28791
53,28822
53,28841
53,28879
53,28885
53,28891
53,28934
53,28950
53,28961
53,28969
53,28981
53,29052
53,29066
53,29067
53,29094
53,29161
53,29174
53,29184
53,29188
53,29215
53,29229
53,29262
53,29265
53,29309
53,29323
53,29344
53,29358
53,29367
53,29416
53,29422
53,29427
53,29439
53,29442
53,29484
53,29504
53,29538
53,29543
53,29564
53,29566
54,9
54,43
54,45
54,64
54,83
54,104
54,110
54,115
54,219
54,244
54,279
54,280
54,294
54,299
54,328
54,346
54,392
54,449
54,496
54,500
54,501
54,520
54,523
54,573
54,577
54,597
54,598
54,629
54,643
54,671
54,711
54,718
54,755
54,760
54,821
54,845
54,856
54,867
54,886
54,904
54,937
54,988
54,996
54,1005
54,1007
54,1046
54,1051
54,1066
54,1085
54,1138
54,1142
54,1143
54,1177
54,1210
54,1246
54,1251
54,1292
54,1308
54,1326
54,1342
54,1410
54,1424
54,1435
54,1549
54,1596
54,1754
54,1757
54,1931
54,1959
54,1961
54,1977
54,2003
54,2009
54,2034
54,2052
54,2060
54,2061
54,2078
54,2080
54,2097
54,2125
54,2126
54,2160
54,2229
54,2246
54,2285
54,2292
54,2333
54,2455
54,2457
54,2462
54,2480
54,2553
54,2575
54,2619
54,2649
54,2669
54,2695
54,2705
54,2718
54,2740
54,2781
54,2782
54,2789
54,2800
54,2832
54,2838
54,2855
54,2890
54,2895
54,2911
54,2928
54,2933
54,2991
54,2993
54,3003
54,3023
54,3030
54,3039
54,3045
54,3054
54,3083
54,3096
54,3117
54,3130
54,3134
54,3160
54,3177
54,3180
54,3208
54,3211
54,3213
54,3218
54,3259
54,3270
54,3336
54,3368
54,3387
54,3417
54,3511
54,3541
54,3553
54,3601
54,3618
54,3619
54,3620
54,3626
54,3647
54,3656
54,3675
54,3677
54,3751
54,3767
54,3807
54,3818
54,3903
54,3954
54,3989
54,4036
54,4086
54,4154
54,4204
54,4235
54,4288
54,4292
54,4334
54,4341
54,4343
54,4422
54,4466
54,4477
54,4492
54,4504
54,4505
54,4507
54,4521
54,4538
54,4559
54,4566
54,4609
54,4630
54,4631
54,4643
54,4656
54,4663
54,4671
54,4682
54,4687
54,4740
54,4742
54,4781
54,4786
54,4814
54,4845
54,4862
54,4867
54,4911
54,4975
54,4996
54,5013
54,5065
54,5093
54,5112
54,5117
54,5124
54,5130
54,5204
54,5210
54,5221
54,5222
54,5301
54,5317
54,5365
54,5371
54,5390
54,5427
54,5439
54,5488
54,5509
54,5556
54,5567
54,5571
54,5615
54,5621
54,5625
54,5635
54,5669
54,5695
54,5699
54,5702
54,5719
54,5722
54,5737
54,5739
54,5750
54,5757
54,5758
54,5783
54,5784
54,5795
54,5799
54,5822
54,5857
54,5881
54,5890
54,5908
54,6011
54,6085
54,6097
54,6121
54,6125
54,6152
54,6180
54,6185
54,6210
54,6226
54,6253
54,6260
54,6268
54,6323
54,6325
54,6326
54,6329
54,6371
54,6390
54,6431
54,6432
54,6437
54,6449
54,6451
54,6453
54,6506
54,6521
54,6595
54,6614
54,6618
54,6629
54,6630
54,6649
54,6658
54,6661
54,6669
54,6699
54,6723
54,6747
54,6755
54,6810
54,6850
54,6903
54,6928
54,6973
54,6984
54,7011
54,7025
54,7035
54,7043
54,7060
54,7102
54,7105
54,7115
54,7146
54,7147
54,7172
54,7197
54,7210
54,7255
54,7282
54,7307
54,7340
54,7353
54,7362
54,7365
54,7380
54,7383
54,7405
54,7406
54,7443
54,7453
54,7454
54,7486
54,7493
54,7500
54,7510
54,7525
54,7533
54,7535
54,7548
54,7581
54,7582
54,7602
54,7604
54,7658
54,7663
54,7699
54,7705
54,7719
54,7801
54,7873
54,7939
54,7948
54,7958
54,7962
54,7970
54,8033
54,8057
54,8062
54,8080
54,8087
54,8116
54,8129
54,8151
54,8170
54,8177
54,8197
54,8209
54,8214
54,8220
54,8241
54,8253
54,8273
54,8279
54,8288
54,8313
54,8469
54,8490
54,8497
54,8525
54,8534
54,8536
54,8565
54,8611
54,8633
54,8634
54,8654
54,8721
54,8727
54,8756
54,8775
54,8791
54,8815
54,8817
54,8823
54,8846
54,8849
54,8853
54,8855
54,8867
54,8895
54,8939
54,8979
54,9021
54,9077
54,9093
54,9096
54,9106
54,9118
54,9134
54,9145
54,9160
54,9236
54,9239
54,9265
54,9277
54,9278
54,9311
54,9323
54,9326
54,9330
54,9398
54,9411
54,9412
54,9421
54,9472
54,9489
54,9500
54,9524
54,9554
54,9566
54,9581
54,9582
54,9617
54,9627
54,9629
54,9630
54,9633
54,9642
54,9643
54,9651
54,9689
54,9746
54,9750
54,9761
54,9784
54,9801
54,9803
54,9813
54,9842
54,9866
54,9868
54,9900
54,9918
54,9929
54,9937
54,9955
54,9969
54,9980
54,10020
54,10033
54,10035
54,10048
54,10068
54,10122
54,10138
54,10148
54,10154
54,10157
54,10171
54,10184
54,10237
54,10281
54,10285
54,10344
54,10363
54,10369
54,10380
54,10464
54,10469
54,10530
54,10545
54,10613
54,10620
54,10651
54,10677
54,10735
54,10753
54,10771
54,10781
54,10798
54,10802
54,10833
54,10836
54,10844
54,10898
54,10920
54,10941
54,11042
54,11071
54,11076
54,11125
54,11147
54,11180
54,11293
54,11298
54,11305
54,11328
54,11329
54,11335
54,11353
54,11381
54,11397
54,11420
54,11442
54,11443
54,11444
54,11460
54,11493
54,11512
54,11518
54,11531
54,11542
54,11546
54,11555
54,11569
54,11571
54,11596
54,11606
54,11612
54,11622
54,11632
54,11653
54,11669
54,11685
54,11687
54,11705
54,11733
54,11739
54,11740
54,11782
54,11790
54,11803
54,11805
54,11808
54,11837
54,11865
54,11872
54,11897
54,11907
54,11916
54,11938
54,11969
54,11999
54,12049
54,12059
54,12071
54,12123
54,12131
54,12138
54,12150
54,12176
54,12225
54,12237
54,12263
54,12278
54,12295
54,12298
54,12318
54,12327
54,12332
54,12338
54,12339
54,12375
54,12390
54,12396
54,12397
54,12401
54,12424
54,12452
54,12527
54,12530
54,12577
54,12590
54,12641
54,12657
54,12664
54,12676
54,12704
54,12721
54,12769
54,12852
54,12878
54,12881
54,12896
54,12927
54,12932
54,12948
54,12985
54,12989
54,13051
54,13054
54,13060
54,13080
54,13107
54,13132
54,13136
54,13166
54,13181
54,13206
54,13250
54,13253
54,13263
54,13281
54,13291
54,13303
54,13322
54,13328
54,13343
54,13352
54,13354
54,13360
54,13371
54,13372
54,13377
54,13378
54,13381
54,13410
54,13430
54,13431
54,13433
54,13465
54,13524
54,13534
54,13554
54,13588
54,13592
54,13637
54,13639
54,13643
54,13672
54,13686
54,13689
54,13705
54,13716
54,13737
54,13772
54,13795
54,13809
54,13816
54,13864
54,13868
54,13893
54,13906
54,13910
54,13937
54,13966
54,13968
54,13996
54,14027
54,14046
54,14131
54,14135
54,14201
54,14204
54,14205
54,14268
54,14272
54,14352
54,14364
54,14367
54,14377
54,14394
54,14399
54,14416
54,14428
54,14429
54,14438
54,14475
54,14481
54,14541
54,14557
54,14561
54,14569
54,14582
54,14621
54,14685
54,14700
54,14703
54,14706
54,14778
54,14780
54,14809
54,14829
54,14920
54,14924
54,14933
54,14936
54,14939
54,14965
54,14979
54,14980
54,14984
54,15022
54,15027
54,15061
54,15064
54,15177
54,15182
54,15219
54,15221
54,15250
54,15276
54,15277
54,15278
54,15289
54,15292
54,15296
54,15306
54,15331
54,15404
54,15452
54,15467
54,15496
54,15500
54,15501
54,15514
54,15520
54,15550
54,15558
54,15567
54,15588
54,15595
54,15598
54,15610
54,15630
54,15691
54,15707
54,15709
54,15750
54,15756
54,15769
54,15799
54,15852
54,15906
54,15940
54,15963
54,15964
54,15998
54,16020
54,16044
54,16066
54,16090
54,16099
54,16126
54,16140
54,16164
54,16192
54,16199
54,16219
54,16227
54,16230
54,16240
54,16244
54,16252
54,16273
54,16275
54,16297
54,16312
54,16358
54,16377
54,16389
54,16391
54,16405
54,16410
54,16418
54,16431
54,16444
54,16453
54,16454
54,16477
54,16484
54,16488
54,16510
54,16531
54,16539
54,16552
54,16556
54,16577
54,16578
54,16590
54,16623
54,16630
54,16657
54,16663
54,16670
54,16722
54,16723
54,16728
54,16737
54,16768
54,16770
54,16857
54,16884
54,16902
54,16928
54,16992
54,16998
54,17007
54,17031
54,17045
54,17053
54,17054
54,17060
54,17070
54,17132
54,17156
54,17177
54,17183
54,17189
54,17208
54,17214
54,17254
54,17267
54,17310
54,17350
54,17371
54,17376
54,17410
54,17447
54,17499
54,17500
54,17521
54,17541
54,17553
54,17567
54,17585
54,17634
54,17638
54,17681
54,17701
54,17718
54,17751
54,17759
54,17767
54,17768
54,17774
54,17794
54,17836
54,17841
54,17854
54,17855
54,17867
54,17903
54,17914
54,17932
54,17961
54,18012
54,18030
54,18049
54,18076
54,18081
54,18108
54,18148
54,18160
54,18171
54,18172
54,18185
54,18192
54,18204
54,18234
54,18243
54,18293
54,18308
54,18368
54,18392
54,18408
54,18416
54,18422
54,18448
54,18501
54,18505
54,18515
54,18521
54,18527
54,18544
54,18561
54,18569
54,18593
54,18596
54,18624
54,18627
54,18650
54,18657
54,18687
54,18719
54,18724
54,18733
54,18741
54,18765
54,18774
54,18777
54,18789
54,18833
54,18834
54,18872
54,18923
54,18924
54,18986
54,19040
54,19057
54,19072
54,19085
54,19088
54,19131
54,19133
54,19156
54,19195
54,19213
54,19264
54,19273
54,19277
54,19299
54,19323
54,19343
54,19353
54,19381
54,19397
54,19404
54,19438
54,19441
54,19449
54,19466
54,19519
54,19586
54,19598
54,19602
54,19605
54,19607
54,19613
54,19623
54,19640
54,19658
54,19662
54,19721
54,19741
54,19752
54,19758
54,19764
54,19804
54,19876
54,19895
54,19916
54,19919
54,19935
54,19966
54,19969
54,19979
54,20010
54,20028
54,20046
54,20064
54,20090
54,20097
54,20155
54,20168
54,20178
54,20194
54,20201
54,20305
54,20310
54,20333
54,20351
54,20369
54,20379
54,20391
54,20399
54,20407
54,20456
54,20476
54,20596
54,20600
54,20603
54,20645
54,20673
54,20675
54,20695
54,20707
54,20717
54,20719
54,20741
54,20746
54,20770
54,20777
54,20809
54,20824
54,20829
54,20858
54,20868
54,20949
54,20966
54,21014
54,21048
54,21053
54,21058
54,21076
54,21077
54,21089
54,21090
54,21094
54,21103
54,21106
54,21121
54,21140
54,21149
54,21158
54,21166
54,21170
54,21176
54,21183
54,21195
54,21211
54,21243
54,21263
54,21270
54,21301
54,21330
54,21355
54,21365
54,21463
54,21466
54,21501
54,21512
54,21520
54,21534
54,21580
54,21581
54,21604
54,21614
54,21634
54,21641
54,21657
54,21659
54,21699
54,21711
54,21718
54,21781
54,21807
54,21823
54,21849
54,21887
54,21893
54,21935
54,21959
54,21997
54,22004
54,22036
54,22062
54,22066
54,22076
54,22091
54,22097
54,22117
54,22161
54,22168
54,22211
54,22226
54,22228
54,22230
54,22233
54,22272
54,22411
54,22433
54,22451
54,22454
54,22468
54,22484
54,22500
54,22506
54,22524
54,22551
54,22573
54,22580
54,22618
54,22622
54,22645
54,22650
54,22674
54,22762
54,22786
54,22817
54,22863
54,22871
54,22888
54,22904
54,22917
54,22926
54,22930
54,23060
54,23093
54,23098
54,23109
54,23120
54,23122
54,23166
54,23186
54,23258
54,23259
54,23268
54,23346
54,23370
54,23391
54,23405
54,23449
54,23461
54,23496
54,23498
54,23501
54,23534
54,23550
54,23573
54,23617
54,23620
54,23650
54,23655
54,23762
54,23773
54,23798
54,23820
54,23825
54,23834
54,23847
54,23849
54,23854
54,23855
54,23863
54,23873
54,23908
54,23943
54,23956
54,23969
54,23976
54,23985
54,23992
54,23995
54,24010
54,24028
54,24033
54,24036
54,24056
54,24077
54,24079
54,24088
54,24097
54,24116
54,24138
54,24170
54,24178
54,24202
54,24218
54,24257
54,24325
54,24327
54,24434
54,24440
54,24443
54,24449
54,24463
54,24473
54,24494
54,24507
54,24520
54,24536
54,24554
54,24606
54,24635
54,24648
54,24706
54,24770
54,24804
54,24833
54,24847
54,24919
54,24932
54,24934
54,24943
54,24961
54,24962
54,24975
54,24980
54,25028
54,25032
54,25033
54,25039
54,25040
54,25048
54,25054
54,25070
54,25094
54,25101
54,25126
54,25137
54,25162
54,25168
54,25233
54,25249
54,25294
54,25304
54,25337
54,25344
54,25357
54,25365
54,25369
54,25375
54,25380
54,25413
54,25430
54,25534
54,25583
54,25609
54,25632
54,25670
54,25678
54,25684
54,25688
54,25725
54,25778
54,25882
54,25883
54,25915
54,25978
54,25987
54,26006
54,26091
54,26184
54,26206
54,26208
54,26213
54,26221
54,26224
54,26263
54,26268
54,26285
54,26314
54,26318
54,26390
54,26416
54,26428
54,26476
54,26480
54,26510
54,26515
54,26537
54,26547
54,26549
54,26577
54,26585
54,26651
54,26668
54,26682
54,26710
54,26739
54,26741
54,26754
54,26785
54,26802
54,26822
54,26826
54,26841
54,26849
54,26896
54,26904
54,26909
54,26919
54,26929
54,26969
54,26996
54,27032
54,27039
54,27043
54,27058
54,27075
54,27079
54,27105
54,27119
54,27130
54,27134
54,27138
54,27151
54,27157
54,27187
54,27230
54,27245
54,27261
54,27351
54,27355
54,27444
54,27499
54,27500
54,27512
54,27542
54,27552
54,27559
54,27616
54,27620
54,27653
54,27663
54,27686
54,27706
54,27725
54,27736
54,27738
54,27781
54,27797
54,27822
54,27849
54,27880
54,27906
54,27925
54,27974
54,27990
54,28004
54,28005
54,28018
54,28066
54,28126
54,28147
54,28148
54,28158
54,28185
54,28226
54,28258
54,28266
54,28267
54,28272
54,28283
54,28290
54,28316
54,28334
54,28395
54,28414
54,28416
54,28418
54,28420
54,28423
54,28452
54,28464
54,28530
54,28537
54,28547
54,28556
54,28577
54,28579
54,28632
54,28692
54,28713
54,28743
54,28745
54,28819
54,28858
54,28898
54,28907
54,28940
54,28945
54,28951
54,28981
54,28991
54,28998
54,29079
54,29086
54,29091
54,29097
54,29158
54,29162
54,29180
54,29208
54,29223
54,29294
54,29297
54,29298
54,29310
54,29318
54,29322
54,29346
54,29362
54,29381
54,29389
54,29401
54,29406
54,29415
54,29439
54,29468
54,29469
54,29507
54,29517
54,29519
54,29525
54,29535
54,29549
54,29552
55,16
55,72
55,95
55,186
55,187
55,196
55,215
55,261
55,271
55,288
55,337
55,361
55,368
55,440
55,442
55,460
55,475
55,524
55,600
55,616
55,651
55,690
55,691
55,751
55,783
55,797
55,815
55,825
55,837
55,867
55,879
55,918
55,993
55,1029
55,1067
55,1158
55,1159
55,1187
55,1221
55,1258
55,1285
55,1327
55,1343
55,1416
55,1481
55,1483
55,1490
55,1495
55,1547
55,1655
55,1661
55,1665
55,1678
55,1680
55,1698
55,1710
55,1728
55,1809
55,1850
55,1874
55,1896
55,1919
55,1979
55,2023
55,2051
55,2149
55,2172
55,2204
55,2228
55,2239
55,2274
55,2290
55,2326
55,2334
55,2420
55,2446
55,2474
55,2488
55,2561
55,2572
55,2580
55,2599
55,2608
55,2622
55,2633
55,2679
55,2711
55,2735
55,2755
55,2765
55,2810
55,2812
55,2822
55,2849
55,2858
55,2883
55,2932
55,2945
55,2960
55,3007
55,3034
55,3046
55,3072
55,3105
55,3122
55,3136
55,3217
55,3249
55,3288
55,3292
55,3301
55,3381
55,3397
55,3413
55,3506
55,3537
55,3546
55,3559
55,3576
55,3578
55,3620
55,3655
55,3690
55,3704
55,3714
55,3725
55,3735
55,3747
55,3763
55,3782
55,3810
55,3815
55,3851
55,3864
55,3866
55,3872
55,3901
55,3937
55,3966
55,4086
55,4131
55,4144
55,4181
55,4183
55,4186
55,4201
55,4280
55,4284
55,4292
55,4296
55,4303
55,4331
55,4340
55,4370
55,4404
55,4425
55,4427
55,4431
55,4547
55,4581
55,4586
55,4602
55,4640
55,4650
55,4695
55,4706
55,4707
55,4724
55,4733
55,4738
55,4782
55,4799
55,4824
55,4896
55,4902
55,4934
55,5013
55,5038
55,5052
55,5059
55,5105
55,5112
55,5133
55,5162
55,5184
55,5196
55,5211
55,5219
55,5247
55,5257
55,5335
55,5351
55,5369
55,5394
55,5406
55,5412
55,5521
55,5531
55,5539
55,5547
55,5559
55,5599
55,5634
55,5727
55,5772
55,5785
55,5794
55,5814
55,5855
55,5881
55,5946
55,5960
55,5968
55,5998
55,6007
55,6037
55,6080
55,6084
55,6090
55,6097
55,6126
55,6140
55,6173
55,6214
55,6219
55,6386
55,6389
55,6402
55,6465
55,6470
55,6486
55,6540
55,6631
55,6634
55,6651
55,6657
55,6663
55,6670
55,6752
55,6811
55,6843
55,6854
55,6898
55,6909
55,7023
55,7028
55,7097
55,7173
55,7216
55,7254
55,7272
55,7289
55,7339
55,7378
55,7395
55,7448
55,7545
55,7565
55,7569
55,7586
55,7655
55,7692
55,7707
55,7755
55,7764
55,7777
55,7798
55,7802
55,7831
55,7894
55,7958
55,8201
55,8223
55,8239
55,8250
55,8268
55,8335
55,8361
55,8370
55,8394
55,8429
55,8473
55,8502
55,8529
55,8563
55,8605
55,8627
55,8667
55,8742
55,8762
55,8764
55,8817
55,8856
55,8899
55,8989
55,9088
55,9119
55,9201
55,9203
55,9249
55,9286
55,9297
55,9306
55,9309
55,9352
55,9354
55,9459
55,9527
55,9528
55,9533
55,9551
55,9602
55,9614
55,9629
55,9634
55,9647
55,9726
55,9770
55,9780
55,9784
55,9794
55,9853
55,9914
55,9921
55,9978
55,10025
55,10037
55,10038
55,10074
55,10081
55,10108
55,10113
55,10185
55,10216
55,10257
55,10262
55,10286
55,10340
55,10361
55,10390
55,10392
55,10395
55,10408
55,10456
55,10479
55,10492
55,10516
55,10544
55,10550
55,10566
55,10625
55,10680
55,10722
55,10751
55,10774
55,10805
55,10829
55,10864
55,10898
55,10934
55,10978
55,10992
55,11030
55,11039
55,11078
55,11124
55,11125
55,11145
55,11193
55,11208
55,11235
55,11241
55,11301
55,11311
55,11319
55,11325
55,11337
55,11369
55,11376
55,11435
55,11481
55,11523
55,11542
55,11595
55,11613
55,11631
55,11688
55,11746
55,11762
55,11774
55,11816
55,11836
55,11879
55,11885
55,11916
55,11933
55,11944
55,11982
55,12032
55,12043
55,12051
55,12075
55,12099
55,12112
55,12115
55,12126
55,12138
55,12164
55,12238
55,12247
55,12304
55,12330
55,12390
55,12396
55,12412
55,12421
55,12428
55,12429
55,12437
55,12449
55,12474
55,12489
55,12501
55,12544
55,12571
55,12621
55,12638
55,12657
55,12679
55,12702
55,12716
55,12825
55,12873
55,12955
55,12967
55,12995
55,13052
55,13085
55,13136
55,13187
55,13293
55,13316
55,13413
55,13430
55,13470
55,13474
55,13475
55,13493
55,13513
55,13515
55,13527
55,13609
55,13615
55,13620
55,13633
55,13644
55,13660
55,13692
55,13699
55,13711
55,13716
55,13800
55,13851
55,13858
55,13885
55,13893
55,13914
55,13917
55,13951
55,14018
55,14029
55,14132
55,14228
55,14242
55,14250
55,14259
55,14283
55,14372
55,14379
55,14392
55,14425
55,14432
55,14588
55,14615
55,14618
55,14623
55,14663
55,14707
55,14753
55,14764
55,14868
55,14915
55,14916
55,14947
55,15103
55,15114
55,15194
55,15198
55,15244
55,15247
55,15286
55,15304
55,15309
55,15333
55,15446
55,15449
55,15451
55,15484
55,15503
55,15547
55,15581
55,15607
55,15615
55,15620
55,15640
55,15689
55,15692
55,15737
55,15778
55,15865
55,15877
55,15932
55,15948
55,15983
55,16024
55,16026
55,16043
55,16052
55,16096
55,16135
55,16140
55,16160
55,16168
55,16194
55,16203
55,16235
55,16244
55,16252
55,16259
55,16289
55,16307
55,16313
55,16362
55,16384
55,16540
55,16595
55,16658
55,16678
55,16703
55,16711
55,16742
55,16744
55,16758
55,16789
55,16794
55,16904
55,16922
55,16930
55,16932
55,16944
55,16968
55,17064
55,17067
55,17095
55,17124
55,17131
55,17133
55,17136
55,17216
55,17279
55,17281
55,17300
55,17312
55,17326
55,17454
55,17458
55,17472
55,17496
55,17508
55,17554
55,17573
55,17583
55,17618
55,17647
55,17652
55,17656
55,17658
55,17706
55,17752
55,17811
55,17876
55,17887
55,17966
55,17978
55,18000
55,18015
55,18017
55,18019
55,18021
55,18079
55,18080
55,18133
55,18171
55,18177
55,18182
55,18213
55,18245
55,18267
55,18290
55,18292
55,18310
55,18378
55,18381
55,18397
55,18435
55,18457
55,18488
55,18525
55,18538
55,18542
55,18544
55,18560
55,18633
55,18648
55,18689
55,18701
55,18714
55,18764
55,18774
55,18811
55,18936
55,18955
55,18982
55,18994
55,19028
55,19107
55,19195
55,19260
55,19313
55,19330
55,19336
55,19375
55,19466
55,19482
55,19528
55,19536
55,19540
55,19542
55,19543
55,19577
55,19588
55,19647
55,19650
55,19680
55,19691
55,19692
55,19700
55,19714
55,19771
55,19836
55,19887
55,19891
55,19958
55,19960
55,19985
55,20035
55,20110
55,20160
55,20163
55,20209
55,20238
55,20247
55,20286
55,20350
55,20455
55,20458
55,20469
55,20474
55,20522
55,20533
55,20565
55,20644
55,20652
55,20684
55,20700
55,20701
55,20710
55,20731
55,20756
55,20762
55,20786
55,20805
55,20815
55,20823
55,20828
55,20842
55,20848
55,20889
55,20897
55,20945
55,20958
55,20993
55,21030
55,21040
55,21051
55,21118
55,21120
55,21152
55,21191
55,21224
55,21263
55,21314
55,21394
55,21484
55,21507
55,21516
55,21526
55,21574
55,21576
55,21610
55,21634
55,21659
55,21676
55,21701
55,21721
55,21745
55,21784
55,21814
55,21820
55,21926
55,21977
55,22056
55,22116
55,22197
55,22204
55,22205
55,22251
55,22301
55,22304
55,22347
55,22354
55,22369
55,22464
55,22526
55,22528
55,22558
55,22565
55,22604
55,22609
55,22673
55,22701
55,22735
55,22756
55,22873
55,22892
55,22917
55,22941
55,22952
55,22969
55,22974
55,22992
55,23001
55,23034
55,23038
55,23084
55,23112
55,23145
55,23190
55,23199
55,23206
55,23207
55,23239
55,23256
55,23300
55,23366
55,23374
55,23375
55,23457
55,23501
55,23502
55,23514
55,23535
55,23581
55,23605
55,23666
55,23676
55,23744
55,23767
55,23775
55,23786
55,23795
55,23799
55,23808
55,23897
55,23915
55,23953
55,23974
55,24010
55,24083
55,24127
55,24139
55,24166
55,24185
55,24239
55,24266
55,24315
55,24317
55,24352
55,24398
55,24409
55,24420
55,24451
55,24503
55,24519
55,24524
55,24531
55,24551
55,24570
55,24571
55,24581
55,24602
55,24621
55,24622
55,24677
55,24710
55,24725
55,24731
55,24736
55,24748
55,24749
55,24775
55,24787
55,24807
55,24810
55,24818
55,24849
55,24861
55,24874
55,24897
55,24965
55,25008
55,25009
55,25013
55,25017
55,25061
55,25074
55,25126
55,25182
55,25184
55,25190
55,25239
55,25263
55,25271
55,25293
55,25314
55,25344
55,25349
55,25394
55,25462
55,25503
55,25524
55,25565
55,25573
55,25615
55,25689
55,25696
55,25697
55,25732
55,25736
55,25777
55,25787
55,25789
55,25790
55,25800
55,25817
55,25852
55,25939
55,25950
55,25955
55,25978
55,26018
55,26034
55,26099
55,26118
55,26135
55,26160
55,26207
55,26243
55,26249
55,26268
55,26341
55,26343
55,26389
55,26404
55,26437
55,26450
55,26465
55,26498
55,26500
55,26514
55,26526
55,26539
55,26543
55,26547
55,26630
55,26652
55,26660
55,26665
55,26683
55,26719
55,26727
55,26819
55,26842
55,26884
55,26900
55,26948
55,26999
55,27025
55,27055
55,27074
55,27110
55,27154
55,27200
55,27249
55,27251
55,27267
55,27337
55,27343
55,27353
55,27421
55,27435
55,27471
55,27490
55,27520
55,27601
55,27671
55,27672
55,27750
55,27756
55,27781
55,27820
55,27871
55,27896
55,27899
55,27972
55,27976
55,27978
55,27985
55,28108
55,28121
55,28123
55,28191
55,28225
55,28234
55,28241
55,28277
55,28288
55,28290
55,28299
55,28348
55,28355
55,28458
55,28467
55,28470
55,28484
55,28493
55,28520
55,28524
55,28643
55,28682
55,28684
55,28705
55,28728
55,28757
55,28759
55,28801
55,28832
55,28851
55,28865
55,28955
55,28976
55,29002
55,29044
55,29084
55,29088
55,29092
55,29113
55,29114
55,29224
55,29291
55,29295
55,29309
55,29315
55,29343
55,29367
55,29419
55,29428
55,29449
55,29453
55,29541
55,29567
56,28
56,46
56,90
56,130
56,149
56,216
56,254
56,312
56,339
56,359
56,387
56,391
56,438
56,446
56,581
56,597
56,666
56,674
56,694
56,754
56,801
56,832
56,844
56,893
56,906
56,923
56,924
56,982
56,990
56,1012
56,1077
56,1080
56,1132
56,1133
56,1138
56,1139
56,1164
56,1172
56,1173
56,1179
56,1201
56,1218
56,1233
56,1274
56,1289
56,1400
56,1402
56,1407
56,1408
56,1445
56,1453
56,1484
56,1516
56,1574
56,1578
56,1579
56,1587
56,1595
56,1644
56,1653
56,1689
56,1714
56,1739
56,1770
56,1800
56,1809
56,1815
56,1817
56,1845
56,1881
56,1883
56,1926
56,1934
56,1998
56,2036
56,2098
56,2112
56,2133
56,2152
56,2157
56,2179
56,2237
56,2263
56,2319
56,2323
56,2336
56,2358
56,2411
56,2426
56,2445
56,2451
56,2477
56,2550
56,2602
56,2641
56,2732
56,2774
56,2787
56,2864
56,2882
56,2905
56,2955
56,3029
56,3041
56,3058
56,3075
56,3122
56,3131
56,3143
56,3165
56,3246
56,3291
56,3318
56,3346
56,3370
56,3424
56,3486
56,3491
56,3562
56,3586
56,3600
56,3649
56,3670
56,3712
56,3732
56,3784
56,3853
56,3854
56,3861
56,3911
56,3926
56,3928
56,3966
56,3968
56,3980
56,4071
56,4106
56,4140
56,4165
56,4271
56,4309
56,4316
56,4356
56,4368
56,4390
56,4400
56,4408
56,4447
56,4477
56,4480
56,4528
56,4548
56,4561
56,4615
56,4623
56,4681
56,4690
56,4707
56,4708
56,4721
56,4741
56,4818
56,4895
56,4949
56,4964
56,4994
56,5037
56,5150
56,5156
56,5179
56,5267
56,5322
56,5340
56,5416
56,5426
56,5438
56,5444
56,5472
56,5498
56,5520
56,5522
56,5570
56,5591
56,5610
56,5620
56,5661
56,5686
56,5706
56,5742
56,5828
56,5856
56,5882
56,5930
56,5932
56,5958
56,5967
56,5976
56,6011
56,6015
56,6069
56,6108
56,6128
56,6147
56,6222
56,6238
56,6262
56,6340
56,6384
56,6429
56,6440
56,6450
56,6477
56,6493
56,6604
56,6619
56,6622
56,6656
56,6674
56,6810
56,6813
56,6889
56,6956
56,7054
56,7059
56,7066
56,7069
56,7112
56,7116
56,7134
56,7137
56,7150
56,7172
56,7194
56,7201
56,7217
56,7268
56,7273
56,7334
56,7373
56,7433
56,7452
56,7453
56,7466
56,7467
56,7471
56,7489
56,7539
56,7545
56,7551
56,7552
56,7565
56,7569
56,7636
56,7642
56,7648
56,7652
56,7665
56,7666
56,7722
56,7739
56,7826
56,7831
56,7858
56,7921
56,7947
56,7959
56,7964
56,7976
56,8085
56,8109
56,8122
56,8131
56,8133
56,8160
56,8175
56,8178
56,8194
56,8196
56,8211
56,8245
56,8256
56,8288
56,8331
56,8377
56,8504
56,8522
56,8529
56,8606
56,8688
56,8720
56,8803
56,8880
56,8881
56,8945
56,9006
56,9011
56,9022
56,9052
56,9072
56,9078
56,9129
56,9136
56,9152
56,9163
56,9201
56,9230
56,9237
56,9247
56,9261
56,9262
56,9263
56,9282
56,9296
56,9343
56,9355
56,9377
56,9484
56,9532
56,9582
56,9595
56,9596
56,9624
56,9651
56,9687
56,9693
56,9698
56,9707
56,9728
56,9775
56,9784
56,9788
56,9807
56,9840
56,9903
56,9953
56,9963
56,9994
56,10006
56,10039
56,10073
56,10077
56,10102
56,10125
56,10150
56,10154
56,10241
56,10300
56,10309
56,10460
56,10467
56,10503
56,10530
56,10535
56,10553
56,10557
56,10563
56,10603
56,10652
56,10773
56,10806
56,10854
56,10865
56,10923
56,10937
56,10978
56,11023
56,11031
56,11094
56,11105
56,11112
56,11164
56,11166
56,11237
56,11327
56,11352
56,11354
56,11501
56,11503
56,11505
56,11564
56,11650
56,11666
56,11674
56,11729
56,11754
56,11788
56,11813
56,11822
56,11841
56,11885
56,11954
56,12120
56,12134
56,12165
56,12264
56,12295
56,12324
56,12330
56,12336
56,12346
56,12365
56,12420
56,12465
56,12492
56,12493
56,12520
56,12524
56,12525
56,12526
56,12530
56,12582
56,12592
56,12595
56,12622
56,12637
56,12648
56,12654
56,12674
56,12718
56,12721
56,12731
56,12770
56,12799
56,12898
56,12988
56,13007
56,13051
56,13056
56,13092
56,13122
56,13131
56,13166
56,13200
56,13254
56,13301
56,13333
56,13351
56,13412
56,13419
56,13432
56,13458
56,13506
56,13603
56,13604
56,13628
56,13649
56,13701
56,13733
56,13743
56,13813
56,13825
56,13835
56,13852
56,13881
56,13912
56,13915
56,13918
56,13935
56,14006
56,14037
56,14069
56,14107
56,14127
56,14128
56,14147
56,14312
56,14331
56,14341
56,14379
56,14394
56,14428
56,14448
56,14463
56,14471
56,14518
56,14522
56,14551
56,14560
56,14566
56,14620
56,14628
56,14644
56,14657
56,14700
56,14729
56,14731
56,14754
56,14773
56,14779
56,14788
56,14793
56,14839
56,14844
56,14849
56,14853
56,14868
56,14880
56,14922
56,14954
56,14960
56,14977
56,15073
56,15081
56,15114
56,15188
56,15318
56,15375
56,15426
56,15433
56,15455
56,15499
56,15535
56,15558
56,15573
56,15600
56,15659
56,15690
56,15691
56,15712
56,15734
56,15802
56,15817
56,15821
56,15833
56,15900
56,15902
56,15933
56,15955
56,15971
56,15993
56,16070
56,16088
56,16089
56,16188
56,16287
56,16303
56,16333
56,16411
56,16488
56,16567
56,16656
56,16665
56,16695
56,16723
56,16729
56,16792
56,16796
56,16807
56,16808
56,16809
56,16979
56,17011
56,17021
56,17070
56,17092
56,17101
56,17105
56,17110
56,17119
56,17211
56,17232
56,17253
56,17282
56,17314
56,17325
56,17332
56,17342
56,17385
56,17401
56,17404
56,17418
56,17421
56,17437
56,17470
56,17524
56,17584
56,17589
56,17596
56,17631
56,17654
56,17660
56,17689
56,17705
56,17738
56,17754
56,17755
56,17790
56,17851
56,17870
56,17875
56,17882
56,17917
56,17918
56,17953
56,17964
56,17985
56,18012
56,18050
56,18081
56,18106
56,18124
56,18140
56,18142
56,18145
56,18259
56,18319
56,18325
56,18342
56,18352
56,18441
56,18444
56,18503
56,18609
56,18636
56,18652
56,18658
56,18794
56,18822
56,18854
56,18892
56,18900
56,18940
56,19014
56,19043
56,19075
56,19141
56,19153
56,19155
56,19179
56,19180
56,19182
56,19247
56,19253
56,19320
56,19331
56,19349
56,19393
56,19398
56,19399
56,19407
56,19414
56,19488
56,19584
56,19595
56,19631
56,19741
56,19779
56,19823
56,19826
56,19841
56,19863
56,19869
56,19876
56,19882
56,19909
56,19924
56,19974
56,19975
56,19984
56,19987
56,20004
56,20046
56,20084
56,20112
56,20113
56,20142
56,20213
56,20238
56,20317
56,20336
56,20337
56,20376
56,20425
56,20522
56,20574
56,20603
56,20617
56,20658
56,20671
56,20678
56,20701
56,20756
56,20774
56,20825
56,20835
56,20884
56,20888
56,20901
56,20905
56,20936
56,20964
56,20992
56,21034
56,21070
56,21083
56,21119
56,21191
56,21196
56,21198
56,21215
56,21223
56,21228
56,21286
56,21291
56,21298
56,21310
56,21379
56,21415
56,21542
56,21570
56,21596
56,21645
56,21694
56,21769
56,21775
56,21806
56,21810
56,21849
56,21932
56,22001
56,22004
56,22048
56,22056
56,22120
56,22221
56,22259
56,22316
56,22322
56,22343
56,22388
56,22390
56,22395
56,22399
56,22454
56,22501
56,22566
56,22581
56,22650
56,22695
56,22725
56,22731
56,22737
56,22776
56,22863
56,22894
56,22961
56,22985
56,22989
56,23080
56,23164
56,23194
56,23214
56,23248
56,23287
56,23304
56,23312
56,23357
56,23370
56,23396
56,23427
56,23432
56,23446
56,23447
56,23481
56,23484
56,23512
56,23529
56,23565
56,23582
56,23632
56,23769
56,23795
56,23835
56,23920
56,23996
56,24008
56,24010
56,24017
56,24056
56,24095
56,24116
56,24251
56,24256
56,24265
56,24283
56,24319
56,24358
56,24369
56,24403
56,24406
56,24438
56,24444
56,24446
56,24455
56,24458
56,24484
56,24492
56,24494
56,24508
56,24515
56,24544
56,24645
56,24717
56,24722
56,24742
56,24750
56,24770
56,24812
56,24815
56,24816
56,24936
56,24942
56,25007
56,25031
56,25117
56,25120
56,25125
56,25136
56,25278
56,25282
56,25322
56,25328
56,25337
56,25363
56,25426
56,25429
56,25431
56,25638
56,25658
56,25669
56,25701
56,25712
56,25770
56,25797
56,25816
56,25817
56,25827
56,25854
56,25858
56,25863
56,25880
56,25885
56,25899
56,25934
56,25935
56,25940
56,25961
56,26127
56,26317
56,26375
56,26393
56,26480
56,26491
56,26512
56,26525
56,26534
56,26562
56,26610
56,26617
56,26633
56,26638
56,26647
56,26668
56,26681
56,26682
56,26696
56,26719
56,26721
56,26776
56,26779
56,26855
56,26858
56,26875
56,26944
56,26989
56,27034
56,27054
56,27092
56,27103
56,27119
56,27176
56,27184
56,27200
56,27210
56,27261
56,27290
56,27312
56,27357
56,27375
56,27406
56,27423
56,27445
56,27471
56,27529
56,27585
56,27594
56,27602
56,27622
56,27652
56,27668
56,27676
56,27680
56,27697
56,27704
56,27757
56,27825
56,27902
56,27907
56,27910
56,27924
56,27926
56,28012
56,28052
56,28094
56,28133
56,28165
56,28188
56,28196
56,28250
56,28271
56,28279
56,28371
56,28411
56,28429
56,28473
56,28503
56,28515
56,28551
56,28598
56,28613
56,28706
56,28710
56,28720
56,28723
56,28797
56,28929
56,28978
56,28982
56,29003
56,29046
56,29064
56,29157
56,29159
56,29184
56,29187
56,29208
56,29240
56,29251
56,29255
56,29263
56,29281
56,29358
56,29390
56,29391
56,29483
56,29532
56,29557
57,9
57,30
57,100
57,134
57,196
57,312
57,337
57,349
57,438
57,447
57,448
57,480
57,526
57,575
57,606
57,796
57,809
57,814
57,872
57,929
57,1003
57,1019
57,1032
57,1100
57,1128
57,1150
57,1161
57,1166
57,1221
57,1222
57,1227
57,1234
57,1264
57,1318
57,1322
57,1384
57,1421
57,1452
57,1471
57,1518
57,1568
57,1584
57,1624
57,1640
57,1660
57,1664
57,1709
57,1733
57,1756
57,1791
57,1818
57,1825
57,1843
57,1919
57,1929
57,1956
57,1989
57,2000
57,2090
57,2168
57,2256
57,2282
57,2363
57,2370
57,2426
57,2433
57,2470
57,2514
57,2574
57,2577
57,2652
57,2723
57,2775
57,2801
57,2841
57,2899
57,2913
57,2914
57,2927
57,2937
57,2975
57,3004
57,3023
57,3030
57,3038
57,3047
57,3103
57,3116
57,3127
57,3138
57,3185
57,3277
57,3467
57,3507
57,3521
57,3602
57,3603
57,3646
57,3696
57,3716
57,3726
57,3728
57,3769
57,3801
57,3839
57,3841
57,3884
57,3885
57,3887
57,3939
57,3947
57,4027
57,4040
57,4047
57,4062
57,4091
57,4092
57,4119
57,4143
57,4166
57,4167
57,4179
57,4193
57,4218
57,4283
57,4297
57,4308
57,4341
57,4357
57,4396
57,4422
57,4445
57,4466
57,4476
57,4587
57,4602
57,4603
57,4634
57,4636
57,4640
57,4714
57,4717
57,4731
57,4806
57,4809
57,4823
57,4936
57,4948
57,4953
57,5035
57,5057
57,5127
57,5143
57,5174
57,5188
57,5240
57,5266
57,5289
57,5321
57,5378
57,5407
57,5440
57,5478
57,5480
57,5595
57,5623
57,5656
57,5730
57,5790
57,5802
57,5811
57,5844
57,5887
57,5916
57,5988
57,6009
57,6014
57,6024
57,6044
57,6074
57,6090
57,6102
57,6133
57,6156
57,6195
57,6199
57,6226
57,6351
57,6367
57,6394
57,6412
57,6452
57,6455
57,6487
57,6551
57,6555
57,6563
57,6599
57,6635
57,6645
57,6703
57,6817
57,6818
57,6897
57,6916
57,7043
57,7057
57,7088
57,7186
57,7191
57,7241
57,7296
57,7335
57,7349
57,7369
57,7381
57,7405
57,7440
57,7571
57,7578
57,7622
57,7686
57,7695
57,7735
57,7835
57,7882
57,7926
57,8016
57,8025
57,8059
57,8228
57,8327
57,8340
57,8360
57,8442
57,8457
57,8476
57,8477
57,8478
57,8508
57,8526
57,8585
57,8618
57,8624
57,8659
57,8696
57,8750
57,8775
57,8776
57,8861
57,8915
57,8928
57,8997
57,9034
57,9068
57,9145
57,9153
57,9156
57,9239
57,9260
57,9299
57,9325
57,9343
57,9367
57,9371
57,9485
57,9513
57,9522
57,9523
57,9529
57,9587
57,9589
57,9608
57,9656
57,9683
57,9735
57,9764
57,9833
57,9866
57,9924
57,9925
57,10191
57,10204
57,10283
57,10328
57,10345
57,10352
57,10358
57,10417
57,10428
57,10434
57,10547
57,10565
57,10626
57,10631
57,10647
57,10678
57,10686
57,10778
57,10779
57,10801
57,10810
57,10885
57,10893
57,10981
57,10984
57,11072
57,11095
57,11096
57,11103
57,11130
57,11159
57,11178
57,11250
57,11281
57,11337
57,11382
57,11391
57,11413
57,11424
57,11484
57,11488
57,11498
57,11555
57,11562
57,11688
57,11706
57,11739
57,11760
57,11762
57,11785
57,11805
57,11811
57,11815
57,11824
57,11895
57,11901
57,11943
57,11991
57,11999
57,12017
57,12045
57,12046
57,12055
57,12080
57,12112
57,12122
57,12126
57,12150
57,12180
57,12194
57,12242
57,12286
57,12328
57,12531
57,12563
57,12566
57,12596
57,12648
57,12656
57,12685
57,12902
57,13080
57,13124
57,13157
57,13201
57,13324
57,13338
57,13372
57,13405
57,13434
57,13542
57,13686
57,13751
57,13752
57,13769
57,13846
57,13907
57,13942
57,13957
57,13958
57,14022
57,14040
57,14106
57,14127
57,14150
57,14158
57,14160
57,14168
57,14207
57,14232
57,14278
57,14292
57,14317
57,14371
57,14410
57,14412
57,14519
57,14572
57,14596
57,14599
57,14618
57,14648
57,14731
57,14741
57,14879
57,14883
57,14980
57,15028
57,15058
57,15116
57,15163
57,15209
57,15265
57,15320
57,15355
57,15377
57,15410
57,15421
57,15424
57,15492
57,15542
57,15590
57,15608
57,15619
57,15656
57,15703
57,15717
57,15777
57,15854
57,15862
57,15881
57,15973
57,16008
57,16035
57,16043
57,16174
57,16211
57,16264
57,16269
57,16287
57,16300
57,16344
57,16347
57,16384
57,16401
57,16573
57,16615
57,16632
57,16676
57,16682
57,16686
57,16720
57,16738
57,16771
57,16793
57,16799
57,16816
57,16848
57,16871
57,16877
57,16989
57,17012
57,17046
57,17108
57,17149
57,17224
57,17230
57,17300
57,17307
57,17416
57,17495
57,17508
57,17519
57,17542
57,17580
57,17633
57,17652
57,17664
57,17684
57,17685
57,17686
57,17695
57,17756
57,17757
57,17799
57,17803
57,17825
57,17830
57,17884
57,17899
57,17963
57,17967
57,17977
57,17979
57,18002
57,18083
57,18130
57,18137
57,18163
57,18185
57,18218
57,18220
57,18224
57,18280
57,18367
57,18368
57,18398
57,18435
57,18449
57,18513
57,18571
57,18573
57,18640
57,18669
57,18679
57,18698
57,18731
57,18736
57,18772
57,18792
57,18822
57,18827
57,18832
57,19009
57,19013
57,19075
57,19087
57,19133
57,19148
57,19152
57,19169
57,19198
57,19209
57,19250
57,19258
57,19260
57,19279
57,19296
57,19356
57,19390
57,19442
57,19546
57,19564
57,19676
57,19713
57,19774
57,19884
57,19891
57,20030
57,20104
57,20146
57,20165
57,20220
57,20257
57,20285
57,20326
57,20380
57,20402
57,20408
57,20439
57,20471
57,20501
57,20580
57,20607
57,20618
57,20698
57,20718
57,20828
57,20873
57,20882
57,20903
57,20979
57,20995
57,20996
57,21009
57,21059
57,21109
57,21118
57,21127
57,21209
57,21258
57,21303
57,21309
57,21425
57,21642
57,21691
57,21716
57,21737
57,21750
57,21784
57,21793
57,21838
57,21876
57,21906
57,21936
57,22017
57,22039
57,22048
57,22064
57,22085
57,22100
57,22127
57,22184
57,22249
57,22285
57,22350
57,22362
57,22420
57,22459
57,22464
57,22475
57,22518
57,22576
57,22647
57,22668
57,22713
57,22752
57,22759
57,22771
57,22812
57,22853
57,23002
57,23124
57,23201
57,23227
57,23299
57,23316
57,23362
57,23410
57,23416
57,23487
57,23497
57,23571
57,23600
57,23621
57,23668
57,23697
57,23702
57,23705
57,23722
57,23723
57,23726
57,23731
57,23772
57,23812
57,23817
57,23875
57,23900
57,23935
57,23939
57,24069
57,24149
57,24158
57,24240
57,24270
57,24273
57,24288
57,24364
57,24419
57,24424
57,24432
57,24461
57,24463
57,24464
57,24487
57,24519
57,24553
57,24706
57,24768
57,24770
57,24774
57,24861
57,24882
57,24908
57,24923
57,24924
57,24949
57,24976
57,25043
57,25094
57,25110
57,25140
57,25179
57,25183
57,25202
57,25253
57,25273
57,25314
57,25372
57,25396
57,25428
57,25461
57,25462
57,25491
57,25495
57,25508
57,25557
57,25569
57,25609
57,25612
57,25632
57,25658
57,25706
57,25716
57,25735
57,25747
57,25757
57,25784
57,25788
57,25790
57,25831
57,25853
57,25869
57,25907
57,25935
57,26018
57,26021
57,26028
57,26042
57,26062
57,26076
57,26087
57,26121
57,26139
57,26165
57,26166
57,26306
57,26333
57,26334
57,26446
57,26455
57,26465
57,26467
57,26475
57,26538
57,26550
57,26578
57,26594
57,26606
57,26621
57,26673
57,26731
57,26760
57,26876
57,26897
57,26928
57,26977
57,27009
57,27024
57,27100
57,27139
57,27177
57,27185
57,27241
57,27314
57,27357
57,27362
57,27373
57,27383
57,27390
57,27420
57,27471
57,27559
57,27560
57,27591
57,27643
57,27715
57,27725
57,27796
57,27908
57,27955
57,27971
57,27985
57,27987
57,28041
57,28230
57,28270
57,28335
57,28376
57,28393
57,28394
57,28423
57,28465
57,28499
57,28539
57,28564
57,28566
57,28576
57,28614
57,28651
57,28709
57,28714
57,28718
57,28723
57,28755
57,28840
57,28927
57,28963
57,28986
57,29010
57,29043
57,29049
57,29056
57,29080
57,29127
57,29155
57,29195
57,29206
57,29219
57,29243
57,29303
57,29323
57,29382
57,29388
57,29396
57,29468
57,29506
57,29544
57,29546
57,29552
58,1
58,2
58,33
58,66
58,107
58,239
58,273
58,274
58,289
58,305
58,309
58,318
58,428
58,482
58,496
58,538
58,547
58,552
58,554
58,575
58,687
58,695
58,716
58,767
58,778
58,856
58,908
58,915
58,956
58,1000
58,1045
58,1068
58,1087
58,1130
58,1166
58,1229
58,1242
58,1283
58,1349
58,1376
58,1396
58,1433
58,1473
58,1510
58,1525
58,1576
58,1584
58,1594
58,1713
58,1739
58,1742
58,1790
58,1798
58,1831
58,1862
58,1959
58,1962
58,2001
58,2008
58,2014
58,2025
58,2074
58,2076
58,2112
58,2114
58,2185
58,2231
58,2252
58,2294
58,2402
58,2409
58,2491
58,2502
58,2535
58,2669
58,2700
58,2743
58,2765
58,2807
58,2900
58,2925
58,2937
58,2991
58,3067
58,3071
58,3074
58,3091
58,3096
58,3137
58,3174
58,3217
58,3388
58,3450
58,3468
58,3495
58,3521
58,3548
58,3566
58,3621
58,3665
58,3684
58,3712
58,3727
58,3758
58,3816
58,3855
58,3871
58,3881
58,4013
58,4139
58,4143
58,4289
58,4295
58,4337
58,4376
58,4403
58,4415
58,4419
58,4526
58,4550
58,4600
58,4629
58,4646
58,4718
58,4784
58,4844
58,4875
58,4880
58,4934
58,4959
58,5105
58,5119
58,5156
58,5195
58,5261
58,5289
58,5321
58,5333
58,5367
58,5400
58,5458
58,5494
58,5544
58,5585
58,5660
58,5693
58,5736
58,5780
58,5785
58,5809
58,5913
58,5955
58,5988
58,6037
58,6099
58,6120
58,6154
58,6173
58,6176
58,6179
58,6194
58,6230
58,6243
58,6260
58,6294
58,6371
58,6385
58,6417
58,6420
58,6439
58,6526
58,6583
58,6597
58,6625
58,6642
58,6764
58,6800
58,6820
58,6845
58,6847
58,6865
58,6876
58,6964
58,7052
58,7076
58,7175
58,7283
58,7309
58,7327
58,7464
58,7467
58,7568
58,7616
58,7623
58,7704
58,7713
58,7772
58,7802
58,7805
58,7903
58,7912
58,8003
58,8024
58,8172
58,8246
58,8355
58,8423
58,8515
58,8532
58,8706
58,8774
58,8818
58,8976
58,9018
58,9022
58,9103
58,9120
58,9178
58,9207
58,9253
58,9257
58,9298
58,9328
58,9351
58,9368
58,9495
58,9527
58,9596
58,9751
58,9767
58,9873
58,9941
58,9956
58,9961
58,10023
58,10026
58,10091
58,10103
58,10119
58,10130
58,10176
58,10212
58,10215
58,10241
58,10248
58,10249
58,10279
58,10320
58,10357
58,10358
58,10371
58,10386
58,10421
58,10512
58,10516
58,10526
58,10576
58,10620
58,10625
58,10666
58,10687
58,10729
58,10778
58,10801
58,10814
58,10817
58,10969
58,10985
58,11011
58,11070
58,11071
58,11081
58,11116
58,11172
58,11189
58,11213
58,11214
58,11218
58,11245
58,11255
58,11307
58,11378
58,11409
58,11410
58,11455
58,11474
58,11494
58,11627
58,11684
58,11751
58,11795
58,11865
58,11868
58,11889
58,11914
58,11941
58,11982
58,11989
58,12048
58,12052
58,12053
58,12136
58,12158
58,12169
58,12258
58,12263
58,12307
58,12313
58,12453
58,12457
58,12509
58,12516
58,12523
58,12539
58,12577
58,12606
58,12654
58,12693
58,12727
58,12756
58,12867
58,12870
58,12965
58,13010
58,13032
58,13048
58,13056
58,13060
58,13117
58,13183
58,13220
58,13395
58,13416
58,13438
58,13543
58,13565
58,13643
58,13647
58,13696
58,13708
58,13778
58,13853
58,13880
58,13895
58,13909
58,13951
58,13964
58,13995
58,14015
58,14032
58,14052
58,14173
58,14183
58,14206
58,14237
58,14323
58,14327
58,14351
58,14352
58,14412
58,14441
58,14484
58,14485
58,14557
58,14597
58,14649
58,14670
58,14682
58,14758
58,14793
58,14876
58,14982
58,15095
58,15105
58,15116
58,15135
58,15162
58,15170
58,15206
58,15278
58,15299
58,15344
58,15418
58,15559
58,15581
58,15582
58,15584
58,15657
58,15689
58,15715
58,15740
58,15770
58,15773
58,15799
58,15824
58,15875
58,15926
58,15936
58,16054
58,16150
58,16157
58,16191
58,16205
58,16220
58,16222
58,16283
58,16323
58,16416
58,16438
58,16449
58,16453
58,16502
58,16503
58,16579
58,16620
58,16745
58,16877
58,16898
58,16920
58,16953
58,16970
58,17005
58,17038
58,17064
58,17091
58,17118
58,17141
58,17153
58,17188
58,17230
58,17280
58,17366
58,17402
58,17436
58,17451
58,17486
58,17529
58,17531
58,17539
58,17550
58,17568
58,17581
58,17630
58,17657
58,17753
58,17796
58,17806
58,17819
58,17852
58,17978
58,18051
58,18054
58,18070
58,18103
58,18127
58,18181
58,18217
58,18231
58,18244
58,18274
58,18302
58,18325
58,18333
58,18384
58,18397
58,18398
58,18421
58,18481
58,18482
58,18521
58,18538
58,18562
58,18572
58,18594
58,18622
58,18723
58,18744
58,18802
58,18814
58,18826
58,18942
58,18975
58,19112
58,19113
58,19130
58,19141
58,19169
58,19207
58,19217
58,19243
58,19269
58,19319
58,19320
58,19394
58,19442
58,19446
58,19451
58,19490
58,19497
58,19514
58,19527
58,19544
58,19559
58,19617
58,19626
58,19665
58,19701
58,19730
58,19745
58,19759
58,19807
58,19809
58,19842
58,19865
58,20086
58,20180
58,20386
58,20434
58,20463
58,20514
58,20540
58,20569
58,20578
58,20594
58,20600
58,20612
58,20650
58,20662
58,20707
58,20714
58,20743
58,20932
58,20957
58,20985
58,20990
58,21000
58,21105
58,21132
58,21137
58,21151
58,21185
58,21255
58,21315
58,21330
58,21367
58,21421
58,21451
58,21538
58,21567
58,21597
58,21600
58,21613
58,21617
58,21632
58,21719
58,21740
58,21843
58,21878
58,21917
58,21939
58,22035
58,22099
58,22112
58,22156
58,22158
58,22182
58,22220
58,22243
58,22245
58,22307
58,22340
58,22385
58,22389
58,22391
58,22416
58,22422
58,22513
58,22528
58,22538
58,22544
58,22579
58,22606
58,22608
58,22677
58,22679
58,22682
58,22718
58,22736
58,22739
58,22792
58,22811
58,22853
58,22865
58,22947
58,22993
58,23051
58,23096
58,23116
58,23148
58,23180
58,23199
58,23304
58,23329
58,23414
58,23435
58,23516
58,23543
58,23638
58,23680
58,23725
58,23811
58,23821
58,23900
58,23926
58,23932
58,23949
58,23975
58,24045
58,24061
58,24103
58,24113
58,24145
58,24192
58,24202
58,24219
58,24224
58,24243
58,24262
58,24264
58,24303
58,24319
58,24332
58,24404
58,24426
58,24433
58,24454
58,24458
58,24482
58,24499
58,24518
58,24630
58,24670
58,24677
58,24679
58,24701
58,24714
58,24716
58,24723
58,24749
58,24789
58,24795
58,24838
58,24899
58,24900
58,24944
58,25031
58,25106
58,25128
58,25162
58,25182
58,25183
58,25197
58,25205
58,25218
58,25327
58,25331
58,25339
58,25458
58,25494
58,25587
58,25676
58,25690
58,25728
58,25899
58,25964
58,25984
58,26070
58,26086
58,26106
58,26127
58,26152
58,26157
58,26160
58,26200
58,26239
58,26261
58,26292
58,26295
58,26312
58,26322
58,26350
58,26359
58,26413
58,26415
58,26433
58,26470
58,26497
58,26563
58,26605
58,26652
58,26666
58,26676
58,26742
58,26822
58,26895
58,26902
58,26907
58,26912
58,26939
58,27083
58,27285
58,27293
58,27307
58,27337
58,27340
58,27384
58,27416
58,27442
58,27457
58,27464
58,27472
58,27581
58,27593
58,27596
58,27617
58,27675
58,27737
58,27742
58,27778
58,27843
58,27872
58,27937
58,27940
58,27980
58,27991
58,28047
58,28061
58,28071
58,28092
58,28093
58,28097
58,28221
58,28232
58,28259
58,28270
58,28320
58,28376
58,28535
58,28617
58,28625
58,28638
58,28695
58,28699
58,28855
58,28958
58,28964
58,29055
58,29149
58,29167
58,29201
58,29206
58,29243
58,29281
58,29285
58,29286
58,29288
58,29293
58,29330
58,29351
58,29352
58,29375
58,29378
58,29411
58,29426
59,85
59,103
59,145
59,146
59,194
59,219
59,293
59,313
59,346
59,380
59,409
59,544
59,571
59,576
59,644
59,803
59,842
59,866
59,868
59,907
59,913
59,956
59,969
59,992
59,1206
59,1297
59,1449
59,1463
59,1493
59,1531
59,1544
59,1578
59,1582
59,1583
59,1590
59,1607
59,1626
59,1703
59,1773
59,1880
59,1886
59,1899
59,1911
59,1913
59,1951
59,1953
59,2089
59,2185
59,2231
59,2238
59,2288
59,2345
59,2478
59,2508
59,2538
59,2553
59,2635
59,2748
59,2757
59,2784
59,2850
59,2865
59,2897
59,2967
59,3044
59,3047
59,3055
59,3062
59,3066
59,3108
59,3175
59,3237
59,3252
59,3268
59,3345
59,3405
59,3471
59,3582
59,3620
59,3626
59,3666
59,3700
59,3886
59,3966
59,4008
59,4103
59,4143
59,4152
59,4194
59,4258
59,4293
59,4354
59,4512
59,4594
59,4612
59,4623
59,4635
59,4639
59,4650
59,4745
59,4941
59,4957
59,4973
59,4988
59,5048
59,5074
59,5164
59,5190
59,5204
59,5219
59,5257
59,5380
59,5391
59,5495
59,5506
59,5511
59,5568
59,5575
59,5634
59,5710
59,5718
59,5842
59,5971
59,5999
59,6093
59,6256
59,6346
59,6394
59,6457
59,6480
59,6517
59,6525
59,6549
59,6585
59,6628
59,6756
59,6772
59,6781
59,6805
59,6832
59,6906
59,6943
59,6953
59,6962
59,7071
59,7114
59,7148
59,7171
59,7192
59,7257
59,7333
59,7386
59,7531
59,7553
59,7624
59,7839
59,7861
59,7870
59,7927
59,7989
59,8007
59,8019
59,8174
59,8238
59,8304
59,8313
59,8431
59,8468
59,8512
59,8528
59,8556
59,8590
59,8637
59,8652
59,8660
59,8678
59,8681
59,8707
59,8713
59,8737
59,8942
59,8960
59,9057
59,9130
59,9188
59,9281
59,9439
59,9486
59,9530
59,9610
59,9688
59,9699
59,9834
59,9849
59,9855
59,9909
59,9924
59,10008
59,10050
59,10060
59,10090
59,10094
59,10147
59,10219
59,10234
59,10268
59,10319
59,10327
59,10366
59,10371
59,10438
59,10441
59,10451
59,10505
59,10521
59,10534
59,10539
59,10561
59,10619
59,10638
59,10657
59,10811
59,10859
59,10895
59,10917
59,10949
59,11031
59,11104
59,11131
59,11158
59,11198
59,11277
59,11349
59,11373
59,11427
59,11513
59,11589
59,11593
59,11596
59,11598
59,11630
59,11640
59,11648
59,11669
59,11680
59,11803
59,11841
59,11846
59,11872
59,11876
59,11905
59,11913
59,11946
59,11950
59,11983
59,11989
59,12076
59,12105
59,12231
59,12278
59,12343
59,12431
59,12479
59,12504
59,12619
59,12702
59,12743
59,12781
59,12793
59,12842
59,12858
59,12877
59,12918
59,12936
59,12949
59,12985
59,13089
59,13119
59,13163
59,13197
59,13296
59,13297
59,13309
59,13379
59,13381
59,13393
59,13443
59,13451
59,13500
59,13651
59,13656
59,13670
59,13677
59,13706
59,13813
59,13947
59,14012
59,14039
59,14060
59,14104
59,14145
59,14191
59,14212
59,14218
59,14381
59,14391
59,14392
59,14399
59,14407
59,14441
59,14443
59,14490
59,14548
59,14551
59,14655
59,14659
59,14665
59,14697
59,14891
59,14926
59,14934
59,14957
59,14991
59,15026
59,15030
59,15033
59,15041
59,15149
59,15160
59,15195
59,15303
59,15352
59,15357
59,15414
59,15445
59,15528
59,15552
59,15558
59,15584
59,15592
59,15614
59,15636
59,15651
59,15715
59,15722
59,15755
59,15869
59,15876
59,15914
59,15916
59,16002
59,16015
59,16024
59,16094
59,16136
59,16183
59,16185
59,16187
59,16325
59,16444
59,16454
59,16533
59,16574
59,16648
59,16706
59,16763
59,16779
59,16806
59,16866
59,16869
59,16898
59,16908
59,17035
59,17039
59,17100
59,17130
59,17180
59,17199
59,17207
59,17208
59,17237
59,17410
59,17459
59,17464
59,17633
59,17694
59,17727
59,17783
59,17948
59,18002
59,18004
59,18072
59,18104
59,18118
59,18147
59,18151
59,18167
59,18258
59,18298
59,18357
59,18366
59,18376
59,18439
59,18479
59,18510
59,18629
59,18639
59,18644
59,18648
59,18741
59,18896
59,18914
59,18931
59,18954
59,18996
59,19072
59,19108
59,19180
59,19191
59,19240
59,19352
59,19373
59,19401
59,19528
59,19588
59,19605
59,19641
59,19661
59,19753
59,19911
59,19920
59,19947
59,19975
59,20019
59,20028
59,20041
59,20085
59,20094
59,20100
59,20153
59,20160
59,20276
59,20281
59,20385
59,20456
59,20545
59,20562
59,20600
59,20679
59,20726
59,20865
59,20911
59,20921
59,20975
59,20976
59,21019
59,21051
59,21053
59,21057
59,21061
59,21086
59,21118
59,21167
59,21219
59,21240
59,21343
59,21417
59,21428
59,21436
59,21449
59,21521
59,21531
59,21687
59,21697
59,21776
59,21786
59,21818
59,21832
59,21970
59,21992
59,22007
59,22084
59,22089
59,22293
59,22491
59,22507
59,22522
59,22523
59,22555
59,22601
59,22602
59,22627
59,22672
59,22792
59,22799
59,22801
59,22926
59,22942
59,22948
59,22980
59,23005
59,23100
59,23184
59,23211
59,23303
59,23470
59,23518
59,23539
59,23540
59,23608
59,23612
59,23623
59,23637
59,23673
59,23734
59,23827
59,23897
59,23903
59,23917
59,24028
59,24071
59,24105
59,24210
59,24212
59,24369
59,24445
59,24505
59,24692
59,24776
59,24807
59,24810
59,24815
59,24859
59,24944
59,25040
59,25080
59,25088
59,25148
59,25187
59,25198
59,25275
59,25295
59,25384
59,25500
59,25522
59,25533
59,25556
59,25642
59,25724
59,25772
59,25867
59,26010
59,26066
59,26142
59,26162
59,26185
59,26192
59,26229
59,26251
59,26342
59,26350
59,26372
59,26387
59,26392
59,26410
59,26469
59,26481
59,26581
59,26603
59,26616
59,26658
59,26678
59,26818
59,26832
59,26849
59,26858
59,26901
59,26904
59,26910
59,26934
59,26935
59,27033
59,27048
59,27064
59,27083
59,27134
59,27172
59,27178
59,27180
59,27299
59,27317
59,27321
59,27323
59,27385
59,27459
59,27497
59,27536
59,27537
59,27541
59,27558
59,27565
59,27566
59,27584
59,27585
59,27611
59,27691
59,27712
59,27783
59,27863
59,27957
59,27989
59,28074
59,28200
59,28241
59,28253
59,28274
59,28315
59,28451
59,28510
59,28579
59,28603
59,28635
59,28669
59,28722
59,28744
59,28853
59,28858
59,28863
59,28936
59,28984
59,29011
59,29025
59,29044
59,29048
59,29056
59,29092
59,29111
59,29348
59,29362
59,29384
59,29544
60,13
60,30
60,32
60,101
60,111
60,191
60,306
60,309
60,341
60,402
60,410
60,428
60,438
60,507
60,552
60,716
60,717
60,760
60,771
60,845
60,925
60,1011
60,1017
60,1061
60,1100
60,1203
60,1211
60,1244
60,1266
60,1277
60,1335
60,1457
60,1461
60,1524
60,1575
60,1582
60,1597
60,1618
60,1623
60,1671
60,1683
60,1764
60,1792
60,1831
60,1868
60,2005
60,2094
60,2101
60,2131
60,2190
60,2224
60,2284
60,2317
60,2334
60,2388
60,2481
60,2523
60,2536
60,2580
60,2597
60,2645
60,2663
60,2722
60,2918
60,2922
60,2979
60,3090
60,3118
60,3139
60,3142
60,3145
60,3161
60,3288
60,3374
60,3416
60,3482
60,3520
60,3529
60,3548
60,3550
60,3564
60,3618
60,3689
60,3770
60,3812
60,3903
60,3951
60,4021
60,4026
60,4115
60,4172
60,4213
60,4259
60,4284
60,4363
60,4365
60,4395
60,4434
60,4780
60,4781
60,4809
60,4833
60,4852
60,4856
60,4874
60,5165
60,5182
60,5215
60,5249
60,5257
60,5296
60,5395
60,5464
60,5482
60,5526
60,5542
60,5704
60,5726
60,5753
60,5766
60,5841
60,5915
60,6054
60,6279
60,6309
60,6333
60,6358
60,6438
60,6465
60,6555
60,6565
60,6658
60,6671
60,6675
60,6717
60,6831
60,6868
60,6916
60,6926
60,6927
60,6945
60,6998
60,7083
60,7110
60,7224
60,7270
60,7276
60,7337
60,7380
60,7429
60,7568
60,7605
60,7627
60,7691
60,7704
60,7726
60,7771
60,7880
60,7918
60,8032
60,8089
60,8120
60,8155
60,8159
60,8165
60,8291
60,8339
60,8382
60,8407
60,8454
60,8530
60,8634
60,8641
60,8644
60,8694
60,8807
60,8808
60,8834
60,8934
60,8969
60,8987
60,9049
60,9084
60,9129
60,9167
60,9227
60,9234
60,9307
60,9308
60,9336
60,9361
60,9368
60,9434
60,9488
60,9499
60,9550
60,9583
60,9816
60,9864
60,9889
60,10020
60,10101
60,10122
60,10206
60,10231
60,10285
60,10310
60,10320
60,10333
60,10417
60,10491
60,10510
60,10511
60,10521
60,10646
60,10684
60,10753
60,10808
60,10830
60,10848
60,10865
60,10879
60,10957
60,11018
60,11168
60,11174
60,11216
60,11235
60,11247
60,11319
60,11414
60,11430
60,11432
60,11443
60,11445
60,11451
60,11477
60,11539
60,11608
60,11655
60,11681
60,11769
60,11824
60,11871
60,11878
60,11950
60,11951
60,12027
60,12038
60,12146
60,12316
60,12363
60,12370
60,12416
60,12463
60,12479
60,12484
60,12554
60,12559
60,12584
60,12620
60,12690
60,12783
60,12805
60,12867
60,12885
60,12937
60,13058
60,13103
60,13140
60,13211
60,13215
60,13264
60,13265
60,13275
60,13379
60,13397
60,13430
60,13576
60,13617
60,13662
60,13828
60,13923
60,13924
60,14026
60,14060
60,14065
60,14080
60,14091
60,14149
60,14205
60,14305
60,14317
60,14414
60,14652
60,14674
60,14747
60,14817
60,14896
60,14898
60,14908
60,14980
60,14992
60,15057
60,15128
60,15166
60,15230
60,15301
60,15316
60,15318
60,15532
60,15599
60,15701
60,15753
60,15802
60,15845
60,15938
60,15951
60,16035
60,16052
60,16097
60,16144
60,16150
60,16281
60,16363
60,16371
60,16445
60,16446
60,16461
60,16572
60,16636
60,16681
60,16683
60,16704
60,16759
60,16784
60,16836
60,16861
60,16919
60,17068
60,17089
60,17171
60,17204
60,17401
60,17419
60,17460
60,17490
60,17495
60,17523
60,17658
60,17746
60,17784
60,17791
60,17814
60,17824
60,17840
60,17853
60,17855
60,17869
60,17887
60,17897
60,17931
60,17962
60,18272
60,18285
60,18301
60,18312
60,18314
60,18341
60,18484
60,18491
60,18528
60,18578
60,18601
60,18828
60,18907
60,18931
60,19056
60,19096
60,19183
60,19188
60,19263
60,19291
60,19350
60,19362
60,19421
60,19530
60,19587
60,19607
60,19624
60,19737
60,19742
60,19749
60,19772
60,19786
60,19809
60,19824
60,19847
60,20012
60,20028
60,20033
60,20091
60,20193
60,20215
60,20412
60,20487
60,20537
60,20544
60,20553
60,20686
60,20864
60,20928
60,20999
60,21022
60,21036
60,21040
60,21069
60,21135
60,21225
60,21246
60,21346
60,21363
60,21381
60,21385
60,21487
60,21507
60,21520
60,21554
60,21571
60,21609
60,21701
60,21716
60,21765
60,21836
60,21976
60,21988
60,22032
60,22083
60,22157
60,22164
60,22322
60,22381
60,22391
60,22460
60,22466
60,22522
60,22532
60,22537
60,22588
60,22631
60,22702
60,22757
60,22906
60,22927
60,22960
60,22963
60,23027
60,23077
60,23131
60,23252
60,23320
60,23406
60,23454
60,23571
60,23591
60,23615
60,23821
60,23883
60,23911
60,23964
60,24012
60,24067
60,24218
60,24278
60,24286
60,24335
60,24365
60,24580
60,24643
60,24734
60,24766
60,24771
60,24782
60,24791
60,24840
60,24876
60,24950
60,24990
60,25041
60,25253
60,25264
60,25323
60,25374
60,25427
60,25577
60,25585
60,25624
60,25714
60,25721
60,25762
60,25763
60,25791
60,25832
60,25838
60,25879
60,25915
60,25936
60,25975
60,25999
60,26031
60,26032
60,26047
60,26062
60,26063
60,26102
60,26130
60,26214
60,26231
60,26235
60,26347
60,26418
60,26461
60,26491
60,26542
60,26550
60,26655
60,26679
60,26743
60,26775
60,26807
60,27016
60,27063
60,27090
60,27157
60,27336
60,27384
60,27391
60,27458
60,27464
60,27467
60,27474
60,27478
60,27542
60,27562
60,27630
60,27695
60,27716
60,27739
60,27748
60,27793
60,27825
60,27868
60,27882
60,27901
60,27941
60,27988
60,28043
60,28076
60,28110
60,28186
60,28262
60,28273
60,28275
60,28278
60,28293
60,28323
60,28327
60,28410
60,28424
60,28435
60,28467
60,28508
60,28542
60,28607
60,28619
60,28625
60,28689
60,28762
60,28790
60,28796
60,28798
60,28804
60,28903
60,28926
60,29035
60,29066
60,29214
60,29255
60,29400
60,29406
60,29445
60,29506
61,1
61,103
61,239
61,296
61,460
61,468
61,539
61,555
61,578
61,685
61,784
61,795
61,796
61,855
61,991
61,995
61,1065
61,1066
61,1111
61,1204
61,1265
61,1281
61,1293
61,1430
61,1451
61,1524
61,1538
61,1546
61,1594
61,1630
61,1672
61,1675
61,1762
61,1876
61,1919
61,2085
61,2122
61,2211
61,2310
61,2400
61,2418
61,2428
61,2560
61,2565
61,2605
61,2687
61,2770
61,2781
61,2790
61,2808
61,2859
61,3008
61,3018
61,3063
61,3117
61,3121
61,3189
61,3269
61,3364
61,3477
61,3525
61,3546
61,3585
61,3639
61,3652
61,3823
61,3906
61,3945
61,4007
61,4039
61,4086
61,4123
61,4134
61,4221
61,4273
61,4303
61,4321
61,4415
61,4497
61,4581
61,4623
61,4697
61,4721
61,4773
61,4810
61,4893
61,4951
61,4958
61,4977
61,4995
61,4997
61,5001
61,5005
61,5027
61,5239
61,5376
61,5420
61,5432
61,5442
61,5454
61,5484
61,5547
61,5585
61,5629
61,5670
61,5695
61,5751
61,5761
61,5888
61,5946
61,5983
61,6001
61,6059
61,6068
61,6180
61,6288
61,6295
61,6312
61,6355
61,6379
61,6553
61,6598
61,6819
61,6823
61,6918
61,6951
61,7052
61,7055
61,7102
61,7131
61,7135
61,7171
61,7279
61,7281
61,7312
61,7328
61,7343
61,7369
61,7393
61,7471
61,7492
61,7517
61,7577
61,7703
61,7714
61,7723
61,7730
61,7762
61,7921
61,8077
61,8093
61,8108
61,8119
61,8135
61,8193
61,8358
61,8464
61,8579
61,8629
61,8634
61,8676
61,8748
61,8894
61,8970
61,8975
61,8987
61,9007
61,9158
61,9284
61,9321
61,9334
61,9355
61,9382
61,9439
61,9453
61,9471
61,9558
61,9655
61,9661
61,9716
61,9727
61,9741
61,9759
61,9763
61,9801
61,9917
61,9918
61,10052
61,10103
61,10165
61,10274
61,10293
61,10373
61,10508
61,10509
61,10920
61,11073
61,11085
61,11222
61,11241
61,11263
61,11275
61,11337
61,11427
61,11576
61,11713
61,11752
61,11768
61,11800
61,11815
61,11948
61,11962
61,12003
61,12046
61,12073
61,12127
61,12207
61,12245
61,12262
61,12264
61,12338
61,12367
61,12423
61,12452
61,12462
61,12471
61,12577
61,12596
61,12634
61,12795
61,12816
61,12827
61,12871
61,12964
61,12970
61,13042
61,13127
61,13148
61,13268
61,13285
61,13403
61,13445
61,13506
61,13597
61,13639
61,13649
61,13675
61,13721
61,13764
61,13862
61,13867
61,13911
61,13935
61,13976
61,14003
61,14078
61,14170
61,14173
61,14262
61,14334
61,14396
61,14406
61,14520
61,14536
61,14686
61,14741
61,14817
61,14838
61,14852
61,14946
61,14965
61,15028
61,15070
61,15072
61,15080
61,15096
61,15112
61,15115
61,15257
61,15331
61,15336
61,15340
61,15385
61,15394
61,15408
61,15466
61,15513
61,15559
61,15618
61,15728
61,15782
61,15820
61,15919
61,15932
61,15957
61,16031
61,16132
61,16168
61,16242
61,16245
61,16246
61,16296
61,16314
61,16347
61,16415
61,16511
61,16594
61,16613
61,16647
61,16679
61,16694
61,16778
61,16913
61,16916
61,16934
61,16963
61,16977
61,17015
61,17036
61,17088
61,17098
61,17138
61,17171
61,17175
61,17226
61,17284
61,17298
61,17305
61,17440
61,17496
61,17559
61,17575
61,17584
61,17609
61,17638
61,17680
61,17733
61,17741
61,17769
61,17984
61,17991
61,18016
61,18031
61,18034
61,18268
61,18271
61,18357
61,18379
61,18414
61,18478
61,18498
61,18530
61,18534
61,18536
61,18542
61,18544
61,18695
61,18719
61,18816
61,18858
61,18883
61,18944
61,19095
61,19106
61,19122
61,19199
61,19284
61,19321
61,19331
61,19363
61,19371
61,19381
61,19453
61,19469
61,19490
61,19513
61,19515
61,19564
61,19568
61,19582
61,19657
61,19675
61,19756
61,19860
61,20164
61,20196
61,20424
61,20484
61,20621
61,20634
61,20641
61,20687
61,20733
61,20810
61,20861
61,20898
61,20956
61,20974
61,20988
61,21142
61,21176
61,21273
61,21320
61,21352
61,21356
61,21381
61,21494
61,21572
61,21657
61,21674
61,21680
61,21713
61,21783
61,21805
61,21876
61,21878
61,21940
61,21946
61,22113
61,22140
61,22144
61,22212
61,22232
61,22348
61,22386
61,22410
61,22506
61,22549
61,22576
61,22618
61,22706
61,22726
61,22754
61,22794
61,22837
61,22895
61,22915
61,23039
61,23082
61,23128
61,23188
61,23277
61,23335
61,23343
61,23367
61,23468
61,23541
61,23563
61,23635
61,23673
61,23755
61,23821
61,23870
61,23877
61,23916
61,23959
61,23993
61,24022
61,24079
61,24165
61,24208
61,24248
61,24308
61,24342
61,24403
61,24416
61,24557
61,24585
61,24619
61,24652
61,24740
61,24873
61,24874
61,24886
61,24922
61,25401
61,25608
61,25629
61,25676
61,25709
61,25934
61,25938
61,25959
61,25967
61,25981
61,25985
61,25989
61,25993
61,26000
61,26053
61,26068
61,26075
61,26084
61,26089
61,26105
61,26157
61,26166
61,26168
61,26211
61,26220
61,26222
61,26271
61,26304
61,26364
61,26405
61,26667
61,26720
61,26726
61,26847
61,26922
61,26928
61,27024
61,27167
61,27291
61,27308
61,27406
61,27422
61,27451
61,27574
61,27576
61,27696
61,27745
61,27873
61,27912
61,27923
61,27935
61,27980
61,28020
61,28159
61,28188
61,28236
61,28256
61,28259
61,28321
61,28323
61,28327
61,28332
61,28405
61,28564
61,28593
61,28635
61,28677
61,28705
61,28717
61,28763
61,28769
61,28863
61,28880
61,28915
61,28952
61,28959
61,28972
61,29142
61,29163
61,29223
61,29226
61,29232
61,29247
61,29319
61,29361
61,29368
61,29386
61,29410
61,29432
61,29527
61,29567
62,254
62,360
62,491
62,516
62,550
62,564
62,584
62,619
62,630
62,650
62,727
62,755
62,790
62,830
62,886
62,1012
62,1022
62,1240
62,1272
62,1311
62,1340
62,1355
62,1368
62,1374
62,1556
62,1670
62,1687
62,1720
62,1905
62,1979
62,1996
62,2033
62,2082
62,2114
62,2239
62,2416
62,2431
62,2505
62,2516
62,2519
62,2526
62,2550
62,2554
62,2563
62,2629
62,2637
62,2661
62,2736
62,2754
62,2871
62,3060
62,3190
62,3257
62,3347
62,3357
62,3363
62,3417
62,3419
62,3461
62,3467
62,3521
62,3643
62,3667
62,3745
62,3798
62,3836
62,3921
62,3963
62,4029
62,4080
62,4120
62,4169
62,4184
62,4185
62,4196
62,4236
62,4253
62,4322
62,4506
62,4605
62,4632
62,4694
62,4722
62,4757
62,4830
62,4831
62,4872
62,4917
62,4955
62,5073
62,5091
62,5114
62,5127
62,5148
62,5159
62,5181
62,5189
62,5230
62,5374
62,5396
62,5499
62,5650
62,5814
62,5974
62,6005
62,6087
62,6235
62,6348
62,6354
62,6358
62,6508
62,6762
62,6826
62,6847
62,6886
62,7001
62,7188
62,7216
62,7228
62,7450
62,7498
62,7647
62,7686
62,7706
62,7720
62,7727
62,7753
62,7790
62,7824
62,7879
62,7943
62,8007
62,8108
62,8115
62,8237
62,8359
62,8365
62,8390
62,8468
62,8498
62,8537
62,8699
62,8710
62,8828
62,8865
62,9020
62,9022
62,9086
62,9094
62,9186
62,9195
62,9240
62,9335
62,9555
62,9602
62,9713
62,9788
62,9948
62,9985
62,9997
62,10119
62,10181
62,10426
62,10471
62,10657
62,10677
62,10697
62,10714
62,10757
62,10815
62,10989
62,11037
62,11183
62,11209
62,11384
62,11536
62,11541
62,11550
62,11661
62,11685
62,11723
62,11795
62,11946
62,11960
62,11968
62,12130
62,12137
62,12241
62,12286
62,12335
62,12377
62,12403
62,12463
62,12603
62,12770
62,12888
62,12981
62,12994
62,13002
62,13073
62,13074
62,13085
62,13123
62,13201
62,13216
62,13257
62,13258
62,13334
62,13354
62,13462
62,13484
62,13524
62,13539
62,13545
62,13562
62,13679
62,13701
62,13749
62,13868
62,13878
62,14029
62,14038
62,14066
62,14103
62,14255
62,14312
62,14316
62,14412
62,14428
62,14481
62,14484
62,14512
62,14515
62,14532
62,14650
62,14669
62,14724
62,14838
62,14852
62,14878
62,14910
62,14958
62,15026
62,15266
62,15330
62,15417
62,15462
62,15477
62,15493
62,15515
62,15531
62,15562
62,15584
62,15727
62,15743
62,15823
62,15831
62,15924
62,15962
62,16025
62,16075
62,16088
62,16240
62,16272
62,16336
62,16343
62,16413
62,16503
62,16513
62,16527
62,16533
62,16619
62,16823
62,16844
62,16871
62,16920
62,16930
62,16957
62,16975
62,17016
62,17038
62,17114
62,17121
62,17184
62,17219
62,17327
62,17385
62,17562
62,17749
62,17765
62,17798
62,17878
62,18161
62,18202
62,18219
62,18294
62,18301
62,18321
62,18355
62,18384
62,18388
62,18416
62,18422
62,18433
62,18463
62,18534
62,18562
62,18731
62,18776
62,18811
62,18968
62,19068
62,19069
62,19099
62,19259
62,19263
62,19543
62,19737
62,19749
62,19848
62,20088
62,20246
62,20362
62,20367
62,20368
62,20467
62,20506
62,20596
62,20828
62,20830
62,20851
62,20864
62,20891
62,20952
62,20974
62,20988
62,21144
62,21150
62,21386
62,21390
62,21467
62,21476
62,21488
62,21734
62,21800
62,21859
62,21867
62,21877
62,21981
62,22151
62,22155
62,22172
62,22180
62,22183
62,22242
62,22258
62,22278
62,22293
62,22300
62,22334
62,22347
62,22436
62,22471
62,22518
62,22622
62,22646
62,22671
62,22746
62,22764
62,22891
62,22902
62,22963
62,22992
62,23007
62,23108
62,23208
62,23237
62,23312
62,23335
62,23423
62,23467
62,23492
62,23504
62,23516
62,23518
62,23556
62,23581
62,23641
62,23697
62,23701
62,23717
62,23719
62,23782
62,23790
62,23818
62,23830
62,23997
62,24006
62,24039
62,24082
62,24169
62,24225
62,24258
62,24266
62,24302
62,24389
62,24393
62,24490
62,24513
62,24661
62,24698
62,24699
62,24767
62,24783
62,24802
62,24907
62,24976
62,24992
62,25046
62,25058
62,25129
62,25243
62,25251
62,25287
62,25335
62,25368
62,25410
62,25451
62,25456
62,25482
62,25511
62,25565
62,25695
62,25813
62,25852
62,25904
62,25959
62,25967
62,26041
62,26072
62,26092
62,26094
62,26172
62,26265
62,26292
62,26298
62,26301
62,26386
62,26641
62,26648
62,26729
62,26778
62,26861
62,26877
62,26923
62,26932
62,26950
62,26971
62,26994
62,27086
62,27164
62,27288
62,27314
62,27713
62,27717
62,27726
62,27810
62,27898
62,27924
62,28131
62,28157
62,28297
62,28323
62,28350
62,28379
62,28389
62,28483
62,28492
62,28540
62,28624
62,28630
62,28664
62,28665
62,28697
62,28781
62,28785
62,28825
62,28848
62,28963
62,29015
62,29016
62,29040
62,29089
62,29148
62,29159
62,29186
62,29240
62,29263
63,76
63,156
63,206
63,229
63,269
63,364
63,367
63,454
63,622
63,652
63,664
63,778
63,945
63,990
63,992
63,1047
63,1084
63,1088
63,1183
63,1209
63,1383
63,1536
63,1717
63,1722
63,1769
63,1897
63,1954
63,2064
63,2068
63,2083
63,2303
63,2350
63,2357
63,2468
63,2549
63,2566
63,2604
63,2605
63,2669
63,2698
63,2702
63,2728
63,2771
63,2817
63,2843
63,2896
63,3039
63,3060
63,3109
63,3135
63,3141
63,3179
63,3186
63,3392
63,3664
63,3683
63,3704
63,3709
63,3710
63,3752
63,3800
63,3818
63,3882
63,3918
63,3919
63,3924
63,4099
63,4198
63,4234
63,4276
63,4364
63,4473
63,4475
63,4517
63,4518
63,4535
63,4801
63,4843
63,4927
63,5011
63,5098
63,5344
63,5448
63,5583
63,5589
63,5722
63,5740
63,5837
63,5951
63,5969
63,5978
63,6010
63,6080
63,6110
63,6139
63,6307
63,6309
63,6387
63,6417
63,6715
63,6957
63,7079
63,7101
63,7144
63,7150
63,7173
63,7186
63,7195
63,7284
63,7324
63,7376
63,7478
63,7488
63,7521
63,7537
63,7712
63,7776
63,7814
63,7946
63,8078
63,8109
63,8190
63,8267
63,8582
63,8720
63,8781
63,8804
63,8814
63,8829
63,9109
63,9110
63,9128
63,9137
63,9151
63,9172
63,9186
63,9211
63,9233
63,9336
63,9353
63,9377
63,9383
63,9541
63,9592
63,9596
63,9623
63,9683
63,9747
63,9765
63,9797
63,9849
63,9904
63,9976
63,9994
63,10154
63,10243
63,10256
63,10409
63,10530
63,10680
63,10689
63,10716
63,10753
63,10760
63,10819
63,10822
63,10838
63,10874
63,11016
63,11119
63,11144
63,11274
63,11305
63,11316
63,11480
63,11493
63,11558
63,11590
63,11716
63,11804
63,11842
63,11926
63,11962
63,11988
63,12033
63,12038
63,12068
63,12078
63,12118
63,12214
63,12296
63,12366
63,12514
63,12580
63,12641
63,12662
63,12668
63,12670
63,12694
63,12821
63,12866
63,12996
63,13011
63,13046
63,13135
63,13157
63,13203
63,13298
63,13350
63,13368
63,13533
63,13593
63,13752
63,13756
63,13758
63,13876
63,13910
63,13916
63,13945
63,13950
63,13976
63,14094
63,14102
63,14122
63,14180
63,14212
63,14255
63,14293
63,14439
63,14500
63,14533
63,14537
63,14687
63,14732
63,14747
63,14809
63,14844
63,14923
63,14928
63,15122
63,15209
63,15242
63,15244
63,15488
63,15616
63,15645
63,15652
63,15656
63,15768
63,15794
63,15858
63,15890
63,16145
63,16431
63,16436
63,16556
63,16653
63,17033
63,17073
63,17128
63,17169
63,17177
63,17185
63,17382
63,17537
63,17648
63,17688
63,17807
63,17838
63,17893
63,17895
63,17901
63,18002
63,18023
63,18024
63,18062
63,18087
63,18121
63,18158
63,18267
63,18279
63,18302
63,18368
63,18428
63,18787
63,18823
63,18825
63,18920
63,19094
63,19104
63,19180
63,19215
63,19239
63,19374
63,19422
63,19506
63,19534
63,19621
63,19663
63,19670
63,19681
63,19685
63,19686
63,19717
63,19778
63,19796
63,19797
63,19859
63,19947
63,20240
63,20478
63,20542
63,20621
63,20628
63,20645
63,20790
63,20798
63,20905
63,20957
63,21065
63,21130
63,21169
63,21183
63,21223
63,21267
63,21414
63,21448
63,21458
63,21466
63,21478
63,21479
63,21522
63,21523
63,21573
63,21636
63,21654
63,21680
63,21912
63,21944
63,21958
63,22074
63,22132
63,22146
63,22265
63,22280
63,22289
63,22309
63,22327
63,22342
63,22378
63,22431
63,22573
63,22639
63,22679
63,22716
63,22820
63,22890
63,23042
63,23161
63,23310
63,23332
63,23374
63,23441
63,23458
63,23484
63,23540
63,23599
63,23611
63,23695
63,23740
63,23814
63,23820
63,23822
63,23858
63,23903
63,23957
63,24078
63,24154
63,24160
63,24182
63,24230
63,24238
63,24271
63,24336
63,24431
63,24522
63,24572
63,24694
63,24727
63,24924
63,24960
63,25040
63,25064
63,25140
63,25198
63,25268
63,25347
63,25474
63,25570
63,25626
63,25636
63,25638
63,25657
63,25806
63,25996
63,26057
63,26146
63,26178
63,26257
63,26399
63,26412
63,26450
63,26456
63,26487
63,26560
63,26589
63,26765
63,26868
63,26996
63,27084
63,27132
63,27257
63,27309
63,27312
63,27391
63,27396
63,27429
63,27568
63,27589
63,27702
63,27747
63,27779
63,27820
63,27873
63,27894
63,28092
63,28105
63,28106
63,28170
63,28184
63,28188
63,28234
63,28271
63,28279
63,28414
63,28485
63,28505
63,28518
63,28558
63,28714
63,28780
63,28818
63,28928
63,28950
63,29030
63,29047
63,29122
63,29150
63,29172
63,29175
63,29189
63,29363
63,29417
63,29434
63,29545
64,0
64,6
64,14
64,169
64,188
64,222
64,246
64,262
64,305
64,359
64,392
64,414
64,423
64,496
64,608
64,643
64,658
64,709
64,922
64,1167
64,1178
64,1236
64,1293
64,1337
64,1380
64,1556
64,1599
64,1622
64,1653
64,1988
64,2006
64,2042
64,2091
64,2093
64,2193
64,2344
64,2423
64,2432
64,2507
64,2513
64,2593
64,2594
64,2617
64,2785
64,2799
64,2805
64,2928
64,2942
64,2945
64,2985
64,3020
64,3021
64,3037
64,3217
64,3273
64,3345
64,3363
64,3838
64,3951
64,3986
64,4146
64,4151
64,4201
64,4227
64,4241
64,4265
64,4358
64,4396
64,4450
64,4486
64,4549
64,4569
64,4698
64,4712
64,4738
64,4759
64,4775
64,4780
64,4904
64,4906
64,4997
64,5031
64,5265
64,5297
64,5362
64,5401
64,5548
64,5626
64,5741
64,5747
64,5865
64,5868
64,5875
64,5935
64,6018
64,6074
64,6163
64,6200
64,6326
64,6331
64,6357
64,6538
64,6660
64,6715
64,6782
64,6797
64,6834
64,7056
64,7071
64,7185
64,7297
64,7509
64,7685
64,7703
64,7815
64,8017
64,8102
64,8146
64,8229
64,8381
64,8479
64,8480
64,8490
64,8600
64,8608
64,8618
64,8630
64,8640
64,8641
64,8835
64,8876
64,8918
64,9033
64,9125
64,9133
64,9148
64,9198
64,9252
64,9280
64,9354
64,9446
64,9488
64,9604
64,9605
64,9632
64,9644
64,9700
64,9710
64,9745
64,9769
64,9898
64,9902
64,9958
64,9985
64,10029
64,10119
64,10161
64,10203
64,10244
64,10271
64,10351
64,10356
64,10371
64,10626
64,10864
64,10870
64,10977
64,11009
64,11072
64,11138
64,11153
64,11191
64,11246
64,11350
64,11401
64,11402
64,11456
64,11469
64,11476
64,11531
64,11681
64,11708
64,11768
64,11771
64,11852
64,11918
64,12190
64,12251
64,12576
64,12637
64,12650
64,12799
64,12946
64,12967
64,13113
64,13163
64,13210
64,13339
64,13410
64,13499
64,13549
64,13555
64,13559
64,13577
64,13595
64,13700
64,13854
64,13870
64,13874
64,13882
64,13953
64,13993
64,14069
64,14082
64,14250
64,14281
64,14292
64,14358
64,14378
64,14433
64,14475
64,14478
64,14482
64,14509
64,14577
64,14610
64,14621
64,14856
64,14871
64,14890
64,14918
64,15043
64,15077
64,15136
64,15215
64,15224
64,15271
64,15351
64,15374
64,15382
64,15392
64,15482
64,15711
64,15715
64,15729
64,15812
64,15880
64,15968
64,15981
64,16100
64,16115
64,16166
64,16232
64,16400
64,16460
64,16514
64,16599
64,16654
64,16687
64,16752
64,16790
64,16808
64,16809
64,16898
64,16907
64,17011
64,17016
64,17066
64,17089
64,17100
64,17202
64,17240
64,17244
64,17335
64,17429
64,17488
64,17497
64,17547
64,17552
64,17603
64,17656
64,17684
64,17699
64,17703
64,17717
64,17725
64,17776
64,17838
64,17864
64,17926
64,18069
64,18245
64,18352
64,18413
64,18526
64,18556
64,18655
64,18662
64,18667
64,18676
64,18810
64,18852
64,18971
64,18979
64,18982
64,19061
64,19068
64,19164
64,19243
64,19367
64,19487
64,19498
64,19515
64,19570
64,19573
64,19703
64,19956
64,19961
64,19981
64,20018
64,20087
64,20201
64,20204
64,20275
64,20355
64,20475
64,20504
64,20580
64,20598
64,20656
64,20847
64,20873
64,20880
64,20962
64,20983
64,20984
64,20993
64,21293
64,21372
64,21450
64,21475
64,21710
64,21727
64,21930
64,22013
64,22020
64,22049
64,22080
64,22207
64,22427
64,22452
64,22604
64,22710
64,22914
64,22922
64,23067
64,23231
64,23234
64,23419
64,23543
64,23581
64,23633
64,23641
64,23706
64,23731
64,23798
64,23849
64,23908
64,23969
64,24085
64,24209
64,24332
64,24435
64,24460
64,24500
64,24667
64,24689
64,24723
64,24732
64,24807
64,24839
64,24865
64,24966
64,24967
64,25003
64,25057
64,25145
64,25169
64,25182
64,25264
64,25354
64,25381
64,25404
64,25468
64,25494
64,25624
64,25656
64,25671
64,25719
64,25760
64,25862
64,25882
64,25920
64,25982
64,26082
64,26235
64,26317
64,26359
64,26538
64,26549
64,26568
64,26604
64,26660
64,26680
64,26875
64,26893
64,26895
64,26965
64,26985
64,27041
64,27136
64,27184
64,27239
64,27312
64,27328
64,27435
64,27449
64,27481
64,27530
64,27553
64,27577
64,27606
64,27625
64,27666
64,27694
64,27699
64,27859
64,27893
64,27982
64,28031
64,28072
64,28147
64,28195
64,28218
64,28279
64,28367
64,28379
64,28532
64,28552
64,28576
64,28587
64,28599
64,28629
64,28652
64,28680
64,28714
64,28718
64,28793
64,28830
64,28969
64,29008
64,29023
64,29447
65,48
65,120
65,252
65,283
65,399
65,402
65,498
65,513
65,524
65,691
65,808
65,880
65,917
65,1006
65,1032
65,1051
65,1187
65,1312
65,1321
65,1582
65,1677
65,1726
65,1746
65,1936
65,1949
65,1970
65,1973
65,1974
65,2051
65,2101
65,2131
65,2152
65,2156
65,2176
65,2243
65,2260
65,2264
65,2273
65,2316
65,2365
65,2370
65,2389
65,2490
65,2531
65,2658
65,2819
65,2840
65,2901
65,2919
65,2992
65,3060
65,3071
65,3112
65,3132
65,3147
65,3301
65,3307
65,3380
65,3490
65,3516
65,3601
65,3657
65,3668
65,3687
65,3739
65,3760
65,3782
65,3783
65,3930
65,4013
65,4026
65,4067
65,4143
65,4258
65,4341
65,4372
65,4379
65,4395
65,4485
65,4546
65,4553
65,4681
65,4703
65,4704
65,4947
65,4955
65,4972
65,4987
65,5030
65,5036
65,5050
65,5097
65,5102
65,5107
65,5221
65,5322
65,5416
65,5444
65,5606
65,5662
65,5747
65,5767
65,5792
65,5834
65,5897
65,5907
65,5951
65,5956
65,5965
65,5987
65,6003
65,6072
65,6317
65,6322
65,6462
65,6499
65,6514
65,6529
65,6544
65,6582
65,6636
65,6670
65,6671
65,6695
65,6840
65,6910
65,6964
65,6993
65,7050
65,7084
65,7210
65,7244
65,7351
65,7398
65,7479
65,7570
65,7659
65,7833
65,7837
65,7883
65,7957
65,7987
65,8045
65,8182
65,8243
65,8268
65,8309
65,8432
65,8439
65,8480
65,8491
65,8518
65,8528
65,8531
65,8546
65,8672
65,8675
65,8708
65,8825
65,8842
65,8971
65,9046
65,9064
65,9216
65,9261
65,9275
65,9309
65,9365
65,9569
65,9584
65,9634
65,9698
65,9773
65,9825
65,9859
65,9870
65,9968
65,10036
65,10113
65,10139
65,10159
65,10164
65,10236
65,10374
65,10400
65,10420
65,10449
65,10476
65,10566
65,10609
65,10627
65,10764
65,10790
65,10817
65,10883
65,10979
65,11099
65,11119
65,11324
65,11336
65,11457
65,11501
65,11502
65,11546
65,11657
65,11737
65,11750
65,11793
65,11873
65,11984
65,11990
65,11992
65,12087
65,12093
65,12110
65,12267
65,12333
65,12357
65,12363
65,12365
65,12493
65,12544
65,12635
65,12657
65,12728
65,12782
65,12900
65,12913
65,12920
65,12976
65,13042
65,13136
65,13206
65,13215
65,13284
65,13297
65,13515
65,13527
65,13561
65,13592
65,13691
65,13774
65,13803
65,13854
65,13867
65,13869
65,13957
65,14058
65,14248
65,14442
65,14448
65,14531
65,14570
65,14613
65,14628
65,14634
65,14639
65,14672
65,14719
65,14801
65,14936
65,15096
65,15111
65,15115
65,15258
65,15293
65,15319
65,15547
65,15596
65,15640
65,15647
65,15754
65,15837
65,15845
65,15859
65,15884
65,15891
65,16051
65,16088
65,16093
65,16105
65,16150
65,16406
65,16509
65,16530
65,16553
65,16645
65,16670
65,16680
65,16850
65,17013
65,17137
65,17150
65,17223
65,17284
65,17455
65,17670
65,17700
65,17726
65,17761
65,17769
65,17809
65,17818
65,17840
65,17842
65,17896
65,17916
65,17962
65,18081
65,18109
65,18121
65,18149
65,18201
65,18267
65,18349
65,18361
65,18406
65,18423
65,18435
65,18499
65,18502
65,18527
65,18576
65,18664
65,18673
65,18681
65,18840
65,18863
65,18893
65,18912
65,18972
65,18993
65,19032
65,19130
65,19251
65,19271
65,19295
65,19305
65,19355
65,19386
65,19513
65,19881
65,19980
65,20225
65,20271
65,20383
65,20388
65,20399
65,20520
65,20524
65,20534
65,20619
65,20628
65,20637
65,20669
65,20734
65,20755
65,20783
65,21110
65,21112
65,21157
65,21179
65,21182
65,21253
65,21498
65,21584
65,21634
65,21758
65,21827
65,21853
65,21860
65,21868
65,21910
65,21999
65,22120
65,22165
65,22204
65,22211
65,22221
65,22259
65,22397
65,22532
65,22606
65,22657
65,22801
65,22806
65,22845
65,22852
65,22888
65,22973
65,23032
65,23072
65,23146
65,23147
65,23177
65,23232
65,23237
65,23253
65,23289
65,23360
65,23396
65,23485
65,23489
65,23494
65,23548
65,23726
65,23815
65,23822
65,23854
65,23943
65,23986
65,24182
65,24214
65,24254
65,24326
65,24421
65,24435
65,24479
65,24586
65,24683
65,24765
65,24773
65,24793
65,24820
65,24884
65,24896
65,24985
65,25005
65,25055
65,25056
65,25061
65,25087
65,25192
65,25198
65,25235
65,25415
65,25460
65,25475
65,25621
65,25796
65,25844
65,26053
65,26129
65,26295
65,26319
65,26357
65,26358
65,26382
65,26473
65,26501
65,26516
65,26585
65,26635
65,26647
65,26678
65,26752
65,26758
65,26793
65,26902
65,26931
65,26937
65,26985
65,27002
65,27023
65,27028
65,27041
65,27059
65,27126
65,27345
65,27384
65,27466
65,27496
65,27550
65,27559
65,27769
65,27838
65,27877
65,27943
65,28063
65,28069
65,28081
65,28156
65,28161
65,28168
65,28208
65,28259
65,28281
65,28355
65,28471
65,28476
65,28593
65,28731
65,28760
65,28787
65,28802
65,28862
65,28896
65,28942
65,28943
65,29033
65,29055
65,29057
65,29083
65,29197
65,29288
65,29310
65,29312
65,29493
66,2
66,22
66,51
66,86
66,104
66,108
66,260
66,309
66,370
66,456
66,480
66,584
66,616
66,704
66,820
66,963
66,1042
66,1184
66,1227
66,1272
66,1337
66,1576
66,1624
66,1751
66,1808
66,1815
66,1837
66,1853
66,1860
66,1908
66,1950
66,1986
66,2035
66,2169
66,2227
66,2289
66,2326
66,2356
66,2388
66,2508
66,2543
66,2600
66,2643
66,2839
66,2854
66,2864
66,2898
66,2900
66,3006
66,3010
66,3044
66,3080
66,3116
66,3127
66,3211
66,3293
66,3325
66,3330
66,3334
66,3363
66,3418
66,3577
66,3673
66,3691
66,3736
66,3801
66,3897
66,3983
66,4055
66,4077
66,4124
66,4216
66,4252
66,4343
66,4368
66,4471
66,4512
66,4516
66,4594
66,4639
66,4647
66,4860
66,4907
66,4987
66,4995
66,5018
66,5094
66,5123
66,5219
66,5291
66,5403
66,5516
66,5535
66,5583
66,5726
66,5803
66,5960
66,5980
66,6041
66,6149
66,6159
66,6189
66,6205
66,6225
66,6323
66,6551
66,6615
66,6636
66,6675
66,6752
66,6765
66,6823
66,6859
66,6901
66,6940
66,7002
66,7019
66,7031
66,7049
66,7089
66,7372
66,7379
66,7396
66,7440
66,7489
66,7569
66,7658
66,7759
66,7778
66,7866
66,7868
66,7947
66,7979
66,8015
66,8050
66,8074
66,8157
66,8209
66,8260
66,8321
66,8322
66,8399
66,8409
66,8455
66,8459
66,8475
66,8540
66,8581
66,8739
66,8872
66,8875
66,8896
66,8945
66,8970
66,9324
66,9409
66,9507
66,9524
66,9551
66,9568
66,9645
66,9648
66,9695
66,9775
66,9865
66,9896
66,9918
66,9930
66,10086
66,10105
66,10150
66,10164
66,10176
66,10217
66,10223
66,10242
66,10272
66,10285
66,10311
66,10334
66,10407
66,10408
66,10424
66,10522
66,10634
66,10638
66,10639
66,10719
66,10785
66,10808
66,10959
66,10984
66,11026
66,11067
66,11104
66,11108
66,11124
66,11200
66,11222
66,11389
66,11406
66,11408
66,11425
66,11458
66,11510
66,11597
66,11671
66,11835
66,11860
66,11875
66,11948
66,11963
66,12066
66,12073
66,12161
66,12187
66,12253
66,12349
66,12623
66,12656
66,12678
66,12777
66,12802
66,12848
66,12895
66,12958
66,13015
66,13039
66,13148
66,13258
66,13314
66,13317
66,13447
66,13494
66,13585
66,13609
66,13616
66,13628
66,13650
66,13684
66,13740
66,13820
66,13855
66,13979
66,13986
66,14012
66,14039
66,14040
66,14048
66,14111
66,14125
66,14180
66,14213
66,14221
66,14246
66,14269
66,14273
66,14369
66,14425
66,14493
66,14583
66,14682
66,14754
66,14762
66,14766
66,14783
66,14843
66,14897
66,14923
66,15134
66,15161
66,15210
66,15346
66,15348
66,15418
66,15462
66,15476
66,15509
66,15515
66,15523
66,15539
66,15575
66,15677
66,15701
66,15866
66,15915
66,15985
66,16038
66,16085
66,16188
66,16201
66,16205
66,16226
66,16248
66,16250
66,16311
66,16313
66,16355
66,16398
66,16687
66,16710
66,16713
66,16735
66,16771
66,16849
66,16919
66,16922
66,16948
66,16993
66,17237
66,17255
66,17342
66,17458
66,17474
66,17498
66,17503
66,17577
66,17582
66,17667
66,17733
66,17766
66,17792
66,17834
66,17878
66,17907
66,18054
66,18073
66,18093
66,18101
66,18242
66,18320
66,18368
66,18546
66,18560
66,18611
66,18698
66,18780
66,18837
66,18868
66,18930
66,18971
66,18993
66,19037
66,19125
66,19179
66,19201
66,19267
66,19328
66,19408
66,19530
66,19554
66,19567
66,19582
66,19632
66,19675
66,19753
66,19873
66,19918
66,19947
66,20002
66,20004
66,20031
66,20154
66,20171
66,20202
66,20239
66,20383
66,20444
66,20519
66,20531
66,20574
66,20583
66,20755
66,20759
66,20900
66,21004
66,21120
66,21176
66,21391
66,21402
66,21407
66,21420
66,21431
66,21451
66,21519
66,21553
66,21597
66,21614
66,21759
66,21762
66,21793
66,21830
66,21879
66,22047
66,22050
66,22055
66,22272
66,22280
66,22360
66,22406
66,22480
66,22548
66,22576
66,22730
66,22769
66,22788
66,22813
66,22901
66,22938
66,23061
66,23157
66,23160
66,23204
66,23269
66,23286
66,23391
66,23396
66,23555
66,23567
66,23600
66,23601
66,23794
66,23828
66,23831
66,23909
66,23990
66,24014
66,24182
66,24252
66,24285
66,24307
66,24375
66,24517
66,24523
66,24524
66,24653
66,24657
66,24764
66,24784
66,24878
66,24921
66,24953
66,24959
66,24984
66,25035
66,25067
66,25166
66,25239
66,25270
66,25309
66,25336
66,25414
66,25589
66,25704
66,25857
66,25927
66,25954
66,26033
66,26048
66,26144
66,26177
66,26282
66,26290
66,26369
66,26421
66,26448
66,26484
66,26491
66,26509
66,26562
66,26564
66,26603
66,26617
66,26621
66,26736
66,26745
66,26832
66,26912
66,26999
66,27011
66,27282
66,27534
66,27626
66,27713
66,27821
66,27862
66,27865
66,27870
66,27957
66,27958
66,27993
66,28008
66,28034
66,28131
66,28176
66,28252
66,28410
66,28442
66,28461
66,28487
66,28507
66,28631
66,28647
66,28808
66,28904
66,28934
66,28950
66,28966
66,29199
66,29280
66,29313
66,29340
66,29363
67,33
67,122
67,160
67,162
67,256
67,341
67,361
67,368
67,497
67,501
67,525
67,614
67,621
67,630
67,636
67,678
67,690
67,783
67,833
67,865
67,1037
67,1060
67,1135
67,1153
67,1221
67,1245
67,1271
67,1318
67,1360
67,1369
67,1386
67,1431
67,1455
67,1481
67,1496
67,1504
67,1570
67,1654
67,1698
67,1708
67,1848
67,1970
67,1982
67,2120
67,2184
67,2207
67,2264
67,2307
67,2308
67,2409
67,2443
67,2538
67,2579
67,2656
67,2664
67,2669
67,2760
67,2762
67,2780
67,3077
67,3191
67,3194
67,3217
67,3262
67,3264
67,3284
67,3354
67,3366
67,3381
67,3413
67,3416
67,3465
67,3485
67,3486
67,3492
67,3498
67,3527
67,3543
67,3583
67,3600
67,3715
67,3735
67,3815
67,3837
67,4001
67,4009
67,4047
67,4063
67,4073
67,4209
67,4269
67,4290
67,4300
67,4337
67,4349
67,4419
67,4473
67,4547
67,4553
67,4574
67,4595
67,4626
67,4631
67,4739
67,4746
67,4850
67,4894
67,5031
67,5063
67,5080
67,5085
67,5138
67,5166
67,5251
67,5253
67,5260
67,5289
67,5297
67,5308
67,5345
67,5388
67,5437
67,5444
67,5492
67,5524
67,5537
67,5590
67,5624
67,5650
67,5669
67,5689
67,5739
67,5775
67,5820
67,5910
67,5926
67,6034
67,6055
67,6079
67,6114
67,6173
67,6202
67,6264
67,6336
67,6349
67,6364
67,6368
67,6417
67,6528
67,6612
67,6642
67,6701
67,6754
67,6755
67,6767
67,6768
67,6785
67,6849
67,6874
67,6902
67,6922
67,7081
67,7224
67,7239
67,7266
67,7313
67,7342
67,7351
67,7356
67,7372
67,7407
67,7414
67,7444
67,7527
67,7542
67,7566
67,7581
67,7623
67,7637
67,7641
67,7670
67,7695
67,7755
67,7765
67,7792
67,7818
67,7889
67,7891
67,7900
67,7925
67,7949
67,7953
67,8000
67,8068
67,8093
67,8149
67,8168
67,8193
67,8247
67,8267
67,8309
67,8355
67,8586
67,8588
67,8596
67,8633
67,8661
67,8666
67,8695
67,8711
67,8712
67,8768
67,8780
67,8810
67,8923
67,8930
67,9177
67,9213
67,9240
67,9255
67,9276
67,9295
67,9331
67,9348
67,9428
67,9432
67,9457
67,9468
67,9477
67,9502
67,9737
67,9856
67,9859
67,9864
67,9889
67,10028
67,10037
67,10065
67,10074
67,10107
67,10173
67,10192
67,10230
67,10250
67,10260
67,10289
67,10305
67,10310
67,10324
67,10345
67,10351
67,10375
67,10405
67,10445
67,10485
67,10559
67,10617
67,10673
67,10687
67,11002
67,11057
67,11085
67,11152
67,11238
67,11247
67,11395
67,11410
67,11472
67,11505
67,11531
67,11535
67,11608
67,11643
67,11644
67,11665
67,11741
67,11763
67,11797
67,11842
67,11850
67,11881
67,11969
67,12043
67,12058
67,12100
67,12164
67,12285
67,12320
67,12358
67,12445
67,12487
67,12495
67,12505
67,12531
67,12554
67,12605
67,12647
67,12763
67,12810
67,12814
67,12927
67,12929
67,12938
67,12952
67,12995
67,13096
67,13118
67,13164
67,13300
67,13301
67,13413
67,13460
67,13500
67,13544
67,13547
67,13591
67,13596
67,13648
67,13795
67,13819
67,13820
67,13822
67,13855
67,13903
67,13929
67,13935
67,13938
67,13971
67,14165
67,14220
67,14277
67,14278
67,14291
67,14382
67,14434
67,14492
67,14508
67,14598
67,14660
67,14695
67,14698
67,14736
67,14846
67,14886
67,15026
67,15079
67,15149
67,15152
67,15203
67,15218
67,15234
67,15304
67,15327
67,15407
67,15509
67,15525
67,15526
67,15614
67,15670
67,15673
67,15690
67,15736
67,15780
67,15881
67,16026
67,16133
67,16215
67,16221
67,16228
67,16263
67,16368
67,16514
67,16528
67,16579
67,16590
67,16595
67,16624
67,16720
67,16776
67,16820
67,16876
67,16877
67,16953
67,16963
67,17030
67,17066
67,17126
67,17226
67,17258
67,17508
67,17515
67,17618
67,17739
67,17750
67,17759
67,17805
67,17837
67,17855
67,17931
67,17953
67,17987
67,18020
67,18047
67,18079
67,18113
67,18134
67,18175
67,18408
67,18436
67,18481
67,18500
67,18508
67,18528
67,18736
67,18737
67,18898
67,18942
67,19147
67,19181
67,19187
67,19211
67,19266
67,19279
67,19315
67,19317
67,19338
67,19339
67,19386
67,19416
67,19426
67,19605
67,19607
67,19626
67,19676
67,19727
67,19760
67,19804
67,19837
67,19917
67,19929
67,20027
67,20081
67,20083
67,20093
67,20149
67,20356
67,20364
67,20390
67,20460
67,20503
67,20581
67,20624
67,20628
67,20648
67,20699
67,20776
67,20806
67,20815
67,20833
67,20977
67,20991
67,21083
67,21125
67,21165
67,21221
67,21266
67,21281
67,21342
67,21351
67,21363
67,21392
67,21415
67,21469
67,21517
67,21538
67,21560
67,21569
67,21575
67,21577
67,21615
67,21627
67,21631
67,21763
67,21819
67,21862
67,21886
67,21953
67,21958
67,22004
67,22035
67,22098
67,22116
67,22136
67,22163
67,22311
67,22372
67,22401
67,22411
67,22435
67,22465
67,22507
67,22536
67,22541
67,22605
67,22691
67,22741
67,22908
67,22925
67,23016
67,23051
67,23060
67,23073
67,23174
67,23298
67,23404
67,23446
67,23448
67,23518
67,23535
67,23541
67,23596
67,23659
67,23668
67,23727
67,23795
67,23800
67,23847
67,23860
67,23891
67,23940
67,23994
67,24041
67,24078
67,24084
67,24159
67,24206
67,24254
67,24272
67,24324
67,24512
67,24540
67,24563
67,24621
67,24650
67,24663
67,24707
67,24819
67,24838
67,24866
67,24974
67,24989
67,25042
67,25078
67,25118
67,25134
67,25149
67,25151
67,25183
67,25221
67,25224
67,25244
67,25417
67,25524
67,25760
67,25818
67,25825
67,25861
67,25899
67,25920
67,25978
67,25984
67,26043
67,26088
67,26144
67,26152
67,26209
67,26220
67,26274
67,26280
67,26399
67,26413
67,26458
67,26460
67,26667
67,26674
67,26743
67,26774
67,26798
67,26847
67,26895
67,26911
67,26959
67,27022
67,27034
67,27064
67,27110
67,27115
67,27222
67,27476
67,27479
67,27544
67,27564
67,27622
67,27815
67,27827
67,27834
67,27914
67,27951
67,28000
67,28150
67,28288
67,28336
67,28351
67,28402
67,28412
67,28415
67,28423
67,28587
67,28623
67,28676
67,28769
67,28806
67,28820
67,28903
67,28961
67,28969
67,29011
67,29108
67,29129
67,29168
67,29207
67,29328
67,29393
67,29409
67,29415
67,29452
67,29469
67,29484
67,29508
67,29515
67,29538
68,32
68,45
68,46
68,68
68,84
68,85
68,89
68,90
68,121
68,290
68,299
68,334
68,402
68,458
68,459
68,556
68,656
68,824
68,871
68,957
68,962
68,994
68,1018
68,1022
68,1069
68,1157
68,1158
68,1182
68,1209
68,1290
68,1396
68,1438
68,1522
68,1637
68,1646
68,1734
68,1760
68,1762
68,1804
68,1861
68,1879
68,1953
68,2015
68,2022
68,2031
68,2051
68,2066
68,2103
68,2158
68,2185
68,2222
68,2273
68,2288
68,2311
68,2379
68,2401
68,2428
68,2472
68,2732
68,2754
68,2842
68,2863
68,2905
68,2926
68,2960
68,3016
68,3029
68,3032
68,3214
68,3216
68,3357
68,3386
68,3481
68,3492
68,3519
68,3566
68,3706
68,3888
68,3893
68,3902
68,3939
68,3956
68,3973
68,3991
68,4025
68,4062
68,4064
68,4140
68,4151
68,4165
68,4193
68,4238
68,4299
68,4315
68,4334
68,4340
68,4481
68,4541
68,4602
68,4789
68,4872
68,4932
68,4950
68,4997
68,5045
68,5178
68,5192
68,5248
68,5280
68,5281
68,5364
68,5385
68,5510
68,5547
68,5639
68,5725
68,5778
68,5799
68,5824
68,5837
68,5844
68,5867
68,5968
68,6162
68,6166
68,6200
68,6224
68,6260
68,6290
68,6307
68,6309
68,6321
68,6397
68,6514
68,6532
68,6664
68,6700
68,6730
68,6846
68,6897
68,7003
68,7043
68,7105
68,7110
68,7156
68,7201
68,7273
68,7306
68,7339
68,7353
68,7433
68,7455
68,7457
68,7466
68,7627
68,7631
68,7661
68,7663
68,7673
68,7694
68,7751
68,7783
68,7800
68,7874
68,7915
68,8054
68,8156
68,8217
68,8225
68,8327
68,8333
68,8342
68,8365
68,8367
68,8376
68,8407
68,8464
68,8548
68,8604
68,8613
68,8640
68,8649
68,8656
68,8662
68,8677
68,8683
68,8744
68,8760
68,8815
68,8825
68,8883
68,8914
68,8927
68,8990
68,9157
68,9282
68,9314
68,9323
68,9434
68,9481
68,9482
68,9524
68,9544
68,9557
68,9618
68,9623
68,9718
68,9724
68,9738
68,9747
68,9775
68,9780
68,9815
68,9824
68,9852
68,9871
68,9888
68,9911
68,10014
68,10079
68,10091
68,10129
68,10166
68,10185
68,10209
68,10319
68,10392
68,10414
68,10430
68,10439
68,10464
68,10514
68,10519
68,10529
68,10555
68,10598
68,10637
68,10640
68,10700
68,10730
68,10759
68,10850
68,10882
68,10908
68,10950
68,11005
68,11126
68,11161
68,11309
68,11326
68,11334
68,11354
68,11407
68,11430
68,11442
68,11493
68,11560
68,11586
68,11639
68,11684
68,11713
68,11772
68,11856
68,11964
68,11967
68,11997
68,12034
68,12053
68,12076
68,12115
68,12165
68,12189
68,12196
68,12235
68,12266
68,12322
68,12427
68,12446
68,12489
68,12558
68,12608
68,12682
68,12740
68,12795
68,12811
68,12991
68,13015
68,13099
68,13100
68,13127
68,13132
68,13141
68,13151
68,13185
68,13281
68,13299
68,13302
68,13343
68,13393
68,13405
68,13425
68,13451
68,13486
68,13489
68,13521
68,13540
68,13566
68,13651
68,13681
68,13705
68,13743
68,13770
68,13818
68,13848
68,13904
68,13923
68,13975
68,13994
68,14014
68,14125
68,14126
68,14131
68,14174
68,14177
68,14202
68,14263
68,14300
68,14389
68,14485
68,14593
68,14697
68,14722
68,14723
68,14766
68,14778
68,14885
68,14890
68,14928
68,15022
68,15032
68,15111
68,15117
68,15125
68,15185
68,15187
68,15229
68,15273
68,15345
68,15419
68,15567
68,15571
68,15593
68,15608
68,15628
68,15667
68,15717
68,15721
68,15780
68,15824
68,15826
68,15843
68,15878
68,15926
68,15955
68,16062
68,16068
68,16132
68,16185
68,16243
68,16449
68,16482
68,16521
68,16672
68,16747
68,16756
68,16761
68,16861
68,16960
68,16973
68,16979
68,17006
68,17011
68,17041
68,17214
68,17239
68,17436
68,17487
68,17517
68,17529
68,17585
68,17594
68,17666
68,17669
68,17698
68,17716
68,17748
68,17789
68,17834
68,17849
68,17981
68,18055
68,18061
68,18065
68,18247
68,18307
68,18363
68,18449
68,18726
68,18825
68,18966
68,19086
68,19103
68,19126
68,19167
68,19172
68,19269
68,19317
68,19398
68,19446
68,19472
68,19557
68,19672
68,19697
68,19703
68,19745
68,19820
68,19840
68,19849
68,19922
68,20003
68,20154
68,20222
68,20347
68,20377
68,20559
68,20563
68,20593
68,20606
68,20616
68,20637
68,20643
68,20652
68,20680
68,20695
68,20720
68,20744
68,20782
68,20849
68,20952
68,20979
68,21054
68,21056
68,21085
68,21111
68,21112
68,21151
68,21311
68,21329
68,21360
68,21407
68,21431
68,21562
68,21566
68,21573
68,21587
68,21600
68,21621
68,21670
68,21727
68,21754
68,21759
68,21763
68,21886
68,21996
68,22048
68,22056
68,22068
68,22098
68,22115
68,22126
68,22170
68,22211
68,22212
68,22314
68,22365
68,22376
68,22502
68,22585
68,22648
68,22689
68,22708
68,22768
68,22786
68,22883
68,22929
68,22940
68,22941
68,22989
68,23072
68,23077
68,23107
68,23273
68,23310
68,23339
68,23399
68,23407
68,23540
68,23654
68,23663
68,23667
68,23680
68,23729
68,23777
68,23823
68,23828
68,23886
68,24051
68,24058
68,24078
68,24120
68,24144
68,24224
68,24248
68,24325
68,24329
68,24331
68,24414
68,24415
68,24433
68,24531
68,24597
68,24611
68,24729
68,24755
68,24828
68,24867
68,24920
68,24921
68,24934
68,24935
68,24946
68,25030
68,25127
68,25162
68,25201
68,25334
68,25370
68,25408
68,25538
68,25562
68,25601
68,25697
68,25724
68,25725
68,25770
68,25825
68,25839
68,25887
68,25959
68,25982
68,26025
68,26141
68,26155
68,26175
68,26277
68,26280
68,26335
68,26447
68,26461
68,26479
68,26494
68,26625
68,26641
68,26680
68,26683
68,26691
68,26754
68,26828
68,26849
68,26939
68,26963
68,26966
68,27004
68,27080
68,27125
68,27143
68,27211
68,27230
68,27248
68,27307
68,27349
68,27353
68,27480
68,27562
68,27652
68,27725
68,27953
68,28019
68,28065
68,28078
68,28121
68,28125
68,28153
68,28189
68,28347
68,28377
68,28388
68,28413
68,28427
68,28468
68,28596
68,28626
68,28677
68,28691
68,28757
68,28817
68,28924
68,28931
68,29162
68,29209
68,29305
68,29327
68,29440
68,29481
68,29557
68,29561
69,60
69,80
69,110
69,141
69,187
69,189
69,248
69,301
69,331
69,353
69,387
69,419
69,539
69,620
69,682
69,702
69,731
69,810
69,814
69,824
69,828
69,878
69,950
69,1090
69,1102
69,1161
69,1175
69,1210
69,1214
69,1245
69,1275
69,1370
69,1373
69,1501
69,1582
69,1590
69,1606
69,1748
69,1779
69,1789
69,1833
69,1861
69,1873
69,1888
69,1947
69,1973
69,1982
69,1998
69,2000
69,2117
69,2246
69,2428
69,2429
69,2467
69,2469
69,2470
69,2508
69,2527
69,2545
69,2569
69,2573
69,2613
69,2628
69,2632
69,2674
69,2759
69,2765
69,2799
69,2807
69,2819
69,2825
69,2882
69,2918
69,2954
69,2995
69,3049
69,3240
69,3402
69,3418
69,3419
69,3490
69,3547
69,3620
69,3623
69,3639
69,3696
69,3755
69,3759
69,3766
69,3780
69,3805
69,3885
69,4007
69,4156
69,4266
69,4330
69,4357
69,4381
69,4390
69,4408
69,4501
69,4596
69,4599
69,4663
69,4677
69,4749
69,4773
69,4790
69,4794
69,4858
69,4867
69,4983
69,4992
69,4999
69,5054
69,5200
69,5287
69,5337
69,5354
69,5409
69,5411
69,5580
69,5704
69,5710
69,5722
69,5736
69,5739
69,5765
69,5802
69,6108
69,6307
69,6336
69,6450
69,6462
69,6476
69,6497
69,6547
69,6586
69,6640
69,6662
69,6664
69,6675
69,6693
69,6697
69,6755
69,6759
69,6819
69,6851
69,6859
69,6905
69,6910
69,6925
69,6927
69,6952
69,6963
69,7037
69,7078
69,7096
69,7100
69,7126
69,7132
69,7139
69,7244
69,7268
69,7332
69,7335
69,7410
69,7548
69,7703
69,7786
69,7799
69,7868
69,7884
69,7979
69,7985
69,7990
69,8046
69,8084
69,8191
69,8274
69,8374
69,8398
69,8438
69,8505
69,8531
69,8559
69,8596
69,8597
69,8628
69,8658
69,8679
69,8714
69,8768
69,8775
69,8793
69,8845
69,8957
69,8982
69,9016
69,9118
69,9280
69,9298
69,9328
69,9334
69,9404
69,9432
69,9530
69,9537
69,9546
69,9598
69,9600
69,9628
69,9629
69,9636
69,9641
69,9735
69,9850
69,9871
69,9881
69,9898
69,9929
69,9942
69,9959
69,10012
69,10106
69,10116
69,10185
69,10197
69,10210
69,10470
69,10482
69,10535
69,10604
69,10634
69,10676
69,10701
69,10723
69,10807
69,10871
69,10936
69,11078
69,11109
69,11126
69,11144
69,11160
69,11205
69,11275
69,11285
69,11287
69,11374
69,11378
69,11408
69,11454
69,11471
69,11522
69,11546
69,11547
69,11560
69,11742
69,11749
69,11758
69,11783
69,11793
69,11808
69,11943
69,11987
69,12011
69,12057
69,12095
69,12115
69,12126
69,12147
69,12306
69,12356
69,12362
69,12364
69,12427
69,12474
69,12496
69,12506
69,12569
69,12670
69,12739
69,12745
69,12780
69,12800
69,12857
69,12998
69,13107
69,13114
69,13146
69,13153
69,13249
69,13281
69,13298
69,13334
69,13341
69,13408
69,13422
69,13436
69,13443
69,13458
69,13493
69,13541
69,13629
69,13674
69,13736
69,13755
69,13762
69,13775
69,13844
69,13860
69,13959
69,13982
69,13993
69,13995
69,14057
69,14103
69,14165
69,14205
69,14258
69,14271
69,14300
69,14439
69,14448
69,14471
69,14473
69,14475
69,14524
69,14562
69,14590
69,14593
69,14600
69,14627
69,14781
69,14783
69,14827
69,14931
69,15021
69,15026
69,15090
69,15142
69,15300
69,15318
69,15392
69,15442
69,15463
69,15494
69,15505
69,15581
69,15589
69,15618
69,15687
69,15717
69,15737
69,15756
69,15768
69,15794
69,15828
69,15837
69,15891
69,15950
69,15986
69,16038
69,16090
69,16118
69,16225
69,16348
69,16391
69,16397
69,16415
69,16511
69,16522
69,16670
69,16684
69,16696
69,16699
69,16759
69,16836
69,16851
69,16861
69,16948
69,17017
69,17033
69,17105
69,17134
69,17227
69,17264
69,17319
69,17340
69,17363
69,17404
69,17493
69,17548
69,17558
69,17583
69,17621
69,17647
69,17667
69,17703
69,17717
69,17756
69,17761
69,17810
69,17863
69,17990
69,18027
69,18031
69,18077
69,18090
69,18127
69,18152
69,18189
69,18203
69,18207
69,18387
69,18561
69,18673
69,18874
69,18883
69,18885
69,18887
69,18937
69,18970
69,18980
69,19019
69,19049
69,19124
69,19145
69,19218
69,19244
69,19338
69,19361
69,19382
69,19622
69,19625
69,19630
69,19639
69,19813
69,19850
69,19867
69,19940
69,19975
69,20001
69,20079
69,20094
69,20119
69,20124
69,20135
69,20257
69,20266
69,20274
69,20286
69,20303
69,20305
69,20405
69,20435
69,20536
69,20558
69,20565
69,20688
69,20703
69,20735
69,20737
69,20750
69,20761
69,20844
69,20868
69,20953
69,21006
69,21007
69,21177
69,21250
69,21255
69,21273
69,21348
69,21380
69,21388
69,21397
69,21485
69,21503
69,21599
69,21616
69,21646
69,21657
69,21666
69,21729
69,21802
69,21805
69,21857
69,21907
69,21976
69,22104
69,22149
69,22187
69,22291
69,22302
69,22314
69,22321
69,22322
69,22329
69,22408
69,22499
69,22523
69,22531
69,22578
69,22587
69,22591
69,22667
69,22851
69,22939
69,22941
69,23034
69,23180
69,23182
69,23215
69,23217
69,23250
69,23356
69,23637
69,23661
69,23675
69,23689
69,23700
69,23804
69,23948
69,23978
69,23980
69,23984
69,24009
69,24037
69,24071
69,24132
69,24213
69,24218
69,24266
69,24284
69,24337
69,24342
69,24556
69,24594
69,24616
69,24629
69,24706
69,24881
69,24908
69,24940
69,24949
69,24968
69,25107
69,25155
69,25213
69,25362
69,25411
69,25558
69,25641
69,25687
69,25791
69,25825
69,25882
69,25889
69,25943
69,25971
69,26005
69,26106
69,26138
69,26215
69,26254
69,26256
69,26368
69,26382
69,26431
69,26461
69,26510
69,26516
69,26528
69,26595
69,26598
69,26718
69,26739
69,26753
69,26841
69,26848
69,26915
69,26959
69,27059
69,27119
69,27161
69,27339
69,27349
69,27414
69,27499
69,27503
69,27553
69,27556
69,27562
69,27567
69,27667
69,27720
69,27726
69,27749
69,27753
69,27813
69,27835
69,27842
69,27871
69,27964
69,28002
69,28007
69,28041
69,28057
69,28101
69,28306
69,28348
69,28405
69,28435
69,28454
69,28490
69,28493
69,28523
69,28568
69,28689
69,28719
69,28739
69,28761
69,28949
69,28953
69,28975
69,29032
69,29045
69,29078
69,29146
69,29178
69,29179
69,29212
69,29239
69,29298
69,29302
69,29324
69,29338
69,29414
69,29421
69,29427
69,29489
69,29512
69,29532
69,29555
70,77
70,117
70,133
70,278
70,326
70,439
70,474
70,480
70,551
70,677
70,703
70,720
70,799
70,838
70,863
70,889
70,923
70,992
70,1011
70,1012
70,1017
70,1041
70,1077
70,1124
70,1214
70,1240
70,1241
70,1312
70,1320
70,1374
70,1412
70,1428
70,1439
70,1443
70,1448
70,1534
70,1614
70,1628
70,1706
70,1728
70,1786
70,1806
70,1878
70,1888
70,1901
70,1974
70,1982
70,2038
70,2067
70,2145
70,2272
70,2341
70,2374
70,2522
70,2534
70,2562
70,2733
70,2780
70,2823
70,2827
70,2887
70,2895
70,2910
70,2976
70,3030
70,3033
70,3162
70,3188
70,3198
70,3324
70,3438
70,3491
70,3500
70,3528
70,3554
70,3617
70,3637
70,3659
70,3732
70,3745
70,3773
70,3801
70,3839
70,3942
70,4048
70,4135
70,4175
70,4189
70,4190
70,4228
70,4242
70,4515
70,4532
70,4594
70,4620
70,4662
70,4665
70,4723
70,4731
70,4785
70,4842
70,5058
70,5249
70,5259
70,5272
70,5287
70,5365
70,5456
70,5507
70,5533
70,5599
70,5760
70,6107
70,6134
70,6199
70,6273
70,6336
70,6485
70,6546
70,6579
70,6583
70,6627
70,6654
70,6819
70,6896
70,6917
70,6974
70,7031
70,7120
70,7221
70,7232
70,7240
70,7245
70,7254
70,7268
70,7287
70,7356
70,7422
70,7495
70,7509
70,7523
70,7653
70,7803
70,7868
70,7985
70,8021
70,8046
70,8118
70,8184
70,8197
70,8389
70,8394
70,8437
70,8592
70,8609
70,8661
70,8663
70,8789
70,8809
70,8821
70,8909
70,8916
70,8943
70,8946
70,8949
70,8963
70,9011
70,9080
70,9101
70,9145
70,9220
70,9257
70,9422
70,9584
70,9694
70,9821
70,9903
70,9981
70,10011
70,10036
70,10120
70,10139
70,10165
70,10194
70,10279
70,10311
70,10357
70,10404
70,10488
70,10503
70,10518
70,10543
70,10664
70,10854
70,10922
70,10940
70,11019
70,11046
70,11080
70,11264
70,11297
70,11301
70,11328
70,11414
70,11461
70,11495
70,11805
70,11847
70,11851
70,11894
70,11935
70,11941
70,11945
70,12047
70,12049
70,12160
70,12282
70,12329
70,12334
70,12338
70,12420
70,12425
70,12482
70,12664
70,12686
70,12687
70,12688
70,12713
70,12793
70,12794
70,12932
70,12991
70,13010
70,13018
70,13033
70,13066
70,13086
70,13110
70,13263
70,13300
70,13303
70,13419
70,13473
70,13544
70,13585
70,13590
70,13674
70,13731
70,13857
70,13870
70,13881
70,13901
70,14028
70,14070
70,14073
70,14085
70,14140
70,14176
70,14233
70,14290
70,14368
70,14387
70,14392
70,14561
70,14640
70,14679
70,14709
70,14717
70,14727
70,14744
70,14765
70,14809
70,15120
70,15205
70,15304
70,15337
70,15339
70,15349
70,15376
70,15463
70,15510
70,15612
70,15622
70,15644
70,15815
70,15878
70,15927
70,15981
70,16020
70,16058
70,16059
70,16118
70,16156
70,16174
70,16284
70,16302
70,16320
70,16393
70,16522
70,16560
70,16585
70,16708
70,16752
70,16761
70,16849
70,16974
70,17001
70,17029
70,17201
70,17207
70,17217
70,17236
70,17365
70,17412
70,17527
70,17644
70,17725
70,17768
70,17798
70,17979
70,18015
70,18028
70,18081
70,18100
70,18130
70,18162
70,18280
70,18327
70,18364
70,18481
70,18554
70,18680
70,18711
70,18753
70,18871
70,19027
70,19091
70,19138
70,19423
70,19424
70,19444
70,19536
70,19567
70,19583
70,19598
70,19611
70,19696
70,19711
70,19807
70,19811
70,19860
70,19962
70,20035
70,20135
70,20194
70,20226
70,20389
70,20436
70,20464
70,20475
70,20611
70,20623
70,20651
70,20662
70,20682
70,20743
70,20792
70,20884
70,20931
70,20932
70,20965
70,20991
70,21103
70,21128
70,21143
70,21151
70,21184
70,21222
70,21236
70,21278
70,21315
70,21363
70,21380
70,21400
70,21453
70,21484
70,21532
70,21568
70,21587
70,21671
70,21766
70,21825
70,21827
70,21936
70,21975
70,21976
70,22054
70,22076
70,22209
70,22227
70,22305
70,22312
70,22369
70,22434
70,22440
70,22465
70,22471
70,22584
70,22614
70,22629
70,22691
70,22712
70,22755
70,22786
70,22817
70,22861
70,22945
70,22987
70,23005
70,23091
70,23132
70,23157
70,23367
70,23491
70,23558
70,23640
70,23703
70,23835
70,23987
70,24013
70,24027
70,24029
70,24086
70,24145
70,24254
70,24448
70,24508
70,24575
70,24630
70,24658
70,24669
70,24678
70,24681
70,24711
70,24731
70,24935
70,25098
70,25138
70,25222
70,25245
70,25321
70,25349
70,25371
70,25434
70,25472
70,25508
70,25538
70,25601
70,25603
70,25726
70,25883
70,26062
70,26087
70,26133
70,26190
70,26211
70,26365
70,26371
70,26387
70,26443
70,26561
70,26594
70,26633
70,26663
70,26707
70,26777
70,26830
70,26852
70,26878
70,26883
70,26954
70,26967
70,26995
70,27015
70,27125
70,27144
70,27150
70,27163
70,27197
70,27328
70,27461
70,27480
70,27520
70,27661
70,27741
70,27939
70,27957
70,27968
70,27973
70,27974
70,27991
70,28015
70,28032
70,28051
70,28101
70,28142
70,28221
70,28289
70,28343
70,28348
70,28402
70,28464
70,28489
70,28525
70,28590
70,28635
70,28651
70,28752
70,28807
70,28814
70,28824
70,28945
70,28977
70,28994
70,29266
70,29326
70,29327
70,29359
70,29379
70,29385
70,29414
70,29424
70,29444
71,16
71,19
71,237
71,319
71,344
71,429
71,452
71,533
71,618
71,756
71,803
71,838
71,940
71,988
71,1001
71,1046
71,1229
71,1316
71,1462
71,1567
71,1611
71,1808
71,1862
71,1884
71,1938
71,2008
71,2009
71,2065
71,2093
71,2274
71,2394
71,2476
71,2478
71,2493
71,2537
71,2572
71,2592
71,2601
71,2668
71,2705
71,2731
71,2753
71,2776
71,2836
71,2864
71,2927
71,2972
71,3048
71,3239
71,3269
71,3381
71,3612
71,3683
71,3684
71,3710
71,3922
71,4021
71,4074
71,4222
71,4228
71,4239
71,4301
71,4303
71,4329
71,4513
71,4722
71,4769
71,4785
71,4818
71,5011
71,5089
71,5169
71,5179
71,5292
71,5316
71,5406
71,5453
71,5575
71,5659
71,5686
71,5712
71,5772
71,5797
71,5862
71,5870
71,5941
71,5959
71,6094
71,6121
71,6182
71,6413
71,6414
71,6514
71,6608
71,6640
71,6692
71,6754
71,6828
71,6962
71,6987
71,6988
71,7054
71,7090
71,7252
71,7264
71,7578
71,7601
71,7630
71,7649
71,7708
71,7874
71,7908
71,7936
71,7969
71,8273
71,8338
71,8460
71,8607
71,8793
71,8813
71,8827
71,8900
71,9112
71,9127
71,9331
71,9367
71,9427
71,9442
71,9454
71,9484
71,9602
71,9615
71,9645
71,9708
71,9910
71,9918
71,9922
71,10026
71,10158
71,10165
71,10198
71,10207
71,10390
71,10472
71,10515
71,10573
71,10576
71,10637
71,10639
71,10772
71,10836
71,10950
71,10974
71,10986
71,11048
71,11081
71,11089
71,11116
71,11232
71,11281
71,11318
71,11420
71,11469
71,11472
71,11506
71,11575
71,11737
71,12054
71,12214
71,12285
71,12289
71,12324
71,12433
71,12457
71,12533
71,12577
71,12626
71,12706
71,12750
71,12781
71,13002
71,13037
71,13094
71,13183
71,13226
71,13349
71,13518
71,13557
71,13615
71,13688
71,13758
71,13776
71,13806
71,13887
71,14131
71,14149
71,14400
71,14509
71,14518
71,14554
71,14657
71,14689
71,14740
71,14914
71,14946
71,15004
71,15029
71,15030
71,15204
71,15274
71,15281
71,15373
71,15481
71,15645
71,15724
71,15875
71,15953
71,15991
71,16002
71,16174
71,16224
71,16401
71,16593
71,16623
71,16648
71,16710
71,16758
71,16768
71,16834
71,16889
71,16907
71,16935
71,17038
71,17083
71,17148
71,17237
71,17261
71,17327
71,17328
71,17370
71,17411
71,17423
71,17458
71,17475
71,17476
71,17585
71,17760
71,17821
71,17824
71,17894
71,17932
71,17959
71,18001
71,18150
71,18252
71,18286
71,18306
71,18340
71,18403
71,18450
71,18470
71,18499
71,18539
71,18565
71,18622
71,18660
71,18794
71,18842
71,18856
71,18882
71,18943
71,19070
71,19093
71,19134
71,19394
71,19417
71,19430
71,19539
71,19642
71,19719
71,19725
71,19838
71,19905
71,19918
71,19942
71,19951
71,19981
71,20044
71,20060
71,20212
71,20260
71,20421
71,20476
71,20702
71,20744
71,20774
71,20941
71,20948
71,21027
71,21034
71,21074
71,21142
71,21265
71,21317
71,21336
71,21405
71,21408
71,21464
71,21536
71,21562
71,21601
71,21982
71,22042
71,22169
71,22226
71,22260
71,22302
71,22361
71,22387
71,22482
71,22568
71,22626
71,22706
71,22715
71,22721
71,22729
71,22737
71,22802
71,22812
71,22835
71,22994
71,23002
71,23050
71,23090
71,23109
71,23122
71,23139
71,23257
71,23260
71,23284
71,23323
71,23345
71,23371
71,23554
71,23579
71,23648
71,23674
71,23676
71,23679
71,23710
71,23717
71,23759
71,23837
71,23843
71,23860
71,23869
71,23963
71,23971
71,23997
71,24055
71,24080
71,24115
71,24139
71,24178
71,24195
71,24227
71,24498
71,24515
71,24643
71,24715
71,24749
71,24907
71,24987
71,25012
71,25089
71,25261
71,25278
71,25366
71,25566
71,25590
71,25617
71,25634
71,25775
71,25871
71,25916
71,25969
71,26063
71,26194
71,26313
71,26330
71,26402
71,26404
71,26557
71,26611
71,26644
71,26816
71,27194
71,27271
71,27309
71,27434
71,27464
71,27533
71,27545
71,27548
71,27630
71,27672
71,27711
71,27724
71,27780
71,27858
71,27965
71,28207
71,28250
71,28280
71,28417
71,28434
71,28663
71,28722
71,28817
71,29348
71,29402
71,29441
72,502
72,618
72,794
72,852
72,858
72,859
72,930
72,991
72,1056
72,1224
72,1228
72,1267
72,1286
72,1296
72,1466
72,1486
72,1555
72,1570
72,1606
72,1620
72,1644
72,1947
72,1997
72,2066
72,2068
72,2100
72,2121
72,2204
72,2209
72,2281
72,2385
72,2506
72,2510
72,2876
72,2955
72,2985
72,3046
72,3068
72,3163
72,3198
72,3293
72,3360
72,3584
72,3653
72,3725
72,3777
72,3878
72,3882
72,3943
72,3957
72,4056
72,4087
72,4207
72,4302
72,4376
72,4380
72,4438
72,4451
72,4458
72,4513
72,4548
72,4549
72,4623
72,4630
72,4632
72,4646
72,4738
72,4790
72,4915
72,4940
72,4963
72,5232
72,5261
72,5279
72,5382
72,5477
72,5501
72,5676
72,5847
72,5923
72,6026
72,6035
72,6098
72,6351
72,6492
72,6544
72,6648
72,6685
72,6752
72,6783
72,6811
72,6940
72,7178
72,7245
72,7303
72,7384
72,7466
72,7473
72,7587
72,7656
72,7663
72,7690
72,7883
72,7919
72,7949
72,8002
72,8142
72,8193
72,8331
72,8332
72,8393
72,8545
72,8689
72,8773
72,8973
72,9115
72,9238
72,9417
72,9477
72,9628
72,9638
72,9718
72,9834
72,9861
72,9863
72,9893
72,9912
72,10048
72,10070
72,10086
72,10127
72,10254
72,10317
72,10370
72,10409
72,10606
72,10698
72,10802
72,10934
72,11134
72,11214
72,11292
72,11339
72,11386
72,11404
72,11413
72,11430
72,11562
72,11756
72,11834
72,11905
72,12004
72,12040
72,12073
72,12088
72,12109
72,12211
72,12215
72,12286
72,12443
72,12543
72,12627
72,12631
72,12734
72,12738
72,12809
72,13100
72,13332
72,13373
72,13392
72,13591
72,13640
72,13676
72,13680
72,13876
72,13883
72,13903
72,13925
72,14031
72,14227
72,14397
72,14418
72,14445
72,14573
72,14578
72,14702
72,14755
72,14855
72,14920
72,14935
72,14946
72,15094
72,15145
72,15248
72,15282
72,15289
72,15302
72,15498
72,15501
72,15507
72,15564
72,15602
72,15719
72,15876
72,16003
72,16195
72,16265
72,16330
72,16556
72,16714
72,16961
72,16965
72,17058
72,17104
72,17139
72,17337
72,17376
72,17430
72,17466
72,17573
72,17666
72,17684
72,17819
72,17831
72,17854
72,17940
72,17992
72,18129
72,18167
72,18296
72,18347
72,18353
72,18400
72,18418
72,18621
72,18623
72,18667
72,18711
72,19009
72,19041
72,19113
72,19119
72,19146
72,19237
72,19464
72,19509
72,19510
72,19705
72,19761
72,19868
72,19870
72,19883
72,19886
72,19975
72,20296
72,20443
72,20476
72,20523
72,20784
72,20806
72,20865
72,20887
72,20889
72,21004
72,21057
72,21555
72,21568
72,21789
72,21977
72,22065
72,22090
72,22107
72,22206
72,22260
72,22320
72,22692
72,22822
72,22831
72,22973
72,23015
72,23164
72,23283
72,23396
72,23822
72,23825
72,23936
72,24044
72,24051
72,24061
72,24112
72,24311
72,24676
72,24712
72,24723
72,24994
72,24996
72,25035
72,25071
72,25123
72,25132
72,25136
72,25215
72,25216
72,25281
72,25364
72,25411
72,25428
72,25471
72,25502
72,25532
72,25582
72,25593
72,25645
72,25651
72,25654
72,25699
72,25716
72,25861
72,25892
72,25947
72,25955
72,25960
72,26081
72,26214
72,26261
72,26264
72,26333
72,26410
72,26556
72,26753
72,26780
72,26822
72,26882
72,27000
72,27079
72,27088
72,27162
72,27295
72,27320
72,27323
72,27513
72,27514
72,27741
72,27761
72,27956
72,28022
72,28188
72,28227
72,28238
72,28379
72,28425
72,28564
72,28612
72,28725
72,28753
72,28842
72,28949
72,28957
72,29338
72,29382
73,251
73,334
73,378
73,386
73,592
73,684
73,846
73,870
73,894
73,913
73,966
73,1078
73,1230
73,1233
73,1274
73,1312
73,1395
73,1469
73,1523
73,1545
73,1560
73,1666
73,2008
73,2064
73,2263
73,2341
73,2360
73,2369
73,2395
73,2433
73,2502
73,2505
73,2599
73,2703
73,2768
73,2786
73,2914
73,3085
73,3186
73,3221
73,3341
73,3490
73,3588
73,3594
73,3653
73,3699
73,3715
73,3850
73,3883
73,3942
73,4174
73,4274
73,4284
73,4330
73,4403
73,4493
73,4538
73,4641
73,4744
73,4826
73,4840
73,4852
73,5013
73,5255
73,5304
73,5311
73,5383
73,5641
73,5767
73,5796
73,5831
73,5855
73,5888
73,6021
73,6113
73,6114
73,6457
73,6662
73,6688
73,6864
73,6985
73,6991
73,7115
73,7198
73,7223
73,7265
73,7310
73,7337
73,7547
73,7832
73,8022
73,8080
73,8099
73,8274
73,8431
73,8470
73,8476
73,8484
73,8544
73,8572
73,8651
73,8701
73,8778
73,8844
73,8954
73,9160
73,9225
73,9345
73,9383
73,9454
73,9465
73,9544
73,9583
73,9650
73,9784
73,9876
73,9891
73,10042
73,10111
73,10118
73,10136
73,10166
73,10174
73,10375
73,10603
73,10679
73,10829
73,10911
73,10980
73,11013
73,11089
73,11195
73,11452
73,11726
73,11759
73,11769
73,11774
73,11784
73,11856
73,11964
73,11992
73,12008
73,12022
73,12067
73,12093
73,12096
73,12112
73,12164
73,12521
73,12691
73,12744
73,12900
73,12972
73,13023
73,13031
73,13052
73,13100
73,13170
73,13223
73,13313
73,13449
73,13453
73,13591
73,13660
73,13668
73,13787
73,13814
73,13993
73,14060
73,14216
73,14701
73,14823
73,14986
73,15003
73,15247
73,15381
73,15408
73,15496
73,15718
73,15728
73,15782
73,15838
73,15862
73,15976
73,16054
73,16084
73,16247
73,16260
73,16262
73,16267
73,16872
73,17012
73,17104
73,17220
73,17275
73,17285
73,17296
73,17352
73,17575
73,17761
73,17993
73,18074
73,18669
73,18685
73,18947
73,18963
73,19020
73,19065
73,19097
73,19240
73,19281
73,19342
73,19400
73,19499
73,19596
73,19650
73,19882
73,20213
73,20252
73,20328
73,20506
73,20535
73,20637
73,20693
73,20736
73,20756
73,20903
73,20966
73,20989
73,21103
73,21105
73,21189
73,21202
73,21249
73,21404
73,21412
73,21477
73,21650
73,21772
73,21945
73,22093
73,22175
73,22193
73,22227
73,22265
73,22275
73,22322
73,22541
73,22656
73,22963
73,22984
73,22986
73,23288
73,23312
73,23557
73,23578
73,23607
73,23634
73,23660
73,23735
73,23754
73,23795
73,23796
73,23931
73,24003
73,24007
73,24071
73,24080
73,24149
73,24190
73,24240
73,24294
73,24364
73,24546
73,24699
73,24786
73,24805
73,24910
73,24936
73,25059
73,25187
73,25252
73,25651
73,25673
73,25722
73,25834
73,26038
73,26083
73,26320
73,26507
73,26651
73,26711
73,26758
73,26770
73,27000
73,27066
73,27203
73,27283
73,27291
73,27437
73,27492
73,27618
73,27732
73,27778
73,27852
73,27995
73,28073
73,28353
73,28376
73,28493
73,28585
73,28698
73,28822
73,28839
73,29022
73,29025
73,29205
73,29238
73,29248
73,29261
73,29377
73,29488
73,29528
74,91
74,251
74,257
74,438
74,488
74,673
74,681
74,789
74,1016
74,1131
74,1164
74,1192
74,1242
74,1244
74,1420
74,1456
74,1478
74,1517
74,1579
74,1780
74,1808
74,1991
74,2012
74,2042
74,2058
74,2119
74,2172
74,2232
74,2317
74,2501
74,2522
74,2549
74,2662
74,2817
74,2882
74,2997
74,3124
74,3323
74,3519
74,3627
74,3669
74,3851
74,4075
74,4093
74,4187
74,4264
74,4351
74,4396
74,4475
74,4556
74,4596
74,4652
74,4665
74,5089
74,5157
74,5322
74,5327
74,5345
74,5506
74,5770
74,5927
74,5970
74,6025
74,6045
74,6158
74,6188
74,6229
74,6277
74,6311
74,6385
74,6404
74,6471
74,6474
74,6546
74,6685
74,6795
74,6799
74,6805
74,6840
74,6842
74,6902
74,7049
74,7096
74,7105
74,7256
74,7319
74,7361
74,7521
74,7541
74,7606
74,7668
74,7687
74,7877
74,7958
74,8062
74,8095
74,8101
74,8248
74,8425
74,8435
74,8758
74,8841
74,9018
74,9085
74,9257
74,9318
74,9364
74,9531
74,9545
74,9914
74,9952
74,10232
74,10243
74,10280
74,10376
74,10408
74,10568
74,10627
74,10772
74,10837
74,10917
74,11039
74,11042
74,11045
74,11095
74,11098
74,11140
74,11353
74,11358
74,11452
74,11477
74,11499
74,11534
74,11604
74,11725
74,11758
74,11790
74,11795
74,11825
74,11903
74,11918
74,12133
74,12184
74,12188
74,12212
74,12241
74,12272
74,12309
74,12576
74,12641
74,12679
74,12681
74,12930
74,13420
74,13443
74,13581
74,13583
74,13602
74,13878
74,13908
74,13997
74,14091
74,14105
74,14119
74,14142
74,14264
74,14282
74,14299
74,14390
74,14411
74,14538
74,14605
74,14642
74,14753
74,14831
74,14869
74,14873
74,14980
74,15077
74,15100
74,15485
74,15533
74,15564
74,15619
74,16000
74,16034
74,16044
74,16172
74,16213
74,16218
74,16238
74,16492
74,16536
74,16657
74,16761
74,16826
74,17004
74,17127
74,17290
74,17412
74,17441
74,17565
74,17569
74,17584
74,17694
74,17966
74,18019
74,18052
74,18218
74,18335
74,18414
74,18430
74,18432
74,18460
74,18606
74,18627
74,18672
74,18724
74,18825
74,18860
74,19036
74,19040
74,19243
74,19425
74,19562
74,19581
74,19588
74,19611
74,19753
74,19936
74,19994
74,19996
74,20175
74,20294
74,20447
74,20498
74,20714
74,20738
74,20799
74,20858
74,20986
74,21042
74,21087
74,21156
74,21226
74,21320
74,21414
74,21415
74,21417
74,21505
74,21509
74,21562
74,21610
74,21723
74,21843
74,21887
74,21913
74,21917
74,22070
74,22144
74,22179
74,22381
74,22391
74,22431
74,22455
74,22493
74,22560
74,22741
74,22802
74,22885
74,23127
74,23204
74,23224
74,23295
74,23305
74,23324
74,23358
74,23400
74,23437
74,23444
74,23449
74,23481
74,23482
74,23537
74,23782
74,23804
74,23879
74,23889
74,23913
74,23921
74,23936
74,24081
74,24276
74,24320
74,24325
74,24361
74,24383
74,24470
74,24485
74,24548
74,24635
74,24794
74,24854
74,25012
74,25098
74,25152
74,25260
74,25328
74,25345
74,25413
74,25429
74,25462
74,25529
74,25555
74,25686
74,25962
74,26028
74,26119
74,26207
74,26259
74,26264
74,26283
74,26316
74,26382
74,26422
74,26584
74,26606
74,26608
74,26612
74,26770
74,26894
74,27073
74,27081
74,27132
74,27216
74,27475
74,27479
74,27512
74,27558
74,27592
74,27661
74,27722
74,27754
74,27966
74,27983
74,28011
74,28126
74,28225
74,28230
74,28252
74,28267
74,28290
74,28369
74,28453
74,28472
74,28509
74,28552
74,28646
74,28740
74,28855
74,28859
74,28861
74,28870
74,29053
74,29088
74,29324
74,29439
74,29464
74,29502
75,105
75,135
75,203
75,337
75,441
75,455
75,501
75,503
75,510
75,569
75,595
75,597
75,599
75,608
75,660
75,710
75,713
75,775
75,794
75,902
75,1079
75,1151
75,1269
75,1372
75,1602
75,1675
75,1847
75,2027
75,2202
75,2766
75,2965
75,3251
75,3318
75,3414
75,3564
75,3683
75,3936
75,3952
75,3954
75,3974
75,4466
75,4511
75,4522
75,4529
75,4536
75,4696
75,4974
75,5043
75,5129
75,5143
75,5155
75,5415
75,5680
75,5751
75,6012
75,6042
75,6386
75,6552
75,6613
75,6628
75,6637
75,6697
75,6892
75,6897
75,6924
75,6987
75,7168
75,7207
75,7288
75,7305
75,7317
75,7460
75,7562
75,7619
75,7679
75,7731
75,7756
75,7771
75,7822
75,7828
75,7884
75,7967
75,8150
75,8290
75,8319
75,8320
75,8396
75,8473
75,8482
75,8599
75,8609
75,8613
75,8634
75,8643
75,8655
75,8657
75,8699
75,8728
75,8736
75,9068
75,9069
75,9115
75,9151
75,9194
75,9301
75,9327
75,9334
75,9455
75,9583
75,9625
75,9641
75,9661
75,9723
75,9824
75,9832
75,9963
75,10021
75,10192
75,10282
75,10296
75,10362
75,10517
75,10601
75,10687
75,10689
75,10705
75,10815
75,11014
75,11144
75,11265
75,11285
75,11305
75,11478
75,11760
75,11944
75,11975
75,12552
75,12693
75,12753
75,12761
75,13000
75,13010
75,13027
75,13124
75,13143
75,13401
75,13461
75,13489
75,13499
75,13600
75,14329
75,14371
75,14453
75,14628
75,15212
75,15268
75,15604
75,15616
75,15641
75,15657
75,15677
75,15785
75,15797
75,16037
75,16114
75,16212
75,16431
75,16458
75,16596
75,16638
75,16969
75,17329
75,17513
75,17558
75,17608
75,17714
75,17797
75,17896
75,18188
75,18259
75,18265
75,18399
75,18556
75,18669
75,18984
75,19017
75,19189
75,19387
75,19454
75,19531
75,19543
75,19573
75,19611
75,19670
75,19680
75,19808
75,19815
75,19861
75,20083
75,20135
75,20191
75,20230
75,20517
75,20519
75,20524
75,20555
75,20602
75,20620
75,20930
75,21195
75,21211
75,21238
75,21292
75,21508
75,21589
75,21593
75,21644
75,21729
75,21763
75,21873
75,21886
75,21908
75,21949
75,21984
75,22083
75,22297
75,22513
75,22576
75,22622
75,22638
75,22650
75,22723
75,23027
75,23281
75,23313
75,23363
75,23457
75,23484
75,23539
75,23563
75,23694
75,23923
75,24112
75,24187
75,24298
75,24420
75,24430
75,24503
75,24584
75,24643
75,24810
75,24968
75,25292
75,25330
75,25415
75,25448
75,25450
75,25501
75,25578
75,25765
75,25827
75,25978
75,26090
75,26103
75,26134
75,26142
75,26272
75,26381
75,26456
75,26486
75,26547
75,26638
75,26654
75,26839
75,26886
75,27039
75,27391
75,27480
75,27513
75,27517
75,27598
75,27723
75,27753
75,27839
75,27889
75,27899
75,27944
75,28028
75,28183
75,28232
75,28439
75,28456
75,28522
75,28529
75,28596
75,28714
75,28738
75,28860
75,28984
75,28991
75,29215
75,29238
75,29248
75,29278
75,29305
75,29309
76,61
76,146
76,231
76,281
76,284
76,300
76,396
76,679
76,687
76,815
76,838
76,937
76,964
76,1030
76,1104
76,1395
76,1422
76,1425
76,1629
76,1687
76,1936
76,2066
76,2148
76,2247
76,2601
76,2613
76,2840
76,2841
76,3400
76,3405
76,3675
76,3774
76,3798
76,3840
76,3972
76,3988
76,4025
76,4053
76,4098
76,4165
76,4210
76,4234
76,4602
76,4686
76,4805
76,4869
76,4905
76,5054
76,5472
76,5717
76,5815
76,5819
76,5826
76,5827
76,5836
76,6090
76,6091
76,6274
76,6394
76,6409
76,6432
76,6579
76,6628
76,6831
76,6836
76,6840
76,7081
76,7205
76,7270
76,7350
76,7360
76,7412
76,7450
76,7452
76,7510
76,7570
76,7636
76,7664
76,8009
76,8027
76,8088
76,8115
76,8151
76,8192
76,8352
76,8397
76,8422
76,8439
76,8566
76,8587
76,8781
76,8915
76,8941
76,8987
76,9469
76,9515
76,9573
76,9671
76,9754
76,9864
76,9962
76,9992
76,9997
76,10127
76,10199
76,10205
76,10304
76,10316
76,10383
76,10447
76,10491
76,10665
76,10782
76,10902
76,11047
76,11092
76,11151
76,11173
76,11322
76,11331
76,11501
76,11511
76,11570
76,11611
76,11732
76,11763
76,11810
76,11814
76,11817
76,11825
76,11826
76,11910
76,12124
76,12176
76,12190
76,12287
76,12335
76,12614
76,12643
76,12698
76,12731
76,12781
76,12850
76,12859
76,12893
76,12909
76,12928
76,13153
76,13200
76,13300
76,13352
76,13601
76,13602
76,13698
76,13890
76,14008
76,14088
76,14118
76,14213
76,14224
76,14389
76,14418
76,14544
76,14575
76,14581
76,14734
76,14762
76,14870
76,14942
76,15006
76,15199
76,15259
76,15594
76,15598
76,15697
76,15781
76,15972
76,16111
76,16141
76,16144
76,16169
76,16244
76,16257
76,16265
76,16356
76,16476
76,16520
76,16529
76,16549
76,16571
76,16597
76,16660
76,16869
76,17019
76,17132
76,17340
76,17404
76,17406
76,17513
76,17614
76,17720
76,17749
76,17856
76,17857
76,18253
76,18348
76,18370
76,18560
76,18586
76,18651
76,18824
76,18843
76,19233
76,19331
76,19337
76,19364
76,19400
76,19455
76,19557
76,19627
76,19663
76,19843
76,20057
76,20611
76,20657
76,20762
76,20788
76,20879
76,20889
76,20892
76,21051
76,21361
76,21532
76,21599
76,21688
76,21786
76,22164
76,22219
76,22299
76,22449
76,22461
76,22467
76,22507
76,22626
76,22719
76,22780
76,22829
76,23185
76,23284
76,23327
76,23329
76,23448
76,23514
76,23524
76,23675
76,23715
76,23778
76,23851
76,24060
76,24164
76,24324
76,24377
76,24450
76,24460
76,24484
76,24534
76,24573
76,24574
76,24604
76,24667
76,24749
76,24962
76,25007
76,25524
76,25601
76,25615
76,25851
76,25881
76,25910
76,26036
76,26121
76,26130
76,26172
76,26332
76,26405
76,26468
76,26594
76,26657
76,26828
76,26880
76,26885
76,26913
76,26982
76,26995
76,27099
76,27119
76,27253
76,27276
76,27321
76,27331
76,27349
76,27384
76,27486
76,27636
76,27794
76,27894
76,27999
76,28043
76,28260
76,28403
76,28504
76,28553
76,28592
76,28691
76,28696
76,28698
76,28735
76,28902
76,28936
76,28956
76,28977
76,28995
76,29096
76,29240
76,29263
76,29351
76,29426
76,29519
76,29555
77,80
77,101
77,125
77,180
77,270
77,282
77,340
77,454
77,456
77,535
77,611
77,636
77,649
77,662
77,823
77,899
77,906
77,958
77,1030
77,1099
77,1100
77,1106
77,1161
77,1174
77,1202
77,1244
77,1249
77,1272
77,1297
77,1302
77,1326
77,1455
77,1465
77,1543
77,1572
77,1626
77,1680
77,1743
77,1764
77,1816
77,1875
77,1894
77,1960
77,2081
77,2174
77,2179
77,2238
77,2265
77,2317
77,2332
77,2376
77,2445
77,2451
77,2470
77,2484
77,2506
77,2533
77,2565
77,2626
77,2796
77,2807
77,2878
77,2894
77,2928
77,2957
77,2995
77,3034
77,3088
77,3105
77,3239
77,3243
77,3273
77,3324
77,3344
77,3351
77,3364
77,3373
77,3451
77,3485
77,3487
77,3491
77,3515
77,3518
77,3631
77,3699
77,3725
77,3792
77,3823
77,3931
77,3942
77,3959
77,4035
77,4093
77,4224
77,4310
77,4387
77,4427
77,4460
77,4488
77,4513
77,4596
77,4878
77,4880
77,4882
77,5047
77,5060
77,5263
77,5278
77,5290
77,5293
77,5294
77,5334
77,5381
77,5407
77,5414
77,5426
77,5480
77,5509
77,5543
77,5759
77,5949
77,5970
77,6150
77,6202
77,6324
77,6520
77,6544
77,6563
77,6681
77,6815
77,6822
77,6830
77,6835
77,6838
77,6845
77,6878
77,6895
77,7017
77,7053
77,7373
77,7383
77,7403
77,7522
77,7544
77,7695
77,7722
77,7737
77,7751
77,7939
77,7956
77,8019
77,8024
77,8029
77,8077
77,8085
77,8124
77,8144
77,8175
77,8316
77,8341
77,8378
77,8382
77,8405
77,8559
77,8566
77,8596
77,8647
77,8677
77,8705
77,8788
77,8791
77,8873
77,8896
77,8940
77,8970
77,9040
77,9097
77,9103
77,9112
77,9149
77,9183
77,9201
77,9217
77,9220
77,9384
77,9471
77,9478
77,9481
77,9780
77,9806
77,9878
77,10042
77,10127
77,10142
77,10256
77,10346
77,10352
77,10355
77,10481
77,10543
77,10559
77,10572
77,10614
77,10655
77,10672
77,10682
77,10722
77,10738
77,10789
77,10877
77,10922
77,11022
77,11104
77,11112
77,11142
77,11191
77,11194
77,11226
77,11254
77,11340
77,11403
77,11428
77,11470
77,11505
77,11573
77,11641
77,11725
77,11775
77,11866
77,11933
77,11954
77,11956
77,12114
77,12234
77,12288
77,12323
77,12359
77,12388
77,12424
77,12455
77,12491
77,12621
77,12699
77,12737
77,12756
77,12800
77,12849
77,12863
77,12876
77,12885
77,12888
77,12938
77,12977
77,13002
77,13031
77,13038
77,13060
77,13066
77,13220
77,13224
77,13232
77,13249
77,13313
77,13377
77,13414
77,13422
77,13458
77,13491
77,13559
77,13568
77,13639
77,13706
77,13800
77,13806
77,14022
77,14044
77,14068
77,14143
77,14167
77,14218
77,14246
77,14296
77,14338
77,14390
77,14467
77,14494
77,14759
77,14832
77,14836
77,14864
77,14879
77,14895
77,14993
77,15026
77,15067
77,15082
77,15136
77,15141
77,15147
77,15152
77,15201
77,15243
77,15302
77,15321
77,15394
77,15438
77,15550
77,15561
77,15581
77,15635
77,15761
77,15937
77,15984
77,15987
77,16126
77,16141
77,16149
77,16173
77,16328
77,16359
77,16434
77,16529
77,16539
77,16828
77,16865
77,16894
77,16921
77,17033
77,17129
77,17252
77,17298
77,17345
77,17473
77,17492
77,17496
77,17521
77,17547
77,17603
77,17629
77,17650
77,17657
77,17678
77,17806
77,17827
77,17850
77,17893
77,17910
77,17955
77,17957
77,18088
77,18158
77,18161
77,18188
77,18272
77,18308
77,18309
77,18395
77,18410
77,18531
77,18595
77,18626
77,18745
77,18966
77,18977
77,19109
77,19118
77,19134
77,19173
77,19228
77,19237
77,19285
77,19308
77,19320
77,19331
77,19487
77,19504
77,19508
77,19509
77,19519
77,19520
77,19726
77,19733
77,19749
77,19829
77,19881
77,19898
77,19927
77,19966
77,19977
77,20000
77,20005
77,20146
77,20180
77,20181
77,20189
77,20237
77,20281
77,20339
77,20356
77,20369
77,20635
77,20688
77,20793
77,20894
77,20900
77,20908
77,20949
77,21008
77,21057
77,21059
77,21086
77,21105
77,21280
77,21337
77,21339
77,21382
77,21450
77,21470
77,21588
77,21612
77,21700
77,21724
77,21914
77,21991
77,22235
77,22398
77,22419
77,22420
77,22510
77,22519
77,22542
77,22739
77,22762
77,22769
77,22838
77,22878
77,22969
77,23016
77,23031
77,23091
77,23127
77,23174
77,23188
77,23211
77,23244
77,23257
77,23307
77,23363
77,23527
77,23627
77,23662
77,23665
77,23790
77,23808
77,23817
77,23938
77,24154
77,24244
77,24276
77,24303
77,24432
77,24482
77,24613
77,24653
77,24704
77,24719
77,24783
77,24871
77,25015
77,25050
77,25051
77,25169
77,25176
77,25416
77,25465
77,25467
77,25519
77,25779
77,25837
77,26008
77,26009
77,26024
77,26141
77,26153
77,26207
77,26245
77,26284
77,26316
77,26341
77,26377
77,26397
77,26434
77,26535
77,26630
77,26631
77,26659
77,26675
77,26683
77,26722
77,26770
77,26857
77,26868
77,26952
77,27043
77,27083
77,27129
77,27174
77,27235
77,27266
77,27289
77,27363
77,27469
77,27563
77,27597
77,27637
77,27677
77,27732
77,27938
77,28043
77,28189
77,28205
77,28227
77,28401
77,28411
77,28445
77,28461
77,28692
77,28768
77,28807
77,28842
77,29023
77,29095
77,29221
77,29353
77,29494
78,39
78,67
78,69
78,74
78,110
78,131
78,132
78,137
78,143
78,148
78,164
78,172
78,236
78,252
78,334
78,347
78,373
78,403
78,410
78,442
78,491
78,535
78,543
78,578
78,587
78,652
78,672
78,676
78,699
78,751
78,778
78,833
78,852
78,863
78,887
78,915
78,939
78,954
78,992
78,1076
78,1097
78,1099
78,1192
78,1225
78,1291
78,1293
78,1304
78,1312
78,1336
78,1349
78,1357
78,1376
78,1384
78,1390
78,1392
78,1466
78,1540
78,1544
78,1556
78,1572
78,1608
78,1615
78,1637
78,1686
78,1713
78,1718
78,1748
78,1761
78,1789
78,1838
78,1867
78,1899
78,1936
78,1952
78,1953
78,2003
78,2109
78,2163
78,2167
78,2202
78,2215
78,2260
78,2267
78,2276
78,2342
78,2360
78,2364
78,2442
78,2446
78,2463
78,2468
78,2505
78,2515
78,2525
78,2527
78,2531
78,2574
78,2586
78,2605
78,2653
78,2695
78,2716
78,2724
78,2738
78,2762
78,2772
78,2791
78,2809
78,2812
78,2879
78,2900
78,2910
78,2943
78,2980
78,2997
78,3054
78,3056
78,3102
78,3171
78,3191
78,3192
78,3193
78,3225
78,3266
78,3286
78,3320
78,3358
78,3372
78,3375
78,3400
78,3425
78,3438
78,3467
78,3470
78,3495
78,3503
78,3512
78,3554
78,3560
78,3642
78,3653
78,3655
78,3697
78,3714
78,3816
78,3833
78,3836
78,3863
78,3890
78,3892
78,3920
78,3971
78,3989
78,4038
78,4043
78,4101
78,4113
78,4162
78,4175
78,4222
78,4236
78,4264
78,4284
78,4287
78,4318
78,4324
78,4329
78,4340
78,4379
78,4515
78,4607
78,4621
78,4638
78,4642
78,4678
78,4679
78,4715
78,4759
78,4776
78,4802
78,4808
78,4817
78,4896
78,4923
78,4995
78,5008
78,5010
78,5072
78,5095
78,5138
78,5162
78,5164
78,5169
78,5181
78,5259
78,5313
78,5339
78,5382
78,5401
78,5431
78,5436
78,5441
78,5443
78,5444
78,5477
78,5566
78,5650
78,5671
78,5717
78,5746
78,5752
78,5759
78,5760
78,5781
78,5871
78,5953
78,5957
78,5991
78,6001
78,6009
78,6012
78,6025
78,6063
78,6093
78,6159
78,6166
78,6241
78,6247
78,6255
78,6261
78,6269
78,6307
78,6309
78,6328
78,6334
78,6341
78,6364
78,6375
78,6389
78,6425
78,6453
78,6464
78,6494
78,6542
78,6584
78,6613
78,6635
78,6661
78,6708
78,6724
78,6773
78,6775
78,6873
78,6874
78,6948
78,6985
78,7003
78,7024
78,7071
78,7106
78,7110
78,7144
78,7161
78,7177
78,7212
78,7222
78,7225
78,7250
78,7272
78,7313
78,7381
78,7391
78,7415
78,7424
78,7432
78,7433
78,7435
78,7455
78,7466
78,7480
78,7497
78,7528
78,7551
78,7672
78,7677
78,7756
78,7759
78,7805
78,7817
78,7850
78,7915
78,7924
78,7933
78,7945
78,7952
78,7958
78,7987
78,7997
78,8019
78,8036
78,8117
78,8173
78,8177
78,8324
78,8340
78,8415
78,8507
78,8517
78,8529
78,8560
78,8573
78,8606
78,8623
78,8631
78,8637
78,8652
78,8659
78,8669
78,8683
78,8711
78,8769
78,8789
78,8790
78,8817
78,8850
78,8876
78,8946
78,8975
78,8982
78,8998
78,8999
78,9001
78,9029
78,9067
78,9127
78,9154
78,9177
78,9180
78,9205
78,9220
78,9221
78,9227
78,9232
78,9245
78,9260
78,9271
78,9296
78,9373
78,9393
78,9402
78,9420
78,9459
78,9496
78,9552
78,9593
78,9605
78,9633
78,9647
78,9701
78,9710
78,9734
78,9737
78,9786
78,9802
78,9812
78,9882
78,9890
78,9910
78,9916
78,9958
78,10073
78,10095
78,10097
78,10110
78,10111
78,10114
78,10151
78,10160
78,10164
78,10198
78,10260
78,10279
78,10280
78,10327
78,10332
78,10343
78,10344
78,10366
78,10370
78,10392
78,10470
78,10498
78,10513
78,10519
78,10522
78,10524
78,10525
78,10531
78,10584
78,10589
78,10599
78,10607
78,10615
78,10620
78,10635
78,10637
78,10656
78,10687
78,10701
78,10706
78,10719
78,10739
78,10752
78,10775
78,10786
78,10793
78,10845
78,10860
78,10903
78,10933
78,10940
78,10976
78,10986
78,10993
78,11005
78,11041
78,11060
78,11129
78,11133
78,11138
78,11152
78,11158
78,11175
78,11197
78,11204
78,11228
78,11243
78,11275
78,11337
78,11356
78,11376
78,11458
78,11468
78,11486
78,11510
78,11564
78,11570
78,11611
78,11674
78,11675
78,11712
78,11760
78,11772
78,11779
78,11813
78,11818
78,11849
78,11860
78,11867
78,11908
78,11924
78,11931
78,11936
78,11978
78,11991
78,12002
78,12016
78,12029
78,12040
78,12042
78,12065
78,12141
78,12177
78,12178
78,12181
78,12223
78,12245
78,12262
78,12271
78,12322
78,12398
78,12404
78,12456
78,12511
78,12548
78,12556
78,12558
78,12568
78,12583
78,12591
78,12642
78,12652
78,12690
78,12691
78,12696
78,12697
78,12773
78,12845
78,12860
78,12869
78,12878
78,12881
78,12914
78,12916
78,12926
78,12948
78,12983
78,13060
78,13077
78,13135
78,13151
78,13154
78,13165
78,13167
78,13170
78,13171
78,13181
78,13243
78,13262
78,13337
78,13346
78,13361
78,13426
78,13451
78,13460
78,13515
78,13530
78,13626
78,13640
78,13690
78,13695
78,13732
78,13739
78,13773
78,13895
78,13905
78,13916
78,13941
78,13999
78,14016
78,14021
78,14031
78,14032
78,14053
78,14071
78,14144
78,14331
78,14407
78,14419
78,14524
78,14547
78,14564
78,14590
78,14660
78,14665
78,14678
78,14718
78,14732
78,14744
78,14789
78,14797
78,14826
78,14829
78,14832
78,14855
78,14867
78,14868
78,14877
78,14954
78,14962
78,15028
78,15057
78,15097
78,15100
78,15107
78,15148
78,15275
78,15292
78,15300
78,15338
78,15341
78,15364
78,15398
78,15405
78,15443
78,15472
78,15549
78,15576
78,15627
78,15628
78,15684
78,15717
78,15768
78,15770
78,15773
78,15787
78,15832
78,15860
78,15948
78,15962
78,16039
78,16060
78,16083
78,16090
78,16181
78,16291
78,16340
78,16395
78,16402
78,16441
78,16484
78,16498
78,16511
78,16550
78,16609
78,16646
78,16653
78,16691
78,16703
78,16791
78,16794
78,16829
78,16883
78,16898
78,16941
78,17113
78,17125
78,17127
78,17137
78,17171
78,17173
78,17191
78,17197
78,17207
78,17213
78,17234
78,17263
78,17299
78,17318
78,17325
78,17356
78,17367
78,17395
78,17401
78,17436
78,17443
78,17487
78,17560
78,17566
78,17674
78,17782
78,17858
78,17862
78,17882
78,17914
78,17937
78,17962
78,17972
78,17973
78,17980
78,18127
78,18140
78,18168
78,18219
78,18242
78,18245
78,18251
78,18264
78,18268
78,18279
78,18321
78,18330
78,18367
78,18410
78,18443
78,18454
78,18474
78,18476
78,18480
78,18481
78,18516
78,18545
78,18564
78,18650
78,18686
78,18703
78,18745
78,18802
78,18803
78,18816
78,18825
78,18840
78,18854
78,18856
78,18911
78,18957
78,18969
78,18998
78,19014
78,19028
78,19051
78,19058
78,19063
78,19091
78,19176
78,19193
78,19237
78,19260
78,19262
78,19277
78,19302
78,19316
78,19321
78,19323
78,19417
78,19486
78,19493
78,19550
78,19572
78,19630
78,19642
78,19655
78,19668
78,19693
78,19721
78,19757
78,19784
78,19790
78,19793
78,19795
78,19902
78,19941
78,19969
78,20021
78,20059
78,20103
78,20142
78,20154
78,20182
78,20265
78,20275
78,20284
78,20319
78,20340
78,20356
78,20388
78,20400
78,20436
78,20500
78,20504
78,20534
78,20535
78,20538
78,20616
78,20749
78,20764
78,20790
78,20829
78,20868
78,20882
78,20916
78,20954
78,21124
78,21129
78,21175
78,21217
78,21226
78,21235
78,21283
78,21296
78,21303
78,21310
78,21374
78,21396
78,21412
78,21437
78,21528
78,21530
78,21531
78,21556
78,21562
78,21607
78,21612
78,21702
78,21706
78,21719
78,21734
78,21753
78,21813
78,21903
78,21934
78,21942
78,21972
78,21986
78,21991
78,21994
78,22014
78,22026
78,22060
78,22073
78,22078
78,22100
78,22108
78,22113
78,22124
78,22163
78,22267
78,22280
78,22282
78,22312
78,22320
78,22342
78,22360
78,22378
78,22390
78,22403
78,22409
78,22412
78,22466
78,22478
78,22493
78,22508
78,22645
78,22715
78,22749
78,22777
78,22859
78,22872
78,22904
78,22943
78,22987
78,23004
78,23029
78,23032
78,23037
78,23055
78,23154
78,23158
78,23240
78,23290
78,23292
78,23296
78,23391
78,23405
78,23432
78,23464
78,23483
78,23490
78,23522
78,23554
78,23555
78,23561
78,23567
78,23628
78,23651
78,23660
78,23696
78,23709
78,23757
78,23784
78,23826
78,23836
78,23879
78,23892
78,23912
78,23924
78,23934
78,23954
78,23981
78,23987
78,24019
78,24085
78,24088
78,24112
78,24126
78,24130
78,24150
78,24154
78,24168
78,24191
78,24192
78,24193
78,24217
78,24243
78,24251
78,24266
78,24271
78,24293
78,24306
78,24443
78,24449
78,24465
78,24479
78,24485
78,24486
78,24519
78,24550
78,24586
78,24642
78,24685
78,24702
78,24706
78,24731
78,24776
78,24822
78,24843
78,24850
78,24932
78,24958
78,24971
78,25044
78,25121
78,25208
78,25241
78,25328
78,25335
78,25355
78,25389
78,25419
78,25438
78,25451
78,25516
78,25531
78,25541
78,25557
78,25573
78,25580
78,25611
78,25620
78,25672
78,25693
78,25707
78,25708
78,25713
78,25725
78,25730
78,25732
78,25772
78,25776
78,25802
78,25815
78,25839
78,25851
78,25855
78,25870
78,25881
78,25914
78,25934
78,25974
78,26004
78,26019
78,26060
78,26096
78,26102
78,26106
78,26111
78,26122
78,26182
78,26185
78,26231
78,26234
78,26260
78,26282
78,26296
78,26384
78,26394
78,26406
78,26430
78,26441
78,26473
78,26475
78,26526
78,26586
78,26591
78,26605
78,26635
78,26638
78,26673
78,26706
78,26709
78,26769
78,26788
78,26811
78,26843
78,26888
78,26896
78,26919
78,26928
78,26967
78,27101
78,27278
78,27318
78,27326
78,27366
78,27407
78,27477
78,27495
78,27550
78,27580
78,27581
78,27605
78,27652
78,27669
78,27753
78,27757
78,27807
78,27829
78,27878
78,27890
78,27914
78,27920
78,27936
78,27976
78,28068
78,28081
78,28092
78,28104
78,28106
78,28127
78,28159
78,28178
78,28199
78,28237
78,28239
78,28241
78,28249
78,28259
78,28310
78,28327
78,28393
78,28394
78,28419
78,28453
78,28466
78,28502
78,28509
78,28569
78,28580
78,28637
78,28703
78,28715
78,28716
78,28719
78,28728
78,28794
78,28818
78,28861
78,28870
78,28877
78,28891
78,28924
78,28936
78,28941
78,28950
78,28976
78,29017
78,29086
78,29127
78,29134
78,29143
78,29151
78,29163
78,29188
78,29284
78,29294
78,29331
78,29334
78,29344
78,29366
78,29505
79,3
79,18
79,57
79,64
79,75
79,163
79,165
79,217
79,242
79,245
79,299
79,304
79,306
79,332
79,334
79,368
79,528
79,532
79,544
79,572
79,587
79,588
79,589
79,665
79,683
79,684
79,696
79,699
79,757
79,783
79,800
79,809
79,812
79,870
79,944
79,995
79,1008
79,1019
79,1070
79,1120
79,1174
79,1199
79,1208
79,1230
79,1279
79,1360
79,1372
79,1400
79,1434
79,1437
79,1521
79,1528
79,1550
79,1554
79,1624
79,1628
79,1668
79,1785
79,1798
79,1831
79,1832
79,1837
79,1842
79,1863
79,1906
79,1928
79,1984
79,2013
79,2039
79,2085
79,2091
79,2102
79,2128
79,2173
79,2176
79,2184
79,2196
79,2266
79,2338
79,2360
79,2373
79,2447
79,2455
79,2466
79,2487
79,2520
79,2526
79,2539
79,2548
79,2566
79,2578
79,2598
79,2607
79,2615
79,2616
79,2626
79,2631
79,2646
79,2672
79,2690
79,2754
79,2785
79,2799
79,2866
79,2902
79,2912
79,2921
79,2955
79,2994
79,3010
79,3014
79,3018
79,3024
79,3032
79,3097
79,3101
79,3107
79,3120
79,3126
79,3130
79,3142
79,3150
79,3162
79,3165
79,3166
79,3193
79,3206
79,3207
79,3212
79,3229
79,3243
79,3275
79,3278
79,3283
79,3284
79,3306
79,3339
79,3343
79,3344
79,3363
79,3369
79,3386
79,3394
79,3401
79,3440
79,3443
79,3453
79,3456
79,3463
79,3470
79,3484
79,3578
79,3585
79,3654
79,3693
79,3780
79,3841
79,3860
79,3883
79,3958
79,3964
79,3993
79,4033
79,4061
79,4062
79,4103
79,4122
79,4171
79,4174
79,4198
79,4206
79,4218
79,4249
79,4255
79,4270
79,4335
79,4349
79,4353
79,4356
79,4380
79,4420
79,4422
79,4425
79,4446
79,4473
79,4497
79,4499
79,4500
79,4531
79,4542
79,4561
79,4714
79,4752
79,4800
79,4821
79,4839
79,4851
79,4861
79,4867
79,4883
79,4891
79,4936
79,4970
79,5021
79,5052
79,5058
79,5112
79,5148
79,5169
79,5214
79,5218
79,5236
79,5245
79,5247
79,5268
79,5280
79,5284
79,5288
79,5360
79,5401
79,5468
79,5516
79,5522
79,5557
79,5611
79,5613
79,5642
79,5649
79,5675
79,5741
79,5750
79,5755
79,5790
79,5825
79,5854
79,5894
79,5909
79,5940
79,5969
79,6031
79,6038
79,6105
79,6120
79,6147
79,6238
79,6243
79,6248
79,6262
79,6306
79,6347
79,6408
79,6417
79,6455
79,6485
79,6486
79,6493
79,6535
79,6548
79,6601
79,6642
79,6690
79,6700
79,6747
79,6752
79,6772
79,6775
79,6789
79,6791
79,6792
79,6819
79,6824
79,6828
79,6842
79,6877
79,6878
79,6899
79,6900
79,6912
79,6913
79,6953
79,6967
79,6981
79,7000
79,7014
79,7037
79,7045
79,7047
79,7075
79,7076
79,7092
79,7103
79,7106
79,7107
79,7167
79,7170
79,7198
79,7205
79,7224
79,7234
79,7266
79,7313
79,7316
79,7321
79,7328
79,7348
79,7360
79,7363
79,7401
79,7404
79,7428
79,7449
79,7458
79,7489
79,7502
79,7518
79,7551
79,7568
79,7570
79,7585
79,7597
79,7606
79,7625
79,7627
79,7639
79,7661
79,7679
79,7681
79,7713
79,7732
79,7751
79,7764
79,7772
79,7787
79,7822
79,7838
79,7842
79,7863
79,7940
79,8034
79,8079
79,8134
79,8227
79,8260
79,8280
79,8283
79,8292
79,8295
79,8316
79,8320
79,8339
79,8422
79,8434
79,8462
79,8511
79,8542
79,8563
79,8608
79,8612
79,8624
79,8651
79,8672
79,8691
79,8692
79,8729
79,8773
79,8778
79,8805
79,8823
79,8826
79,8846
79,8872
79,8925
79,8944
79,8965
79,8967
79,8992
79,9010
79,9016
79,9040
79,9041
79,9042
79,9045
79,9050
79,9052
79,9069
79,9097
79,9103
79,9117
79,9163
79,9203
79,9246
79,9256
79,9271
79,9274
79,9278
79,9326
79,9349
79,9388
79,9389
79,9400
79,9454
79,9495
79,9506
79,9517
79,9532
79,9538
79,9561
79,9597
79,9598
79,9617
79,9619
79,9654
79,9695
79,9742
79,9843
79,9846
79,9857
79,9876
79,9904
79,9932
79,9956
79,10072
79,10076
79,10082
79,10083
79,10087
79,10110
79,10155
79,10157
79,10161
79,10203
79,10229
79,10236
79,10263
79,10271
79,10283
79,10284
79,10314
79,10322
79,10328
79,10341
79,10356
79,10389
79,10455
79,10477
79,10483
79,10548
79,10557
79,10608
79,10636
79,10660
79,10667
79,10691
79,10697
79,10699
79,10741
79,10745
79,10929
79,10930
79,10976
79,10989
79,11062
79,11067
79,11082
79,11116
79,11119
79,11127
79,11131
79,11154
79,11160
79,11171
79,11182
79,11226
79,11250
79,11291
79,11355
79,11373
79,11374
79,11403
79,11415
79,11444
79,11510
79,11522
79,11542
79,11549
79,11589
79,11622
79,11627
79,11631
79,11642
79,11675
79,11698
79,11709
79,11723
79,11750
79,11758
79,11771
79,11792
79,11800
79,11804
79,11805
79,11816
79,11826
79,11878
79,11906
79,11979
79,11986
79,11995
79,12017
79,12026
79,12032
79,12072
79,12075
79,12082
79,12106
79,12153
79,12161
79,12189
79,12199
79,12200
79,12214
79,12248
79,12270
79,12322
79,12330
79,12340
79,12351
79,12364
79,12395
79,12401
79,12436
79,12438
79,12451
79,12473
79,12483
79,12511
79,12533
79,12580
79,12604
79,12632
79,12639
79,12694
79,12746
79,12824
79,12831
79,12856
79,12864
79,12869
79,12927
79,12933
79,12994
79,13015
79,13037
79,13101
79,13105
79,13108
79,13180
79,13215
79,13217
79,13219
79,13242
79,13335
79,13341
79,13347
79,13428
79,13443
79,13466
79,13467
79,13468
79,13471
79,13483
79,13521
79,13557
79,13562
79,13588
79,13609
79,13616
79,13709
79,13711
79,13733
79,13734
79,13770
79,13808
79,13813
79,13821
79,13829
79,13893
79,13902
79,13905
79,13908
79,13909
79,13933
79,13941
79,13952
79,13966
79,14050
79,14063
79,14072
79,14081
79,14136
79,14151
79,14184
79,14202
79,14212
79,14255
79,14277
79,14330
79,14343
79,14355
79,14404
79,14408
79,14427
79,14452
79,14503
79,14566
79,14567
79,14607
79,14687
79,14714
79,14715
79,14717
79,14724
79,14727
79,14780
79,14836
79,14850
79,14859
79,14863
79,14895
79,14897
79,14906
79,14929
79,14959
79,15005
79,15009
79,15063
79,15069
79,15142
79,15149
79,15162
79,15185
79,15187
79,15209
79,15220
79,15265
79,15267
79,15284
79,15304
79,15315
79,15334
79,15367
79,15369
79,15422
79,15435
79,15442
79,15472
79,15497
79,15499
79,15503
79,15531
79,15576
79,15623
79,15636
79,15697
79,15699
79,15702
79,15718
79,15723
79,15735
79,15754
79,15843
79,15869
79,15878
79,15882
79,15899
79,15902
79,15912
79,15918
79,15927
79,15931
79,15953
79,15961
79,15979
79,15987
79,16008
79,16032
79,16056
79,16102
79,16127
79,16167
79,16183
79,16210
79,16218
79,16234
79,16266
79,16272
79,16303
79,16308
79,16316
79,16320
79,16371
79,16399
79,16405
79,16423
79,16425
79,16435
79,16458
79,16481
79,16488
79,16508
79,16564
79,16568
79,16576
79,16582
79,16613
79,16617
79,16721
79,16739
79,16749
79,16768
79,16795
79,16813
79,16818
79,16870
79,16895
79,16902
79,16904
79,16934
79,16938
79,16941
79,16969
79,17051
79,17068
79,17090
79,17127
79,17153
79,17158
79,17163
79,17210
79,17253
79,17255
79,17257
79,17267
79,17288
79,17296
79,17312
79,17319
79,17324
79,17327
79,17334
79,17348
79,17376
79,17412
79,17417
79,17430
79,17431
79,17450
79,17455
79,17465
79,17472
79,17505
79,17511
79,17521
79,17527
79,17537
79,17578
79,17580
79,17637
79,17686
79,17689
79,17705
79,17711
79,17743
79,17770
79,17793
79,17807
79,17817
79,17826
79,17831
79,17837
79,17884
79,17931
79,17934
79,17943
79,17978
79,17999
79,18026
79,18074
79,18077
79,18085
79,18088
79,18120
79,18132
79,18150
79,18185
79,18203
79,18215
79,18219
79,18243
79,18312
79,18380
79,18409
79,18480
79,18488
79,18492
79,18509
79,18526
79,18564
79,18571
79,18574
79,18637
79,18715
79,18721
79,18730
79,18746
79,18758
79,18830
79,18841
79,18914
79,18925
79,18929
79,18957
79,18981
79,18985
79,18986
79,19024
79,19043
79,19045
79,19055
79,19150
79,19165
79,19182
79,19273
79,19275
79,19310
79,19345
79,19374
79,19428
79,19549
79,19565
79,19579
79,19623
79,19630
79,19680
79,19695
79,19697
79,19705
79,19787
79,19788
79,19792
79,19808
79,19866
79,19879
79,19886
79,19895
79,19929
79,19948
79,19979
79,20006
79,20028
79,20040
79,20044
79,20101
79,20106
79,20109
79,20153
79,20179
79,20180
79,20185
79,20199
79,20356
79,20394
79,20424
79,20434
79,20438
79,20447
79,20516
79,20517
79,20536
79,20543
79,20572
79,20590
79,20644
79,20649
79,20667
79,20694
79,20739
79,20765
79,20767
79,20774
79,20863
79,20889
79,20932
79,20949
79,20957
79,20959
79,20984
79,20992
79,20996
79,21086
79,21145
79,21160
79,21166
79,21171
79,21186
79,21275
79,21290
79,21295
79,21304
79,21364
79,21385
79,21451
79,21461
79,21470
79,21552
79,21556
79,21573
79,21575
79,21587
79,21603
79,21618
79,21634
79,21638
79,21641
79,21644
79,21646
79,21654
79,21676
79,21699
79,21749
79,21764
79,21802
79,21820
79,21838
79,21862
79,21866
79,21872
79,21876
79,21920
79,21931
79,21946
79,21993
79,22012
79,22029
79,22071
79,22076
79,22106
79,22176
79,22186
79,22199
79,22201
79,22205
79,22211
79,22212
79,22243
79,22288
79,22290
79,22324
79,22357
79,22385
79,22391
79,22408
79,22410
79,22418
79,22465
79,22472
79,22513
79,22577
79,22590
79,22646
79,22662
79,22681
79,22699
79,22717
79,22720
79,22726
79,22798
79,22829
79,22856
79,22874
79,22879
79,22899
79,22902
79,22937
79,22974
79,22991
79,23016
79,23041
79,23076
79,23078
79,23110
79,23146
79,23150
79,23183
79,23207
79,23244
79,23300
79,23301
79,23317
79,23324
79,23335
79,23338
79,23372
79,23390
79,23424
79,23448
79,23459
79,23492
79,23496
79,23535
79,23546
79,23572
79,23604
79,23624
79,23627
79,23628
79,23662
79,23683
79,23704
79,23705
79,23722
79,23736
79,23760
79,23779
79,23783
79,23806
79,23811
79,23841
79,23900
79,23945
79,23960
79,24066
79,24088
79,24106
79,24125
79,24128
79,24146
79,24148
79,24153
79,24174
79,24188
79,24241
79,24260
79,24271
79,24337
79,24359
79,24365
79,24446
79,24448
79,24454
79,24474
79,24482
79,24493
79,24496
79,24538
79,24564
79,24575
79,24581
79,24602
79,24642
79,24674
79,24696
79,24701
79,24741
79,24767
79,24803
79,24889
79,24916
79,24921
79,24926
79,24984
79,25002
79,25047
79,25070
79,25071
79,25223
79,25263
79,25309
79,25326
79,25334
79,25344
79,25345
79,25346
79,25369
79,25373
79,25381
79,25385
79,25416
79,25419
79,25472
79,25474
79,25502
79,25508
79,25548
79,25551
79,25562
79,25619
79,25666
79,25757
79,25766
79,25846
79,25896
79,25915
79,25946
79,25967
79,25989
79,26002
79,26027
79,26035
79,26066
79,26123
79,26125
79,26126
79,26143
79,26175
79,26255
79,26307
79,26319
79,26326
79,26397
79,26432
79,26459
79,26461
79,26464
79,26524
79,26536
79,26540
79,26549
79,26570
79,26591
79,26626
79,26652
79,26663
79,26718
79,26723
79,26751
79,26754
79,26768
79,26788
79,26822
79,26828
79,26845
79,26877
79,26881
79,26885
79,26900
79,26911
79,26921
79,26933
79,26960
79,26971
79,27001
79,27047
79,27096
79,27107
79,27130
79,27148
79,27168
79,27218
79,27221
79,27234
79,27247
79,27263
79,27289
79,27304
79,27310
79,27314
79,27325
79,27330
79,27346
79,27358
79,27370
79,27420
79,27428
79,27451
79,27453
79,27466
79,27469
79,27506
79,27540
79,27580
79,27583
79,27617
79,27692
79,27748
79,27756
79,27779
79,27784
79,27830
79,27895
79,27897
79,27899
79,27903
79,27927
79,27960
79,28021
79,28022
79,28033
79,28070
79,28077
79,28088
79,28092
79,28103
79,28128
79,28149
79,28151
79,28170
79,28216
79,28239
79,28297
79,28308
79,28316
79,28375
79,28415
79,28424
79,28470
79,28478
79,28588
79,28596
79,28614
79,28628
79,28651
79,28662
79,28665
79,28674
79,28682
79,28690
79,28749
79,28759
79,28808
79,28821
79,28840
79,28895
79,28975
79,28984
79,29026
79,29040
79,29066
79,29079
79,29091
79,29146
79,29150
79,29157
79,29220
79,29221
79,29240
79,29245
79,29251
79,29278
79,29280
79,29288
79,29293
79,29299
79,29330
79,29345
79,29370
79,29391
79,29440
79,29474
79,29482
79,29485
79,29531
79,29559
79,29566
