layer,neuron
5,793
5,9469
5,19916
5,24627
5,28946
15,4080
16,21397
17,17471
23,3134
24,3477
24,6482
24,7176
24,16783
24,22875
24,26743
25,86
25,4417
25,10287
25,11386
25,14982
25,17524
25,18953
25,19767
25,22661
25,25655
25,26188
26,135
26,688
26,2168
26,2171
26,2931
26,3421
26,3639
26,3662
26,3892
26,4311
26,5075
26,5147
26,5410
26,5786
26,6860
26,7236
26,7249
26,11091
26,11632
26,11912
26,12014
26,13754
26,13899
26,14352
26,14505
26,14580
26,15270
26,15338
26,16031
26,17239
26,17243
26,17406
26,17907
26,19841
26,21443
26,22873
26,22913
26,23228
26,23332
26,23646
26,24393
26,24670
26,24798
26,25368
26,25392
26,26529
26,26675
26,27246
26,27327
26,27500
26,27626
26,27932
26,28037
26,28338
26,28425
26,28754
26,29033
26,29323
27,176
27,189
27,486
27,660
27,686
27,869
27,1027
27,1128
27,1568
27,1634
27,1698
27,1910
27,1944
27,2241
27,2267
27,2359
27,2460
27,2720
27,2810
27,2936
27,3045
27,3181
27,3252
27,3253
27,3300
27,3411
27,3437
27,3780
27,3786
27,3793
27,3859
27,4124
27,4148
27,4172
27,4181
27,4202
27,4220
27,4243
27,4603
27,4678
27,4800
27,4845
27,4905
27,5029
27,5077
27,5119
27,5341
27,5459
27,5651
27,5750
27,5796
27,5879
27,5928
27,6013
27,6065
27,6117
27,6275
27,6390
27,6429
27,6485
27,6546
27,6598
27,6734
27,6952
27,7155
27,7291
27,7333
27,7358
27,7405
27,7470
27,7572
27,8339
27,8373
27,8679
27,8718
27,8751
27,8892
27,9335
27,9347
27,9361
27,9386
27,9632
27,9662
27,9716
27,9728
27,9730
27,9895
27,9941
27,9969
27,10090
27,10094
27,10340
27,10394
27,10459
27,10666
27,10802
27,10870
27,11047
27,11171
27,11329
27,11494
27,11559
27,11864
27,11909
27,11912
27,12018
27,12051
27,12224
27,12421
27,12560
27,12565
27,12573
27,12736
27,12994
27,13057
27,13062
27,13100
27,13197
27,13263
27,13319
27,13327
27,13377
27,13379
27,13419
27,13449
27,13450
27,13576
27,13604
27,13634
27,13707
27,13712
27,13792
27,13903
27,13951
27,13963
27,14219
27,14230
27,14314
27,14447
27,14466
27,14538
27,14812
27,14829
27,14841
27,14868
27,14899
27,14944
27,14958
27,15182
27,15198
27,15246
27,15328
27,15340
27,15555
27,15685
27,15719
27,15859
27,15882
27,15902
27,16076
27,16266
27,16526
27,16707
27,16841
27,16844
27,17088
27,17185
27,17435
27,17474
27,17759
27,17785
27,17980
27,18216
27,18238
27,18278
27,18284
27,18529
27,18607
27,18836
27,19103
27,19190
27,19276
27,19328
27,19419
27,19559
27,19713
27,19875
27,19967
27,20035
27,20133
27,20225
27,20278
27,20319
27,20452
27,20705
27,20712
27,20748
27,20797
27,20831
27,21029
27,21208
27,21326
27,21718
27,21766
27,21835
27,22023
27,22036
27,22122
27,22126
27,22194
27,22244
27,22435
27,22655
27,22677
27,23160
27,23177
27,23244
27,23276
27,23620
27,23843
27,23889
27,23980
27,24082
27,24161
27,24311
27,24321
27,24506
27,24581
27,24606
27,24874
27,24993
27,25341
27,25346
27,25630
27,25682
27,25778
27,25828
27,25832
27,25842
27,25892
27,26038
27,26229
27,26340
27,26558
27,26607
27,26712
27,26752
27,26767
27,26777
27,26930
27,26936
27,26955
27,27138
27,27174
27,27213
27,27498
27,27637
27,27683
27,27709
27,27821
27,28003
27,28079
27,28110
27,28171
27,28576
27,28653
27,28696
27,28723
27,28955
27,29059
27,29120
27,29137
27,29272
27,29305
27,29390
27,29432
28,146
28,281
28,369
28,435
28,503
28,608
28,653
28,876
28,1052
28,1074
28,1081
28,1158
28,1348
28,1428
28,1475
28,1499
28,1615
28,1714
28,1758
28,1905
28,2164
28,2272
28,2383
28,2605
28,2634
28,2697
28,2825
28,3068
28,3241
28,3367
28,3411
28,3470
28,3743
28,3807
28,3955
28,4001
28,4343
28,4450
28,4475
28,4501
28,4521
28,4556
28,4738
28,4752
28,4771
28,4828
28,4839
28,4857
28,5156
28,5173
28,5230
28,5296
28,5302
28,5351
28,5360
28,5562
28,5587
28,5629
28,5642
28,5899
28,5940
28,6102
28,6126
28,6139
28,6157
28,6248
28,6377
28,6385
28,6386
28,6407
28,6439
28,6519
28,6591
28,6611
28,6670
28,6830
28,6893
28,7202
28,7255
28,7336
28,7420
28,7503
28,7616
28,7902
28,7996
28,8057
28,8059
28,8078
28,8118
28,8170
28,8208
28,8220
28,8286
28,8354
28,8420
28,8428
28,8476
28,8528
28,8546
28,8784
28,8808
28,8812
28,8861
28,8874
28,8931
28,9002
28,9008
28,9346
28,9434
28,9449
28,9512
28,9625
28,9639
28,9697
28,9715
28,9737
28,9766
28,9798
28,9878
28,9904
28,10009
28,10117
28,10224
28,10232
28,10693
28,10749
28,10823
28,10980
28,11263
28,11349
28,11418
28,11729
28,11804
28,11821
28,11861
28,12049
28,12057
28,12449
28,12544
28,12558
28,12696
28,12723
28,12747
28,12897
28,12931
28,13059
28,13084
28,13115
28,13239
28,13306
28,13315
28,13646
28,13660
28,13681
28,13698
28,13713
28,13781
28,13791
28,14114
28,14399
28,14528
28,14625
28,14668
28,15185
28,15465
28,15474
28,15486
28,15597
28,15715
28,15881
28,16074
28,16106
28,16173
28,16516
28,16548
28,16693
28,16840
28,16941
28,17018
28,17037
28,17091
28,17159
28,17234
28,17368
28,17558
28,17591
28,17649
28,17709
28,17956
28,18253
28,18260
28,18560
28,18658
28,18751
28,18786
28,18813
28,19093
28,19105
28,19194
28,19205
28,19208
28,19237
28,19662
28,19835
28,20003
28,20005
28,20030
28,20127
28,20143
28,20274
28,20309
28,20444
28,20475
28,20555
28,20659
28,20899
28,20914
28,21054
28,21055
28,21130
28,21300
28,21379
28,21433
28,21939
28,22017
28,22025
28,22048
28,22115
28,22159
28,22319
28,22569
28,22755
28,22797
28,22807
28,22873
28,23098
28,23364
28,23388
28,23416
28,23496
28,23649
28,23772
28,23811
28,23817
28,23934
28,24002
28,24121
28,24202
28,24211
28,24435
28,24548
28,24677
28,24823
28,24906
28,25013
28,25050
28,25096
28,25375
28,25470
28,25849
28,26016
28,26109
28,26307
28,26366
28,26449
28,26668
28,26720
28,26765
28,26929
28,26943
28,27049
28,27090
28,27168
28,27172
28,27200
28,27299
28,27312
28,27482
28,27675
28,27687
28,27693
28,27851
28,27971
28,28009
28,28023
28,28140
28,28199
28,28233
28,28265
28,28286
28,28443
28,28461
28,28488
28,28520
28,28709
28,28839
28,28955
28,29022
28,29164
28,29432
29,33
29,186
29,221
29,262
29,359
29,377
29,450
29,454
29,468
29,482
29,536
29,562
29,607
29,609
29,664
29,711
29,791
29,813
29,1051
29,1063
29,1478
29,1489
29,1541
29,1570
29,1602
29,1644
29,1694
29,1753
29,1766
29,1965
29,2066
29,2074
29,2086
29,2110
29,2200
29,2267
29,2376
29,2472
29,2474
29,2553
29,2573
29,2743
29,2771
29,2864
29,2984
29,3001
29,3012
29,3054
29,3146
29,3177
29,3243
29,3255
29,3291
29,3343
29,3350
29,3382
29,3397
29,3555
29,3594
29,3606
29,3612
29,3627
29,3661
29,3703
29,3707
29,3822
29,3860
29,4033
29,4053
29,4088
29,4104
29,4145
29,4157
29,4195
29,4209
29,4211
29,4301
29,4377
29,4383
29,4408
29,4438
29,4518
29,4542
29,4556
29,4784
29,4844
29,4864
29,4882
29,4972
29,5016
29,5054
29,5166
29,5307
29,5332
29,5348
29,5363
29,5406
29,5554
29,5563
29,5568
29,5616
29,5664
29,5674
29,5828
29,5831
29,6080
29,6094
29,6103
29,6142
29,6249
29,6326
29,6349
29,6355
29,6450
29,6478
29,6550
29,6573
29,6580
29,6677
29,6697
29,6806
29,6827
29,6847
29,6859
29,6895
29,7050
29,7079
29,7477
29,7512
29,7525
29,7547
29,7557
29,7640
29,7769
29,7784
29,7798
29,7905
29,7917
29,7965
29,8038
29,8118
29,8188
29,8253
29,8287
29,8422
29,8470
29,8478
29,8563
29,8585
29,8594
29,8738
29,8743
29,8926
29,8941
29,8955
29,8978
29,8998
29,9037
29,9048
29,9051
29,9067
29,9161
29,9243
29,9283
29,9386
29,9488
29,9540
29,9581
29,9693
29,9696
29,9714
29,9772
29,9829
29,9862
29,9873
29,9943
29,9966
29,9967
29,9998
29,10020
29,10063
29,10068
29,10111
29,10114
29,10154
29,10213
29,10228
29,10312
29,10325
29,10447
29,10498
29,10571
29,10624
29,10644
29,10688
29,10698
29,10777
29,10852
29,10996
29,11027
29,11107
29,11204
29,11286
29,11312
29,11323
29,11451
29,11474
29,11491
29,11605
29,11641
29,11726
29,11728
29,11736
29,11806
29,11809
29,11828
29,11859
29,11889
29,11904
29,12002
29,12067
29,12142
29,12301
29,12364
29,12502
29,12638
29,12660
29,12713
29,12857
29,13029
29,13031
29,13050
29,13063
29,13072
29,13100
29,13140
29,13324
29,13436
29,13445
29,13491
29,13687
29,13702
29,13705
29,13712
29,13726
29,13774
29,13786
29,13811
29,13855
29,13889
29,13960
29,14177
29,14220
29,14545
29,14563
29,14623
29,14653
29,14664
29,14818
29,14823
29,14837
29,14877
29,15123
29,15190
29,15208
29,15212
29,15225
29,15254
29,15266
29,15330
29,15440
29,15453
29,15488
29,15510
29,15512
29,15527
29,15636
29,15697
29,15711
29,15720
29,15747
29,15781
29,15791
29,15839
29,15915
29,16019
29,16089
29,16168
29,16170
29,16226
29,16369
29,16396
29,16498
29,16547
29,16577
29,16688
29,16787
29,16828
29,16875
29,16943
29,16975
29,17055
29,17082
29,17126
29,17257
29,17271
29,17334
29,17410
29,17468
29,17563
29,17602
29,17637
29,17654
29,17788
29,17821
29,17899
29,17911
29,18003
29,18014
29,18093
29,18160
29,18188
29,18200
29,18470
29,18505
29,18544
29,18557
29,18575
29,18631
29,18660
29,18677
29,18729
29,18803
29,18866
29,18890
29,19005
29,19024
29,19076
29,19154
29,19226
29,19227
29,19277
29,19296
29,19318
29,19353
29,19401
29,19410
29,19468
29,19473
29,19496
29,19531
29,19558
29,19581
29,19644
29,19679
29,19769
29,19850
29,19873
29,19884
29,19905
29,19991
29,20038
29,20115
29,20180
29,20258
29,20265
29,20317
29,20321
29,20394
29,20404
29,20414
29,20466
29,20504
29,20546
29,20578
29,20674
29,20731
29,20858
29,20870
29,20898
29,20913
29,20918
29,20931
29,21000
29,21120
29,21311
29,21394
29,21422
29,21513
29,21541
29,21575
29,21585
29,21615
29,21623
29,21659
29,21682
29,21691
29,21751
29,22095
29,22142
29,22148
29,22234
29,22246
29,22310
29,22482
29,22518
29,22550
29,22571
29,22676
29,22896
29,22947
29,23004
29,23087
29,23091
29,23118
29,23119
29,23122
29,23249
29,23250
29,23345
29,23583
29,23600
29,23601
29,23609
29,23619
29,23706
29,23806
29,23819
29,24018
29,24105
29,24119
29,24154
29,24166
29,24190
29,24252
29,24447
29,24472
29,24486
29,24505
29,24520
29,24543
29,24614
29,24628
29,24649
29,24835
29,24849
29,24925
29,25129
29,25133
29,25253
29,25274
29,25421
29,25466
29,25516
29,25535
29,25596
29,25623
29,25653
29,25739
29,25856
29,25988
29,25989
29,26048
29,26079
29,26175
29,26182
29,26199
29,26247
29,26303
29,26431
29,26462
29,26499
29,26506
29,26530
29,26578
29,26640
29,26648
29,26709
29,26945
29,27108
29,27374
29,27604
29,27682
29,27702
29,27737
29,27800
29,27852
29,27865
29,27902
29,27920
29,27937
29,27956
29,28021
29,28050
29,28070
29,28118
29,28147
29,28167
29,28198
29,28235
29,28418
29,28428
29,28514
29,28524
29,28740
29,28803
29,28891
29,28935
29,28997
29,29017
29,29065
29,29083
29,29270
29,29426
29,29515
29,29549
30,1
30,79
30,96
30,112
30,148
30,198
30,206
30,278
30,328
30,353
30,360
30,430
30,503
30,530
30,534
30,665
30,723
30,726
30,827
30,830
30,876
30,911
30,922
30,937
30,952
30,957
30,976
30,999
30,1005
30,1019
30,1051
30,1148
30,1153
30,1155
30,1165
30,1176
30,1248
30,1249
30,1333
30,1347
30,1360
30,1374
30,1422
30,1467
30,1529
30,1543
30,1565
30,1644
30,1703
30,1721
30,1734
30,1736
30,1759
30,1777
30,1782
30,1798
30,1817
30,1884
30,1908
30,1910
30,1915
30,1920
30,1945
30,1960
30,1991
30,1994
30,2007
30,2012
30,2121
30,2126
30,2163
30,2165
30,2186
30,2209
30,2240
30,2264
30,2278
30,2292
30,2312
30,2319
30,2382
30,2383
30,2468
30,2471
30,2556
30,2570
30,2573
30,2581
30,2617
30,2625
30,2631
30,2641
30,2651
30,2668
30,2673
30,2708
30,2793
30,2823
30,2857
30,2885
30,2968
30,2989
30,3003
30,3010
30,3040
30,3132
30,3136
30,3144
30,3175
30,3180
30,3199
30,3252
30,3265
30,3274
30,3350
30,3374
30,3458
30,3500
30,3502
30,3652
30,3654
30,3678
30,3692
30,3698
30,3709
30,3723
30,3742
30,3747
30,3762
30,3773
30,3858
30,3888
30,3895
30,3929
30,3999
30,4020
30,4027
30,4067
30,4076
30,4118
30,4183
30,4219
30,4247
30,4285
30,4297
30,4305
30,4383
30,4397
30,4473
30,4478
30,4501
30,4503
30,4504
30,4507
30,4522
30,4523
30,4543
30,4563
30,4581
30,4582
30,4668
30,4721
30,4759
30,4792
30,4808
30,4836
30,4883
30,4891
30,4914
30,4948
30,4960
30,4981
30,4997
30,5048
30,5052
30,5057
30,5071
30,5080
30,5100
30,5222
30,5228
30,5236
30,5295
30,5316
30,5328
30,5340
30,5433
30,5528
30,5580
30,5601
30,5673
30,5677
30,5700
30,5720
30,5743
30,5746
30,5812
30,5832
30,5840
30,5850
30,5855
30,5906
30,5942
30,5968
30,5993
30,6093
30,6133
30,6159
30,6175
30,6177
30,6182
30,6258
30,6291
30,6292
30,6352
30,6368
30,6397
30,6437
30,6491
30,6509
30,6634
30,6646
30,6665
30,6753
30,6822
30,6881
30,6897
30,6914
30,6915
30,6923
30,6990
30,7014
30,7045
30,7182
30,7218
30,7304
30,7327
30,7386
30,7452
30,7470
30,7483
30,7485
30,7542
30,7545
30,7547
30,7550
30,7563
30,7575
30,7603
30,7637
30,7641
30,7649
30,7675
30,7698
30,7733
30,7743
30,7777
30,7782
30,7797
30,7867
30,7886
30,7923
30,8032
30,8052
30,8055
30,8106
30,8120
30,8130
30,8164
30,8184
30,8234
30,8237
30,8245
30,8302
30,8373
30,8383
30,8430
30,8507
30,8509
30,8563
30,8573
30,8603
30,8653
30,8657
30,8768
30,8771
30,8795
30,8815
30,8852
30,8872
30,8881
30,8899
30,8908
30,8979
30,9059
30,9072
30,9075
30,9106
30,9135
30,9216
30,9254
30,9262
30,9297
30,9389
30,9491
30,9506
30,9544
30,9562
30,9564
30,9584
30,9595
30,9596
30,9615
30,9625
30,9628
30,9638
30,9646
30,9660
30,9661
30,9690
30,9714
30,9734
30,9761
30,9770
30,9828
30,9832
30,9838
30,9869
30,9935
30,9961
30,9979
30,9996
30,10013
30,10043
30,10087
30,10108
30,10110
30,10158
30,10176
30,10277
30,10280
30,10294
30,10313
30,10366
30,10417
30,10437
30,10486
30,10487
30,10497
30,10500
30,10504
30,10511
30,10576
30,10597
30,10648
30,10713
30,10734
30,10757
30,10808
30,10817
30,10818
30,10819
30,10823
30,10870
30,10877
30,10919
30,10924
30,10955
30,10968
30,10986
30,10990
30,11006
30,11009
30,11015
30,11044
30,11056
30,11075
30,11089
30,11093
30,11103
30,11149
30,11189
30,11218
30,11231
30,11249
30,11276
30,11283
30,11325
30,11327
30,11357
30,11382
30,11389
30,11412
30,11503
30,11516
30,11517
30,11531
30,11575
30,11674
30,11678
30,11682
30,11731
30,11738
30,11755
30,11779
30,11786
30,11792
30,11853
30,11856
30,11861
30,11904
30,11963
30,12003
30,12009
30,12070
30,12096
30,12100
30,12109
30,12128
30,12160
30,12169
30,12185
30,12198
30,12221
30,12253
30,12284
30,12285
30,12293
30,12326
30,12356
30,12374
30,12401
30,12409
30,12467
30,12530
30,12562
30,12574
30,12589
30,12631
30,12730
30,12748
30,12759
30,12776
30,12785
30,12837
30,12886
30,12900
30,12909
30,12974
30,12982
30,13088
30,13152
30,13190
30,13195
30,13246
30,13257
30,13332
30,13360
30,13368
30,13369
30,13405
30,13411
30,13417
30,13428
30,13432
30,13467
30,13546
30,13562
30,13589
30,13674
30,13691
30,13771
30,13790
30,13842
30,13908
30,13943
30,13952
30,13963
30,14037
30,14049
30,14094
30,14125
30,14136
30,14153
30,14235
30,14262
30,14271
30,14282
30,14295
30,14298
30,14306
30,14319
30,14381
30,14389
30,14448
30,14492
30,14502
30,14503
30,14509
30,14523
30,14551
30,14570
30,14589
30,14621
30,14637
30,14699
30,14762
30,14781
30,14837
30,14847
30,14864
30,14912
30,14925
30,14944
30,14961
30,15150
30,15154
30,15194
30,15213
30,15255
30,15270
30,15280
30,15339
30,15399
30,15436
30,15443
30,15445
30,15477
30,15515
30,15611
30,15637
30,15688
30,15691
30,15786
30,15890
30,15916
30,15925
30,15936
30,15938
30,16003
30,16008
30,16048
30,16060
30,16068
30,16099
30,16143
30,16165
30,16181
30,16220
30,16244
30,16269
30,16303
30,16366
30,16377
30,16382
30,16415
30,16453
30,16463
30,16473
30,16546
30,16604
30,16654
30,16668
30,16673
30,16681
30,16696
30,16807
30,16823
30,16851
30,16859
30,16960
30,16970
30,16975
30,16977
30,16988
30,17044
30,17180
30,17200
30,17222
30,17249
30,17313
30,17335
30,17371
30,17449
30,17461
30,17518
30,17520
30,17523
30,17548
30,17619
30,17648
30,17671
30,17681
30,17760
30,17787
30,17844
30,17954
30,18039
30,18067
30,18070
30,18080
30,18136
30,18144
30,18202
30,18217
30,18245
30,18278
30,18370
30,18373
30,18383
30,18397
30,18408
30,18428
30,18450
30,18472
30,18490
30,18508
30,18515
30,18519
30,18520
30,18541
30,18543
30,18549
30,18607
30,18610
30,18615
30,18767
30,18793
30,18833
30,18957
30,18962
30,18976
30,18983
30,18985
30,19042
30,19079
30,19120
30,19184
30,19222
30,19289
30,19383
30,19417
30,19418
30,19425
30,19440
30,19472
30,19581
30,19664
30,19741
30,19744
30,19788
30,19843
30,19891
30,19924
30,19928
30,19934
30,19969
30,20042
30,20067
30,20213
30,20222
30,20257
30,20264
30,20280
30,20310
30,20326
30,20331
30,20332
30,20351
30,20383
30,20401
30,20409
30,20426
30,20428
30,20448
30,20467
30,20497
30,20506
30,20511
30,20527
30,20529
30,20538
30,20553
30,20608
30,20623
30,20666
30,20695
30,20704
30,20711
30,20731
30,20804
30,20820
30,20828
30,20838
30,20868
30,20900
30,20903
30,20953
30,21052
30,21082
30,21093
30,21107
30,21134
30,21141
30,21165
30,21189
30,21197
30,21227
30,21277
30,21301
30,21311
30,21321
30,21335
30,21344
30,21423
30,21500
30,21506
30,21509
30,21515
30,21523
30,21536
30,21634
30,21697
30,21705
30,21714
30,21717
30,21738
30,21762
30,21816
30,21820
30,21825
30,21867
30,21882
30,21905
30,21970
30,22014
30,22034
30,22052
30,22070
30,22080
30,22084
30,22087
30,22089
30,22094
30,22103
30,22210
30,22244
30,22255
30,22287
30,22329
30,22381
30,22391
30,22395
30,22402
30,22403
30,22441
30,22462
30,22473
30,22583
30,22610
30,22626
30,22645
30,22676
30,22685
30,22686
30,22740
30,22742
30,22746
30,22747
30,22761
30,22792
30,22798
30,22851
30,22985
30,23011
30,23024
30,23028
30,23070
30,23159
30,23171
30,23198
30,23209
30,23244
30,23329
30,23343
30,23347
30,23365
30,23387
30,23390
30,23396
30,23439
30,23447
30,23456
30,23460
30,23466
30,23495
30,23520
30,23523
30,23546
30,23579
30,23590
30,23636
30,23675
30,23711
30,23714
30,23719
30,23734
30,23746
30,23757
30,23763
30,23776
30,23840
30,23849
30,23861
30,23934
30,23948
30,23964
30,23973
30,23975
30,23976
30,23978
30,23994
30,24038
30,24079
30,24127
30,24147
30,24245
30,24253
30,24268
30,24270
30,24311
30,24323
30,24328
30,24408
30,24409
30,24457
30,24510
30,24527
30,24563
30,24570
30,24582
30,24758
30,24781
30,24785
30,24854
30,24858
30,24866
30,24878
30,24976
30,24997
30,25005
30,25086
30,25087
30,25095
30,25119
30,25183
30,25208
30,25224
30,25250
30,25300
30,25322
30,25324
30,25325
30,25372
30,25409
30,25411
30,25419
30,25461
30,25493
30,25554
30,25576
30,25593
30,25601
30,25663
30,25682
30,25703
30,25706
30,25717
30,25740
30,25765
30,25778
30,25795
30,25802
30,25806
30,25983
30,26055
30,26059
30,26060
30,26167
30,26168
30,26208
30,26260
30,26262
30,26283
30,26284
30,26298
30,26311
30,26321
30,26421
30,26438
30,26442
30,26494
30,26495
30,26504
30,26518
30,26520
30,26564
30,26571
30,26591
30,26592
30,26616
30,26670
30,26672
30,26696
30,26720
30,26746
30,26765
30,26781
30,26791
30,26799
30,26815
30,26816
30,26875
30,26888
30,26940
30,26986
30,27005
30,27038
30,27043
30,27051
30,27136
30,27153
30,27171
30,27398
30,27415
30,27502
30,27586
30,27601
30,27625
30,27674
30,27702
30,27769
30,27858
30,27891
30,27948
30,28068
30,28112
30,28136
30,28176
30,28193
30,28211
30,28223
30,28240
30,28294
30,28337
30,28349
30,28384
30,28403
30,28444
30,28484
30,28552
30,28613
30,28615
30,28626
30,28638
30,28646
30,28650
30,28663
30,28687
30,28697
30,28702
30,28704
30,28710
30,28789
30,28791
30,28796
30,28804
30,28845
30,28868
30,28899
30,28901
30,28906
30,28914
30,28925
30,28943
30,28994
30,29004
30,29009
30,29053
30,29060
30,29087
30,29107
30,29151
30,29154
30,29202
30,29204
30,29209
30,29216
30,29254
30,29262
30,29264
30,29298
30,29308
30,29319
30,29332
30,29335
30,29377
30,29383
30,29401
30,29416
30,29429
30,29476
30,29502
30,29527
31,19
31,39
31,41
31,54
31,55
31,69
31,98
31,106
31,131
31,159
31,177
31,197
31,220
31,302
31,310
31,318
31,321
31,337
31,341
31,345
31,361
31,381
31,400
31,410
31,413
31,419
31,453
31,490
31,534
31,602
31,614
31,624
31,651
31,695
31,719
31,744
31,745
31,756
31,773
31,789
31,792
31,805
31,844
31,881
31,904
31,920
31,965
31,968
31,977
31,979
31,1031
31,1037
31,1048
31,1061
31,1064
31,1109
31,1115
31,1121
31,1143
31,1145
31,1177
31,1208
31,1220
31,1248
31,1259
31,1264
31,1271
31,1295
31,1319
31,1340
31,1344
31,1349
31,1367
31,1369
31,1387
31,1404
31,1433
31,1438
31,1443
31,1461
31,1464
31,1478
31,1490
31,1511
31,1535
31,1553
31,1647
31,1669
31,1670
31,1713
31,1719
31,1753
31,1801
31,1812
31,1877
31,1895
31,1933
31,1946
31,1947
31,1989
31,2020
31,2043
31,2089
31,2108
31,2115
31,2159
31,2171
31,2213
31,2221
31,2226
31,2227
31,2248
31,2249
31,2282
31,2312
31,2339
31,2375
31,2377
31,2410
31,2444
31,2458
31,2488
31,2494
31,2520
31,2536
31,2543
31,2577
31,2614
31,2669
31,2673
31,2679
31,2688
31,2693
31,2708
31,2722
31,2725
31,2772
31,2790
31,2808
31,2818
31,2821
31,2831
31,2832
31,2837
31,2843
31,2846
31,2873
31,2892
31,2919
31,2921
31,2923
31,2925
31,2930
31,2935
31,2936
31,2967
31,2971
31,2985
31,3007
31,3020
31,3028
31,3050
31,3088
31,3120
31,3137
31,3186
31,3202
31,3206
31,3243
31,3256
31,3273
31,3352
31,3364
31,3372
31,3381
31,3393
31,3395
31,3433
31,3530
31,3544
31,3545
31,3562
31,3576
31,3577
31,3657
31,3664
31,3680
31,3719
31,3736
31,3738
31,3756
31,3775
31,3781
31,3788
31,3825
31,3837
31,3869
31,3900
31,3914
31,3936
31,3937
31,3941
31,3960
31,3961
31,3967
31,3976
31,3978
31,3987
31,3989
31,4007
31,4071
31,4085
31,4088
31,4116
31,4136
31,4160
31,4182
31,4209
31,4233
31,4250
31,4302
31,4309
31,4347
31,4353
31,4356
31,4364
31,4397
31,4399
31,4430
31,4453
31,4464
31,4478
31,4485
31,4510
31,4520
31,4522
31,4532
31,4574
31,4614
31,4624
31,4647
31,4667
31,4719
31,4795
31,4808
31,4833
31,4836
31,4845
31,4865
31,4872
31,4883
31,4922
31,4976
31,4980
31,5005
31,5019
31,5025
31,5030
31,5071
31,5201
31,5230
31,5239
31,5247
31,5249
31,5272
31,5283
31,5303
31,5336
31,5360
31,5370
31,5377
31,5411
31,5412
31,5419
31,5440
31,5533
31,5536
31,5538
31,5562
31,5608
31,5621
31,5623
31,5637
31,5674
31,5680
31,5703
31,5715
31,5788
31,5811
31,5853
31,5963
31,5977
31,5987
31,6014
31,6109
31,6139
31,6141
31,6143
31,6145
31,6157
31,6164
31,6199
31,6229
31,6270
31,6287
31,6293
31,6304
31,6307
31,6314
31,6339
31,6341
31,6347
31,6366
31,6374
31,6405
31,6445
31,6468
31,6484
31,6519
31,6540
31,6603
31,6625
31,6637
31,6650
31,6658
31,6663
31,6679
31,6708
31,6732
31,6745
31,6794
31,6812
31,6816
31,6859
31,6875
31,6881
31,6910
31,6934
31,6940
31,6966
31,6992
31,7059
31,7097
31,7098
31,7172
31,7217
31,7224
31,7232
31,7239
31,7262
31,7268
31,7279
31,7320
31,7345
31,7350
31,7381
31,7434
31,7440
31,7480
31,7527
31,7535
31,7561
31,7576
31,7598
31,7624
31,7642
31,7665
31,7675
31,7693
31,7700
31,7794
31,7814
31,7825
31,7849
31,7854
31,7859
31,7868
31,7897
31,7903
31,7912
31,7926
31,7982
31,8011
31,8015
31,8051
31,8057
31,8092
31,8112
31,8191
31,8200
31,8204
31,8205
31,8232
31,8250
31,8257
31,8278
31,8280
31,8317
31,8326
31,8401
31,8448
31,8449
31,8497
31,8501
31,8564
31,8577
31,8600
31,8609
31,8619
31,8636
31,8639
31,8668
31,8670
31,8680
31,8706
31,8727
31,8736
31,8741
31,8748
31,8752
31,8762
31,8776
31,8797
31,8807
31,8831
31,8833
31,8837
31,8881
31,8885
31,8894
31,8931
31,8952
31,8957
31,8968
31,8970
31,8971
31,9003
31,9010
31,9076
31,9079
31,9087
31,9104
31,9115
31,9116
31,9139
31,9152
31,9157
31,9161
31,9204
31,9229
31,9292
31,9299
31,9306
31,9319
31,9331
31,9365
31,9371
31,9389
31,9407
31,9431
31,9436
31,9449
31,9474
31,9481
31,9494
31,9511
31,9522
31,9567
31,9586
31,9587
31,9595
31,9596
31,9614
31,9621
31,9718
31,9766
31,9817
31,9840
31,9867
31,9919
31,9935
31,9936
31,9952
31,9957
31,9988
31,9991
31,10098
31,10111
31,10112
31,10114
31,10128
31,10149
31,10153
31,10157
31,10196
31,10208
31,10243
31,10246
31,10289
31,10320
31,10339
31,10405
31,10420
31,10470
31,10510
31,10518
31,10537
31,10547
31,10558
31,10591
31,10599
31,10629
31,10633
31,10637
31,10662
31,10670
31,10680
31,10692
31,10698
31,10713
31,10726
31,10763
31,10769
31,10772
31,10783
31,10787
31,10805
31,10807
31,10872
31,10890
31,10915
31,10954
31,10973
31,10991
31,10994
31,11021
31,11025
31,11027
31,11063
31,11097
31,11098
31,11100
31,11101
31,11107
31,11110
31,11148
31,11153
31,11186
31,11227
31,11236
31,11244
31,11252
31,11258
31,11259
31,11268
31,11295
31,11322
31,11343
31,11414
31,11462
31,11489
31,11490
31,11501
31,11527
31,11552
31,11572
31,11584
31,11590
31,11605
31,11629
31,11640
31,11670
31,11718
31,11735
31,11770
31,11783
31,11802
31,11804
31,11808
31,11834
31,11845
31,11856
31,11894
31,11903
31,11941
31,11959
31,11996
31,12052
31,12063
31,12076
31,12089
31,12117
31,12120
31,12126
31,12267
31,12351
31,12372
31,12406
31,12435
31,12446
31,12476
31,12495
31,12501
31,12528
31,12544
31,12559
31,12592
31,12602
31,12603
31,12662
31,12687
31,12690
31,12712
31,12716
31,12724
31,12800
31,12803
31,12873
31,12909
31,12939
31,12959
31,12964
31,13004
31,13047
31,13051
31,13061
31,13064
31,13088
31,13108
31,13110
31,13123
31,13127
31,13164
31,13190
31,13213
31,13220
31,13236
31,13252
31,13274
31,13279
31,13280
31,13352
31,13359
31,13382
31,13399
31,13422
31,13423
31,13439
31,13462
31,13465
31,13498
31,13526
31,13548
31,13579
31,13684
31,13688
31,13708
31,13758
31,13765
31,13804
31,13849
31,13861
31,13863
31,13868
31,13876
31,13885
31,13886
31,13947
31,13976
31,13986
31,13996
31,14045
31,14103
31,14106
31,14108
31,14120
31,14121
31,14158
31,14199
31,14203
31,14234
31,14241
31,14282
31,14344
31,14371
31,14409
31,14425
31,14442
31,14459
31,14501
31,14511
31,14517
31,14526
31,14541
31,14556
31,14558
31,14584
31,14587
31,14616
31,14671
31,14690
31,14695
31,14723
31,14772
31,14818
31,14848
31,14853
31,14866
31,14871
31,14886
31,14926
31,14952
31,14995
31,15001
31,15048
31,15064
31,15075
31,15158
31,15174
31,15205
31,15226
31,15239
31,15246
31,15256
31,15262
31,15266
31,15268
31,15346
31,15348
31,15378
31,15439
31,15473
31,15476
31,15481
31,15494
31,15511
31,15551
31,15555
31,15565
31,15575
31,15669
31,15682
31,15688
31,15689
31,15699
31,15700
31,15711
31,15733
31,15770
31,15809
31,15824
31,15829
31,15877
31,15882
31,15907
31,15911
31,15913
31,15923
31,15925
31,15935
31,15941
31,15985
31,16027
31,16111
31,16112
31,16114
31,16155
31,16160
31,16178
31,16197
31,16241
31,16262
31,16277
31,16293
31,16315
31,16321
31,16341
31,16342
31,16406
31,16421
31,16458
31,16482
31,16493
31,16498
31,16509
31,16565
31,16616
31,16627
31,16642
31,16719
31,16744
31,16756
31,16768
31,16799
31,16827
31,16855
31,16892
31,16939
31,16991
31,17023
31,17053
31,17072
31,17090
31,17114
31,17209
31,17221
31,17230
31,17295
31,17333
31,17373
31,17432
31,17467
31,17546
31,17582
31,17589
31,17617
31,17620
31,17673
31,17687
31,17697
31,17717
31,17719
31,17730
31,17749
31,17760
31,17768
31,17804
31,17821
31,17838
31,17926
31,17931
31,18013
31,18043
31,18044
31,18052
31,18059
31,18064
31,18070
31,18076
31,18093
31,18187
31,18209
31,18268
31,18274
31,18314
31,18352
31,18365
31,18375
31,18388
31,18397
31,18409
31,18422
31,18426
31,18431
31,18432
31,18437
31,18444
31,18457
31,18519
31,18549
31,18565
31,18567
31,18614
31,18639
31,18646
31,18690
31,18718
31,18755
31,18774
31,18810
31,18854
31,18875
31,18896
31,18900
31,18944
31,18954
31,18966
31,18971
31,18988
31,18990
31,18992
31,18994
31,19081
31,19097
31,19127
31,19134
31,19152
31,19172
31,19173
31,19180
31,19188
31,19218
31,19252
31,19279
31,19300
31,19328
31,19347
31,19350
31,19364
31,19375
31,19409
31,19424
31,19436
31,19456
31,19509
31,19525
31,19593
31,19607
31,19641
31,19652
31,19656
31,19680
31,19685
31,19698
31,19712
31,19723
31,19729
31,19770
31,19818
31,19836
31,19879
31,19888
31,19890
31,19900
31,19907
31,19926
31,19964
31,19968
31,19994
31,20042
31,20109
31,20137
31,20153
31,20203
31,20211
31,20248
31,20252
31,20256
31,20280
31,20281
31,20333
31,20340
31,20365
31,20378
31,20412
31,20423
31,20427
31,20451
31,20465
31,20469
31,20499
31,20509
31,20513
31,20534
31,20567
31,20592
31,20613
31,20668
31,20676
31,20695
31,20702
31,20704
31,20711
31,20728
31,20729
31,20736
31,20738
31,20744
31,20760
31,20762
31,20788
31,20809
31,20836
31,20862
31,20874
31,20875
31,20905
31,20920
31,20959
31,20974
31,20981
31,20984
31,21090
31,21158
31,21173
31,21234
31,21241
31,21247
31,21265
31,21283
31,21312
31,21322
31,21337
31,21344
31,21377
31,21380
31,21391
31,21424
31,21441
31,21475
31,21493
31,21520
31,21522
31,21529
31,21550
31,21576
31,21615
31,21626
31,21642
31,21670
31,21675
31,21679
31,21691
31,21709
31,21723
31,21754
31,21780
31,21814
31,21824
31,21831
31,21852
31,21862
31,21929
31,21941
31,21960
31,21967
31,21974
31,22023
31,22031
31,22032
31,22037
31,22046
31,22061
31,22079
31,22092
31,22094
31,22116
31,22136
31,22184
31,22207
31,22208
31,22257
31,22264
31,22268
31,22307
31,22311
31,22319
31,22322
31,22357
31,22386
31,22388
31,22460
31,22472
31,22484
31,22485
31,22506
31,22532
31,22534
31,22541
31,22577
31,22641
31,22660
31,22675
31,22687
31,22691
31,22725
31,22736
31,22793
31,22802
31,22824
31,22858
31,22891
31,22927
31,22963
31,22974
31,23008
31,23030
31,23057
31,23096
31,23120
31,23141
31,23176
31,23180
31,23217
31,23288
31,23328
31,23366
31,23381
31,23392
31,23420
31,23433
31,23437
31,23464
31,23476
31,23477
31,23494
31,23536
31,23549
31,23572
31,23577
31,23601
31,23635
31,23672
31,23711
31,23713
31,23724
31,23799
31,23829
31,23845
31,23869
31,23877
31,23896
31,23905
31,23906
31,23911
31,23917
31,23927
31,23941
31,23956
31,23964
31,23974
31,23981
31,24014
31,24045
31,24050
31,24056
31,24064
31,24075
31,24096
31,24108
31,24111
31,24115
31,24126
31,24130
31,24144
31,24185
31,24194
31,24241
31,24243
31,24262
31,24312
31,24314
31,24335
31,24352
31,24353
31,24442
31,24452
31,24525
31,24598
31,24697
31,24708
31,24737
31,24763
31,24795
31,24798
31,24836
31,24842
31,24848
31,24865
31,24882
31,24912
31,24921
31,24934
31,24944
31,24972
31,24980
31,24984
31,24986
31,25002
31,25023
31,25042
31,25045
31,25063
31,25097
31,25128
31,25130
31,25131
31,25134
31,25139
31,25170
31,25175
31,25197
31,25202
31,25230
31,25257
31,25259
31,25267
31,25280
31,25282
31,25307
31,25318
31,25351
31,25352
31,25381
31,25394
31,25415
31,25440
31,25461
31,25466
31,25483
31,25491
31,25497
31,25507
31,25539
31,25578
31,25579
31,25597
31,25618
31,25669
31,25684
31,25840
31,25874
31,25883
31,25915
31,25920
31,25922
31,25931
31,25942
31,25972
31,25998
31,26006
31,26037
31,26044
31,26060
31,26068
31,26076
31,26090
31,26095
31,26118
31,26129
31,26206
31,26208
31,26242
31,26243
31,26285
31,26331
31,26359
31,26416
31,26455
31,26456
31,26459
31,26462
31,26476
31,26501
31,26527
31,26599
31,26607
31,26613
31,26622
31,26631
31,26637
31,26652
31,26663
31,26672
31,26688
31,26715
31,26761
31,26803
31,26822
31,26837
31,26848
31,26859
31,26897
31,26917
31,26950
31,26951
31,26964
31,26981
31,26986
31,27009
31,27037
31,27043
31,27073
31,27148
31,27171
31,27211
31,27263
31,27265
31,27272
31,27290
31,27291
31,27301
31,27305
31,27312
31,27322
31,27328
31,27447
31,27457
31,27459
31,27469
31,27497
31,27507
31,27511
31,27513
31,27521
31,27548
31,27562
31,27572
31,27576
31,27588
31,27604
31,27612
31,27617
31,27618
31,27644
31,27653
31,27673
31,27712
31,27795
31,27800
31,27802
31,27813
31,27870
31,27892
31,27898
31,27915
31,27942
31,27953
31,28008
31,28040
31,28085
31,28095
31,28103
31,28105
31,28109
31,28132
31,28156
31,28170
31,28197
31,28201
31,28229
31,28234
31,28266
31,28297
31,28300
31,28302
31,28306
31,28340
31,28378
31,28394
31,28450
31,28452
31,28459
31,28479
31,28486
31,28565
31,28637
31,28658
31,28708
31,28722
31,28779
31,28786
31,28794
31,28812
31,28827
31,28837
31,28843
31,28870
31,28872
31,28880
31,28917
31,28935
31,28957
31,28983
31,28989
31,29030
31,29036
31,29044
31,29060
31,29085
31,29157
31,29159
31,29172
31,29197
31,29245
31,29307
31,29310
31,29318
31,29355
31,29393
31,29406
31,29412
31,29416
31,29419
31,29433
31,29479
31,29486
31,29507
31,29516
31,29527
31,29536
32,55
32,68
32,77
32,87
32,102
32,118
32,160
32,161
32,198
32,211
32,220
32,237
32,268
32,269
32,278
32,284
32,294
32,299
32,304
32,313
32,339
32,358
32,366
32,374
32,398
32,401
32,418
32,426
32,435
32,446
32,448
32,488
32,499
32,509
32,549
32,572
32,607
32,616
32,618
32,646
32,651
32,655
32,777
32,791
32,794
32,802
32,846
32,879
32,882
32,894
32,895
32,908
32,914
32,925
32,938
32,957
32,971
32,984
32,997
32,1002
32,1008
32,1013
32,1104
32,1105
32,1162
32,1168
32,1169
32,1209
32,1243
32,1246
32,1275
32,1279
32,1324
32,1335
32,1400
32,1401
32,1402
32,1420
32,1426
32,1433
32,1435
32,1440
32,1460
32,1469
32,1496
32,1508
32,1509
32,1553
32,1565
32,1569
32,1593
32,1617
32,1624
32,1647
32,1661
32,1666
32,1686
32,1715
32,1721
32,1725
32,1745
32,1769
32,1800
32,1817
32,1823
32,1828
32,1863
32,1867
32,1872
32,1873
32,1890
32,1938
32,1950
32,1972
32,1985
32,2017
32,2061
32,2068
32,2083
32,2116
32,2155
32,2194
32,2207
32,2219
32,2260
32,2274
32,2283
32,2291
32,2300
32,2303
32,2329
32,2334
32,2336
32,2358
32,2362
32,2403
32,2441
32,2464
32,2539
32,2569
32,2580
32,2595
32,2624
32,2634
32,2665
32,2702
32,2710
32,2717
32,2744
32,2749
32,2759
32,2786
32,2808
32,2821
32,2839
32,2842
32,2856
32,2879
32,2894
32,2902
32,2905
32,2938
32,2943
32,2951
32,2965
32,2980
32,2995
32,3000
32,3050
32,3053
32,3057
32,3122
32,3268
32,3271
32,3317
32,3359
32,3396
32,3413
32,3428
32,3437
32,3448
32,3451
32,3457
32,3458
32,3478
32,3489
32,3509
32,3574
32,3592
32,3602
32,3624
32,3635
32,3647
32,3648
32,3686
32,3688
32,3696
32,3714
32,3725
32,3783
32,3798
32,3812
32,3815
32,3830
32,3833
32,3834
32,3836
32,3865
32,3878
32,3910
32,3953
32,3960
32,3964
32,3975
32,3990
32,3997
32,4004
32,4016
32,4063
32,4088
32,4090
32,4114
32,4134
32,4139
32,4145
32,4147
32,4163
32,4227
32,4241
32,4255
32,4263
32,4266
32,4271
32,4303
32,4314
32,4315
32,4338
32,4382
32,4386
32,4402
32,4447
32,4474
32,4480
32,4492
32,4518
32,4581
32,4588
32,4658
32,4666
32,4685
32,4708
32,4709
32,4719
32,4823
32,4829
32,4834
32,4835
32,4848
32,4915
32,4926
32,4948
32,4995
32,5020
32,5028
32,5032
32,5081
32,5090
32,5096
32,5141
32,5143
32,5169
32,5215
32,5222
32,5229
32,5232
32,5359
32,5362
32,5364
32,5374
32,5401
32,5410
32,5415
32,5417
32,5444
32,5451
32,5499
32,5512
32,5571
32,5582
32,5596
32,5624
32,5755
32,5769
32,5800
32,5804
32,5880
32,5881
32,5953
32,5988
32,5994
32,5995
32,5996
32,6023
32,6030
32,6051
32,6064
32,6103
32,6117
32,6120
32,6130
32,6160
32,6173
32,6191
32,6208
32,6217
32,6227
32,6284
32,6368
32,6448
32,6451
32,6504
32,6522
32,6527
32,6580
32,6637
32,6669
32,6678
32,6679
32,6705
32,6706
32,6713
32,6724
32,6786
32,6789
32,6845
32,6910
32,6912
32,6959
32,6961
32,6974
32,6984
32,7003
32,7023
32,7025
32,7043
32,7073
32,7088
32,7106
32,7107
32,7215
32,7236
32,7293
32,7337
32,7343
32,7377
32,7386
32,7390
32,7391
32,7439
32,7461
32,7466
32,7470
32,7474
32,7504
32,7525
32,7539
32,7550
32,7583
32,7637
32,7639
32,7648
32,7658
32,7711
32,7713
32,7744
32,7753
32,7756
32,7776
32,7778
32,7788
32,7791
32,7824
32,7829
32,7845
32,7848
32,7863
32,7865
32,7880
32,7893
32,7894
32,7945
32,7948
32,7950
32,7958
32,7961
32,7969
32,8000
32,8027
32,8049
32,8059
32,8062
32,8065
32,8072
32,8109
32,8115
32,8141
32,8163
32,8272
32,8333
32,8391
32,8400
32,8413
32,8441
32,8457
32,8516
32,8536
32,8546
32,8548
32,8553
32,8602
32,8606
32,8627
32,8654
32,8663
32,8664
32,8678
32,8712
32,8721
32,8726
32,8758
32,8844
32,8846
32,8859
32,8880
32,8885
32,8919
32,8928
32,8961
32,8969
32,8984
32,8988
32,9035
32,9041
32,9061
32,9079
32,9093
32,9134
32,9141
32,9143
32,9169
32,9179
32,9180
32,9201
32,9205
32,9221
32,9243
32,9265
32,9273
32,9290
32,9296
32,9304
32,9310
32,9326
32,9327
32,9335
32,9337
32,9367
32,9404
32,9434
32,9493
32,9496
32,9499
32,9609
32,9677
32,9704
32,9728
32,9730
32,9739
32,9758
32,9811
32,9824
32,9855
32,9877
32,9897
32,9905
32,9954
32,10002
32,10014
32,10043
32,10045
32,10059
32,10063
32,10073
32,10077
32,10109
32,10121
32,10159
32,10178
32,10206
32,10214
32,10259
32,10306
32,10335
32,10360
32,10403
32,10407
32,10414
32,10437
32,10453
32,10462
32,10496
32,10513
32,10519
32,10574
32,10576
32,10666
32,10689
32,10696
32,10727
32,10756
32,10775
32,10777
32,10814
32,10841
32,10897
32,10905
32,10932
32,11033
32,11060
32,11077
32,11080
32,11159
32,11177
32,11232
32,11238
32,11314
32,11323
32,11354
32,11409
32,11412
32,11437
32,11456
32,11469
32,11475
32,11531
32,11583
32,11637
32,11640
32,11654
32,11670
32,11674
32,11683
32,11692
32,11702
32,11765
32,11770
32,11830
32,11834
32,11844
32,11886
32,11930
32,11941
32,11955
32,11973
32,11997
32,11998
32,12030
32,12031
32,12043
32,12053
32,12058
32,12073
32,12079
32,12088
32,12108
32,12143
32,12177
32,12189
32,12219
32,12227
32,12239
32,12313
32,12314
32,12325
32,12341
32,12381
32,12435
32,12441
32,12447
32,12481
32,12489
32,12504
32,12558
32,12615
32,12616
32,12644
32,12645
32,12656
32,12670
32,12725
32,12750
32,12752
32,12757
32,12784
32,12802
32,12815
32,12829
32,12853
32,12880
32,12892
32,12897
32,12947
32,12975
32,12985
32,12993
32,13064
32,13078
32,13086
32,13087
32,13100
32,13105
32,13186
32,13197
32,13271
32,13301
32,13345
32,13354
32,13368
32,13422
32,13442
32,13471
32,13482
32,13483
32,13501
32,13540
32,13564
32,13585
32,13596
32,13690
32,13692
32,13704
32,13715
32,13756
32,13769
32,13814
32,13819
32,13829
32,13835
32,13891
32,13893
32,13938
32,13987
32,14000
32,14012
32,14018
32,14026
32,14038
32,14061
32,14066
32,14116
32,14118
32,14131
32,14140
32,14152
32,14158
32,14159
32,14164
32,14172
32,14194
32,14223
32,14267
32,14315
32,14328
32,14334
32,14351
32,14414
32,14429
32,14485
32,14498
32,14576
32,14578
32,14631
32,14636
32,14641
32,14675
32,14687
32,14699
32,14710
32,14750
32,14788
32,14805
32,14887
32,14922
32,14940
32,14942
32,14955
32,14985
32,15009
32,15046
32,15051
32,15069
32,15088
32,15092
32,15093
32,15106
32,15148
32,15161
32,15168
32,15174
32,15177
32,15249
32,15262
32,15274
32,15279
32,15285
32,15291
32,15292
32,15336
32,15344
32,15402
32,15419
32,15421
32,15439
32,15474
32,15518
32,15534
32,15539
32,15560
32,15591
32,15596
32,15606
32,15627
32,15635
32,15713
32,15739
32,15756
32,15768
32,15781
32,15803
32,15853
32,15894
32,15955
32,15974
32,16071
32,16099
32,16136
32,16138
32,16157
32,16175
32,16181
32,16191
32,16195
32,16225
32,16243
32,16250
32,16288
32,16323
32,16325
32,16344
32,16348
32,16376
32,16401
32,16413
32,16432
32,16446
32,16462
32,16470
32,16510
32,16518
32,16537
32,16539
32,16549
32,16555
32,16564
32,16579
32,16611
32,16620
32,16698
32,16720
32,16721
32,16763
32,16774
32,16784
32,16787
32,16828
32,16839
32,16945
32,16973
32,17010
32,17086
32,17127
32,17132
32,17143
32,17168
32,17172
32,17207
32,17223
32,17235
32,17258
32,17259
32,17341
32,17359
32,17378
32,17496
32,17540
32,17554
32,17565
32,17570
32,17576
32,17578
32,17588
32,17619
32,17629
32,17637
32,17709
32,17744
32,17773
32,17784
32,17786
32,17813
32,17830
32,17851
32,17905
32,17911
32,17917
32,17920
32,17938
32,17948
32,17964
32,18052
32,18055
32,18079
32,18152
32,18197
32,18224
32,18246
32,18266
32,18344
32,18357
32,18494
32,18519
32,18567
32,18583
32,18642
32,18670
32,18677
32,18710
32,18722
32,18731
32,18755
32,18804
32,18818
32,18865
32,18867
32,18870
32,18877
32,18888
32,18910
32,18911
32,18921
32,18935
32,18941
32,18961
32,18973
32,18988
32,19005
32,19021
32,19031
32,19038
32,19048
32,19092
32,19111
32,19141
32,19172
32,19210
32,19214
32,19216
32,19231
32,19254
32,19303
32,19330
32,19332
32,19335
32,19349
32,19372
32,19396
32,19406
32,19435
32,19446
32,19455
32,19464
32,19480
32,19496
32,19506
32,19535
32,19563
32,19601
32,19620
32,19625
32,19637
32,19670
32,19695
32,19753
32,19825
32,19842
32,19906
32,19928
32,19938
32,20026
32,20034
32,20101
32,20163
32,20166
32,20201
32,20211
32,20228
32,20243
32,20244
32,20353
32,20387
32,20392
32,20425
32,20445
32,20452
32,20458
32,20489
32,20496
32,20505
32,20515
32,20540
32,20596
32,20605
32,20638
32,20692
32,20699
32,20704
32,20713
32,20718
32,20732
32,20733
32,20758
32,20804
32,20821
32,20850
32,20862
32,20876
32,20877
32,20902
32,20906
32,20912
32,20965
32,20991
32,21007
32,21028
32,21049
32,21070
32,21087
32,21109
32,21146
32,21159
32,21173
32,21247
32,21258
32,21285
32,21327
32,21331
32,21352
32,21368
32,21370
32,21388
32,21391
32,21429
32,21484
32,21505
32,21512
32,21513
32,21519
32,21588
32,21601
32,21622
32,21627
32,21654
32,21663
32,21671
32,21695
32,21754
32,21782
32,21785
32,21794
32,21811
32,21826
32,21827
32,21828
32,21919
32,21926
32,21942
32,21976
32,21994
32,22004
32,22045
32,22061
32,22094
32,22129
32,22177
32,22192
32,22210
32,22249
32,22259
32,22287
32,22343
32,22452
32,22475
32,22561
32,22568
32,22570
32,22575
32,22581
32,22617
32,22622
32,22665
32,22693
32,22698
32,22775
32,22787
32,22790
32,22796
32,22800
32,22805
32,22827
32,22835
32,22860
32,22870
32,22885
32,22963
32,22998
32,23001
32,23008
32,23010
32,23028
32,23047
32,23085
32,23117
32,23128
32,23143
32,23146
32,23164
32,23168
32,23170
32,23199
32,23200
32,23243
32,23350
32,23394
32,23450
32,23472
32,23486
32,23491
32,23501
32,23514
32,23570
32,23578
32,23591
32,23596
32,23607
32,23633
32,23639
32,23648
32,23685
32,23707
32,23728
32,23762
32,23767
32,23770
32,23794
32,23800
32,23816
32,23820
32,23823
32,23825
32,23837
32,23845
32,23863
32,23903
32,23913
32,23943
32,23960
32,23998
32,24001
32,24012
32,24014
32,24063
32,24097
32,24121
32,24122
32,24145
32,24155
32,24161
32,24175
32,24178
32,24182
32,24191
32,24213
32,24218
32,24259
32,24298
32,24350
32,24429
32,24432
32,24433
32,24441
32,24457
32,24461
32,24473
32,24479
32,24493
32,24519
32,24552
32,24564
32,24576
32,24619
32,24646
32,24665
32,24718
32,24762
32,24804
32,24826
32,24837
32,24845
32,24932
32,24953
32,24959
32,24974
32,25009
32,25015
32,25053
32,25120
32,25125
32,25153
32,25173
32,25174
32,25224
32,25262
32,25274
32,25321
32,25331
32,25344
32,25390
32,25405
32,25409
32,25447
32,25462
32,25464
32,25466
32,25472
32,25483
32,25487
32,25544
32,25556
32,25569
32,25578
32,25596
32,25619
32,25644
32,25665
32,25736
32,25788
32,25801
32,25802
32,25814
32,25837
32,25877
32,25906
32,25913
32,25915
32,25927
32,25929
32,25930
32,25941
32,25965
32,25989
32,26021
32,26036
32,26098
32,26102
32,26110
32,26136
32,26167
32,26202
32,26206
32,26253
32,26270
32,26313
32,26314
32,26341
32,26353
32,26377
32,26449
32,26461
32,26466
32,26507
32,26535
32,26563
32,26616
32,26622
32,26632
32,26638
32,26649
32,26660
32,26718
32,26723
32,26740
32,26745
32,26755
32,26768
32,26769
32,26803
32,26814
32,26817
32,26844
32,26845
32,26865
32,26869
32,26873
32,26881
32,26931
32,26943
32,26952
32,26957
32,26965
32,26973
32,27050
32,27076
32,27088
32,27144
32,27157
32,27180
32,27194
32,27244
32,27303
32,27305
32,27341
32,27393
32,27401
32,27408
32,27422
32,27550
32,27572
32,27575
32,27585
32,27592
32,27611
32,27646
32,27709
32,27729
32,27737
32,27739
32,27742
32,27748
32,27758
32,27765
32,27769
32,27775
32,27778
32,27796
32,27802
32,27814
32,27836
32,27860
32,27879
32,27889
32,27900
32,27906
32,27943
32,27975
32,27990
32,28035
32,28038
32,28056
32,28107
32,28109
32,28139
32,28157
32,28164
32,28175
32,28199
32,28200
32,28254
32,28284
32,28304
32,28325
32,28445
32,28449
32,28453
32,28518
32,28521
32,28572
32,28588
32,28597
32,28612
32,28623
32,28654
32,28656
32,28686
32,28688
32,28701
32,28760
32,28771
32,28801
32,28833
32,28877
32,28884
32,28892
32,28909
32,28913
32,28922
32,28923
32,28924
32,28951
32,28975
32,28981
32,28983
32,29032
32,29086
32,29094
32,29127
32,29135
32,29143
32,29196
32,29202
32,29203
32,29204
32,29294
32,29296
32,29347
32,29360
32,29406
32,29413
32,29420
32,29459
32,29467
32,29488
32,29502
32,29536
32,29553
33,2
33,26
33,46
33,52
33,70
33,82
33,92
33,129
33,184
33,192
33,221
33,222
33,223
33,238
33,250
33,279
33,307
33,328
33,344
33,368
33,396
33,411
33,417
33,464
33,469
33,479
33,572
33,588
33,591
33,602
33,629
33,646
33,723
33,743
33,757
33,758
33,766
33,785
33,857
33,878
33,884
33,890
33,898
33,904
33,913
33,929
33,945
33,947
33,974
33,993
33,1021
33,1025
33,1077
33,1082
33,1094
33,1172
33,1177
33,1199
33,1211
33,1238
33,1270
33,1271
33,1299
33,1303
33,1371
33,1373
33,1374
33,1378
33,1389
33,1418
33,1422
33,1488
33,1491
33,1538
33,1550
33,1558
33,1569
33,1588
33,1600
33,1616
33,1624
33,1626
33,1649
33,1663
33,1678
33,1700
33,1746
33,1749
33,1763
33,1776
33,1781
33,1819
33,1858
33,1924
33,1928
33,1943
33,1957
33,1971
33,1978
33,2031
33,2116
33,2139
33,2183
33,2210
33,2216
33,2219
33,2254
33,2261
33,2262
33,2267
33,2281
33,2324
33,2331
33,2347
33,2356
33,2359
33,2385
33,2391
33,2397
33,2405
33,2407
33,2438
33,2489
33,2500
33,2512
33,2524
33,2528
33,2537
33,2558
33,2588
33,2600
33,2640
33,2665
33,2695
33,2702
33,2706
33,2712
33,2714
33,2786
33,2808
33,2840
33,2876
33,2958
33,2971
33,2977
33,2983
33,2991
33,2992
33,2993
33,3011
33,3064
33,3073
33,3099
33,3127
33,3141
33,3144
33,3173
33,3190
33,3197
33,3221
33,3229
33,3291
33,3319
33,3320
33,3345
33,3357
33,3372
33,3380
33,3401
33,3468
33,3501
33,3520
33,3523
33,3527
33,3594
33,3649
33,3673
33,3675
33,3705
33,3744
33,3830
33,3844
33,3846
33,3881
33,3887
33,3919
33,3921
33,3935
33,3943
33,3962
33,3963
33,3971
33,3986
33,4052
33,4070
33,4085
33,4091
33,4169
33,4178
33,4197
33,4222
33,4237
33,4245
33,4258
33,4272
33,4278
33,4294
33,4301
33,4310
33,4311
33,4314
33,4354
33,4410
33,4414
33,4430
33,4444
33,4482
33,4511
33,4520
33,4546
33,4569
33,4576
33,4602
33,4610
33,4612
33,4618
33,4676
33,4711
33,4712
33,4719
33,4728
33,4734
33,4739
33,4754
33,4758
33,4771
33,4821
33,4865
33,4899
33,4903
33,4906
33,4923
33,4952
33,4962
33,4967
33,4970
33,4985
33,5013
33,5044
33,5092
33,5120
33,5130
33,5131
33,5146
33,5173
33,5180
33,5182
33,5235
33,5238
33,5258
33,5286
33,5288
33,5297
33,5320
33,5327
33,5343
33,5377
33,5379
33,5407
33,5418
33,5419
33,5432
33,5437
33,5442
33,5472
33,5476
33,5478
33,5479
33,5523
33,5571
33,5597
33,5599
33,5637
33,5642
33,5667
33,5734
33,5863
33,5890
33,5929
33,5960
33,5969
33,5979
33,5992
33,6000
33,6017
33,6045
33,6069
33,6078
33,6106
33,6162
33,6233
33,6239
33,6264
33,6265
33,6279
33,6294
33,6298
33,6320
33,6324
33,6377
33,6424
33,6429
33,6434
33,6442
33,6447
33,6448
33,6451
33,6465
33,6475
33,6476
33,6503
33,6506
33,6533
33,6536
33,6549
33,6655
33,6691
33,6703
33,6718
33,6720
33,6728
33,6762
33,6771
33,6789
33,6840
33,6858
33,6876
33,6877
33,6881
33,6889
33,6909
33,6938
33,6942
33,6946
33,7024
33,7070
33,7090
33,7098
33,7143
33,7163
33,7185
33,7191
33,7192
33,7204
33,7205
33,7226
33,7228
33,7232
33,7261
33,7263
33,7271
33,7278
33,7288
33,7330
33,7342
33,7362
33,7364
33,7369
33,7391
33,7414
33,7438
33,7484
33,7489
33,7525
33,7536
33,7537
33,7568
33,7571
33,7574
33,7695
33,7699
33,7716
33,7719
33,7762
33,7803
33,7817
33,7843
33,7849
33,7862
33,7864
33,7873
33,7878
33,7891
33,7903
33,7910
33,7913
33,7920
33,7955
33,7974
33,7982
33,8007
33,8026
33,8032
33,8050
33,8063
33,8075
33,8093
33,8128
33,8153
33,8171
33,8174
33,8226
33,8228
33,8234
33,8247
33,8270
33,8301
33,8303
33,8307
33,8350
33,8356
33,8397
33,8425
33,8480
33,8485
33,8523
33,8537
33,8561
33,8589
33,8594
33,8616
33,8622
33,8646
33,8710
33,8727
33,8765
33,8791
33,8864
33,8873
33,8909
33,8924
33,8929
33,8947
33,8981
33,8990
33,9025
33,9038
33,9045
33,9082
33,9102
33,9105
33,9107
33,9130
33,9150
33,9151
33,9157
33,9159
33,9168
33,9189
33,9207
33,9237
33,9245
33,9266
33,9301
33,9330
33,9343
33,9347
33,9349
33,9373
33,9389
33,9408
33,9423
33,9441
33,9485
33,9501
33,9504
33,9513
33,9552
33,9555
33,9568
33,9574
33,9583
33,9589
33,9614
33,9652
33,9661
33,9702
33,9723
33,9726
33,9742
33,9799
33,9821
33,9829
33,9844
33,9850
33,9852
33,9863
33,9866
33,9868
33,9895
33,9924
33,9948
33,9970
33,9985
33,10037
33,10060
33,10113
33,10139
33,10157
33,10181
33,10194
33,10202
33,10222
33,10229
33,10236
33,10239
33,10247
33,10259
33,10266
33,10319
33,10327
33,10341
33,10375
33,10385
33,10397
33,10400
33,10401
33,10419
33,10476
33,10481
33,10486
33,10545
33,10547
33,10573
33,10574
33,10579
33,10629
33,10633
33,10654
33,10663
33,10761
33,10767
33,10797
33,10803
33,10824
33,10828
33,10830
33,10864
33,10966
33,10969
33,10993
33,11063
33,11070
33,11124
33,11129
33,11165
33,11179
33,11188
33,11211
33,11216
33,11219
33,11228
33,11269
33,11330
33,11364
33,11388
33,11397
33,11398
33,11401
33,11410
33,11419
33,11434
33,11438
33,11456
33,11466
33,11487
33,11496
33,11510
33,11534
33,11535
33,11545
33,11548
33,11558
33,11568
33,11593
33,11608
33,11617
33,11663
33,11680
33,11682
33,11701
33,11738
33,11768
33,11807
33,11839
33,11858
33,11891
33,11899
33,11903
33,11952
33,12037
33,12041
33,12045
33,12071
33,12079
33,12090
33,12097
33,12099
33,12104
33,12123
33,12149
33,12165
33,12226
33,12292
33,12295
33,12320
33,12333
33,12341
33,12351
33,12352
33,12356
33,12378
33,12406
33,12408
33,12417
33,12433
33,12435
33,12467
33,12475
33,12533
33,12551
33,12552
33,12572
33,12581
33,12606
33,12632
33,12646
33,12657
33,12668
33,12710
33,12716
33,12761
33,12810
33,12840
33,12863
33,12870
33,12873
33,12902
33,12932
33,12948
33,12951
33,12954
33,12973
33,13040
33,13059
33,13062
33,13090
33,13151
33,13153
33,13186
33,13239
33,13244
33,13250
33,13284
33,13306
33,13307
33,13322
33,13353
33,13356
33,13372
33,13373
33,13385
33,13392
33,13396
33,13434
33,13445
33,13451
33,13454
33,13460
33,13525
33,13590
33,13624
33,13636
33,13637
33,13690
33,13756
33,13773
33,13840
33,13850
33,13876
33,13902
33,13930
33,13942
33,13958
33,13973
33,13986
33,14039
33,14084
33,14122
33,14124
33,14158
33,14182
33,14212
33,14227
33,14247
33,14249
33,14263
33,14269
33,14287
33,14288
33,14296
33,14341
33,14353
33,14420
33,14523
33,14528
33,14534
33,14574
33,14597
33,14599
33,14619
33,14632
33,14641
33,14652
33,14689
33,14702
33,14713
33,14721
33,14735
33,14762
33,14770
33,14794
33,14805
33,14809
33,14810
33,14815
33,14817
33,14844
33,14879
33,14915
33,15021
33,15104
33,15119
33,15134
33,15135
33,15173
33,15217
33,15259
33,15320
33,15363
33,15392
33,15426
33,15445
33,15451
33,15452
33,15458
33,15475
33,15492
33,15493
33,15499
33,15512
33,15525
33,15545
33,15566
33,15570
33,15625
33,15631
33,15650
33,15653
33,15663
33,15714
33,15780
33,15786
33,15794
33,15795
33,15805
33,15821
33,15834
33,15856
33,15857
33,15861
33,15902
33,15922
33,15936
33,15954
33,15959
33,15975
33,15992
33,16013
33,16052
33,16062
33,16072
33,16099
33,16140
33,16164
33,16201
33,16238
33,16282
33,16313
33,16389
33,16406
33,16415
33,16422
33,16430
33,16434
33,16436
33,16443
33,16452
33,16470
33,16472
33,16479
33,16487
33,16489
33,16501
33,16503
33,16531
33,16555
33,16568
33,16570
33,16601
33,16629
33,16660
33,16672
33,16675
33,16678
33,16688
33,16695
33,16699
33,16734
33,16755
33,16782
33,16814
33,16831
33,16835
33,16846
33,16853
33,16866
33,16877
33,16884
33,16932
33,16934
33,16961
33,17017
33,17044
33,17063
33,17066
33,17117
33,17136
33,17185
33,17203
33,17224
33,17255
33,17259
33,17285
33,17286
33,17289
33,17386
33,17409
33,17414
33,17434
33,17441
33,17455
33,17481
33,17508
33,17565
33,17586
33,17600
33,17680
33,17689
33,17713
33,17728
33,17756
33,17786
33,17791
33,17806
33,17870
33,17928
33,17977
33,17989
33,18018
33,18033
33,18046
33,18049
33,18101
33,18108
33,18124
33,18129
33,18168
33,18183
33,18271
33,18320
33,18337
33,18363
33,18384
33,18385
33,18386
33,18436
33,18449
33,18469
33,18474
33,18476
33,18507
33,18514
33,18570
33,18579
33,18591
33,18595
33,18604
33,18606
33,18622
33,18637
33,18645
33,18661
33,18682
33,18699
33,18722
33,18743
33,18749
33,18777
33,18778
33,18802
33,18804
33,18841
33,18855
33,18864
33,18880
33,18896
33,18903
33,18938
33,18988
33,18993
33,19028
33,19058
33,19079
33,19137
33,19164
33,19206
33,19245
33,19256
33,19281
33,19285
33,19297
33,19329
33,19334
33,19351
33,19382
33,19395
33,19412
33,19427
33,19432
33,19440
33,19447
33,19462
33,19476
33,19488
33,19508
33,19522
33,19544
33,19545
33,19548
33,19555
33,19581
33,19665
33,19673
33,19684
33,19711
33,19750
33,19779
33,19796
33,19879
33,19951
33,19999
33,20022
33,20031
33,20073
33,20100
33,20102
33,20120
33,20124
33,20161
33,20194
33,20203
33,20212
33,20283
33,20290
33,20306
33,20350
33,20365
33,20417
33,20418
33,20435
33,20439
33,20470
33,20475
33,20480
33,20485
33,20506
33,20511
33,20530
33,20555
33,20579
33,20590
33,20592
33,20619
33,20621
33,20623
33,20649
33,20702
33,20735
33,20744
33,20824
33,20844
33,20868
33,20879
33,20931
33,21025
33,21029
33,21088
33,21096
33,21113
33,21115
33,21123
33,21176
33,21198
33,21205
33,21222
33,21226
33,21271
33,21285
33,21292
33,21295
33,21321
33,21350
33,21365
33,21373
33,21398
33,21419
33,21450
33,21461
33,21469
33,21474
33,21549
33,21556
33,21577
33,21625
33,21661
33,21671
33,21682
33,21715
33,21854
33,21861
33,21881
33,21882
33,21891
33,21914
33,21920
33,21961
33,21963
33,22003
33,22024
33,22063
33,22090
33,22103
33,22130
33,22139
33,22143
33,22156
33,22162
33,22169
33,22177
33,22192
33,22214
33,22239
33,22250
33,22262
33,22263
33,22302
33,22304
33,22320
33,22331
33,22345
33,22349
33,22355
33,22390
33,22412
33,22425
33,22434
33,22452
33,22488
33,22522
33,22538
33,22540
33,22561
33,22565
33,22624
33,22689
33,22693
33,22744
33,22757
33,22765
33,22799
33,22839
33,22840
33,22857
33,22860
33,22894
33,22994
33,23017
33,23021
33,23025
33,23027
33,23034
33,23037
33,23068
33,23096
33,23101
33,23105
33,23107
33,23113
33,23119
33,23126
33,23159
33,23177
33,23178
33,23184
33,23215
33,23232
33,23291
33,23313
33,23320
33,23324
33,23338
33,23377
33,23379
33,23384
33,23395
33,23404
33,23414
33,23442
33,23444
33,23460
33,23487
33,23494
33,23520
33,23534
33,23568
33,23580
33,23584
33,23624
33,23627
33,23654
33,23666
33,23673
33,23730
33,23745
33,23786
33,23791
33,23820
33,23828
33,23836
33,23839
33,23883
33,23947
33,23977
33,23979
33,23991
33,24046
33,24072
33,24095
33,24104
33,24127
33,24167
33,24173
33,24228
33,24229
33,24235
33,24246
33,24277
33,24285
33,24304
33,24361
33,24365
33,24369
33,24377
33,24452
33,24454
33,24455
33,24485
33,24490
33,24496
33,24528
33,24530
33,24533
33,24570
33,24581
33,24657
33,24658
33,24688
33,24707
33,24767
33,24818
33,24843
33,24862
33,24895
33,24908
33,24928
33,24941
33,24965
33,25022
33,25092
33,25124
33,25151
33,25188
33,25209
33,25256
33,25260
33,25296
33,25306
33,25318
33,25320
33,25327
33,25330
33,25367
33,25451
33,25462
33,25486
33,25508
33,25514
33,25536
33,25538
33,25548
33,25619
33,25687
33,25716
33,25719
33,25724
33,25749
33,25750
33,25812
33,25824
33,25841
33,25847
33,25862
33,25867
33,25875
33,25889
33,25901
33,25917
33,25921
33,25931
33,25965
33,25997
33,26012
33,26044
33,26048
33,26053
33,26079
33,26086
33,26091
33,26109
33,26110
33,26132
33,26154
33,26169
33,26172
33,26187
33,26254
33,26255
33,26274
33,26282
33,26285
33,26294
33,26313
33,26319
33,26340
33,26359
33,26444
33,26452
33,26473
33,26493
33,26506
33,26521
33,26527
33,26529
33,26536
33,26550
33,26568
33,26579
33,26620
33,26644
33,26651
33,26657
33,26667
33,26694
33,26707
33,26727
33,26735
33,26781
33,26804
33,26817
33,26825
33,26864
33,26906
33,26913
33,26932
33,26975
33,27026
33,27041
33,27117
33,27146
33,27148
33,27150
33,27187
33,27194
33,27207
33,27237
33,27240
33,27247
33,27265
33,27295
33,27297
33,27306
33,27319
33,27339
33,27344
33,27349
33,27375
33,27417
33,27452
33,27472
33,27482
33,27494
33,27506
33,27529
33,27542
33,27580
33,27600
33,27603
33,27606
33,27616
33,27630
33,27634
33,27645
33,27675
33,27678
33,27732
33,27745
33,27754
33,27791
33,27843
33,27845
33,27850
33,27868
33,27872
33,27949
33,27972
33,27975
33,27990
33,28059
33,28060
33,28071
33,28079
33,28098
33,28146
33,28184
33,28290
33,28302
33,28375
33,28384
33,28405
33,28408
33,28418
33,28432
33,28454
33,28488
33,28514
33,28515
33,28519
33,28552
33,28581
33,28587
33,28607
33,28615
33,28628
33,28660
33,28665
33,28669
33,28674
33,28690
33,28695
33,28701
33,28704
33,28709
33,28739
33,28748
33,28756
33,28768
33,28810
33,28827
33,28865
33,28904
33,28919
33,28920
33,28956
33,28993
33,29056
33,29076
33,29098
33,29119
33,29134
33,29138
33,29163
33,29174
33,29192
33,29203
33,29224
33,29237
33,29260
33,29274
33,29306
33,29314
33,29347
33,29372
33,29382
33,29397
33,29411
33,29413
33,29414
33,29441
33,29459
33,29512
33,29520
33,29525
33,29555
34,22
34,63
34,80
34,98
34,154
34,164
34,261
34,281
34,284
34,324
34,337
34,355
34,376
34,396
34,415
34,458
34,467
34,473
34,491
34,511
34,559
34,572
34,639
34,691
34,700
34,710
34,724
34,730
34,746
34,758
34,772
34,839
34,863
34,883
34,922
34,928
34,952
34,962
34,970
34,1067
34,1072
34,1080
34,1092
34,1150
34,1156
34,1162
34,1170
34,1173
34,1194
34,1202
34,1203
34,1205
34,1211
34,1234
34,1244
34,1270
34,1289
34,1292
34,1305
34,1366
34,1379
34,1401
34,1431
34,1446
34,1465
34,1468
34,1493
34,1499
34,1554
34,1573
34,1585
34,1586
34,1606
34,1625
34,1637
34,1674
34,1682
34,1708
34,1711
34,1722
34,1798
34,1832
34,1835
34,1885
34,1901
34,1911
34,2004
34,2010
34,2049
34,2116
34,2121
34,2134
34,2144
34,2177
34,2213
34,2253
34,2265
34,2300
34,2317
34,2325
34,2327
34,2382
34,2383
34,2459
34,2466
34,2477
34,2478
34,2483
34,2518
34,2520
34,2521
34,2535
34,2552
34,2556
34,2570
34,2585
34,2605
34,2626
34,2642
34,2645
34,2700
34,2721
34,2740
34,2766
34,2778
34,2787
34,2799
34,2817
34,2823
34,2835
34,2878
34,2919
34,2969
34,2974
34,2984
34,2993
34,2995
34,3010
34,3043
34,3056
34,3086
34,3097
34,3125
34,3158
34,3167
34,3194
34,3207
34,3211
34,3223
34,3227
34,3268
34,3269
34,3277
34,3301
34,3333
34,3391
34,3397
34,3418
34,3465
34,3473
34,3476
34,3522
34,3536
34,3539
34,3562
34,3621
34,3663
34,3668
34,3677
34,3683
34,3760
34,3812
34,3815
34,3834
34,3850
34,3866
34,3889
34,3912
34,3924
34,3943
34,3970
34,3982
34,4017
34,4035
34,4042
34,4059
34,4068
34,4085
34,4104
34,4131
34,4132
34,4148
34,4152
34,4153
34,4155
34,4156
34,4182
34,4185
34,4190
34,4218
34,4259
34,4267
34,4292
34,4298
34,4300
34,4306
34,4307
34,4339
34,4371
34,4383
34,4396
34,4413
34,4425
34,4473
34,4503
34,4532
34,4536
34,4546
34,4634
34,4642
34,4732
34,4785
34,4825
34,4836
34,4865
34,4867
34,4872
34,4904
34,4908
34,4961
34,4974
34,4976
34,4987
34,5078
34,5081
34,5082
34,5083
34,5085
34,5086
34,5089
34,5091
34,5095
34,5142
34,5176
34,5200
34,5248
34,5255
34,5273
34,5323
34,5359
34,5379
34,5381
34,5401
34,5439
34,5496
34,5509
34,5512
34,5526
34,5539
34,5553
34,5554
34,5571
34,5592
34,5600
34,5604
34,5608
34,5622
34,5638
34,5662
34,5683
34,5694
34,5701
34,5753
34,5758
34,5798
34,5802
34,5833
34,5889
34,5907
34,5949
34,5953
34,5970
34,5986
34,5989
34,5991
34,5997
34,6009
34,6025
34,6030
34,6053
34,6055
34,6156
34,6163
34,6167
34,6177
34,6181
34,6209
34,6228
34,6265
34,6291
34,6307
34,6342
34,6355
34,6363
34,6369
34,6374
34,6388
34,6416
34,6475
34,6524
34,6526
34,6527
34,6572
34,6596
34,6626
34,6639
34,6675
34,6741
34,6745
34,6776
34,6789
34,6792
34,6816
34,6822
34,6853
34,6930
34,6932
34,6944
34,6959
34,6966
34,7034
34,7064
34,7094
34,7126
34,7139
34,7146
34,7150
34,7161
34,7188
34,7192
34,7229
34,7237
34,7252
34,7291
34,7320
34,7361
34,7387
34,7389
34,7440
34,7442
34,7484
34,7580
34,7590
34,7594
34,7615
34,7624
34,7646
34,7692
34,7696
34,7698
34,7708
34,7727
34,7744
34,7756
34,7780
34,7810
34,7814
34,7849
34,7932
34,7951
34,7966
34,7972
34,7980
34,7988
34,7989
34,8087
34,8102
34,8118
34,8128
34,8181
34,8208
34,8222
34,8224
34,8285
34,8297
34,8315
34,8349
34,8350
34,8366
34,8373
34,8375
34,8511
34,8542
34,8569
34,8580
34,8589
34,8613
34,8626
34,8696
34,8785
34,8795
34,8796
34,8811
34,8839
34,8843
34,8854
34,8859
34,8877
34,8940
34,8953
34,8978
34,8983
34,9029
34,9049
34,9066
34,9089
34,9112
34,9155
34,9158
34,9161
34,9199
34,9207
34,9209
34,9212
34,9217
34,9230
34,9250
34,9282
34,9316
34,9363
34,9376
34,9410
34,9421
34,9424
34,9476
34,9490
34,9507
34,9565
34,9589
34,9616
34,9617
34,9629
34,9644
34,9654
34,9677
34,9766
34,9774
34,9779
34,9822
34,9841
34,9889
34,9898
34,9908
34,9932
34,9940
34,9973
34,10019
34,10026
34,10046
34,10054
34,10061
34,10117
34,10143
34,10160
34,10162
34,10171
34,10186
34,10245
34,10290
34,10302
34,10309
34,10322
34,10356
34,10360
34,10365
34,10373
34,10392
34,10399
34,10406
34,10413
34,10438
34,10441
34,10456
34,10473
34,10474
34,10505
34,10516
34,10523
34,10548
34,10552
34,10578
34,10588
34,10628
34,10649
34,10686
34,10687
34,10732
34,10736
34,10753
34,10783
34,10807
34,10817
34,10838
34,10854
34,10878
34,10899
34,10959
34,10971
34,10982
34,11010
34,11015
34,11079
34,11105
34,11113
34,11124
34,11145
34,11155
34,11227
34,11260
34,11268
34,11279
34,11316
34,11332
34,11385
34,11403
34,11423
34,11429
34,11487
34,11507
34,11508
34,11523
34,11561
34,11575
34,11587
34,11622
34,11664
34,11689
34,11704
34,11706
34,11730
34,11747
34,11835
34,11851
34,11866
34,11900
34,11905
34,11924
34,11927
34,11955
34,11996
34,12000
34,12058
34,12070
34,12071
34,12087
34,12217
34,12246
34,12250
34,12277
34,12283
34,12396
34,12406
34,12409
34,12426
34,12456
34,12542
34,12551
34,12595
34,12664
34,12676
34,12698
34,12703
34,12721
34,12796
34,12801
34,12809
34,12874
34,12875
34,12882
34,12912
34,12914
34,12979
34,12998
34,13012
34,13019
34,13021
34,13081
34,13136
34,13139
34,13143
34,13157
34,13159
34,13193
34,13198
34,13220
34,13224
34,13239
34,13270
34,13273
34,13288
34,13306
34,13317
34,13327
34,13366
34,13433
34,13480
34,13485
34,13501
34,13511
34,13540
34,13597
34,13611
34,13614
34,13634
34,13651
34,13718
34,13747
34,13750
34,13786
34,13788
34,13824
34,13826
34,13848
34,13864
34,13881
34,13899
34,13928
34,13933
34,13935
34,13949
34,13951
34,13976
34,13996
34,14031
34,14057
34,14073
34,14109
34,14150
34,14177
34,14207
34,14233
34,14267
34,14276
34,14283
34,14376
34,14393
34,14450
34,14491
34,14542
34,14584
34,14650
34,14666
34,14669
34,14677
34,14686
34,14722
34,14757
34,14802
34,14812
34,14822
34,14842
34,14889
34,14961
34,14968
34,14982
34,15027
34,15053
34,15067
34,15082
34,15084
34,15087
34,15133
34,15135
34,15155
34,15158
34,15166
34,15175
34,15225
34,15245
34,15292
34,15313
34,15328
34,15355
34,15357
34,15361
34,15401
34,15434
34,15441
34,15443
34,15466
34,15487
34,15507
34,15509
34,15520
34,15558
34,15560
34,15576
34,15581
34,15582
34,15583
34,15592
34,15608
34,15619
34,15641
34,15696
34,15701
34,15704
34,15709
34,15728
34,15733
34,15744
34,15763
34,15768
34,15777
34,15788
34,15793
34,15819
34,15861
34,15871
34,15919
34,15950
34,15979
34,16023
34,16054
34,16066
34,16074
34,16075
34,16077
34,16092
34,16118
34,16121
34,16132
34,16160
34,16227
34,16235
34,16306
34,16376
34,16393
34,16414
34,16417
34,16424
34,16431
34,16443
34,16457
34,16472
34,16493
34,16505
34,16519
34,16586
34,16594
34,16639
34,16672
34,16700
34,16702
34,16748
34,16750
34,16766
34,16769
34,16770
34,16797
34,16817
34,16861
34,16868
34,16916
34,16917
34,16931
34,16966
34,16976
34,17002
34,17007
34,17032
34,17044
34,17046
34,17051
34,17065
34,17185
34,17201
34,17202
34,17225
34,17226
34,17237
34,17238
34,17291
34,17332
34,17336
34,17370
34,17414
34,17442
34,17449
34,17480
34,17495
34,17525
34,17536
34,17542
34,17556
34,17563
34,17564
34,17573
34,17579
34,17592
34,17664
34,17669
34,17679
34,17681
34,17684
34,17724
34,17813
34,17829
34,17836
34,17845
34,17889
34,17892
34,17968
34,18013
34,18014
34,18018
34,18025
34,18070
34,18104
34,18143
34,18165
34,18185
34,18190
34,18195
34,18222
34,18262
34,18264
34,18269
34,18304
34,18312
34,18387
34,18395
34,18432
34,18445
34,18446
34,18457
34,18487
34,18499
34,18504
34,18520
34,18523
34,18590
34,18632
34,18658
34,18728
34,18734
34,18735
34,18742
34,18815
34,18835
34,18874
34,18906
34,18921
34,18935
34,18966
34,19015
34,19034
34,19051
34,19054
34,19091
34,19105
34,19128
34,19141
34,19166
34,19202
34,19207
34,19235
34,19252
34,19271
34,19273
34,19316
34,19363
34,19376
34,19389
34,19406
34,19433
34,19449
34,19457
34,19468
34,19522
34,19544
34,19549
34,19577
34,19630
34,19702
34,19704
34,19724
34,19725
34,19739
34,19746
34,19760
34,19764
34,19789
34,19801
34,19802
34,19810
34,19815
34,19893
34,19903
34,20038
34,20051
34,20061
34,20093
34,20103
34,20164
34,20185
34,20189
34,20206
34,20223
34,20230
34,20239
34,20256
34,20262
34,20264
34,20295
34,20338
34,20346
34,20361
34,20377
34,20383
34,20384
34,20388
34,20404
34,20413
34,20424
34,20458
34,20470
34,20475
34,20491
34,20498
34,20509
34,20515
34,20521
34,20588
34,20615
34,20619
34,20627
34,20653
34,20679
34,20702
34,20766
34,20782
34,20789
34,20823
34,20877
34,20912
34,20947
34,20950
34,20953
34,20970
34,20975
34,21016
34,21035
34,21073
34,21080
34,21116
34,21124
34,21129
34,21164
34,21189
34,21220
34,21223
34,21232
34,21275
34,21286
34,21308
34,21314
34,21337
34,21352
34,21372
34,21451
34,21497
34,21561
34,21565
34,21586
34,21631
34,21659
34,21662
34,21664
34,21670
34,21685
34,21696
34,21697
34,21705
34,21723
34,21743
34,21747
34,21763
34,21765
34,21787
34,21800
34,21822
34,21842
34,21858
34,21861
34,21886
34,21900
34,21911
34,21928
34,22004
34,22049
34,22070
34,22107
34,22115
34,22136
34,22159
34,22162
34,22176
34,22177
34,22201
34,22231
34,22250
34,22275
34,22293
34,22314
34,22348
34,22362
34,22379
34,22388
34,22393
34,22398
34,22409
34,22445
34,22487
34,22553
34,22570
34,22583
34,22605
34,22612
34,22636
34,22660
34,22712
34,22716
34,22722
34,22776
34,22782
34,22802
34,22805
34,22842
34,22846
34,22891
34,22918
34,22926
34,22935
34,22946
34,23031
34,23043
34,23045
34,23084
34,23210
34,23219
34,23241
34,23263
34,23299
34,23308
34,23313
34,23317
34,23334
34,23360
34,23366
34,23370
34,23372
34,23376
34,23425
34,23426
34,23450
34,23460
34,23466
34,23472
34,23495
34,23503
34,23580
34,23591
34,23620
34,23659
34,23673
34,23733
34,23757
34,23766
34,23786
34,23796
34,23814
34,23818
34,23878
34,23905
34,23918
34,23941
34,23952
34,23971
34,23981
34,23990
34,23994
34,23995
34,23999
34,24028
34,24071
34,24080
34,24099
34,24103
34,24109
34,24159
34,24162
34,24254
34,24281
34,24282
34,24342
34,24352
34,24354
34,24360
34,24380
34,24396
34,24411
34,24412
34,24425
34,24445
34,24455
34,24456
34,24488
34,24518
34,24532
34,24538
34,24545
34,24555
34,24560
34,24596
34,24604
34,24637
34,24704
34,24741
34,24790
34,24813
34,24832
34,24840
34,24847
34,24851
34,24869
34,24919
34,24926
34,24943
34,24954
34,24959
34,24977
34,25020
34,25023
34,25034
34,25038
34,25141
34,25148
34,25162
34,25215
34,25242
34,25247
34,25285
34,25307
34,25315
34,25331
34,25345
34,25393
34,25415
34,25517
34,25580
34,25585
34,25613
34,25632
34,25635
34,25638
34,25661
34,25662
34,25724
34,25797
34,25804
34,25826
34,25835
34,25846
34,25852
34,25856
34,25863
34,25885
34,25895
34,25910
34,25914
34,25929
34,25945
34,25949
34,26042
34,26046
34,26067
34,26105
34,26106
34,26117
34,26167
34,26170
34,26199
34,26219
34,26230
34,26242
34,26244
34,26271
34,26315
34,26334
34,26346
34,26378
34,26389
34,26438
34,26462
34,26464
34,26465
34,26467
34,26518
34,26522
34,26524
34,26541
34,26555
34,26565
34,26585
34,26604
34,26624
34,26654
34,26660
34,26683
34,26694
34,26713
34,26720
34,26723
34,26731
34,26738
34,26763
34,26790
34,26811
34,26874
34,26882
34,26901
34,27006
34,27037
34,27078
34,27166
34,27180
34,27250
34,27265
34,27269
34,27296
34,27305
34,27313
34,27319
34,27320
34,27344
34,27356
34,27357
34,27358
34,27374
34,27392
34,27407
34,27421
34,27431
34,27436
34,27443
34,27489
34,27500
34,27543
34,27572
34,27597
34,27598
34,27607
34,27609
34,27613
34,27698
34,27741
34,27743
34,27750
34,27753
34,27766
34,27773
34,27778
34,27786
34,27809
34,27819
34,27834
34,27851
34,27854
34,27866
34,27871
34,27872
34,27885
34,27890
34,27920
34,27948
34,27984
34,27986
34,27997
34,28009
34,28010
34,28024
34,28038
34,28042
34,28048
34,28065
34,28086
34,28098
34,28102
34,28160
34,28161
34,28164
34,28169
34,28193
34,28201
34,28207
34,28257
34,28264
34,28287
34,28311
34,28316
34,28318
34,28372
34,28385
34,28391
34,28396
34,28432
34,28436
34,28440
34,28495
34,28529
34,28647
34,28669
34,28678
34,28715
34,28737
34,28790
34,28797
34,28811
34,28823
34,28894
34,28925
34,28941
34,28947
34,28953
34,29041
34,29063
34,29086
34,29109
34,29128
34,29137
34,29161
34,29176
34,29191
34,29201
34,29243
34,29246
34,29257
34,29258
34,29280
34,29287
34,29289
34,29298
34,29308
34,29394
34,29426
34,29430
34,29439
34,29447
34,29469
34,29493
34,29514
34,29519
34,29563
35,9
35,47
35,59
35,60
35,70
35,79
35,96
35,117
35,160
35,170
35,207
35,220
35,229
35,271
35,299
35,306
35,315
35,319
35,328
35,366
35,368
35,441
35,457
35,459
35,462
35,476
35,513
35,536
35,542
35,575
35,579
35,591
35,595
35,596
35,620
35,627
35,642
35,649
35,664
35,717
35,719
35,727
35,783
35,832
35,842
35,844
35,853
35,858
35,870
35,887
35,891
35,897
35,920
35,955
35,956
35,1018
35,1019
35,1082
35,1083
35,1176
35,1181
35,1259
35,1276
35,1282
35,1308
35,1329
35,1342
35,1423
35,1453
35,1464
35,1466
35,1571
35,1586
35,1598
35,1617
35,1628
35,1635
35,1647
35,1675
35,1708
35,1710
35,1736
35,1744
35,1746
35,1784
35,1799
35,1804
35,1808
35,1838
35,1856
35,1898
35,1912
35,1936
35,1956
35,1968
35,1971
35,1974
35,2010
35,2028
35,2048
35,2084
35,2087
35,2102
35,2109
35,2131
35,2141
35,2149
35,2158
35,2175
35,2205
35,2218
35,2223
35,2275
35,2323
35,2326
35,2348
35,2356
35,2370
35,2374
35,2386
35,2399
35,2461
35,2469
35,2479
35,2487
35,2491
35,2493
35,2501
35,2509
35,2536
35,2637
35,2718
35,2739
35,2756
35,2806
35,2824
35,2829
35,2915
35,2930
35,2935
35,2940
35,2953
35,2963
35,3011
35,3018
35,3028
35,3081
35,3101
35,3110
35,3117
35,3118
35,3122
35,3127
35,3129
35,3135
35,3144
35,3179
35,3184
35,3219
35,3258
35,3271
35,3280
35,3296
35,3309
35,3315
35,3340
35,3346
35,3347
35,3348
35,3382
35,3400
35,3411
35,3415
35,3416
35,3438
35,3451
35,3501
35,3535
35,3581
35,3602
35,3657
35,3658
35,3663
35,3668
35,3704
35,3722
35,3741
35,3743
35,3747
35,3767
35,3786
35,3794
35,3804
35,3827
35,3850
35,3860
35,3869
35,3871
35,3880
35,3881
35,3907
35,3925
35,3935
35,3984
35,3987
35,4028
35,4056
35,4069
35,4104
35,4114
35,4122
35,4146
35,4171
35,4217
35,4221
35,4223
35,4226
35,4265
35,4275
35,4277
35,4288
35,4339
35,4365
35,4374
35,4381
35,4396
35,4414
35,4428
35,4439
35,4445
35,4453
35,4471
35,4503
35,4513
35,4572
35,4588
35,4600
35,4664
35,4681
35,4693
35,4694
35,4731
35,4775
35,4785
35,4786
35,4810
35,4818
35,4849
35,4864
35,4868
35,4898
35,4899
35,4903
35,4909
35,4910
35,4930
35,4932
35,4947
35,4950
35,4982
35,4988
35,5020
35,5032
35,5045
35,5052
35,5054
35,5057
35,5081
35,5089
35,5098
35,5102
35,5111
35,5112
35,5120
35,5131
35,5154
35,5207
35,5211
35,5229
35,5242
35,5250
35,5260
35,5265
35,5314
35,5315
35,5338
35,5349
35,5364
35,5372
35,5418
35,5423
35,5429
35,5445
35,5451
35,5470
35,5493
35,5499
35,5539
35,5564
35,5573
35,5579
35,5600
35,5627
35,5633
35,5636
35,5701
35,5717
35,5788
35,5816
35,5834
35,5849
35,5877
35,5922
35,5962
35,5963
35,5987
35,6065
35,6079
35,6089
35,6092
35,6098
35,6099
35,6109
35,6128
35,6173
35,6181
35,6205
35,6206
35,6232
35,6233
35,6264
35,6275
35,6279
35,6332
35,6341
35,6371
35,6472
35,6522
35,6542
35,6555
35,6575
35,6603
35,6620
35,6622
35,6623
35,6630
35,6635
35,6658
35,6688
35,6689
35,6732
35,6773
35,6786
35,6812
35,6838
35,6901
35,6923
35,6925
35,6946
35,6949
35,7001
35,7008
35,7025
35,7047
35,7048
35,7059
35,7063
35,7095
35,7120
35,7132
35,7135
35,7144
35,7150
35,7179
35,7211
35,7250
35,7284
35,7294
35,7297
35,7307
35,7318
35,7335
35,7340
35,7404
35,7412
35,7414
35,7418
35,7444
35,7462
35,7485
35,7538
35,7542
35,7561
35,7565
35,7573
35,7586
35,7587
35,7596
35,7618
35,7625
35,7644
35,7680
35,7685
35,7757
35,7776
35,7789
35,7793
35,7876
35,7915
35,7933
35,7964
35,7974
35,7979
35,8002
35,8009
35,8012
35,8030
35,8076
35,8112
35,8113
35,8162
35,8165
35,8171
35,8184
35,8204
35,8207
35,8217
35,8233
35,8251
35,8263
35,8280
35,8333
35,8336
35,8343
35,8346
35,8355
35,8407
35,8432
35,8443
35,8452
35,8465
35,8480
35,8488
35,8499
35,8543
35,8552
35,8555
35,8560
35,8561
35,8607
35,8656
35,8662
35,8677
35,8696
35,8732
35,8776
35,8826
35,8841
35,8871
35,8886
35,8906
35,8921
35,8935
35,8939
35,8957
35,8962
35,8964
35,8969
35,9062
35,9100
35,9116
35,9129
35,9192
35,9200
35,9234
35,9273
35,9332
35,9339
35,9343
35,9365
35,9409
35,9416
35,9483
35,9500
35,9538
35,9540
35,9556
35,9603
35,9649
35,9661
35,9707
35,9708
35,9710
35,9727
35,9751
35,9772
35,9778
35,9781
35,9785
35,9840
35,9865
35,9886
35,9926
35,9927
35,9963
35,9964
35,9974
35,9986
35,10015
35,10045
35,10063
35,10066
35,10101
35,10102
35,10107
35,10122
35,10127
35,10133
35,10159
35,10189
35,10262
35,10266
35,10292
35,10296
35,10298
35,10308
35,10318
35,10322
35,10329
35,10355
35,10368
35,10388
35,10433
35,10455
35,10493
35,10534
35,10562
35,10597
35,10604
35,10618
35,10645
35,10647
35,10669
35,10715
35,10732
35,10737
35,10751
35,10774
35,10798
35,10822
35,10842
35,10864
35,10875
35,10876
35,10915
35,10931
35,10940
35,10987
35,10997
35,11038
35,11049
35,11091
35,11102
35,11117
35,11165
35,11168
35,11187
35,11205
35,11210
35,11226
35,11230
35,11241
35,11246
35,11250
35,11267
35,11299
35,11316
35,11323
35,11324
35,11335
35,11373
35,11378
35,11390
35,11394
35,11412
35,11416
35,11447
35,11451
35,11502
35,11531
35,11548
35,11551
35,11564
35,11576
35,11578
35,11579
35,11580
35,11607
35,11621
35,11633
35,11662
35,11753
35,11755
35,11794
35,11931
35,11946
35,11947
35,11961
35,11970
35,11979
35,11996
35,12002
35,12052
35,12055
35,12061
35,12094
35,12136
35,12140
35,12153
35,12185
35,12192
35,12208
35,12234
35,12252
35,12254
35,12267
35,12268
35,12310
35,12335
35,12343
35,12381
35,12448
35,12509
35,12521
35,12581
35,12611
35,12613
35,12631
35,12633
35,12672
35,12677
35,12694
35,12696
35,12753
35,12754
35,12762
35,12765
35,12775
35,12819
35,12902
35,12920
35,13002
35,13065
35,13069
35,13076
35,13093
35,13095
35,13234
35,13245
35,13263
35,13266
35,13271
35,13307
35,13316
35,13362
35,13367
35,13374
35,13424
35,13466
35,13470
35,13484
35,13488
35,13541
35,13560
35,13561
35,13564
35,13587
35,13632
35,13656
35,13659
35,13697
35,13713
35,13735
35,13795
35,13807
35,13822
35,13828
35,13837
35,13890
35,13909
35,13915
35,13986
35,14030
35,14057
35,14081
35,14102
35,14154
35,14181
35,14216
35,14219
35,14256
35,14296
35,14301
35,14313
35,14385
35,14413
35,14418
35,14429
35,14450
35,14471
35,14485
35,14514
35,14535
35,14568
35,14603
35,14631
35,14641
35,14702
35,14710
35,14728
35,14735
35,14739
35,14755
35,14784
35,14792
35,14827
35,14845
35,14855
35,14864
35,14874
35,14908
35,14918
35,14953
35,14982
35,15001
35,15007
35,15022
35,15024
35,15069
35,15072
35,15137
35,15190
35,15197
35,15215
35,15340
35,15351
35,15377
35,15429
35,15435
35,15444
35,15447
35,15449
35,15451
35,15466
35,15488
35,15490
35,15503
35,15507
35,15523
35,15524
35,15538
35,15545
35,15581
35,15601
35,15609
35,15637
35,15745
35,15752
35,15781
35,15784
35,15803
35,15804
35,15824
35,15833
35,15840
35,15871
35,15883
35,15894
35,15905
35,15929
35,15933
35,15942
35,15956
35,15966
35,15967
35,15973
35,15984
35,16000
35,16001
35,16004
35,16012
35,16015
35,16047
35,16111
35,16143
35,16151
35,16159
35,16176
35,16179
35,16193
35,16248
35,16259
35,16261
35,16315
35,16392
35,16457
35,16482
35,16484
35,16505
35,16582
35,16680
35,16695
35,16703
35,16730
35,16750
35,16758
35,16760
35,16787
35,16789
35,16842
35,16886
35,16898
35,16899
35,16925
35,16943
35,16946
35,16982
35,16984
35,17048
35,17073
35,17088
35,17091
35,17111
35,17112
35,17131
35,17200
35,17209
35,17279
35,17299
35,17319
35,17360
35,17410
35,17442
35,17449
35,17476
35,17477
35,17487
35,17499
35,17529
35,17574
35,17576
35,17586
35,17620
35,17664
35,17697
35,17716
35,17742
35,17757
35,17762
35,17786
35,17791
35,17792
35,17823
35,17857
35,17917
35,17933
35,17941
35,17958
35,17993
35,18015
35,18021
35,18050
35,18053
35,18095
35,18139
35,18145
35,18151
35,18153
35,18157
35,18167
35,18190
35,18204
35,18222
35,18249
35,18261
35,18303
35,18344
35,18345
35,18366
35,18386
35,18398
35,18404
35,18414
35,18416
35,18420
35,18436
35,18438
35,18542
35,18549
35,18550
35,18562
35,18563
35,18591
35,18594
35,18608
35,18625
35,18632
35,18693
35,18716
35,18717
35,18730
35,18813
35,18852
35,18854
35,18864
35,18869
35,18930
35,18931
35,18970
35,18998
35,18999
35,19003
35,19017
35,19045
35,19059
35,19082
35,19085
35,19115
35,19138
35,19163
35,19169
35,19187
35,19198
35,19214
35,19235
35,19248
35,19270
35,19309
35,19380
35,19387
35,19413
35,19432
35,19450
35,19461
35,19485
35,19503
35,19538
35,19549
35,19571
35,19572
35,19573
35,19582
35,19604
35,19612
35,19646
35,19655
35,19678
35,19705
35,19710
35,19717
35,19730
35,19742
35,19745
35,19749
35,19792
35,19810
35,19813
35,19843
35,19844
35,19852
35,19857
35,19861
35,19892
35,19930
35,19940
35,19954
35,19987
35,20006
35,20025
35,20041
35,20080
35,20105
35,20138
35,20141
35,20172
35,20176
35,20189
35,20194
35,20217
35,20237
35,20242
35,20263
35,20275
35,20319
35,20346
35,20573
35,20625
35,20672
35,20674
35,20680
35,20683
35,20707
35,20713
35,20733
35,20813
35,20839
35,20842
35,20881
35,20913
35,20933
35,20934
35,20939
35,20944
35,20945
35,20950
35,20998
35,21012
35,21021
35,21024
35,21026
35,21154
35,21178
35,21191
35,21238
35,21287
35,21317
35,21328
35,21342
35,21405
35,21442
35,21443
35,21451
35,21465
35,21471
35,21485
35,21529
35,21531
35,21555
35,21557
35,21609
35,21618
35,21663
35,21664
35,21710
35,21723
35,21727
35,21781
35,21793
35,21794
35,21845
35,21870
35,21884
35,21895
35,21997
35,22017
35,22061
35,22078
35,22088
35,22094
35,22132
35,22144
35,22196
35,22197
35,22212
35,22242
35,22244
35,22247
35,22281
35,22284
35,22288
35,22319
35,22325
35,22347
35,22369
35,22383
35,22384
35,22393
35,22396
35,22412
35,22434
35,22436
35,22458
35,22481
35,22503
35,22553
35,22574
35,22580
35,22583
35,22593
35,22598
35,22604
35,22616
35,22650
35,22656
35,22702
35,22703
35,22710
35,22711
35,22715
35,22727
35,22738
35,22748
35,22789
35,22880
35,22900
35,22908
35,22956
35,22985
35,23082
35,23084
35,23097
35,23111
35,23158
35,23167
35,23174
35,23259
35,23274
35,23280
35,23293
35,23326
35,23356
35,23366
35,23404
35,23441
35,23460
35,23462
35,23482
35,23490
35,23496
35,23619
35,23626
35,23631
35,23644
35,23660
35,23707
35,23724
35,23732
35,23759
35,23809
35,23871
35,23951
35,23952
35,23970
35,23988
35,23995
35,24006
35,24025
35,24031
35,24034
35,24043
35,24044
35,24102
35,24103
35,24128
35,24200
35,24218
35,24221
35,24257
35,24264
35,24274
35,24334
35,24336
35,24365
35,24370
35,24372
35,24414
35,24460
35,24498
35,24528
35,24558
35,24564
35,24575
35,24601
35,24614
35,24630
35,24658
35,24664
35,24685
35,24693
35,24711
35,24716
35,24717
35,24722
35,24725
35,24758
35,24789
35,24801
35,24810
35,24811
35,24829
35,24854
35,24871
35,24882
35,24888
35,24919
35,24931
35,24993
35,25012
35,25017
35,25036
35,25070
35,25112
35,25130
35,25164
35,25209
35,25215
35,25220
35,25229
35,25233
35,25236
35,25280
35,25286
35,25304
35,25346
35,25367
35,25405
35,25428
35,25435
35,25461
35,25472
35,25535
35,25553
35,25580
35,25598
35,25622
35,25649
35,25659
35,25661
35,25671
35,25688
35,25814
35,25824
35,25825
35,25851
35,25874
35,25881
35,25884
35,25902
35,25932
35,25935
35,25957
35,26022
35,26058
35,26060
35,26067
35,26096
35,26127
35,26134
35,26164
35,26165
35,26201
35,26244
35,26253
35,26267
35,26274
35,26287
35,26330
35,26349
35,26361
35,26368
35,26378
35,26380
35,26385
35,26414
35,26432
35,26458
35,26485
35,26515
35,26531
35,26573
35,26584
35,26587
35,26606
35,26621
35,26629
35,26659
35,26665
35,26668
35,26677
35,26680
35,26699
35,26732
35,26747
35,26768
35,26800
35,26801
35,26845
35,26861
35,26868
35,26880
35,26891
35,26912
35,26955
35,26971
35,26975
35,27067
35,27079
35,27095
35,27123
35,27164
35,27179
35,27192
35,27194
35,27195
35,27219
35,27225
35,27249
35,27328
35,27341
35,27378
35,27419
35,27436
35,27440
35,27456
35,27463
35,27488
35,27491
35,27511
35,27518
35,27528
35,27568
35,27583
35,27586
35,27615
35,27713
35,27733
35,27771
35,27787
35,27801
35,27819
35,27835
35,27856
35,27875
35,27931
35,27937
35,27941
35,28007
35,28073
35,28075
35,28081
35,28089
35,28136
35,28180
35,28196
35,28209
35,28232
35,28237
35,28248
35,28250
35,28254
35,28266
35,28278
35,28308
35,28319
35,28322
35,28342
35,28359
35,28402
35,28414
35,28415
35,28430
35,28503
35,28506
35,28537
35,28649
35,28665
35,28708
35,28713
35,28717
35,28730
35,28746
35,28748
35,28797
35,28822
35,28825
35,28851
35,28859
35,28872
35,28875
35,28877
35,28888
35,28900
35,28910
35,28933
35,28938
35,28963
35,29011
35,29025
35,29031
35,29044
35,29065
35,29128
35,29139
35,29144
35,29177
35,29185
35,29191
35,29192
35,29208
35,29209
35,29210
35,29223
35,29237
35,29261
35,29288
35,29296
35,29402
35,29444
35,29449
35,29475
35,29480
35,29497
35,29502
35,29505
35,29509
35,29546
36,3
36,13
36,35
36,42
36,44
36,66
36,71
36,101
36,122
36,186
36,221
36,253
36,254
36,255
36,268
36,271
36,284
36,285
36,290
36,297
36,359
36,362
36,376
36,381
36,428
36,432
36,440
36,469
36,480
36,498
36,516
36,525
36,532
36,561
36,576
36,590
36,613
36,675
36,694
36,719
36,754
36,761
36,799
36,814
36,826
36,849
36,885
36,895
36,904
36,934
36,949
36,965
36,974
36,1009
36,1011
36,1019
36,1060
36,1096
36,1128
36,1149
36,1154
36,1166
36,1206
36,1207
36,1220
36,1229
36,1260
36,1296
36,1313
36,1358
36,1388
36,1392
36,1422
36,1435
36,1437
36,1457
36,1467
36,1487
36,1516
36,1574
36,1602
36,1648
36,1681
36,1696
36,1729
36,1739
36,1785
36,1806
36,1836
36,1868
36,1897
36,1906
36,1907
36,1909
36,1931
36,1948
36,1974
36,1997
36,2009
36,2018
36,2028
36,2034
36,2035
36,2038
36,2102
36,2109
36,2112
36,2128
36,2167
36,2238
36,2241
36,2248
36,2267
36,2268
36,2289
36,2307
36,2316
36,2328
36,2335
36,2337
36,2364
36,2372
36,2466
36,2469
36,2477
36,2584
36,2609
36,2612
36,2616
36,2644
36,2665
36,2666
36,2675
36,2676
36,2686
36,2708
36,2718
36,2743
36,2749
36,2752
36,2759
36,2760
36,2765
36,2786
36,2792
36,2794
36,2803
36,2818
36,2833
36,2856
36,2869
36,2884
36,2897
36,2906
36,2957
36,3009
36,3038
36,3050
36,3113
36,3124
36,3140
36,3156
36,3162
36,3176
36,3203
36,3238
36,3246
36,3249
36,3260
36,3268
36,3300
36,3310
36,3323
36,3334
36,3361
36,3372
36,3379
36,3382
36,3387
36,3394
36,3403
36,3414
36,3445
36,3463
36,3505
36,3521
36,3523
36,3524
36,3527
36,3537
36,3543
36,3556
36,3565
36,3579
36,3627
36,3653
36,3658
36,3782
36,3808
36,3823
36,3826
36,3827
36,3878
36,3880
36,3902
36,3914
36,3930
36,4000
36,4017
36,4057
36,4089
36,4132
36,4160
36,4163
36,4218
36,4251
36,4268
36,4311
36,4314
36,4319
36,4331
36,4367
36,4371
36,4409
36,4411
36,4463
36,4476
36,4484
36,4519
36,4532
36,4581
36,4585
36,4591
36,4605
36,4609
36,4616
36,4633
36,4634
36,4705
36,4714
36,4725
36,4742
36,4753
36,4781
36,4793
36,4795
36,4800
36,4803
36,4851
36,4859
36,4872
36,4946
36,4957
36,4958
36,4959
36,4989
36,5019
36,5038
36,5044
36,5057
36,5070
36,5075
36,5098
36,5123
36,5126
36,5129
36,5163
36,5222
36,5229
36,5235
36,5246
36,5267
36,5277
36,5287
36,5294
36,5306
36,5414
36,5427
36,5473
36,5481
36,5486
36,5495
36,5496
36,5526
36,5531
36,5567
36,5574
36,5586
36,5624
36,5666
36,5740
36,5742
36,5743
36,5749
36,5765
36,5767
36,5795
36,5801
36,5818
36,5838
36,5844
36,5847
36,5871
36,5882
36,5889
36,5948
36,5972
36,5977
36,5979
36,6022
36,6047
36,6097
36,6113
36,6125
36,6131
36,6155
36,6172
36,6180
36,6227
36,6251
36,6318
36,6319
36,6331
36,6379
36,6459
36,6460
36,6473
36,6487
36,6497
36,6508
36,6512
36,6515
36,6527
36,6535
36,6554
36,6574
36,6576
36,6591
36,6603
36,6613
36,6625
36,6647
36,6650
36,6685
36,6697
36,6698
36,6716
36,6754
36,6796
36,6808
36,6828
36,6831
36,6840
36,6872
36,6882
36,6891
36,6926
36,6944
36,7006
36,7036
36,7037
36,7070
36,7084
36,7147
36,7151
36,7175
36,7182
36,7191
36,7195
36,7197
36,7210
36,7217
36,7247
36,7317
36,7334
36,7360
36,7377
36,7406
36,7419
36,7422
36,7464
36,7465
36,7581
36,7582
36,7584
36,7585
36,7594
36,7664
36,7699
36,7750
36,7777
36,7787
36,7799
36,7802
36,7809
36,7816
36,7834
36,7941
36,7951
36,7993
36,8010
36,8017
36,8025
36,8031
36,8057
36,8075
36,8088
36,8095
36,8131
36,8149
36,8161
36,8253
36,8267
36,8346
36,8371
36,8372
36,8379
36,8380
36,8396
36,8417
36,8418
36,8423
36,8436
36,8437
36,8453
36,8493
36,8522
36,8536
36,8537
36,8548
36,8554
36,8557
36,8561
36,8594
36,8599
36,8642
36,8690
36,8693
36,8698
36,8771
36,8783
36,8801
36,8821
36,8838
36,8852
36,8863
36,8889
36,8897
36,8912
36,8964
36,8967
36,9010
36,9021
36,9042
36,9080
36,9101
36,9112
36,9135
36,9166
36,9254
36,9258
36,9260
36,9276
36,9277
36,9281
36,9314
36,9323
36,9363
36,9365
36,9395
36,9397
36,9433
36,9438
36,9460
36,9495
36,9499
36,9516
36,9531
36,9584
36,9605
36,9607
36,9623
36,9637
36,9642
36,9669
36,9717
36,9772
36,9775
36,9782
36,9786
36,9815
36,9818
36,9827
36,9831
36,9838
36,9840
36,9848
36,9854
36,9862
36,9886
36,9890
36,9892
36,9902
36,9953
36,9958
36,9976
36,9992
36,10046
36,10060
36,10070
36,10082
36,10125
36,10133
36,10142
36,10151
36,10173
36,10188
36,10214
36,10240
36,10246
36,10260
36,10268
36,10271
36,10349
36,10350
36,10356
36,10360
36,10396
36,10417
36,10442
36,10446
36,10493
36,10510
36,10521
36,10554
36,10562
36,10569
36,10586
36,10589
36,10604
36,10632
36,10635
36,10640
36,10641
36,10644
36,10646
36,10664
36,10666
36,10672
36,10675
36,10708
36,10721
36,10740
36,10756
36,10768
36,10775
36,10792
36,10795
36,10840
36,10901
36,10962
36,10967
36,10996
36,11045
36,11047
36,11048
36,11057
36,11063
36,11072
36,11079
36,11155
36,11156
36,11164
36,11200
36,11243
36,11270
36,11276
36,11278
36,11282
36,11297
36,11301
36,11306
36,11329
36,11343
36,11344
36,11364
36,11372
36,11408
36,11437
36,11470
36,11485
36,11539
36,11546
36,11552
36,11566
36,11567
36,11572
36,11615
36,11663
36,11714
36,11716
36,11752
36,11764
36,11769
36,11772
36,11775
36,11804
36,11808
36,11838
36,11871
36,11885
36,11908
36,11940
36,11945
36,11952
36,11976
36,11985
36,11993
36,11995
36,12007
36,12023
36,12025
36,12045
36,12097
36,12129
36,12133
36,12139
36,12145
36,12177
36,12207
36,12215
36,12219
36,12223
36,12232
36,12252
36,12326
36,12356
36,12360
36,12426
36,12433
36,12445
36,12447
36,12498
36,12552
36,12558
36,12580
36,12590
36,12595
36,12624
36,12637
36,12643
36,12652
36,12679
36,12686
36,12701
36,12708
36,12725
36,12738
36,12743
36,12753
36,12799
36,12826
36,12907
36,12952
36,12964
36,12999
36,13011
36,13033
36,13036
36,13039
36,13043
36,13103
36,13164
36,13183
36,13229
36,13243
36,13264
36,13281
36,13284
36,13287
36,13288
36,13308
36,13323
36,13328
36,13362
36,13371
36,13386
36,13387
36,13391
36,13399
36,13403
36,13427
36,13431
36,13437
36,13463
36,13484
36,13497
36,13499
36,13513
36,13519
36,13557
36,13610
36,13624
36,13634
36,13637
36,13651
36,13658
36,13662
36,13669
36,13699
36,13701
36,13714
36,13718
36,13720
36,13792
36,13796
36,13802
36,13803
36,13836
36,13846
36,13877
36,13880
36,13888
36,13897
36,13920
36,13938
36,13990
36,14023
36,14025
36,14035
36,14050
36,14054
36,14074
36,14094
36,14145
36,14159
36,14165
36,14219
36,14229
36,14248
36,14289
36,14324
36,14347
36,14382
36,14432
36,14469
36,14496
36,14506
36,14528
36,14538
36,14555
36,14556
36,14564
36,14574
36,14575
36,14579
36,14658
36,14664
36,14665
36,14673
36,14711
36,14714
36,14743
36,14762
36,14789
36,14792
36,14802
36,14810
36,14847
36,14851
36,14852
36,14858
36,14870
36,14874
36,14897
36,14901
36,14974
36,14976
36,14994
36,15043
36,15044
36,15060
36,15090
36,15105
36,15133
36,15169
36,15188
36,15196
36,15232
36,15234
36,15281
36,15310
36,15327
36,15332
36,15339
36,15359
36,15364
36,15367
36,15378
36,15397
36,15451
36,15467
36,15469
36,15489
36,15507
36,15534
36,15547
36,15593
36,15611
36,15646
36,15647
36,15652
36,15666
36,15681
36,15691
36,15693
36,15723
36,15727
36,15738
36,15821
36,15825
36,15856
36,15953
36,15981
36,15990
36,16014
36,16053
36,16058
36,16101
36,16109
36,16129
36,16133
36,16156
36,16159
36,16219
36,16228
36,16229
36,16357
36,16363
36,16366
36,16379
36,16388
36,16404
36,16429
36,16434
36,16451
36,16459
36,16470
36,16497
36,16498
36,16503
36,16512
36,16571
36,16583
36,16637
36,16642
36,16647
36,16652
36,16669
36,16709
36,16711
36,16735
36,16773
36,16822
36,16829
36,16837
36,16860
36,16870
36,16908
36,16920
36,16923
36,16934
36,16950
36,16956
36,16958
36,16964
36,16976
36,16977
36,17002
36,17048
36,17053
36,17071
36,17109
36,17143
36,17159
36,17160
36,17171
36,17175
36,17185
36,17214
36,17215
36,17219
36,17223
36,17238
36,17268
36,17285
36,17298
36,17303
36,17318
36,17357
36,17363
36,17379
36,17380
36,17402
36,17489
36,17496
36,17567
36,17607
36,17618
36,17627
36,17673
36,17678
36,17685
36,17713
36,17735
36,17787
36,17805
36,17818
36,17824
36,17841
36,17855
36,17876
36,17888
36,17895
36,17912
36,17921
36,17969
36,17971
36,17983
36,18005
36,18033
36,18072
36,18082
36,18092
36,18099
36,18134
36,18175
36,18182
36,18190
36,18194
36,18202
36,18208
36,18222
36,18224
36,18226
36,18248
36,18278
36,18406
36,18429
36,18441
36,18456
36,18501
36,18524
36,18558
36,18559
36,18593
36,18622
36,18637
36,18654
36,18662
36,18681
36,18746
36,18747
36,18835
36,18873
36,18882
36,18904
36,18945
36,19041
36,19073
36,19092
36,19104
36,19141
36,19153
36,19156
36,19237
36,19243
36,19254
36,19282
36,19292
36,19328
36,19421
36,19455
36,19493
36,19516
36,19518
36,19561
36,19580
36,19583
36,19599
36,19604
36,19616
36,19651
36,19728
36,19733
36,19745
36,19764
36,19774
36,19793
36,19813
36,19843
36,19878
36,19934
36,19958
36,19984
36,19992
36,20000
36,20021
36,20026
36,20073
36,20107
36,20148
36,20158
36,20171
36,20229
36,20246
36,20251
36,20264
36,20279
36,20282
36,20296
36,20298
36,20327
36,20328
36,20333
36,20379
36,20436
36,20448
36,20453
36,20472
36,20486
36,20506
36,20511
36,20592
36,20594
36,20607
36,20713
36,20752
36,20797
36,20827
36,20903
36,20908
36,20922
36,20923
36,20925
36,20948
36,20967
36,20969
36,21002
36,21009
36,21014
36,21063
36,21075
36,21076
36,21077
36,21106
36,21120
36,21128
36,21149
36,21170
36,21177
36,21200
36,21210
36,21236
36,21242
36,21254
36,21267
36,21308
36,21373
36,21418
36,21421
36,21430
36,21465
36,21466
36,21478
36,21483
36,21488
36,21492
36,21541
36,21542
36,21585
36,21604
36,21607
36,21615
36,21630
36,21648
36,21706
36,21724
36,21727
36,21733
36,21753
36,21787
36,21797
36,21826
36,21858
36,21880
36,21889
36,21902
36,21904
36,21929
36,21956
36,21991
36,22050
36,22059
36,22062
36,22105
36,22108
36,22110
36,22116
36,22125
36,22144
36,22165
36,22185
36,22266
36,22279
36,22327
36,22341
36,22345
36,22390
36,22402
36,22415
36,22454
36,22459
36,22486
36,22497
36,22511
36,22533
36,22544
36,22577
36,22588
36,22595
36,22601
36,22603
36,22609
36,22687
36,22709
36,22727
36,22736
36,22741
36,22751
36,22764
36,22794
36,22833
36,22845
36,22879
36,22891
36,22916
36,22926
36,22944
36,22992
36,23030
36,23042
36,23045
36,23073
36,23076
36,23078
36,23114
36,23120
36,23163
36,23172
36,23180
36,23185
36,23215
36,23232
36,23258
36,23269
36,23278
36,23299
36,23332
36,23362
36,23368
36,23399
36,23458
36,23477
36,23480
36,23487
36,23499
36,23600
36,23624
36,23647
36,23665
36,23673
36,23710
36,23714
36,23737
36,23745
36,23747
36,23752
36,23773
36,23774
36,23787
36,23813
36,23816
36,23839
36,23868
36,23943
36,24002
36,24012
36,24016
36,24022
36,24064
36,24071
36,24076
36,24101
36,24115
36,24127
36,24132
36,24134
36,24191
36,24224
36,24248
36,24263
36,24264
36,24272
36,24294
36,24299
36,24312
36,24321
36,24328
36,24331
36,24332
36,24353
36,24368
36,24429
36,24430
36,24442
36,24479
36,24485
36,24517
36,24522
36,24541
36,24584
36,24616
36,24654
36,24700
36,24722
36,24734
36,24736
36,24738
36,24747
36,24758
36,24778
36,24793
36,24808
36,24814
36,24841
36,24846
36,24886
36,24903
36,24933
36,24982
36,25025
36,25035
36,25058
36,25063
36,25076
36,25079
36,25082
36,25102
36,25146
36,25172
36,25198
36,25200
36,25206
36,25218
36,25224
36,25234
36,25254
36,25279
36,25280
36,25294
36,25318
36,25322
36,25326
36,25332
36,25343
36,25380
36,25388
36,25391
36,25394
36,25415
36,25452
36,25468
36,25469
36,25530
36,25531
36,25549
36,25551
36,25575
36,25578
36,25587
36,25601
36,25655
36,25673
36,25683
36,25728
36,25786
36,25787
36,25789
36,25825
36,25843
36,25856
36,25870
36,25892
36,25915
36,25925
36,25952
36,25956
36,25958
36,25964
36,25974
36,25988
36,26005
36,26028
36,26031
36,26043
36,26053
36,26087
36,26130
36,26156
36,26212
36,26243
36,26248
36,26288
36,26299
36,26332
36,26345
36,26389
36,26391
36,26396
36,26398
36,26400
36,26411
36,26443
36,26444
36,26453
36,26460
36,26469
36,26478
36,26479
36,26510
36,26541
36,26564
36,26621
36,26636
36,26649
36,26656
36,26679
36,26691
36,26711
36,26752
36,26755
36,26758
36,26779
36,26780
36,26783
36,26800
36,26811
36,26813
36,26815
36,26829
36,26862
36,26900
36,26904
36,26930
36,26951
36,26963
36,27000
36,27042
36,27081
36,27093
36,27100
36,27108
36,27117
36,27164
36,27177
36,27196
36,27203
36,27225
36,27264
36,27268
36,27287
36,27297
36,27321
36,27350
36,27373
36,27396
36,27445
36,27458
36,27465
36,27467
36,27474
36,27518
36,27555
36,27556
36,27562
36,27564
36,27626
36,27627
36,27628
36,27633
36,27673
36,27727
36,27749
36,27767
36,27771
36,27776
36,27854
36,27869
36,27871
36,27899
36,27924
36,27960
36,27963
36,27986
36,27998
36,28001
36,28008
36,28010
36,28033
36,28047
36,28058
36,28060
36,28062
36,28092
36,28100
36,28116
36,28139
36,28163
36,28188
36,28212
36,28245
36,28276
36,28284
36,28298
36,28351
36,28365
36,28428
36,28441
36,28451
36,28470
36,28477
36,28502
36,28509
36,28527
36,28528
36,28543
36,28557
36,28584
36,28601
36,28606
36,28612
36,28634
36,28668
36,28694
36,28723
36,28739
36,28763
36,28770
36,28774
36,28787
36,28791
36,28869
36,28895
36,28902
36,28926
36,28959
36,28988
36,29004
36,29005
36,29022
36,29056
36,29058
36,29101
36,29114
36,29128
36,29143
36,29165
36,29171
36,29176
36,29210
36,29222
36,29226
36,29263
36,29271
36,29284
36,29309
36,29311
36,29328
36,29381
36,29382
36,29396
36,29397
36,29400
36,29413
36,29424
36,29426
36,29432
36,29435
36,29455
36,29460
36,29462
36,29478
36,29506
36,29522
36,29531
36,29553
37,16
37,35
37,59
37,70
37,82
37,94
37,96
37,121
37,130
37,134
37,148
37,153
37,181
37,187
37,241
37,258
37,259
37,288
37,305
37,313
37,321
37,326
37,335
37,340
37,385
37,391
37,402
37,421
37,427
37,434
37,480
37,483
37,489
37,495
37,524
37,556
37,558
37,561
37,567
37,578
37,603
37,639
37,643
37,763
37,768
37,797
37,806
37,826
37,851
37,853
37,887
37,892
37,899
37,938
37,948
37,966
37,969
37,971
37,983
37,993
37,1047
37,1052
37,1061
37,1066
37,1071
37,1137
37,1146
37,1149
37,1171
37,1186
37,1215
37,1219
37,1321
37,1331
37,1332
37,1359
37,1378
37,1387
37,1401
37,1411
37,1455
37,1469
37,1470
37,1479
37,1492
37,1536
37,1543
37,1551
37,1566
37,1628
37,1637
37,1641
37,1646
37,1687
37,1717
37,1729
37,1735
37,1741
37,1743
37,1774
37,1776
37,1794
37,1796
37,1803
37,1810
37,1812
37,1818
37,1819
37,1825
37,1826
37,1852
37,1862
37,1863
37,1864
37,1877
37,1918
37,1928
37,1944
37,1965
37,1973
37,2012
37,2018
37,2029
37,2095
37,2101
37,2110
37,2124
37,2137
37,2142
37,2145
37,2179
37,2193
37,2201
37,2208
37,2210
37,2217
37,2223
37,2229
37,2231
37,2251
37,2263
37,2281
37,2358
37,2377
37,2379
37,2386
37,2393
37,2401
37,2411
37,2426
37,2427
37,2446
37,2455
37,2468
37,2489
37,2512
37,2513
37,2543
37,2548
37,2558
37,2607
37,2609
37,2621
37,2624
37,2633
37,2638
37,2646
37,2661
37,2663
37,2702
37,2718
37,2757
37,2759
37,2769
37,2782
37,2790
37,2818
37,2822
37,2828
37,2830
37,2877
37,2888
37,2906
37,2913
37,2951
37,2961
37,2993
37,3000
37,3028
37,3100
37,3106
37,3109
37,3155
37,3160
37,3163
37,3167
37,3174
37,3190
37,3200
37,3206
37,3216
37,3228
37,3265
37,3279
37,3280
37,3284
37,3288
37,3291
37,3303
37,3322
37,3325
37,3328
37,3349
37,3357
37,3362
37,3367
37,3386
37,3407
37,3425
37,3455
37,3465
37,3473
37,3528
37,3594
37,3595
37,3600
37,3618
37,3641
37,3642
37,3650
37,3668
37,3699
37,3700
37,3715
37,3734
37,3746
37,3756
37,3785
37,3800
37,3828
37,3831
37,3837
37,3838
37,3890
37,3905
37,3916
37,3931
37,3948
37,3990
37,3999
37,4016
37,4018
37,4040
37,4042
37,4123
37,4132
37,4137
37,4149
37,4161
37,4170
37,4200
37,4204
37,4210
37,4217
37,4230
37,4240
37,4279
37,4287
37,4308
37,4312
37,4314
37,4319
37,4382
37,4418
37,4430
37,4509
37,4523
37,4533
37,4534
37,4537
37,4551
37,4558
37,4584
37,4588
37,4591
37,4606
37,4641
37,4653
37,4663
37,4665
37,4682
37,4683
37,4693
37,4716
37,4735
37,4754
37,4763
37,4793
37,4794
37,4807
37,4819
37,4886
37,4890
37,4941
37,4966
37,4969
37,5001
37,5020
37,5023
37,5039
37,5047
37,5055
37,5075
37,5096
37,5111
37,5198
37,5236
37,5247
37,5270
37,5273
37,5280
37,5313
37,5319
37,5337
37,5338
37,5354
37,5364
37,5370
37,5377
37,5384
37,5386
37,5410
37,5433
37,5452
37,5453
37,5474
37,5479
37,5497
37,5501
37,5516
37,5522
37,5575
37,5600
37,5642
37,5644
37,5654
37,5662
37,5692
37,5724
37,5749
37,5752
37,5756
37,5810
37,5822
37,5858
37,5863
37,5876
37,5884
37,5889
37,5893
37,5895
37,5910
37,5934
37,5936
37,5940
37,5950
37,5951
37,5977
37,5978
37,5982
37,5988
37,5994
37,6022
37,6024
37,6034
37,6139
37,6174
37,6179
37,6184
37,6202
37,6212
37,6236
37,6240
37,6294
37,6296
37,6300
37,6303
37,6322
37,6331
37,6346
37,6348
37,6350
37,6354
37,6421
37,6442
37,6491
37,6573
37,6581
37,6594
37,6627
37,6634
37,6645
37,6647
37,6654
37,6685
37,6686
37,6742
37,6749
37,6758
37,6780
37,6828
37,6861
37,6881
37,6897
37,6943
37,6948
37,6961
37,6990
37,6992
37,6996
37,6998
37,7001
37,7003
37,7008
37,7010
37,7017
37,7020
37,7025
37,7036
37,7050
37,7052
37,7068
37,7086
37,7094
37,7106
37,7111
37,7138
37,7166
37,7178
37,7183
37,7187
37,7195
37,7222
37,7226
37,7260
37,7281
37,7345
37,7378
37,7389
37,7400
37,7417
37,7433
37,7437
37,7454
37,7464
37,7495
37,7504
37,7507
37,7513
37,7525
37,7531
37,7543
37,7573
37,7580
37,7600
37,7648
37,7670
37,7709
37,7716
37,7756
37,7774
37,7775
37,7794
37,7797
37,7811
37,7851
37,7880
37,7881
37,7896
37,7904
37,7907
37,7937
37,7942
37,7963
37,8023
37,8028
37,8066
37,8076
37,8084
37,8089
37,8097
37,8110
37,8121
37,8135
37,8149
37,8151
37,8172
37,8185
37,8235
37,8254
37,8256
37,8271
37,8292
37,8294
37,8295
37,8302
37,8322
37,8340
37,8352
37,8371
37,8387
37,8391
37,8419
37,8434
37,8438
37,8448
37,8452
37,8454
37,8464
37,8489
37,8490
37,8493
37,8527
37,8576
37,8597
37,8601
37,8611
37,8662
37,8668
37,8702
37,8711
37,8734
37,8737
37,8761
37,8787
37,8834
37,8835
37,8861
37,8875
37,8895
37,8960
37,8981
37,8996
37,9005
37,9053
37,9065
37,9076
37,9085
37,9118
37,9126
37,9133
37,9160
37,9161
37,9164
37,9199
37,9221
37,9241
37,9276
37,9279
37,9304
37,9312
37,9317
37,9374
37,9427
37,9432
37,9493
37,9503
37,9509
37,9524
37,9528
37,9537
37,9545
37,9569
37,9594
37,9625
37,9635
37,9662
37,9666
37,9673
37,9692
37,9697
37,9734
37,9740
37,9797
37,9803
37,9824
37,9902
37,9912
37,9933
37,9941
37,10020
37,10042
37,10045
37,10046
37,10109
37,10128
37,10154
37,10199
37,10201
37,10209
37,10224
37,10232
37,10234
37,10241
37,10314
37,10321
37,10331
37,10346
37,10362
37,10372
37,10393
37,10406
37,10411
37,10421
37,10431
37,10451
37,10456
37,10463
37,10472
37,10475
37,10510
37,10513
37,10571
37,10577
37,10611
37,10621
37,10631
37,10651
37,10683
37,10727
37,10743
37,10752
37,10756
37,10786
37,10795
37,10807
37,10814
37,10822
37,10839
37,10840
37,10848
37,10851
37,10905
37,10916
37,10926
37,10929
37,10932
37,10970
37,10976
37,10994
37,11008
37,11012
37,11019
37,11023
37,11097
37,11112
37,11131
37,11136
37,11151
37,11203
37,11240
37,11265
37,11275
37,11336
37,11337
37,11352
37,11367
37,11380
37,11400
37,11412
37,11420
37,11429
37,11463
37,11474
37,11510
37,11530
37,11534
37,11535
37,11547
37,11548
37,11584
37,11599
37,11604
37,11620
37,11643
37,11650
37,11677
37,11682
37,11703
37,11718
37,11723
37,11766
37,11787
37,11789
37,11793
37,11799
37,11800
37,11807
37,11836
37,11871
37,11874
37,11891
37,11915
37,11917
37,11938
37,11942
37,11944
37,11953
37,11971
37,11999
37,12010
37,12019
37,12028
37,12029
37,12034
37,12074
37,12083
37,12090
37,12102
37,12103
37,12115
37,12126
37,12130
37,12131
37,12160
37,12163
37,12172
37,12186
37,12202
37,12217
37,12221
37,12264
37,12314
37,12315
37,12318
37,12333
37,12340
37,12369
37,12370
37,12405
37,12436
37,12455
37,12467
37,12540
37,12549
37,12584
37,12606
37,12645
37,12653
37,12655
37,12659
37,12690
37,12733
37,12737
37,12738
37,12774
37,12797
37,12809
37,12821
37,12822
37,12839
37,12844
37,12856
37,12887
37,12903
37,12918
37,12921
37,12955
37,12956
37,12975
37,12998
37,13005
37,13013
37,13023
37,13044
37,13045
37,13067
37,13086
37,13118
37,13147
37,13154
37,13165
37,13169
37,13178
37,13179
37,13200
37,13232
37,13246
37,13249
37,13257
37,13272
37,13318
37,13327
37,13331
37,13349
37,13363
37,13399
37,13400
37,13412
37,13419
37,13442
37,13446
37,13460
37,13472
37,13496
37,13503
37,13504
37,13505
37,13514
37,13528
37,13562
37,13588
37,13619
37,13621
37,13646
37,13676
37,13721
37,13749
37,13758
37,13776
37,13780
37,13808
37,13809
37,13810
37,13878
37,13879
37,13886
37,13896
37,13914
37,13924
37,13978
37,13995
37,14009
37,14026
37,14037
37,14038
37,14046
37,14091
37,14159
37,14188
37,14196
37,14197
37,14223
37,14234
37,14235
37,14254
37,14304
37,14306
37,14311
37,14316
37,14348
37,14360
37,14379
37,14383
37,14395
37,14492
37,14503
37,14514
37,14534
37,14544
37,14549
37,14557
37,14560
37,14564
37,14568
37,14586
37,14587
37,14605
37,14618
37,14656
37,14670
37,14675
37,14678
37,14680
37,14702
37,14709
37,14721
37,14746
37,14750
37,14755
37,14770
37,14794
37,14811
37,14856
37,14926
37,14936
37,14943
37,14966
37,14969
37,14980
37,14981
37,14983
37,14992
37,15006
37,15020
37,15028
37,15062
37,15079
37,15134
37,15203
37,15210
37,15219
37,15221
37,15263
37,15267
37,15277
37,15281
37,15282
37,15298
37,15310
37,15318
37,15345
37,15371
37,15375
37,15380
37,15394
37,15396
37,15403
37,15415
37,15425
37,15429
37,15446
37,15483
37,15490
37,15548
37,15550
37,15563
37,15586
37,15588
37,15598
37,15601
37,15674
37,15675
37,15680
37,15685
37,15692
37,15698
37,15705
37,15707
37,15708
37,15742
37,15754
37,15806
37,15843
37,15863
37,15878
37,15890
37,15921
37,15928
37,15957
37,15989
37,15991
37,16000
37,16003
37,16009
37,16031
37,16066
37,16068
37,16074
37,16080
37,16090
37,16094
37,16106
37,16132
37,16206
37,16210
37,16243
37,16248
37,16249
37,16264
37,16276
37,16313
37,16337
37,16351
37,16353
37,16361
37,16411
37,16421
37,16424
37,16425
37,16439
37,16485
37,16488
37,16516
37,16538
37,16554
37,16582
37,16614
37,16651
37,16664
37,16671
37,16676
37,16677
37,16741
37,16742
37,16783
37,16785
37,16788
37,16801
37,16858
37,16861
37,16868
37,16869
37,16927
37,16963
37,16965
37,16966
37,16974
37,17008
37,17030
37,17039
37,17044
37,17047
37,17069
37,17076
37,17096
37,17113
37,17118
37,17145
37,17154
37,17160
37,17180
37,17189
37,17196
37,17204
37,17250
37,17253
37,17265
37,17285
37,17334
37,17393
37,17399
37,17418
37,17457
37,17459
37,17466
37,17474
37,17504
37,17513
37,17523
37,17543
37,17566
37,17569
37,17572
37,17596
37,17599
37,17631
37,17649
37,17697
37,17710
37,17712
37,17713
37,17725
37,17795
37,17828
37,17867
37,17946
37,17950
37,17954
37,17968
37,17984
37,17986
37,18001
37,18006
37,18016
37,18022
37,18047
37,18078
37,18088
37,18141
37,18162
37,18172
37,18181
37,18215
37,18225
37,18230
37,18243
37,18286
37,18305
37,18306
37,18319
37,18336
37,18364
37,18382
37,18403
37,18428
37,18458
37,18491
37,18493
37,18502
37,18503
37,18509
37,18536
37,18545
37,18575
37,18587
37,18588
37,18614
37,18646
37,18695
37,18708
37,18713
37,18716
37,18729
37,18740
37,18744
37,18787
37,18807
37,18818
37,18847
37,18881
37,18899
37,18922
37,18928
37,18929
37,18932
37,18937
37,18955
37,18963
37,18973
37,18977
37,18982
37,19009
37,19018
37,19022
37,19063
37,19079
37,19096
37,19097
37,19100
37,19107
37,19109
37,19147
37,19168
37,19175
37,19177
37,19221
37,19239
37,19281
37,19334
37,19356
37,19390
37,19435
37,19438
37,19459
37,19463
37,19478
37,19486
37,19502
37,19506
37,19546
37,19576
37,19609
37,19616
37,19622
37,19628
37,19635
37,19640
37,19655
37,19665
37,19669
37,19693
37,19699
37,19707
37,19709
37,19710
37,19726
37,19738
37,19739
37,19742
37,19777
37,19801
37,19815
37,19844
37,19885
37,19913
37,19924
37,19926
37,19929
37,19931
37,19946
37,19952
37,19965
37,19967
37,20009
37,20016
37,20038
37,20057
37,20058
37,20064
37,20081
37,20091
37,20097
37,20106
37,20116
37,20123
37,20151
37,20157
37,20184
37,20187
37,20200
37,20220
37,20221
37,20236
37,20239
37,20249
37,20269
37,20270
37,20275
37,20276
37,20278
37,20324
37,20334
37,20372
37,20378
37,20389
37,20406
37,20412
37,20445
37,20456
37,20476
37,20501
37,20512
37,20529
37,20550
37,20569
37,20599
37,20604
37,20625
37,20664
37,20695
37,20701
37,20715
37,20721
37,20733
37,20736
37,20743
37,20758
37,20768
37,20780
37,20781
37,20787
37,20802
37,20823
37,20826
37,20838
37,20848
37,20875
37,20881
37,20882
37,20886
37,20913
37,20921
37,20938
37,20974
37,20978
37,20979
37,20980
37,20988
37,21032
37,21036
37,21080
37,21091
37,21099
37,21162
37,21165
37,21180
37,21187
37,21204
37,21228
37,21237
37,21243
37,21244
37,21263
37,21274
37,21281
37,21288
37,21309
37,21357
37,21367
37,21370
37,21383
37,21385
37,21388
37,21413
37,21421
37,21430
37,21433
37,21436
37,21449
37,21459
37,21460
37,21464
37,21474
37,21480
37,21493
37,21510
37,21517
37,21535
37,21567
37,21569
37,21571
37,21588
37,21607
37,21609
37,21617
37,21628
37,21645
37,21661
37,21675
37,21679
37,21694
37,21696
37,21698
37,21741
37,21787
37,21799
37,21830
37,21852
37,21858
37,21877
37,21897
37,21899
37,21911
37,21924
37,21950
37,21956
37,21958
37,21985
37,22033
37,22080
37,22099
37,22103
37,22108
37,22115
37,22116
37,22119
37,22137
37,22149
37,22152
37,22153
37,22160
37,22162
37,22198
37,22236
37,22248
37,22255
37,22280
37,22283
37,22289
37,22310
37,22313
37,22315
37,22321
37,22347
37,22349
37,22353
37,22358
37,22359
37,22396
37,22398
37,22400
37,22418
37,22470
37,22485
37,22487
37,22491
37,22505
37,22512
37,22528
37,22547
37,22567
37,22572
37,22596
37,22614
37,22628
37,22643
37,22665
37,22671
37,22688
37,22691
37,22693
37,22717
37,22724
37,22730
37,22761
37,22863
37,22908
37,22933
37,22936
37,22939
37,22951
37,22966
37,22973
37,22975
37,23034
37,23060
37,23080
37,23102
37,23180
37,23188
37,23189
37,23195
37,23200
37,23207
37,23216
37,23222
37,23224
37,23225
37,23226
37,23243
37,23251
37,23254
37,23273
37,23295
37,23310
37,23311
37,23328
37,23350
37,23365
37,23368
37,23385
37,23388
37,23392
37,23405
37,23419
37,23430
37,23435
37,23447
37,23488
37,23497
37,23512
37,23523
37,23530
37,23532
37,23557
37,23561
37,23562
37,23597
37,23612
37,23622
37,23625
37,23647
37,23649
37,23651
37,23658
37,23676
37,23678
37,23706
37,23750
37,23760
37,23771
37,23777
37,23872
37,23877
37,23886
37,23902
37,23920
37,23973
37,24039
37,24043
37,24057
37,24077
37,24079
37,24097
37,24098
37,24118
37,24145
37,24147
37,24176
37,24179
37,24186
37,24268
37,24270
37,24314
37,24330
37,24358
37,24359
37,24400
37,24402
37,24415
37,24416
37,24418
37,24425
37,24437
37,24440
37,24455
37,24457
37,24468
37,24471
37,24509
37,24547
37,24551
37,24553
37,24559
37,24581
37,24584
37,24644
37,24647
37,24652
37,24664
37,24681
37,24733
37,24743
37,24745
37,24781
37,24804
37,24811
37,24862
37,24874
37,24886
37,24888
37,24902
37,24905
37,24910
37,24927
37,24930
37,24941
37,24948
37,24978
37,24980
37,24986
37,24987
37,25011
37,25021
37,25041
37,25055
37,25065
37,25072
37,25083
37,25112
37,25164
37,25188
37,25206
37,25218
37,25259
37,25277
37,25317
37,25328
37,25346
37,25347
37,25355
37,25363
37,25372
37,25386
37,25405
37,25443
37,25448
37,25459
37,25472
37,25482
37,25491
37,25510
37,25526
37,25569
37,25586
37,25591
37,25598
37,25600
37,25606
37,25615
37,25628
37,25652
37,25658
37,25686
37,25704
37,25723
37,25730
37,25748
37,25773
37,25788
37,25795
37,25797
37,25926
37,25934
37,25941
37,25952
37,25960
37,25970
37,26001
37,26046
37,26070
37,26078
37,26090
37,26105
37,26168
37,26251
37,26252
37,26271
37,26272
37,26308
37,26330
37,26350
37,26395
37,26406
37,26408
37,26425
37,26437
37,26448
37,26475
37,26509
37,26535
37,26544
37,26556
37,26563
37,26619
37,26629
37,26631
37,26675
37,26691
37,26697
37,26718
37,26771
37,26794
37,26844
37,26845
37,26857
37,26899
37,26914
37,26916
37,26917
37,26920
37,26934
37,26945
37,26947
37,26985
37,27009
37,27012
37,27038
37,27050
37,27062
37,27077
37,27078
37,27081
37,27091
37,27096
37,27116
37,27160
37,27175
37,27206
37,27213
37,27221
37,27238
37,27267
37,27305
37,27319
37,27359
37,27363
37,27381
37,27385
37,27397
37,27404
37,27428
37,27472
37,27474
37,27479
37,27504
37,27520
37,27522
37,27544
37,27582
37,27594
37,27722
37,27723
37,27725
37,27739
37,27770
37,27783
37,27790
37,27811
37,27860
37,27890
37,27896
37,27897
37,27903
37,27911
37,27958
37,27975
37,27977
37,27983
37,28004
37,28010
37,28063
37,28098
37,28112
37,28113
37,28128
37,28141
37,28159
37,28188
37,28211
37,28219
37,28232
37,28262
37,28295
37,28303
37,28327
37,28359
37,28394
37,28399
37,28414
37,28415
37,28419
37,28423
37,28441
37,28455
37,28457
37,28468
37,28537
37,28545
37,28552
37,28590
37,28605
37,28612
37,28629
37,28661
37,28674
37,28694
37,28745
37,28772
37,28817
37,28831
37,28838
37,28845
37,28900
37,28902
37,28957
37,28975
37,28982
37,29016
37,29059
37,29062
37,29073
37,29145
37,29149
37,29161
37,29172
37,29180
37,29261
37,29294
37,29300
37,29314
37,29316
37,29323
37,29356
37,29390
37,29450
37,29470
37,29488
37,29490
37,29496
37,29557
38,29
38,36
38,39
38,43
38,63
38,85
38,111
38,120
38,122
38,159
38,165
38,208
38,229
38,231
38,235
38,239
38,242
38,246
38,273
38,292
38,325
38,395
38,408
38,419
38,454
38,475
38,491
38,492
38,499
38,524
38,557
38,560
38,585
38,588
38,616
38,624
38,637
38,645
38,661
38,665
38,682
38,684
38,691
38,694
38,695
38,701
38,723
38,745
38,753
38,758
38,765
38,770
38,774
38,775
38,793
38,805
38,816
38,820
38,826
38,845
38,875
38,888
38,906
38,911
38,916
38,929
38,931
38,952
38,970
38,980
38,990
38,992
38,993
38,1003
38,1005
38,1029
38,1038
38,1086
38,1088
38,1104
38,1116
38,1117
38,1138
38,1153
38,1176
38,1189
38,1204
38,1206
38,1209
38,1230
38,1263
38,1271
38,1272
38,1294
38,1314
38,1317
38,1324
38,1342
38,1344
38,1356
38,1367
38,1386
38,1412
38,1418
38,1432
38,1457
38,1462
38,1465
38,1484
38,1499
38,1523
38,1584
38,1587
38,1588
38,1627
38,1634
38,1656
38,1669
38,1670
38,1680
38,1697
38,1728
38,1740
38,1755
38,1767
38,1792
38,1807
38,1810
38,1816
38,1839
38,1870
38,1884
38,1885
38,1929
38,1940
38,1946
38,1956
38,1966
38,2027
38,2029
38,2059
38,2074
38,2084
38,2099
38,2106
38,2108
38,2119
38,2130
38,2131
38,2154
38,2167
38,2198
38,2204
38,2226
38,2258
38,2331
38,2360
38,2364
38,2377
38,2413
38,2424
38,2432
38,2439
38,2463
38,2465
38,2474
38,2477
38,2482
38,2484
38,2485
38,2490
38,2499
38,2533
38,2537
38,2564
38,2573
38,2576
38,2584
38,2598
38,2601
38,2603
38,2608
38,2611
38,2615
38,2632
38,2637
38,2645
38,2660
38,2676
38,2679
38,2686
38,2746
38,2783
38,2805
38,2807
38,2867
38,2872
38,2911
38,2912
38,2916
38,2917
38,2919
38,2934
38,2947
38,2950
38,2995
38,2998
38,3010
38,3015
38,3026
38,3047
38,3067
38,3079
38,3099
38,3104
38,3113
38,3138
38,3148
38,3150
38,3173
38,3197
38,3201
38,3211
38,3246
38,3247
38,3266
38,3267
38,3293
38,3308
38,3319
38,3350
38,3372
38,3378
38,3387
38,3388
38,3415
38,3418
38,3420
38,3432
38,3435
38,3449
38,3454
38,3511
38,3527
38,3532
38,3537
38,3573
38,3594
38,3598
38,3604
38,3609
38,3611
38,3618
38,3623
38,3624
38,3637
38,3677
38,3681
38,3686
38,3692
38,3703
38,3707
38,3717
38,3730
38,3740
38,3746
38,3750
38,3760
38,3772
38,3777
38,3779
38,3782
38,3784
38,3797
38,3804
38,3820
38,3822
38,3824
38,3827
38,3829
38,3885
38,3900
38,3901
38,3928
38,3940
38,3943
38,3955
38,3974
38,3975
38,3981
38,3984
38,3985
38,3986
38,3997
38,4016
38,4018
38,4021
38,4042
38,4060
38,4075
38,4093
38,4096
38,4116
38,4145
38,4165
38,4178
38,4179
38,4183
38,4194
38,4199
38,4206
38,4210
38,4252
38,4295
38,4298
38,4313
38,4343
38,4349
38,4358
38,4363
38,4376
38,4398
38,4402
38,4406
38,4441
38,4445
38,4474
38,4476
38,4488
38,4515
38,4516
38,4524
38,4526
38,4528
38,4529
38,4557
38,4563
38,4568
38,4572
38,4597
38,4632
38,4640
38,4650
38,4652
38,4683
38,4687
38,4697
38,4699
38,4704
38,4710
38,4711
38,4720
38,4726
38,4758
38,4765
38,4766
38,4767
38,4768
38,4770
38,4779
38,4780
38,4790
38,4794
38,4797
38,4798
38,4800
38,4802
38,4810
38,4847
38,4851
38,4853
38,4858
38,4860
38,4870
38,4871
38,4883
38,4893
38,4903
38,4916
38,4928
38,4938
38,4948
38,4949
38,4968
38,4973
38,4983
38,5010
38,5018
38,5030
38,5033
38,5035
38,5056
38,5069
38,5070
38,5072
38,5077
38,5094
38,5104
38,5107
38,5117
38,5128
38,5139
38,5173
38,5183
38,5189
38,5200
38,5203
38,5206
38,5216
38,5232
38,5235
38,5244
38,5246
38,5256
38,5293
38,5303
38,5330
38,5331
38,5339
38,5368
38,5372
38,5406
38,5413
38,5436
38,5451
38,5486
38,5498
38,5522
38,5549
38,5572
38,5580
38,5585
38,5600
38,5606
38,5616
38,5636
38,5660
38,5691
38,5696
38,5704
38,5706
38,5713
38,5718
38,5728
38,5743
38,5746
38,5759
38,5773
38,5793
38,5795
38,5798
38,5807
38,5821
38,5827
38,5828
38,5836
38,5844
38,5852
38,5853
38,5869
38,5900
38,5927
38,5948
38,5961
38,5964
38,5970
38,5971
38,6011
38,6026
38,6044
38,6072
38,6073
38,6084
38,6092
38,6118
38,6140
38,6142
38,6174
38,6186
38,6187
38,6195
38,6200
38,6206
38,6213
38,6250
38,6258
38,6261
38,6268
38,6288
38,6309
38,6331
38,6372
38,6373
38,6385
38,6395
38,6396
38,6412
38,6418
38,6436
38,6451
38,6457
38,6475
38,6493
38,6525
38,6541
38,6596
38,6600
38,6608
38,6620
38,6622
38,6623
38,6637
38,6646
38,6656
38,6657
38,6682
38,6686
38,6698
38,6717
38,6735
38,6737
38,6750
38,6758
38,6769
38,6778
38,6786
38,6807
38,6808
38,6810
38,6821
38,6836
38,6840
38,6843
38,6862
38,6880
38,6886
38,6893
38,6903
38,6904
38,6915
38,6918
38,6967
38,6995
38,7002
38,7007
38,7028
38,7029
38,7030
38,7032
38,7056
38,7061
38,7062
38,7071
38,7086
38,7087
38,7090
38,7096
38,7098
38,7099
38,7115
38,7116
38,7119
38,7134
38,7145
38,7152
38,7180
38,7186
38,7205
38,7218
38,7220
38,7226
38,7227
38,7238
38,7256
38,7279
38,7283
38,7288
38,7290
38,7303
38,7306
38,7309
38,7315
38,7328
38,7338
38,7350
38,7351
38,7363
38,7384
38,7386
38,7389
38,7395
38,7397
38,7400
38,7405
38,7446
38,7458
38,7479
38,7481
38,7485
38,7488
38,7489
38,7504
38,7513
38,7518
38,7549
38,7566
38,7575
38,7585
38,7599
38,7609
38,7621
38,7638
38,7642
38,7662
38,7671
38,7702
38,7704
38,7708
38,7719
38,7722
38,7724
38,7725
38,7744
38,7749
38,7772
38,7790
38,7799
38,7806
38,7821
38,7823
38,7828
38,7875
38,7915
38,7920
38,7953
38,7959
38,7960
38,7966
38,7974
38,7990
38,7996
38,8012
38,8023
38,8026
38,8037
38,8045
38,8060
38,8062
38,8079
38,8085
38,8098
38,8101
38,8102
38,8108
38,8159
38,8162
38,8183
38,8185
38,8191
38,8194
38,8209
38,8225
38,8238
38,8243
38,8244
38,8249
38,8250
38,8272
38,8311
38,8313
38,8322
38,8330
38,8332
38,8386
38,8410
38,8426
38,8430
38,8440
38,8445
38,8447
38,8469
38,8495
38,8543
38,8566
38,8580
38,8587
38,8591
38,8623
38,8634
38,8638
38,8644
38,8676
38,8687
38,8690
38,8706
38,8707
38,8710
38,8715
38,8727
38,8733
38,8757
38,8758
38,8772
38,8831
38,8841
38,8842
38,8846
38,8860
38,8864
38,8870
38,8891
38,8907
38,8944
38,8954
38,8956
38,9000
38,9056
38,9057
38,9095
38,9103
38,9114
38,9119
38,9136
38,9157
38,9187
38,9211
38,9222
38,9234
38,9235
38,9238
38,9240
38,9289
38,9291
38,9300
38,9309
38,9329
38,9347
38,9351
38,9356
38,9368
38,9433
38,9478
38,9480
38,9496
38,9522
38,9524
38,9526
38,9548
38,9555
38,9579
38,9581
38,9606
38,9624
38,9628
38,9666
38,9683
38,9695
38,9706
38,9711
38,9728
38,9735
38,9747
38,9751
38,9752
38,9758
38,9768
38,9770
38,9779
38,9785
38,9788
38,9811
38,9821
38,9837
38,9862
38,9868
38,9870
38,9878
38,9911
38,9913
38,9935
38,9941
38,9954
38,9960
38,9965
38,10017
38,10019
38,10030
38,10043
38,10063
38,10080
38,10090
38,10122
38,10125
38,10144
38,10146
38,10152
38,10155
38,10160
38,10174
38,10182
38,10188
38,10189
38,10194
38,10209
38,10216
38,10224
38,10249
38,10253
38,10273
38,10277
38,10321
38,10329
38,10339
38,10370
38,10371
38,10384
38,10394
38,10412
38,10422
38,10426
38,10430
38,10440
38,10442
38,10450
38,10484
38,10492
38,10505
38,10518
38,10545
38,10579
38,10608
38,10610
38,10640
38,10645
38,10654
38,10674
38,10698
38,10732
38,10734
38,10735
38,10764
38,10786
38,10838
38,10865
38,10875
38,10921
38,10938
38,10954
38,10957
38,10984
38,11000
38,11020
38,11022
38,11046
38,11110
38,11155
38,11174
38,11180
38,11181
38,11194
38,11207
38,11216
38,11221
38,11229
38,11237
38,11240
38,11254
38,11263
38,11285
38,11300
38,11328
38,11333
38,11368
38,11387
38,11391
38,11404
38,11413
38,11431
38,11441
38,11443
38,11461
38,11465
38,11468
38,11480
38,11491
38,11496
38,11533
38,11540
38,11560
38,11561
38,11567
38,11568
38,11570
38,11575
38,11581
38,11591
38,11616
38,11618
38,11626
38,11630
38,11639
38,11648
38,11673
38,11689
38,11709
38,11711
38,11712
38,11747
38,11802
38,11840
38,11859
38,11862
38,11871
38,11901
38,11914
38,11920
38,11971
38,12009
38,12010
38,12041
38,12063
38,12072
38,12074
38,12079
38,12100
38,12109
38,12117
38,12119
38,12124
38,12167
38,12172
38,12194
38,12243
38,12245
38,12247
38,12282
38,12288
38,12291
38,12300
38,12373
38,12388
38,12403
38,12413
38,12414
38,12456
38,12459
38,12466
38,12476
38,12495
38,12526
38,12556
38,12588
38,12589
38,12590
38,12597
38,12599
38,12618
38,12623
38,12640
38,12651
38,12660
38,12672
38,12676
38,12708
38,12715
38,12719
38,12729
38,12733
38,12781
38,12791
38,12794
38,12817
38,12838
38,12865
38,12866
38,12905
38,12918
38,12928
38,12944
38,12945
38,12964
38,12981
38,13032
38,13061
38,13064
38,13068
38,13069
38,13072
38,13074
38,13078
38,13082
38,13116
38,13138
38,13145
38,13153
38,13168
38,13170
38,13173
38,13180
38,13200
38,13220
38,13224
38,13248
38,13251
38,13263
38,13267
38,13269
38,13297
38,13307
38,13320
38,13340
38,13354
38,13366
38,13383
38,13386
38,13392
38,13407
38,13412
38,13419
38,13422
38,13426
38,13459
38,13470
38,13477
38,13480
38,13484
38,13491
38,13501
38,13532
38,13546
38,13553
38,13555
38,13561
38,13563
38,13568
38,13593
38,13649
38,13657
38,13671
38,13699
38,13718
38,13741
38,13762
38,13765
38,13776
38,13779
38,13817
38,13835
38,13847
38,13866
38,13878
38,13897
38,13927
38,13968
38,13974
38,13979
38,13980
38,13986
38,14014
38,14016
38,14021
38,14041
38,14047
38,14058
38,14078
38,14125
38,14138
38,14151
38,14201
38,14208
38,14320
38,14330
38,14336
38,14337
38,14339
38,14345
38,14349
38,14358
38,14361
38,14380
38,14386
38,14390
38,14463
38,14473
38,14474
38,14476
38,14481
38,14498
38,14500
38,14514
38,14531
38,14544
38,14581
38,14627
38,14633
38,14637
38,14656
38,14697
38,14716
38,14747
38,14791
38,14816
38,14818
38,14833
38,14842
38,14845
38,14846
38,14847
38,14851
38,14857
38,14859
38,14862
38,14885
38,14886
38,14896
38,14915
38,14924
38,14965
38,14973
38,14993
38,14997
38,15011
38,15013
38,15016
38,15026
38,15036
38,15043
38,15095
38,15127
38,15137
38,15141
38,15171
38,15188
38,15201
38,15212
38,15236
38,15255
38,15259
38,15262
38,15312
38,15313
38,15316
38,15336
38,15342
38,15346
38,15349
38,15360
38,15385
38,15401
38,15445
38,15456
38,15464
38,15473
38,15475
38,15492
38,15528
38,15538
38,15539
38,15590
38,15602
38,15605
38,15672
38,15703
38,15708
38,15723
38,15751
38,15770
38,15777
38,15779
38,15782
38,15797
38,15799
38,15819
38,15829
38,15859
38,15865
38,15883
38,15919
38,15931
38,15937
38,15971
38,16003
38,16023
38,16046
38,16051
38,16056
38,16060
38,16072
38,16080
38,16098
38,16100
38,16103
38,16107
38,16115
38,16130
38,16159
38,16171
38,16174
38,16215
38,16216
38,16217
38,16223
38,16235
38,16255
38,16274
38,16279
38,16321
38,16322
38,16334
38,16337
38,16347
38,16355
38,16356
38,16391
38,16452
38,16463
38,16470
38,16475
38,16502
38,16504
38,16518
38,16545
38,16546
38,16557
38,16558
38,16575
38,16578
38,16590
38,16595
38,16599
38,16634
38,16637
38,16655
38,16694
38,16707
38,16719
38,16730
38,16765
38,16791
38,16811
38,16822
38,16830
38,16835
38,16855
38,16858
38,16864
38,16910
38,16937
38,16939
38,16950
38,16957
38,16959
38,16966
38,16967
38,16973
38,16976
38,16979
38,16999
38,17002
38,17025
38,17036
38,17058
38,17067
38,17083
38,17085
38,17101
38,17109
38,17118
38,17133
38,17141
38,17142
38,17148
38,17157
38,17225
38,17237
38,17242
38,17249
38,17252
38,17258
38,17283
38,17286
38,17289
38,17304
38,17313
38,17321
38,17326
38,17348
38,17365
38,17381
38,17397
38,17398
38,17404
38,17409
38,17440
38,17447
38,17457
38,17461
38,17481
38,17482
38,17513
38,17538
38,17539
38,17544
38,17558
38,17589
38,17597
38,17620
38,17630
38,17652
38,17673
38,17689
38,17695
38,17705
38,17706
38,17723
38,17728
38,17732
38,17734
38,17747
38,17749
38,17750
38,17769
38,17772
38,17782
38,17785
38,17795
38,17799
38,17816
38,17825
38,17829
38,17835
38,17861
38,17865
38,17870
38,17881
38,17890
38,17963
38,17996
38,18013
38,18018
38,18022
38,18059
38,18084
38,18089
38,18096
38,18098
38,18104
38,18132
38,18135
38,18138
38,18161
38,18162
38,18177
38,18184
38,18202
38,18215
38,18220
38,18224
38,18256
38,18260
38,18269
38,18294
38,18295
38,18316
38,18367
38,18387
38,18390
38,18394
38,18408
38,18419
38,18429
38,18437
38,18441
38,18443
38,18472
38,18473
38,18480
38,18488
38,18503
38,18515
38,18532
38,18549
38,18585
38,18595
38,18598
38,18609
38,18634
38,18646
38,18649
38,18659
38,18693
38,18707
38,18710
38,18713
38,18721
38,18738
38,18750
38,18760
38,18764
38,18775
38,18785
38,18828
38,18830
38,18835
38,18859
38,18870
38,18903
38,18915
38,18922
38,18925
38,18944
38,18954
38,18986
38,18997
38,19018
38,19033
38,19039
38,19047
38,19062
38,19074
38,19087
38,19100
38,19106
38,19108
38,19117
38,19123
38,19147
38,19148
38,19153
38,19158
38,19168
38,19240
38,19291
38,19304
38,19307
38,19313
38,19319
38,19324
38,19339
38,19352
38,19370
38,19377
38,19378
38,19388
38,19402
38,19421
38,19426
38,19431
38,19444
38,19461
38,19495
38,19498
38,19518
38,19524
38,19560
38,19572
38,19580
38,19581
38,19585
38,19587
38,19613
38,19630
38,19637
38,19652
38,19662
38,19664
38,19682
38,19689
38,19694
38,19708
38,19733
38,19751
38,19761
38,19768
38,19775
38,19788
38,19804
38,19806
38,19807
38,19830
38,19832
38,19844
38,19907
38,19931
38,19934
38,19945
38,19960
38,19963
38,19977
38,20026
38,20057
38,20060
38,20086
38,20106
38,20111
38,20115
38,20131
38,20152
38,20181
38,20185
38,20186
38,20224
38,20229
38,20232
38,20247
38,20268
38,20289
38,20304
38,20358
38,20371
38,20373
38,20395
38,20397
38,20415
38,20448
38,20449
38,20474
38,20537
38,20541
38,20561
38,20574
38,20582
38,20592
38,20594
38,20616
38,20620
38,20644
38,20647
38,20690
38,20723
38,20731
38,20732
38,20739
38,20745
38,20762
38,20776
38,20781
38,20783
38,20801
38,20852
38,20862
38,20908
38,20913
38,20926
38,20928
38,20935
38,20960
38,20977
38,21008
38,21036
38,21044
38,21047
38,21103
38,21106
38,21111
38,21118
38,21150
38,21162
38,21163
38,21168
38,21177
38,21178
38,21179
38,21183
38,21221
38,21223
38,21299
38,21308
38,21346
38,21371
38,21382
38,21389
38,21401
38,21403
38,21406
38,21420
38,21440
38,21477
38,21478
38,21493
38,21511
38,21518
38,21524
38,21534
38,21543
38,21560
38,21568
38,21582
38,21587
38,21609
38,21612
38,21630
38,21632
38,21645
38,21649
38,21687
38,21697
38,21726
38,21727
38,21741
38,21753
38,21756
38,21768
38,21787
38,21792
38,21808
38,21811
38,21822
38,21825
38,21830
38,21835
38,21865
38,21902
38,21934
38,21949
38,21966
38,21971
38,22000
38,22013
38,22017
38,22049
38,22054
38,22093
38,22095
38,22107
38,22131
38,22144
38,22147
38,22168
38,22192
38,22231
38,22242
38,22244
38,22246
38,22252
38,22269
38,22280
38,22293
38,22298
38,22337
38,22338
38,22344
38,22381
38,22382
38,22385
38,22396
38,22427
38,22430
38,22431
38,22437
38,22455
38,22463
38,22485
38,22493
38,22515
38,22516
38,22518
38,22529
38,22530
38,22539
38,22548
38,22609
38,22646
38,22676
38,22681
38,22702
38,22706
38,22711
38,22712
38,22739
38,22740
38,22750
38,22781
38,22783
38,22787
38,22830
38,22853
38,22877
38,22904
38,22905
38,22906
38,22928
38,22945
38,22949
38,22976
38,22978
38,23032
38,23037
38,23053
38,23071
38,23083
38,23093
38,23094
38,23110
38,23151
38,23164
38,23182
38,23188
38,23191
38,23193
38,23197
38,23201
38,23213
38,23265
38,23288
38,23290
38,23296
38,23307
38,23312
38,23321
38,23330
38,23332
38,23362
38,23363
38,23372
38,23411
38,23414
38,23419
38,23437
38,23442
38,23452
38,23468
38,23469
38,23499
38,23509
38,23513
38,23519
38,23521
38,23539
38,23574
38,23583
38,23616
38,23626
38,23627
38,23641
38,23644
38,23668
38,23679
38,23680
38,23702
38,23703
38,23723
38,23724
38,23728
38,23732
38,23756
38,23775
38,23808
38,23813
38,23821
38,23839
38,23840
38,23841
38,23859
38,23865
38,23874
38,23880
38,23898
38,23921
38,23925
38,23934
38,23961
38,24022
38,24041
38,24058
38,24112
38,24167
38,24175
38,24187
38,24190
38,24201
38,24280
38,24295
38,24298
38,24307
38,24309
38,24335
38,24368
38,24406
38,24412
38,24414
38,24433
38,24434
38,24463
38,24464
38,24465
38,24466
38,24474
38,24535
38,24544
38,24570
38,24576
38,24601
38,24609
38,24624
38,24638
38,24665
38,24667
38,24676
38,24685
38,24691
38,24698
38,24726
38,24729
38,24745
38,24752
38,24763
38,24771
38,24780
38,24801
38,24816
38,24825
38,24829
38,24830
38,24876
38,24878
38,24911
38,24924
38,24944
38,24962
38,24974
38,24994
38,24995
38,25021
38,25030
38,25039
38,25075
38,25099
38,25104
38,25133
38,25161
38,25174
38,25207
38,25213
38,25219
38,25232
38,25233
38,25235
38,25252
38,25272
38,25289
38,25291
38,25301
38,25309
38,25330
38,25341
38,25350
38,25417
38,25419
38,25438
38,25441
38,25478
38,25494
38,25515
38,25528
38,25585
38,25595
38,25617
38,25645
38,25653
38,25687
38,25693
38,25695
38,25721
38,25767
38,25770
38,25828
38,25872
38,25879
38,25883
38,25890
38,25894
38,25898
38,25901
38,25903
38,25933
38,25937
38,25946
38,25953
38,26010
38,26033
38,26054
38,26072
38,26076
38,26118
38,26121
38,26130
38,26132
38,26138
38,26145
38,26147
38,26166
38,26183
38,26193
38,26195
38,26213
38,26225
38,26244
38,26251
38,26267
38,26276
38,26286
38,26287
38,26288
38,26296
38,26304
38,26325
38,26339
38,26347
38,26353
38,26366
38,26368
38,26382
38,26398
38,26432
38,26481
38,26502
38,26508
38,26516
38,26524
38,26526
38,26530
38,26533
38,26553
38,26561
38,26563
38,26569
38,26595
38,26618
38,26644
38,26660
38,26662
38,26663
38,26664
38,26689
38,26692
38,26736
38,26758
38,26802
38,26806
38,26809
38,26821
38,26855
38,26858
38,26869
38,26886
38,26917
38,26928
38,26934
38,26943
38,26950
38,26964
38,26965
38,26994
38,26995
38,27000
38,27011
38,27048
38,27051
38,27087
38,27091
38,27092
38,27100
38,27129
38,27146
38,27170
38,27177
38,27185
38,27190
38,27202
38,27209
38,27214
38,27237
38,27255
38,27283
38,27286
38,27297
38,27303
38,27336
38,27337
38,27365
38,27373
38,27408
38,27419
38,27423
38,27452
38,27455
38,27456
38,27457
38,27491
38,27492
38,27520
38,27533
38,27539
38,27624
38,27647
38,27666
38,27671
38,27674
38,27701
38,27712
38,27720
38,27724
38,27727
38,27746
38,27753
38,27783
38,27844
38,27873
38,27880
38,27891
38,27899
38,27926
38,27937
38,27940
38,27943
38,27949
38,27994
38,28012
38,28018
38,28019
38,28026
38,28034
38,28039
38,28044
38,28048
38,28049
38,28058
38,28064
38,28076
38,28078
38,28101
38,28123
38,28130
38,28131
38,28146
38,28152
38,28167
38,28187
38,28205
38,28215
38,28217
38,28223
38,28243
38,28248
38,28249
38,28268
38,28281
38,28285
38,28288
38,28291
38,28305
38,28340
38,28350
38,28381
38,28385
38,28397
38,28448
38,28453
38,28461
38,28475
38,28506
38,28518
38,28522
38,28523
38,28547
38,28597
38,28607
38,28636
38,28667
38,28677
38,28679
38,28690
38,28709
38,28712
38,28727
38,28728
38,28730
38,28739
38,28748
38,28749
38,28760
38,28765
38,28769
38,28774
38,28821
38,28833
38,28882
38,28889
38,28891
38,28900
38,28945
38,28976
38,28977
38,28985
38,28994
38,29027
38,29039
38,29041
38,29064
38,29082
38,29132
38,29149
38,29173
38,29175
38,29197
38,29207
38,29221
38,29254
38,29263
38,29286
38,29288
38,29304
38,29324
38,29329
38,29342
38,29359
38,29374
38,29394
38,29409
38,29412
38,29416
38,29418
38,29420
38,29436
38,29438
38,29447
38,29476
38,29483
38,29488
38,29504
38,29524
38,29532
38,29535
38,29539
38,29559
38,29561
39,0
39,3
39,5
39,7
39,24
39,48
39,60
39,71
39,111
39,116
39,126
39,181
39,184
39,196
39,206
39,208
39,213
39,218
39,234
39,246
39,277
39,296
39,344
39,355
39,367
39,381
39,390
39,401
39,422
39,428
39,441
39,477
39,500
39,509
39,516
39,524
39,528
39,530
39,534
39,564
39,586
39,597
39,604
39,614
39,619
39,632
39,635
39,645
39,661
39,725
39,733
39,765
39,766
39,772
39,776
39,793
39,799
39,810
39,815
39,838
39,850
39,885
39,888
39,911
39,949
39,973
39,993
39,1005
39,1040
39,1042
39,1043
39,1056
39,1090
39,1101
39,1105
39,1110
39,1213
39,1215
39,1225
39,1248
39,1255
39,1256
39,1281
39,1296
39,1306
39,1312
39,1313
39,1328
39,1329
39,1341
39,1358
39,1388
39,1405
39,1420
39,1428
39,1442
39,1446
39,1456
39,1461
39,1480
39,1498
39,1507
39,1551
39,1557
39,1578
39,1604
39,1625
39,1648
39,1649
39,1672
39,1678
39,1690
39,1697
39,1707
39,1717
39,1725
39,1731
39,1733
39,1744
39,1757
39,1765
39,1779
39,1790
39,1794
39,1817
39,1830
39,1841
39,1845
39,1868
39,1890
39,1896
39,1938
39,1946
39,1968
39,1971
39,1996
39,2005
39,2017
39,2039
39,2042
39,2049
39,2051
39,2098
39,2116
39,2120
39,2136
39,2158
39,2177
39,2191
39,2240
39,2241
39,2250
39,2254
39,2256
39,2267
39,2277
39,2297
39,2317
39,2324
39,2326
39,2333
39,2337
39,2349
39,2358
39,2366
39,2368
39,2369
39,2387
39,2470
39,2473
39,2475
39,2515
39,2538
39,2563
39,2564
39,2570
39,2573
39,2581
39,2585
39,2620
39,2638
39,2659
39,2662
39,2701
39,2704
39,2721
39,2729
39,2731
39,2736
39,2740
39,2749
39,2777
39,2815
39,2820
39,2821
39,2858
39,2878
39,2893
39,2912
39,2917
39,2935
39,2961
39,2978
39,2987
39,2991
39,3005
39,3010
39,3017
39,3024
39,3029
39,3034
39,3065
39,3068
39,3087
39,3101
39,3103
39,3120
39,3122
39,3136
39,3139
39,3146
39,3150
39,3217
39,3218
39,3222
39,3246
39,3269
39,3276
39,3288
39,3314
39,3331
39,3333
39,3339
39,3341
39,3344
39,3351
39,3362
39,3381
39,3382
39,3391
39,3398
39,3420
39,3456
39,3471
39,3487
39,3505
39,3521
39,3522
39,3565
39,3576
39,3610
39,3627
39,3639
39,3684
39,3712
39,3718
39,3732
39,3744
39,3745
39,3772
39,3775
39,3786
39,3815
39,3816
39,3818
39,3848
39,3886
39,3916
39,3952
39,3977
39,4008
39,4012
39,4030
39,4037
39,4042
39,4065
39,4073
39,4110
39,4126
39,4150
39,4154
39,4167
39,4198
39,4217
39,4223
39,4225
39,4276
39,4278
39,4291
39,4322
39,4325
39,4376
39,4382
39,4390
39,4425
39,4441
39,4467
39,4469
39,4474
39,4488
39,4495
39,4533
39,4536
39,4561
39,4587
39,4595
39,4625
39,4633
39,4656
39,4660
39,4662
39,4678
39,4689
39,4704
39,4709
39,4710
39,4716
39,4726
39,4739
39,4752
39,4766
39,4790
39,4814
39,4872
39,4924
39,4928
39,4946
39,4950
39,4958
39,4964
39,4971
39,4979
39,4980
39,4989
39,5000
39,5030
39,5034
39,5047
39,5051
39,5088
39,5094
39,5105
39,5154
39,5173
39,5175
39,5192
39,5202
39,5208
39,5216
39,5248
39,5262
39,5266
39,5288
39,5291
39,5293
39,5296
39,5304
39,5320
39,5355
39,5381
39,5395
39,5399
39,5411
39,5412
39,5417
39,5432
39,5434
39,5435
39,5454
39,5460
39,5523
39,5529
39,5535
39,5549
39,5552
39,5569
39,5598
39,5600
39,5612
39,5616
39,5625
39,5631
39,5639
39,5653
39,5659
39,5691
39,5736
39,5770
39,5771
39,5811
39,5829
39,5836
39,5841
39,5893
39,5925
39,5933
39,5936
39,5969
39,5986
39,5999
39,6053
39,6054
39,6066
39,6083
39,6119
39,6142
39,6159
39,6169
39,6172
39,6184
39,6212
39,6216
39,6226
39,6267
39,6272
39,6293
39,6302
39,6350
39,6367
39,6380
39,6389
39,6400
39,6437
39,6446
39,6491
39,6524
39,6537
39,6538
39,6555
39,6565
39,6568
39,6575
39,6578
39,6607
39,6627
39,6641
39,6665
39,6668
39,6708
39,6716
39,6732
39,6742
39,6758
39,6779
39,6784
39,6795
39,6799
39,6818
39,6825
39,6857
39,6866
39,6884
39,6885
39,6894
39,6900
39,6917
39,6927
39,6941
39,6950
39,6972
39,6981
39,6985
39,7001
39,7002
39,7015
39,7021
39,7035
39,7044
39,7090
39,7094
39,7095
39,7130
39,7132
39,7133
39,7149
39,7160
39,7166
39,7171
39,7176
39,7177
39,7197
39,7199
39,7212
39,7223
39,7232
39,7239
39,7275
39,7276
39,7285
39,7320
39,7335
39,7351
39,7371
39,7385
39,7390
39,7402
39,7416
39,7418
39,7457
39,7469
39,7471
39,7478
39,7501
39,7503
39,7510
39,7518
39,7527
39,7543
39,7549
39,7566
39,7573
39,7594
39,7612
39,7615
39,7640
39,7715
39,7729
39,7741
39,7744
39,7767
39,7776
39,7787
39,7866
39,7886
39,7887
39,7903
39,7954
39,7958
39,7964
39,8005
39,8016
39,8022
39,8047
39,8066
39,8067
39,8091
39,8096
39,8154
39,8166
39,8210
39,8262
39,8272
39,8273
39,8281
39,8282
39,8285
39,8287
39,8300
39,8324
39,8334
39,8339
39,8369
39,8377
39,8392
39,8396
39,8410
39,8414
39,8422
39,8458
39,8481
39,8488
39,8508
39,8522
39,8526
39,8532
39,8539
39,8582
39,8603
39,8608
39,8628
39,8652
39,8693
39,8694
39,8695
39,8730
39,8758
39,8768
39,8777
39,8787
39,8799
39,8800
39,8807
39,8820
39,8821
39,8822
39,8828
39,8851
39,8857
39,8872
39,8875
39,8888
39,8933
39,8955
39,8957
39,8962
39,8971
39,8983
39,9007
39,9014
39,9016
39,9025
39,9033
39,9055
39,9056
39,9072
39,9076
39,9086
39,9097
39,9102
39,9165
39,9207
39,9231
39,9233
39,9245
39,9264
39,9268
39,9288
39,9291
39,9296
39,9318
39,9335
39,9338
39,9341
39,9351
39,9376
39,9385
39,9391
39,9414
39,9424
39,9438
39,9465
39,9477
39,9503
39,9546
39,9548
39,9574
39,9603
39,9614
39,9632
39,9641
39,9644
39,9670
39,9675
39,9692
39,9698
39,9711
39,9737
39,9744
39,9748
39,9754
39,9766
39,9775
39,9789
39,9834
39,9849
39,9852
39,9869
39,9874
39,9884
39,9917
39,9919
39,9978
39,9979
39,9994
39,9997
39,10023
39,10026
39,10029
39,10043
39,10058
39,10085
39,10100
39,10109
39,10119
39,10125
39,10128
39,10162
39,10163
39,10165
39,10211
39,10214
39,10223
39,10243
39,10254
39,10262
39,10267
39,10277
39,10289
39,10312
39,10323
39,10327
39,10333
39,10336
39,10341
39,10342
39,10371
39,10414
39,10436
39,10460
39,10497
39,10500
39,10529
39,10545
39,10572
39,10577
39,10626
39,10637
39,10664
39,10669
39,10678
39,10686
39,10702
39,10716
39,10740
39,10741
39,10766
39,10767
39,10789
39,10790
39,10799
39,10802
39,10808
39,10840
39,10878
39,10884
39,10906
39,10954
39,10960
39,10978
39,10979
39,10981
39,10991
39,10994
39,11008
39,11029
39,11031
39,11054
39,11069
39,11123
39,11136
39,11178
39,11214
39,11216
39,11232
39,11248
39,11262
39,11287
39,11288
39,11298
39,11314
39,11369
39,11370
39,11375
39,11385
39,11411
39,11422
39,11425
39,11478
39,11481
39,11487
39,11489
39,11491
39,11498
39,11499
39,11507
39,11525
39,11534
39,11543
39,11548
39,11582
39,11618
39,11623
39,11638
39,11640
39,11642
39,11655
39,11661
39,11687
39,11711
39,11732
39,11748
39,11755
39,11758
39,11761
39,11764
39,11765
39,11786
39,11792
39,11800
39,11807
39,11836
39,11838
39,11868
39,11902
39,11914
39,11923
39,11928
39,11953
39,11966
39,11981
39,11985
39,12009
39,12016
39,12050
39,12051
39,12071
39,12098
39,12100
39,12111
39,12117
39,12127
39,12130
39,12141
39,12150
39,12154
39,12161
39,12166
39,12167
39,12187
39,12203
39,12217
39,12218
39,12243
39,12244
39,12247
39,12258
39,12260
39,12268
39,12273
39,12341
39,12344
39,12347
39,12369
39,12383
39,12388
39,12390
39,12399
39,12460
39,12467
39,12515
39,12519
39,12521
39,12529
39,12536
39,12553
39,12561
39,12599
39,12600
39,12601
39,12604
39,12620
39,12627
39,12640
39,12671
39,12694
39,12712
39,12714
39,12743
39,12746
39,12751
39,12763
39,12799
39,12809
39,12812
39,12845
39,12853
39,12862
39,12902
39,12913
39,12963
39,12980
39,12996
39,12997
39,13010
39,13025
39,13026
39,13031
39,13038
39,13040
39,13057
39,13072
39,13102
39,13116
39,13133
39,13148
39,13154
39,13158
39,13182
39,13193
39,13198
39,13230
39,13233
39,13247
39,13257
39,13271
39,13298
39,13306
39,13316
39,13318
39,13336
39,13356
39,13367
39,13371
39,13380
39,13408
39,13414
39,13416
39,13427
39,13438
39,13464
39,13484
39,13487
39,13496
39,13543
39,13544
39,13548
39,13562
39,13581
39,13583
39,13590
39,13602
39,13615
39,13633
39,13641
39,13666
39,13684
39,13706
39,13711
39,13724
39,13726
39,13742
39,13745
39,13777
39,13783
39,13784
39,13791
39,13832
39,13856
39,13869
39,13883
39,13891
39,13938
39,13942
39,13951
39,13952
39,13968
39,13971
39,13973
39,13990
39,14012
39,14045
39,14050
39,14133
39,14149
39,14168
39,14186
39,14204
39,14205
39,14247
39,14288
39,14302
39,14350
39,14351
39,14360
39,14375
39,14384
39,14391
39,14397
39,14402
39,14424
39,14432
39,14436
39,14441
39,14445
39,14451
39,14455
39,14465
39,14508
39,14546
39,14547
39,14563
39,14565
39,14575
39,14577
39,14597
39,14643
39,14683
39,14696
39,14698
39,14740
39,14742
39,14762
39,14768
39,14773
39,14781
39,14821
39,14826
39,14854
39,14858
39,14866
39,14870
39,14888
39,14890
39,14919
39,14949
39,14954
39,14962
39,14970
39,14976
39,15033
39,15052
39,15086
39,15094
39,15126
39,15136
39,15176
39,15181
39,15196
39,15201
39,15250
39,15280
39,15294
39,15313
39,15328
39,15330
39,15375
39,15380
39,15382
39,15445
39,15454
39,15475
39,15488
39,15493
39,15496
39,15506
39,15526
39,15568
39,15572
39,15583
39,15587
39,15595
39,15598
39,15624
39,15625
39,15630
39,15635
39,15692
39,15711
39,15726
39,15734
39,15758
39,15762
39,15797
39,15799
39,15840
39,15841
39,15850
39,15857
39,15875
39,15891
39,15920
39,15932
39,15938
39,15961
39,15968
39,15971
39,15975
39,16051
39,16055
39,16058
39,16070
39,16100
39,16103
39,16125
39,16131
39,16137
39,16139
39,16159
39,16163
39,16171
39,16174
39,16207
39,16220
39,16227
39,16233
39,16259
39,16270
39,16280
39,16292
39,16298
39,16306
39,16311
39,16363
39,16373
39,16378
39,16396
39,16399
39,16411
39,16417
39,16457
39,16482
39,16507
39,16527
39,16537
39,16580
39,16598
39,16610
39,16633
39,16642
39,16670
39,16672
39,16676
39,16679
39,16710
39,16720
39,16735
39,16739
39,16740
39,16742
39,16764
39,16777
39,16787
39,16793
39,16798
39,16800
39,16828
39,16835
39,16852
39,16868
39,16877
39,16881
39,16888
39,16897
39,16915
39,16926
39,16938
39,16953
39,16959
39,16960
39,16971
39,16990
39,17002
39,17010
39,17050
39,17054
39,17058
39,17064
39,17113
39,17133
39,17136
39,17143
39,17161
39,17164
39,17165
39,17190
39,17194
39,17196
39,17199
39,17213
39,17229
39,17252
39,17265
39,17279
39,17309
39,17310
39,17313
39,17314
39,17375
39,17393
39,17400
39,17401
39,17413
39,17415
39,17432
39,17456
39,17457
39,17469
39,17504
39,17511
39,17515
39,17516
39,17517
39,17536
39,17560
39,17567
39,17578
39,17603
39,17606
39,17631
39,17633
39,17645
39,17661
39,17663
39,17676
39,17689
39,17709
39,17712
39,17713
39,17714
39,17726
39,17731
39,17736
39,17750
39,17776
39,17785
39,17790
39,17801
39,17804
39,17816
39,17832
39,17845
39,17868
39,17894
39,17912
39,17961
39,17980
39,17984
39,17994
39,17997
39,17998
39,18002
39,18003
39,18005
39,18006
39,18012
39,18017
39,18052
39,18054
39,18071
39,18081
39,18091
39,18100
39,18123
39,18124
39,18127
39,18141
39,18155
39,18182
39,18197
39,18227
39,18228
39,18229
39,18231
39,18241
39,18274
39,18287
39,18325
39,18327
39,18333
39,18348
39,18370
39,18390
39,18457
39,18473
39,18483
39,18485
39,18502
39,18524
39,18570
39,18586
39,18628
39,18652
39,18680
39,18681
39,18684
39,18690
39,18705
39,18726
39,18729
39,18761
39,18766
39,18783
39,18815
39,18822
39,18825
39,18843
39,18859
39,18866
39,18869
39,18876
39,18893
39,18918
39,18926
39,18939
39,18942
39,18973
39,18980
39,18991
39,18993
39,19033
39,19085
39,19102
39,19131
39,19134
39,19139
39,19141
39,19145
39,19157
39,19159
39,19167
39,19168
39,19179
39,19189
39,19192
39,19193
39,19194
39,19219
39,19223
39,19235
39,19283
39,19298
39,19340
39,19342
39,19369
39,19376
39,19400
39,19406
39,19410
39,19425
39,19436
39,19454
39,19467
39,19474
39,19482
39,19483
39,19541
39,19546
39,19552
39,19556
39,19565
39,19595
39,19621
39,19626
39,19627
39,19652
39,19668
39,19676
39,19679
39,19681
39,19727
39,19728
39,19729
39,19786
39,19819
39,19828
39,19844
39,19856
39,19879
39,19922
39,19924
39,19928
39,19936
39,19945
39,19950
39,19982
39,19994
39,20002
39,20015
39,20036
39,20086
39,20100
39,20103
39,20110
39,20123
39,20126
39,20149
39,20160
39,20162
39,20165
39,20171
39,20181
39,20184
39,20185
39,20212
39,20215
39,20255
39,20260
39,20285
39,20298
39,20311
39,20313
39,20327
39,20378
39,20381
39,20385
39,20395
39,20396
39,20411
39,20428
39,20430
39,20462
39,20468
39,20522
39,20546
39,20550
39,20558
39,20572
39,20587
39,20625
39,20670
39,20679
39,20716
39,20743
39,20745
39,20752
39,20777
39,20795
39,20822
39,20829
39,20831
39,20833
39,20936
39,20947
39,20948
39,20959
39,21005
39,21007
39,21039
39,21043
39,21059
39,21062
39,21078
39,21093
39,21098
39,21107
39,21114
39,21116
39,21125
39,21156
39,21177
39,21184
39,21185
39,21191
39,21203
39,21218
39,21223
39,21230
39,21246
39,21275
39,21320
39,21323
39,21327
39,21329
39,21346
39,21353
39,21374
39,21376
39,21386
39,21404
39,21416
39,21417
39,21418
39,21424
39,21435
39,21441
39,21447
39,21450
39,21459
39,21465
39,21497
39,21526
39,21530
39,21541
39,21578
39,21591
39,21593
39,21612
39,21619
39,21629
39,21684
39,21737
39,21769
39,21770
39,21779
39,21784
39,21785
39,21786
39,21788
39,21831
39,21837
39,21848
39,21859
39,21872
39,21880
39,21884
39,21887
39,21948
39,21965
39,22004
39,22005
39,22029
39,22036
39,22039
39,22049
39,22053
39,22071
39,22078
39,22084
39,22103
39,22104
39,22126
39,22163
39,22167
39,22173
39,22185
39,22194
39,22216
39,22224
39,22263
39,22265
39,22270
39,22272
39,22283
39,22306
39,22345
39,22349
39,22350
39,22359
39,22378
39,22405
39,22406
39,22428
39,22435
39,22542
39,22580
39,22587
39,22589
39,22596
39,22598
39,22634
39,22655
39,22658
39,22673
39,22703
39,22705
39,22728
39,22752
39,22754
39,22759
39,22772
39,22793
39,22816
39,22821
39,22834
39,22837
39,22838
39,22839
39,22866
39,22872
39,22894
39,22903
39,22908
39,22923
39,22928
39,22940
39,22944
39,22947
39,22961
39,22969
39,23002
39,23008
39,23010
39,23053
39,23065
39,23072
39,23083
39,23101
39,23102
39,23131
39,23142
39,23148
39,23150
39,23184
39,23196
39,23217
39,23245
39,23249
39,23250
39,23253
39,23254
39,23262
39,23273
39,23296
39,23318
39,23319
39,23321
39,23330
39,23344
39,23352
39,23368
39,23385
39,23393
39,23407
39,23415
39,23428
39,23442
39,23454
39,23479
39,23489
39,23500
39,23512
39,23513
39,23518
39,23527
39,23528
39,23529
39,23574
39,23580
39,23582
39,23583
39,23593
39,23605
39,23620
39,23648
39,23653
39,23658
39,23662
39,23687
39,23716
39,23741
39,23761
39,23781
39,23811
39,23834
39,23861
39,23870
39,23889
39,23896
39,23904
39,23912
39,23916
39,23930
39,23978
39,23994
39,24013
39,24020
39,24031
39,24033
39,24036
39,24043
39,24049
39,24052
39,24055
39,24078
39,24092
39,24100
39,24103
39,24123
39,24131
39,24140
39,24151
39,24178
39,24198
39,24200
39,24260
39,24269
39,24328
39,24332
39,24336
39,24351
39,24364
39,24404
39,24417
39,24420
39,24427
39,24438
39,24446
39,24452
39,24454
39,24473
39,24484
39,24495
39,24505
39,24537
39,24543
39,24544
39,24547
39,24549
39,24589
39,24596
39,24606
39,24642
39,24651
39,24660
39,24671
39,24679
39,24688
39,24713
39,24790
39,24793
39,24845
39,24848
39,24862
39,24866
39,24881
39,24886
39,24906
39,24946
39,24968
39,24976
39,24978
39,25010
39,25015
39,25020
39,25039
39,25060
39,25075
39,25086
39,25092
39,25096
39,25135
39,25164
39,25207
39,25229
39,25234
39,25260
39,25261
39,25272
39,25290
39,25293
39,25309
39,25320
39,25328
39,25334
39,25337
39,25352
39,25355
39,25361
39,25362
39,25365
39,25367
39,25370
39,25372
39,25388
39,25426
39,25429
39,25457
39,25491
39,25500
39,25501
39,25518
39,25550
39,25555
39,25563
39,25578
39,25589
39,25591
39,25607
39,25609
39,25612
39,25639
39,25642
39,25651
39,25679
39,25681
39,25690
39,25691
39,25710
39,25774
39,25776
39,25781
39,25786
39,25828
39,25830
39,25841
39,25852
39,25890
39,25925
39,25926
39,25928
39,25942
39,25993
39,26036
39,26054
39,26077
39,26078
39,26088
39,26131
39,26134
39,26168
39,26171
39,26191
39,26244
39,26258
39,26269
39,26270
39,26278
39,26280
39,26295
39,26306
39,26315
39,26330
39,26336
39,26368
39,26379
39,26394
39,26397
39,26399
39,26417
39,26426
39,26429
39,26468
39,26487
39,26527
39,26529
39,26609
39,26635
39,26638
39,26643
39,26656
39,26682
39,26694
39,26716
39,26726
39,26743
39,26744
39,26748
39,26751
39,26796
39,26830
39,26844
39,26857
39,26869
39,26885
39,26899
39,26901
39,26921
39,26925
39,26933
39,26934
39,26972
39,26975
39,26980
39,27015
39,27046
39,27097
39,27110
39,27132
39,27164
39,27190
39,27256
39,27267
39,27269
39,27329
39,27336
39,27352
39,27373
39,27398
39,27411
39,27419
39,27429
39,27443
39,27447
39,27485
39,27498
39,27532
39,27538
39,27603
39,27629
39,27645
39,27654
39,27657
39,27663
39,27684
39,27696
39,27714
39,27751
39,27786
39,27790
39,27792
39,27795
39,27814
39,27818
39,27840
39,27855
39,27862
39,27869
39,27875
39,27877
39,27902
39,27920
39,27925
39,27932
39,27933
39,27936
39,27959
39,27968
39,27976
39,28001
39,28007
39,28038
39,28070
39,28113
39,28125
39,28139
39,28159
39,28178
39,28223
39,28233
39,28251
39,28272
39,28281
39,28288
39,28297
39,28299
39,28303
39,28319
39,28351
39,28366
39,28370
39,28380
39,28387
39,28415
39,28439
39,28442
39,28447
39,28485
39,28498
39,28502
39,28529
39,28545
39,28560
39,28575
39,28585
39,28618
39,28625
39,28630
39,28656
39,28703
39,28709
39,28711
39,28719
39,28750
39,28757
39,28762
39,28774
39,28782
39,28794
39,28808
39,28810
39,28812
39,28822
39,28831
39,28841
39,28866
39,28907
39,28929
39,28936
39,28953
39,28956
39,28961
39,28975
39,28981
39,28989
39,29009
39,29018
39,29039
39,29058
39,29063
39,29080
39,29100
39,29101
39,29113
39,29127
39,29148
39,29160
39,29161
39,29169
39,29180
39,29184
39,29280
39,29294
39,29313
39,29320
39,29352
39,29355
39,29377
39,29384
39,29385
39,29386
39,29391
39,29392
39,29456
39,29485
39,29500
39,29544
39,29550
39,29553
39,29555
40,17
40,29
40,52
40,59
40,64
40,71
40,75
40,79
40,86
40,98
40,123
40,158
40,188
40,205
40,232
40,239
40,245
40,256
40,259
40,268
40,281
40,293
40,297
40,323
40,327
40,331
40,342
40,379
40,391
40,395
40,406
40,424
40,425
40,431
40,439
40,446
40,449
40,464
40,479
40,497
40,503
40,511
40,525
40,527
40,589
40,594
40,596
40,604
40,622
40,663
40,664
40,703
40,710
40,717
40,736
40,737
40,744
40,753
40,765
40,776
40,818
40,851
40,862
40,879
40,888
40,903
40,951
40,956
40,960
40,988
40,1011
40,1061
40,1064
40,1081
40,1090
40,1101
40,1112
40,1121
40,1124
40,1135
40,1167
40,1183
40,1205
40,1223
40,1249
40,1252
40,1283
40,1288
40,1290
40,1297
40,1320
40,1328
40,1332
40,1350
40,1353
40,1379
40,1431
40,1453
40,1461
40,1496
40,1509
40,1522
40,1524
40,1561
40,1562
40,1589
40,1601
40,1621
40,1625
40,1626
40,1631
40,1664
40,1683
40,1707
40,1723
40,1755
40,1758
40,1766
40,1785
40,1797
40,1802
40,1826
40,1836
40,1840
40,1856
40,1863
40,1865
40,1886
40,1894
40,1978
40,1989
40,2014
40,2055
40,2066
40,2090
40,2117
40,2140
40,2148
40,2160
40,2164
40,2167
40,2170
40,2197
40,2212
40,2214
40,2223
40,2239
40,2285
40,2292
40,2293
40,2337
40,2390
40,2408
40,2420
40,2430
40,2436
40,2438
40,2443
40,2447
40,2455
40,2529
40,2539
40,2550
40,2600
40,2608
40,2616
40,2625
40,2633
40,2660
40,2677
40,2697
40,2703
40,2707
40,2743
40,2765
40,2768
40,2773
40,2774
40,2776
40,2797
40,2814
40,2831
40,2840
40,2844
40,2874
40,2890
40,2906
40,2914
40,2918
40,2931
40,2949
40,2962
40,2979
40,2980
40,2986
40,2990
40,2998
40,3035
40,3037
40,3040
40,3060
40,3088
40,3099
40,3103
40,3115
40,3116
40,3122
40,3123
40,3192
40,3208
40,3237
40,3248
40,3250
40,3253
40,3263
40,3265
40,3298
40,3315
40,3319
40,3326
40,3345
40,3377
40,3395
40,3401
40,3406
40,3413
40,3426
40,3443
40,3476
40,3483
40,3486
40,3502
40,3509
40,3516
40,3528
40,3530
40,3541
40,3546
40,3620
40,3621
40,3623
40,3644
40,3651
40,3652
40,3660
40,3679
40,3712
40,3720
40,3738
40,3756
40,3764
40,3819
40,3862
40,3885
40,3901
40,3918
40,3923
40,3927
40,3933
40,3945
40,3948
40,3949
40,3953
40,3954
40,3955
40,3979
40,4009
40,4012
40,4031
40,4034
40,4042
40,4058
40,4072
40,4073
40,4077
40,4082
40,4122
40,4143
40,4166
40,4172
40,4185
40,4205
40,4213
40,4217
40,4219
40,4224
40,4265
40,4276
40,4281
40,4288
40,4305
40,4313
40,4316
40,4322
40,4330
40,4346
40,4356
40,4379
40,4384
40,4400
40,4409
40,4442
40,4443
40,4481
40,4482
40,4483
40,4499
40,4503
40,4516
40,4520
40,4522
40,4528
40,4529
40,4534
40,4536
40,4561
40,4569
40,4573
40,4574
40,4587
40,4601
40,4609
40,4610
40,4640
40,4644
40,4681
40,4692
40,4695
40,4708
40,4712
40,4722
40,4747
40,4748
40,4768
40,4773
40,4778
40,4779
40,4780
40,4785
40,4787
40,4789
40,4807
40,4817
40,4834
40,4858
40,4866
40,4874
40,4929
40,4934
40,4956
40,4968
40,4971
40,4985
40,5003
40,5005
40,5011
40,5021
40,5029
40,5046
40,5055
40,5084
40,5161
40,5166
40,5215
40,5229
40,5234
40,5240
40,5250
40,5268
40,5296
40,5368
40,5370
40,5380
40,5383
40,5389
40,5404
40,5423
40,5428
40,5438
40,5440
40,5455
40,5489
40,5498
40,5499
40,5515
40,5517
40,5521
40,5523
40,5536
40,5553
40,5576
40,5583
40,5598
40,5647
40,5668
40,5676
40,5678
40,5688
40,5692
40,5701
40,5708
40,5752
40,5761
40,5779
40,5782
40,5783
40,5834
40,5864
40,5869
40,5872
40,5877
40,5880
40,5885
40,5891
40,5893
40,5901
40,5923
40,5941
40,5964
40,5970
40,5989
40,6008
40,6012
40,6024
40,6046
40,6070
40,6077
40,6087
40,6090
40,6106
40,6123
40,6131
40,6141
40,6149
40,6152
40,6181
40,6184
40,6200
40,6207
40,6230
40,6247
40,6269
40,6272
40,6303
40,6328
40,6346
40,6351
40,6366
40,6377
40,6387
40,6395
40,6403
40,6406
40,6415
40,6420
40,6430
40,6447
40,6486
40,6517
40,6520
40,6522
40,6528
40,6550
40,6558
40,6561
40,6570
40,6600
40,6630
40,6633
40,6637
40,6643
40,6650
40,6651
40,6660
40,6666
40,6684
40,6713
40,6725
40,6726
40,6732
40,6743
40,6790
40,6803
40,6810
40,6820
40,6833
40,6855
40,6862
40,6868
40,6913
40,6919
40,6953
40,6963
40,7011
40,7042
40,7085
40,7088
40,7090
40,7110
40,7156
40,7166
40,7191
40,7193
40,7196
40,7205
40,7246
40,7265
40,7270
40,7275
40,7289
40,7291
40,7298
40,7302
40,7304
40,7318
40,7325
40,7330
40,7331
40,7333
40,7342
40,7363
40,7392
40,7402
40,7406
40,7407
40,7411
40,7443
40,7453
40,7457
40,7459
40,7461
40,7464
40,7467
40,7493
40,7499
40,7515
40,7524
40,7528
40,7542
40,7550
40,7558
40,7561
40,7562
40,7575
40,7580
40,7581
40,7596
40,7619
40,7632
40,7637
40,7639
40,7653
40,7661
40,7673
40,7693
40,7699
40,7715
40,7723
40,7724
40,7732
40,7762
40,7799
40,7807
40,7818
40,7820
40,7822
40,7829
40,7837
40,7858
40,7873
40,7887
40,7901
40,7944
40,7961
40,7968
40,8011
40,8021
40,8035
40,8038
40,8045
40,8052
40,8071
40,8099
40,8114
40,8122
40,8123
40,8124
40,8137
40,8192
40,8195
40,8205
40,8217
40,8219
40,8226
40,8231
40,8240
40,8276
40,8304
40,8309
40,8329
40,8332
40,8355
40,8361
40,8363
40,8378
40,8403
40,8422
40,8433
40,8476
40,8519
40,8537
40,8585
40,8592
40,8623
40,8636
40,8670
40,8679
40,8680
40,8682
40,8683
40,8691
40,8692
40,8695
40,8697
40,8716
40,8722
40,8724
40,8747
40,8758
40,8764
40,8791
40,8826
40,8832
40,8845
40,8854
40,8857
40,8878
40,8893
40,8899
40,8906
40,8916
40,8918
40,8952
40,8954
40,8955
40,8968
40,8974
40,8995
40,8997
40,9013
40,9035
40,9037
40,9051
40,9052
40,9065
40,9073
40,9083
40,9086
40,9109
40,9127
40,9147
40,9155
40,9187
40,9191
40,9192
40,9200
40,9201
40,9205
40,9215
40,9234
40,9267
40,9272
40,9274
40,9304
40,9326
40,9345
40,9347
40,9348
40,9392
40,9403
40,9415
40,9417
40,9419
40,9421
40,9423
40,9452
40,9478
40,9520
40,9545
40,9548
40,9564
40,9579
40,9588
40,9592
40,9599
40,9616
40,9636
40,9657
40,9659
40,9672
40,9674
40,9680
40,9702
40,9734
40,9738
40,9739
40,9741
40,9775
40,9801
40,9802
40,9809
40,9815
40,9817
40,9822
40,9836
40,9849
40,9859
40,9916
40,9931
40,9934
40,9944
40,9959
40,9962
40,9972
40,9993
40,10006
40,10040
40,10076
40,10078
40,10100
40,10102
40,10104
40,10120
40,10133
40,10143
40,10163
40,10195
40,10201
40,10208
40,10218
40,10226
40,10250
40,10254
40,10256
40,10258
40,10262
40,10282
40,10298
40,10303
40,10320
40,10333
40,10339
40,10341
40,10356
40,10379
40,10387
40,10394
40,10437
40,10450
40,10454
40,10476
40,10479
40,10486
40,10516
40,10531
40,10541
40,10580
40,10593
40,10597
40,10605
40,10668
40,10671
40,10681
40,10692
40,10702
40,10706
40,10718
40,10721
40,10760
40,10807
40,10810
40,10830
40,10849
40,10861
40,10872
40,10874
40,10895
40,10947
40,10956
40,11011
40,11018
40,11019
40,11038
40,11049
40,11080
40,11084
40,11092
40,11097
40,11112
40,11128
40,11134
40,11137
40,11139
40,11145
40,11149
40,11152
40,11153
40,11162
40,11167
40,11176
40,11204
40,11206
40,11207
40,11208
40,11240
40,11259
40,11262
40,11264
40,11297
40,11313
40,11379
40,11392
40,11396
40,11419
40,11443
40,11476
40,11489
40,11503
40,11507
40,11511
40,11540
40,11543
40,11552
40,11582
40,11587
40,11625
40,11626
40,11633
40,11685
40,11698
40,11700
40,11711
40,11756
40,11807
40,11837
40,11854
40,11879
40,11896
40,11915
40,11918
40,11930
40,11941
40,11943
40,11950
40,11953
40,11963
40,12004
40,12013
40,12033
40,12042
40,12065
40,12083
40,12095
40,12097
40,12098
40,12152
40,12197
40,12199
40,12204
40,12215
40,12219
40,12231
40,12241
40,12244
40,12268
40,12278
40,12293
40,12314
40,12329
40,12337
40,12343
40,12356
40,12365
40,12376
40,12397
40,12407
40,12420
40,12443
40,12481
40,12508
40,12511
40,12538
40,12561
40,12572
40,12577
40,12578
40,12586
40,12618
40,12619
40,12637
40,12643
40,12682
40,12713
40,12714
40,12740
40,12744
40,12755
40,12774
40,12805
40,12813
40,12827
40,12830
40,12852
40,12853
40,12880
40,12885
40,12889
40,12892
40,12896
40,12925
40,12934
40,12965
40,12980
40,12981
40,12986
40,12997
40,13014
40,13020
40,13027
40,13032
40,13039
40,13040
40,13094
40,13115
40,13136
40,13145
40,13191
40,13198
40,13241
40,13243
40,13249
40,13292
40,13315
40,13318
40,13327
40,13329
40,13344
40,13368
40,13436
40,13460
40,13463
40,13473
40,13475
40,13476
40,13482
40,13502
40,13508
40,13531
40,13535
40,13553
40,13569
40,13622
40,13625
40,13636
40,13655
40,13671
40,13674
40,13687
40,13745
40,13762
40,13790
40,13797
40,13801
40,13808
40,13812
40,13816
40,13833
40,13866
40,13879
40,13886
40,13903
40,13916
40,13926
40,13954
40,13968
40,13984
40,13987
40,14025
40,14028
40,14033
40,14044
40,14106
40,14122
40,14141
40,14143
40,14161
40,14186
40,14202
40,14225
40,14233
40,14261
40,14269
40,14271
40,14288
40,14292
40,14296
40,14298
40,14337
40,14358
40,14372
40,14398
40,14427
40,14435
40,14441
40,14478
40,14488
40,14498
40,14531
40,14544
40,14546
40,14567
40,14589
40,14601
40,14647
40,14684
40,14698
40,14699
40,14701
40,14707
40,14739
40,14774
40,14785
40,14791
40,14795
40,14803
40,14878
40,14897
40,14959
40,14962
40,14967
40,14989
40,14999
40,15000
40,15006
40,15061
40,15065
40,15072
40,15089
40,15095
40,15134
40,15147
40,15209
40,15213
40,15244
40,15273
40,15284
40,15295
40,15334
40,15338
40,15341
40,15343
40,15346
40,15359
40,15362
40,15368
40,15383
40,15387
40,15442
40,15450
40,15468
40,15476
40,15482
40,15490
40,15495
40,15496
40,15498
40,15520
40,15549
40,15560
40,15564
40,15573
40,15591
40,15618
40,15625
40,15626
40,15630
40,15643
40,15649
40,15658
40,15667
40,15673
40,15676
40,15738
40,15739
40,15740
40,15751
40,15773
40,15779
40,15802
40,15823
40,15834
40,15866
40,15873
40,15877
40,15892
40,15901
40,15917
40,15921
40,15933
40,15950
40,15953
40,15979
40,15984
40,15997
40,16004
40,16020
40,16022
40,16026
40,16029
40,16033
40,16064
40,16072
40,16094
40,16116
40,16120
40,16122
40,16128
40,16166
40,16199
40,16201
40,16226
40,16258
40,16265
40,16267
40,16273
40,16280
40,16296
40,16329
40,16338
40,16347
40,16364
40,16376
40,16381
40,16387
40,16389
40,16415
40,16416
40,16436
40,16452
40,16544
40,16546
40,16555
40,16559
40,16560
40,16581
40,16585
40,16593
40,16600
40,16656
40,16675
40,16678
40,16682
40,16683
40,16690
40,16704
40,16723
40,16766
40,16770
40,16792
40,16816
40,16838
40,16855
40,16856
40,16862
40,16866
40,16869
40,16901
40,16912
40,16916
40,16937
40,16947
40,16950
40,17007
40,17025
40,17047
40,17095
40,17123
40,17134
40,17145
40,17168
40,17181
40,17189
40,17191
40,17192
40,17200
40,17234
40,17274
40,17308
40,17312
40,17333
40,17335
40,17336
40,17344
40,17351
40,17367
40,17368
40,17382
40,17401
40,17429
40,17478
40,17484
40,17501
40,17521
40,17527
40,17528
40,17549
40,17551
40,17566
40,17574
40,17580
40,17601
40,17610
40,17623
40,17627
40,17645
40,17663
40,17664
40,17674
40,17693
40,17701
40,17704
40,17709
40,17714
40,17719
40,17730
40,17806
40,17809
40,17821
40,17832
40,17839
40,17848
40,17858
40,17861
40,17863
40,17885
40,17892
40,17917
40,17918
40,17941
40,17943
40,17948
40,17970
40,17974
40,17988
40,18003
40,18022
40,18035
40,18071
40,18092
40,18094
40,18097
40,18099
40,18102
40,18122
40,18128
40,18134
40,18159
40,18164
40,18174
40,18179
40,18185
40,18194
40,18198
40,18204
40,18205
40,18226
40,18256
40,18282
40,18333
40,18339
40,18361
40,18365
40,18396
40,18406
40,18420
40,18444
40,18448
40,18449
40,18455
40,18459
40,18472
40,18476
40,18481
40,18503
40,18512
40,18527
40,18551
40,18557
40,18566
40,18571
40,18576
40,18579
40,18601
40,18607
40,18610
40,18620
40,18630
40,18649
40,18652
40,18660
40,18700
40,18711
40,18746
40,18757
40,18767
40,18795
40,18796
40,18800
40,18832
40,18836
40,18838
40,18854
40,18862
40,18864
40,18875
40,18927
40,18933
40,18953
40,18956
40,18962
40,18967
40,18970
40,18985
40,18986
40,18990
40,18994
40,19004
40,19008
40,19024
40,19044
40,19052
40,19069
40,19080
40,19104
40,19128
40,19143
40,19146
40,19153
40,19160
40,19178
40,19188
40,19207
40,19212
40,19213
40,19220
40,19231
40,19241
40,19244
40,19245
40,19254
40,19258
40,19280
40,19302
40,19314
40,19326
40,19345
40,19369
40,19393
40,19436
40,19440
40,19443
40,19445
40,19467
40,19472
40,19489
40,19493
40,19527
40,19537
40,19540
40,19556
40,19562
40,19569
40,19581
40,19594
40,19595
40,19603
40,19630
40,19633
40,19669
40,19679
40,19693
40,19704
40,19708
40,19714
40,19733
40,19743
40,19752
40,19761
40,19769
40,19772
40,19773
40,19775
40,19779
40,19782
40,19787
40,19791
40,19804
40,19805
40,19819
40,19832
40,19850
40,19851
40,19852
40,19855
40,19878
40,19903
40,19925
40,19939
40,19949
40,19972
40,19977
40,19992
40,19997
40,20002
40,20003
40,20005
40,20020
40,20025
40,20038
40,20041
40,20045
40,20051
40,20062
40,20075
40,20092
40,20104
40,20121
40,20126
40,20136
40,20155
40,20169
40,20186
40,20188
40,20204
40,20215
40,20219
40,20239
40,20256
40,20293
40,20296
40,20299
40,20320
40,20335
40,20344
40,20431
40,20438
40,20462
40,20463
40,20510
40,20545
40,20562
40,20577
40,20580
40,20599
40,20608
40,20617
40,20619
40,20624
40,20640
40,20641
40,20656
40,20658
40,20672
40,20678
40,20683
40,20713
40,20717
40,20725
40,20736
40,20749
40,20779
40,20783
40,20796
40,20808
40,20810
40,20821
40,20824
40,20828
40,20838
40,20863
40,20865
40,20879
40,20903
40,20904
40,20905
40,20915
40,20934
40,20939
40,20946
40,20973
40,20980
40,20981
40,20984
40,20994
40,21031
40,21036
40,21037
40,21044
40,21083
40,21094
40,21097
40,21100
40,21101
40,21132
40,21141
40,21148
40,21161
40,21189
40,21193
40,21221
40,21257
40,21277
40,21280
40,21281
40,21283
40,21287
40,21324
40,21331
40,21339
40,21341
40,21346
40,21353
40,21388
40,21403
40,21406
40,21426
40,21455
40,21462
40,21468
40,21471
40,21472
40,21482
40,21487
40,21488
40,21507
40,21508
40,21512
40,21527
40,21534
40,21538
40,21545
40,21569
40,21574
40,21582
40,21591
40,21602
40,21606
40,21629
40,21638
40,21689
40,21700
40,21707
40,21714
40,21739
40,21765
40,21783
40,21805
40,21821
40,21827
40,21829
40,21866
40,21882
40,21900
40,21911
40,21913
40,21916
40,21923
40,21924
40,21935
40,21942
40,21960
40,21966
40,21979
40,21993
40,22006
40,22020
40,22046
40,22059
40,22064
40,22071
40,22072
40,22079
40,22086
40,22094
40,22116
40,22117
40,22146
40,22171
40,22179
40,22200
40,22206
40,22217
40,22224
40,22227
40,22232
40,22236
40,22245
40,22260
40,22267
40,22272
40,22312
40,22321
40,22367
40,22384
40,22403
40,22410
40,22413
40,22418
40,22453
40,22457
40,22460
40,22463
40,22469
40,22470
40,22472
40,22475
40,22476
40,22493
40,22494
40,22502
40,22512
40,22524
40,22535
40,22576
40,22609
40,22623
40,22634
40,22640
40,22646
40,22655
40,22669
40,22670
40,22672
40,22682
40,22686
40,22711
40,22748
40,22772
40,22781
40,22804
40,22815
40,22834
40,22839
40,22845
40,22863
40,22867
40,22873
40,22894
40,22900
40,22913
40,22919
40,22952
40,22976
40,22978
40,22982
40,22986
40,22990
40,23013
40,23065
40,23071
40,23081
40,23083
40,23110
40,23118
40,23139
40,23159
40,23189
40,23192
40,23198
40,23221
40,23224
40,23241
40,23282
40,23338
40,23348
40,23356
40,23386
40,23423
40,23427
40,23429
40,23466
40,23479
40,23482
40,23512
40,23536
40,23543
40,23549
40,23572
40,23573
40,23583
40,23594
40,23607
40,23614
40,23623
40,23624
40,23638
40,23641
40,23642
40,23650
40,23653
40,23656
40,23665
40,23667
40,23687
40,23700
40,23705
40,23733
40,23740
40,23749
40,23799
40,23802
40,23827
40,23833
40,23850
40,23860
40,23900
40,23903
40,23921
40,23929
40,23941
40,23953
40,23958
40,23982
40,23999
40,24006
40,24033
40,24039
40,24045
40,24047
40,24048
40,24059
40,24093
40,24095
40,24106
40,24111
40,24161
40,24166
40,24186
40,24189
40,24199
40,24206
40,24218
40,24220
40,24224
40,24240
40,24242
40,24250
40,24259
40,24277
40,24279
40,24287
40,24290
40,24300
40,24303
40,24318
40,24331
40,24337
40,24345
40,24346
40,24375
40,24409
40,24482
40,24485
40,24505
40,24537
40,24538
40,24549
40,24556
40,24559
40,24562
40,24579
40,24604
40,24654
40,24663
40,24699
40,24707
40,24734
40,24750
40,24792
40,24797
40,24815
40,24817
40,24828
40,24834
40,24839
40,24842
40,24843
40,24893
40,24897
40,24905
40,24908
40,24915
40,24977
40,25021
40,25027
40,25030
40,25076
40,25092
40,25098
40,25105
40,25108
40,25118
40,25125
40,25159
40,25161
40,25181
40,25182
40,25204
40,25209
40,25210
40,25233
40,25269
40,25299
40,25307
40,25319
40,25329
40,25331
40,25333
40,25334
40,25340
40,25343
40,25347
40,25357
40,25376
40,25389
40,25418
40,25426
40,25434
40,25437
40,25454
40,25461
40,25466
40,25474
40,25483
40,25487
40,25496
40,25533
40,25542
40,25549
40,25550
40,25560
40,25572
40,25583
40,25619
40,25646
40,25650
40,25673
40,25685
40,25691
40,25705
40,25737
40,25761
40,25765
40,25792
40,25796
40,25807
40,25812
40,25837
40,25882
40,25885
40,25886
40,25893
40,25894
40,25899
40,25918
40,25939
40,25945
40,25950
40,25962
40,26035
40,26036
40,26053
40,26059
40,26073
40,26077
40,26086
40,26091
40,26112
40,26116
40,26148
40,26176
40,26177
40,26179
40,26181
40,26191
40,26197
40,26225
40,26249
40,26262
40,26278
40,26290
40,26317
40,26357
40,26372
40,26383
40,26390
40,26395
40,26397
40,26413
40,26426
40,26429
40,26446
40,26460
40,26507
40,26514
40,26531
40,26534
40,26555
40,26584
40,26589
40,26591
40,26609
40,26612
40,26616
40,26651
40,26675
40,26678
40,26688
40,26691
40,26692
40,26706
40,26712
40,26731
40,26749
40,26750
40,26766
40,26768
40,26779
40,26837
40,26856
40,26862
40,26877
40,26909
40,26937
40,26953
40,26992
40,26995
40,27004
40,27006
40,27014
40,27035
40,27041
40,27068
40,27085
40,27088
40,27108
40,27121
40,27122
40,27124
40,27135
40,27140
40,27148
40,27168
40,27176
40,27184
40,27192
40,27221
40,27239
40,27255
40,27280
40,27327
40,27332
40,27336
40,27363
40,27367
40,27395
40,27399
40,27410
40,27418
40,27419
40,27430
40,27454
40,27473
40,27494
40,27497
40,27510
40,27520
40,27523
40,27550
40,27557
40,27566
40,27578
40,27589
40,27592
40,27595
40,27608
40,27624
40,27657
40,27685
40,27697
40,27709
40,27728
40,27736
40,27772
40,27789
40,27793
40,27820
40,27824
40,27825
40,27832
40,27857
40,27869
40,27878
40,27894
40,27899
40,27914
40,27956
40,27967
40,27982
40,27998
40,28005
40,28015
40,28023
40,28033
40,28045
40,28066
40,28090
40,28103
40,28112
40,28113
40,28122
40,28135
40,28136
40,28143
40,28232
40,28235
40,28244
40,28253
40,28291
40,28300
40,28326
40,28369
40,28373
40,28376
40,28395
40,28415
40,28419
40,28420
40,28423
40,28430
40,28437
40,28443
40,28445
40,28451
40,28504
40,28513
40,28516
40,28519
40,28538
40,28542
40,28553
40,28568
40,28577
40,28595
40,28612
40,28621
40,28624
40,28650
40,28664
40,28675
40,28678
40,28703
40,28714
40,28738
40,28764
40,28767
40,28773
40,28790
40,28795
40,28799
40,28803
40,28857
40,28873
40,28887
40,28901
40,28913
40,28957
40,28963
40,28980
40,29004
40,29009
40,29026
40,29061
40,29067
40,29068
40,29070
40,29077
40,29124
40,29140
40,29145
40,29151
40,29155
40,29170
40,29175
40,29179
40,29185
40,29186
40,29225
40,29241
40,29248
40,29257
40,29276
40,29304
40,29316
40,29328
40,29334
40,29339
40,29358
40,29379
40,29380
40,29388
40,29394
40,29395
40,29415
40,29440
40,29450
40,29502
40,29522
40,29531
40,29535
40,29541
41,5
41,42
41,48
41,58
41,67
41,80
41,92
41,98
41,113
41,127
41,138
41,150
41,158
41,162
41,171
41,207
41,212
41,213
41,217
41,218
41,255
41,259
41,279
41,299
41,312
41,325
41,336
41,383
41,387
41,390
41,403
41,415
41,431
41,442
41,463
41,482
41,484
41,520
41,530
41,573
41,587
41,588
41,596
41,606
41,634
41,649
41,659
41,680
41,710
41,716
41,727
41,787
41,791
41,793
41,796
41,804
41,827
41,843
41,855
41,856
41,869
41,879
41,884
41,889
41,890
41,928
41,947
41,973
41,1001
41,1020
41,1037
41,1059
41,1086
41,1123
41,1129
41,1132
41,1159
41,1163
41,1165
41,1169
41,1176
41,1188
41,1199
41,1225
41,1233
41,1243
41,1246
41,1257
41,1259
41,1268
41,1270
41,1290
41,1293
41,1298
41,1299
41,1314
41,1323
41,1352
41,1356
41,1429
41,1447
41,1482
41,1496
41,1498
41,1516
41,1590
41,1613
41,1641
41,1656
41,1676
41,1710
41,1717
41,1723
41,1733
41,1766
41,1777
41,1804
41,1822
41,1845
41,1875
41,1880
41,1889
41,1892
41,1900
41,1924
41,1930
41,1950
41,1962
41,1968
41,1974
41,1997
41,2017
41,2042
41,2047
41,2051
41,2068
41,2092
41,2098
41,2107
41,2118
41,2120
41,2127
41,2128
41,2144
41,2150
41,2155
41,2180
41,2196
41,2206
41,2231
41,2268
41,2284
41,2288
41,2304
41,2331
41,2338
41,2347
41,2355
41,2376
41,2388
41,2401
41,2448
41,2478
41,2484
41,2504
41,2506
41,2544
41,2602
41,2614
41,2632
41,2642
41,2659
41,2708
41,2737
41,2766
41,2780
41,2812
41,2815
41,2855
41,2857
41,2864
41,2875
41,2894
41,2897
41,2935
41,2952
41,2978
41,2980
41,2981
41,3002
41,3008
41,3032
41,3034
41,3063
41,3092
41,3093
41,3125
41,3127
41,3129
41,3142
41,3174
41,3191
41,3203
41,3221
41,3264
41,3274
41,3282
41,3301
41,3327
41,3328
41,3339
41,3347
41,3351
41,3359
41,3378
41,3388
41,3394
41,3409
41,3418
41,3420
41,3433
41,3448
41,3452
41,3467
41,3469
41,3482
41,3486
41,3529
41,3534
41,3535
41,3536
41,3555
41,3557
41,3561
41,3574
41,3603
41,3611
41,3635
41,3665
41,3669
41,3671
41,3686
41,3715
41,3731
41,3753
41,3767
41,3773
41,3774
41,3790
41,3800
41,3808
41,3817
41,3819
41,3835
41,3860
41,3907
41,3910
41,3914
41,3935
41,3941
41,3949
41,3965
41,3973
41,3977
41,3978
41,3986
41,3990
41,3997
41,4049
41,4051
41,4070
41,4073
41,4080
41,4090
41,4100
41,4102
41,4125
41,4134
41,4151
41,4156
41,4164
41,4181
41,4184
41,4185
41,4186
41,4188
41,4193
41,4196
41,4201
41,4235
41,4274
41,4278
41,4280
41,4281
41,4295
41,4296
41,4305
41,4307
41,4324
41,4327
41,4329
41,4341
41,4356
41,4409
41,4451
41,4467
41,4504
41,4520
41,4522
41,4545
41,4561
41,4564
41,4573
41,4592
41,4625
41,4688
41,4692
41,4705
41,4730
41,4734
41,4736
41,4747
41,4752
41,4775
41,4795
41,4825
41,4829
41,4830
41,4836
41,4858
41,4880
41,4918
41,4927
41,4933
41,4936
41,4947
41,4955
41,4958
41,4964
41,4973
41,4990
41,4995
41,5003
41,5012
41,5018
41,5021
41,5067
41,5069
41,5080
41,5095
41,5106
41,5140
41,5166
41,5173
41,5201
41,5217
41,5240
41,5296
41,5300
41,5302
41,5320
41,5333
41,5348
41,5350
41,5364
41,5378
41,5379
41,5419
41,5436
41,5451
41,5488
41,5518
41,5526
41,5531
41,5551
41,5571
41,5594
41,5603
41,5608
41,5625
41,5655
41,5659
41,5683
41,5689
41,5734
41,5783
41,5787
41,5792
41,5806
41,5813
41,5843
41,5856
41,5857
41,5861
41,5872
41,5880
41,5881
41,5886
41,5890
41,5893
41,5897
41,5902
41,5913
41,5915
41,5926
41,5950
41,5961
41,5975
41,5989
41,6012
41,6042
41,6063
41,6075
41,6120
41,6134
41,6136
41,6238
41,6250
41,6254
41,6256
41,6264
41,6265
41,6271
41,6284
41,6293
41,6305
41,6315
41,6318
41,6321
41,6356
41,6362
41,6364
41,6369
41,6379
41,6383
41,6425
41,6428
41,6442
41,6458
41,6487
41,6493
41,6496
41,6500
41,6511
41,6513
41,6516
41,6518
41,6521
41,6587
41,6603
41,6624
41,6633
41,6637
41,6642
41,6653
41,6655
41,6666
41,6672
41,6675
41,6678
41,6693
41,6698
41,6713
41,6750
41,6798
41,6821
41,6842
41,6848
41,6853
41,6860
41,6861
41,6870
41,6875
41,6883
41,6887
41,6897
41,6917
41,6939
41,6971
41,6989
41,7021
41,7022
41,7055
41,7060
41,7061
41,7077
41,7082
41,7083
41,7085
41,7087
41,7088
41,7106
41,7109
41,7117
41,7120
41,7142
41,7148
41,7174
41,7209
41,7222
41,7236
41,7239
41,7276
41,7282
41,7292
41,7295
41,7296
41,7340
41,7345
41,7348
41,7353
41,7370
41,7379
41,7387
41,7392
41,7402
41,7421
41,7430
41,7431
41,7446
41,7454
41,7460
41,7461
41,7482
41,7507
41,7510
41,7571
41,7575
41,7622
41,7634
41,7655
41,7681
41,7693
41,7700
41,7713
41,7724
41,7734
41,7750
41,7760
41,7762
41,7772
41,7800
41,7815
41,7824
41,7826
41,7856
41,7874
41,7892
41,7913
41,7923
41,7953
41,7966
41,7982
41,8007
41,8011
41,8030
41,8032
41,8033
41,8060
41,8067
41,8070
41,8083
41,8093
41,8119
41,8120
41,8135
41,8140
41,8142
41,8177
41,8190
41,8248
41,8257
41,8262
41,8265
41,8281
41,8283
41,8286
41,8332
41,8394
41,8403
41,8434
41,8447
41,8452
41,8458
41,8484
41,8524
41,8544
41,8577
41,8590
41,8611
41,8682
41,8686
41,8690
41,8698
41,8739
41,8746
41,8749
41,8755
41,8762
41,8773
41,8776
41,8786
41,8792
41,8802
41,8804
41,8820
41,8829
41,8831
41,8842
41,8850
41,8860
41,8880
41,8885
41,8888
41,8902
41,8903
41,8919
41,8928
41,8942
41,8962
41,8971
41,8995
41,8999
41,9031
41,9049
41,9054
41,9073
41,9080
41,9094
41,9098
41,9106
41,9171
41,9206
41,9215
41,9222
41,9258
41,9259
41,9260
41,9273
41,9286
41,9287
41,9306
41,9307
41,9313
41,9317
41,9329
41,9336
41,9339
41,9343
41,9351
41,9361
41,9377
41,9398
41,9449
41,9464
41,9477
41,9478
41,9512
41,9529
41,9534
41,9538
41,9564
41,9589
41,9593
41,9628
41,9640
41,9648
41,9652
41,9673
41,9674
41,9678
41,9680
41,9681
41,9725
41,9727
41,9729
41,9779
41,9792
41,9820
41,9821
41,9823
41,9827
41,9917
41,9940
41,9944
41,9950
41,9954
41,10006
41,10016
41,10042
41,10046
41,10058
41,10097
41,10106
41,10116
41,10131
41,10134
41,10157
41,10189
41,10193
41,10203
41,10208
41,10213
41,10220
41,10240
41,10243
41,10289
41,10336
41,10381
41,10390
41,10396
41,10402
41,10405
41,10421
41,10424
41,10437
41,10450
41,10452
41,10508
41,10512
41,10514
41,10526
41,10532
41,10544
41,10547
41,10555
41,10572
41,10579
41,10593
41,10610
41,10613
41,10617
41,10620
41,10622
41,10654
41,10663
41,10684
41,10717
41,10725
41,10732
41,10733
41,10741
41,10799
41,10800
41,10801
41,10808
41,10821
41,10868
41,10875
41,10878
41,10888
41,10895
41,10920
41,10922
41,10940
41,10970
41,11005
41,11010
41,11056
41,11062
41,11068
41,11072
41,11073
41,11077
41,11085
41,11113
41,11115
41,11135
41,11144
41,11145
41,11158
41,11167
41,11181
41,11220
41,11232
41,11250
41,11254
41,11256
41,11303
41,11304
41,11306
41,11308
41,11317
41,11334
41,11345
41,11351
41,11359
41,11360
41,11364
41,11379
41,11385
41,11387
41,11411
41,11432
41,11450
41,11541
41,11542
41,11561
41,11571
41,11578
41,11582
41,11590
41,11627
41,11632
41,11669
41,11675
41,11698
41,11714
41,11736
41,11745
41,11785
41,11790
41,11806
41,11819
41,11832
41,11836
41,11872
41,11881
41,11921
41,11998
41,11999
41,12011
41,12027
41,12060
41,12064
41,12066
41,12080
41,12084
41,12101
41,12112
41,12124
41,12131
41,12134
41,12149
41,12153
41,12186
41,12193
41,12206
41,12215
41,12228
41,12258
41,12261
41,12272
41,12275
41,12280
41,12283
41,12327
41,12334
41,12337
41,12349
41,12363
41,12376
41,12389
41,12393
41,12395
41,12398
41,12402
41,12423
41,12436
41,12460
41,12483
41,12486
41,12508
41,12518
41,12532
41,12534
41,12535
41,12541
41,12553
41,12582
41,12612
41,12626
41,12632
41,12635
41,12647
41,12665
41,12675
41,12696
41,12724
41,12727
41,12741
41,12756
41,12760
41,12765
41,12778
41,12792
41,12796
41,12850
41,12851
41,12862
41,12863
41,12878
41,12886
41,12891
41,12901
41,12925
41,12983
41,13000
41,13006
41,13021
41,13035
41,13036
41,13054
41,13062
41,13096
41,13097
41,13104
41,13122
41,13123
41,13128
41,13150
41,13158
41,13170
41,13175
41,13184
41,13197
41,13229
41,13233
41,13240
41,13245
41,13254
41,13256
41,13258
41,13267
41,13270
41,13279
41,13286
41,13293
41,13311
41,13313
41,13325
41,13333
41,13359
41,13360
41,13363
41,13366
41,13388
41,13399
41,13409
41,13413
41,13417
41,13421
41,13495
41,13523
41,13530
41,13534
41,13536
41,13556
41,13580
41,13602
41,13626
41,13630
41,13673
41,13681
41,13715
41,13730
41,13732
41,13744
41,13771
41,13820
41,13822
41,13824
41,13831
41,13856
41,13878
41,13901
41,13905
41,13915
41,13924
41,13933
41,13955
41,13958
41,13968
41,13976
41,13992
41,14033
41,14073
41,14076
41,14078
41,14086
41,14095
41,14108
41,14129
41,14152
41,14156
41,14173
41,14178
41,14202
41,14204
41,14210
41,14228
41,14256
41,14263
41,14270
41,14288
41,14331
41,14335
41,14338
41,14339
41,14340
41,14344
41,14352
41,14372
41,14392
41,14402
41,14421
41,14426
41,14428
41,14439
41,14452
41,14477
41,14491
41,14497
41,14507
41,14511
41,14517
41,14522
41,14555
41,14556
41,14562
41,14564
41,14575
41,14589
41,14644
41,14666
41,14674
41,14693
41,14715
41,14728
41,14730
41,14742
41,14766
41,14775
41,14778
41,14795
41,14821
41,14834
41,14839
41,14841
41,14845
41,14937
41,14973
41,14997
41,15003
41,15014
41,15026
41,15030
41,15032
41,15043
41,15058
41,15061
41,15069
41,15074
41,15086
41,15136
41,15146
41,15154
41,15156
41,15159
41,15182
41,15202
41,15213
41,15217
41,15234
41,15271
41,15276
41,15278
41,15292
41,15318
41,15330
41,15387
41,15391
41,15398
41,15399
41,15407
41,15459
41,15479
41,15546
41,15549
41,15577
41,15583
41,15606
41,15626
41,15645
41,15666
41,15755
41,15815
41,15824
41,15868
41,15902
41,15913
41,15914
41,15921
41,15927
41,15944
41,15945
41,15990
41,15992
41,16000
41,16034
41,16052
41,16066
41,16073
41,16074
41,16096
41,16097
41,16140
41,16165
41,16205
41,16206
41,16207
41,16208
41,16222
41,16223
41,16241
41,16250
41,16260
41,16272
41,16290
41,16301
41,16308
41,16323
41,16334
41,16388
41,16395
41,16409
41,16426
41,16427
41,16438
41,16454
41,16464
41,16472
41,16482
41,16483
41,16494
41,16499
41,16511
41,16520
41,16522
41,16570
41,16571
41,16574
41,16604
41,16616
41,16652
41,16653
41,16662
41,16665
41,16680
41,16684
41,16715
41,16718
41,16720
41,16783
41,16796
41,16799
41,16804
41,16805
41,16812
41,16824
41,16826
41,16869
41,16870
41,16874
41,16884
41,16905
41,16917
41,16921
41,16933
41,16956
41,16971
41,16976
41,16987
41,17002
41,17017
41,17026
41,17074
41,17117
41,17126
41,17138
41,17147
41,17155
41,17183
41,17190
41,17195
41,17197
41,17211
41,17254
41,17297
41,17311
41,17329
41,17379
41,17384
41,17389
41,17405
41,17421
41,17428
41,17431
41,17444
41,17471
41,17496
41,17529
41,17536
41,17537
41,17579
41,17617
41,17627
41,17635
41,17637
41,17666
41,17679
41,17689
41,17707
41,17719
41,17722
41,17729
41,17747
41,17774
41,17777
41,17789
41,17832
41,17858
41,17867
41,17891
41,17904
41,17924
41,17939
41,17952
41,17972
41,17979
41,17983
41,17989
41,18001
41,18006
41,18035
41,18049
41,18062
41,18063
41,18075
41,18107
41,18116
41,18165
41,18182
41,18183
41,18205
41,18208
41,18219
41,18257
41,18259
41,18335
41,18337
41,18358
41,18409
41,18436
41,18497
41,18501
41,18504
41,18518
41,18538
41,18567
41,18603
41,18615
41,18644
41,18654
41,18662
41,18669
41,18673
41,18696
41,18716
41,18724
41,18728
41,18746
41,18748
41,18765
41,18772
41,18789
41,18796
41,18800
41,18851
41,18857
41,18886
41,18899
41,18907
41,18959
41,18968
41,19006
41,19028
41,19043
41,19062
41,19063
41,19080
41,19104
41,19106
41,19163
41,19164
41,19168
41,19174
41,19216
41,19223
41,19236
41,19240
41,19310
41,19321
41,19322
41,19327
41,19328
41,19360
41,19377
41,19387
41,19390
41,19405
41,19408
41,19417
41,19423
41,19424
41,19467
41,19468
41,19473
41,19481
41,19484
41,19508
41,19520
41,19526
41,19543
41,19565
41,19590
41,19631
41,19640
41,19650
41,19670
41,19704
41,19711
41,19741
41,19805
41,19808
41,19814
41,19827
41,19828
41,19837
41,19838
41,19842
41,19847
41,19866
41,19870
41,19871
41,19883
41,19894
41,19899
41,19904
41,19913
41,19923
41,19930
41,19940
41,19948
41,19951
41,19960
41,19982
41,19993
41,19997
41,20010
41,20018
41,20076
41,20088
41,20106
41,20121
41,20153
41,20174
41,20239
41,20243
41,20244
41,20262
41,20275
41,20278
41,20281
41,20287
41,20313
41,20319
41,20353
41,20358
41,20359
41,20403
41,20408
41,20414
41,20423
41,20426
41,20445
41,20452
41,20464
41,20478
41,20480
41,20484
41,20488
41,20518
41,20520
41,20543
41,20545
41,20593
41,20616
41,20619
41,20622
41,20693
41,20707
41,20717
41,20725
41,20730
41,20752
41,20765
41,20790
41,20795
41,20797
41,20820
41,20837
41,20850
41,20859
41,20860
41,20883
41,20913
41,20923
41,20925
41,20936
41,20956
41,20970
41,21004
41,21023
41,21036
41,21038
41,21086
41,21091
41,21123
41,21133
41,21169
41,21174
41,21181
41,21208
41,21223
41,21229
41,21274
41,21278
41,21286
41,21291
41,21315
41,21439
41,21442
41,21459
41,21518
41,21530
41,21535
41,21538
41,21585
41,21591
41,21595
41,21598
41,21602
41,21635
41,21646
41,21657
41,21665
41,21674
41,21675
41,21677
41,21702
41,21732
41,21748
41,21759
41,21765
41,21824
41,21841
41,21852
41,21856
41,21871
41,21879
41,21896
41,21912
41,21916
41,21930
41,21935
41,21942
41,21960
41,21962
41,21971
41,21989
41,21995
41,22020
41,22023
41,22072
41,22077
41,22083
41,22126
41,22139
41,22142
41,22144
41,22156
41,22166
41,22167
41,22170
41,22188
41,22189
41,22196
41,22201
41,22230
41,22245
41,22259
41,22260
41,22279
41,22328
41,22353
41,22356
41,22358
41,22364
41,22385
41,22411
41,22430
41,22476
41,22481
41,22491
41,22509
41,22547
41,22573
41,22576
41,22577
41,22583
41,22587
41,22600
41,22618
41,22619
41,22627
41,22656
41,22736
41,22742
41,22745
41,22755
41,22783
41,22792
41,22814
41,22819
41,22822
41,22832
41,22862
41,22877
41,22896
41,22898
41,22911
41,22952
41,22953
41,22959
41,22975
41,22986
41,23003
41,23034
41,23045
41,23048
41,23072
41,23110
41,23162
41,23197
41,23213
41,23216
41,23221
41,23224
41,23251
41,23253
41,23275
41,23279
41,23286
41,23304
41,23334
41,23343
41,23349
41,23359
41,23405
41,23437
41,23451
41,23466
41,23468
41,23471
41,23481
41,23485
41,23491
41,23498
41,23501
41,23506
41,23534
41,23541
41,23555
41,23566
41,23573
41,23610
41,23615
41,23633
41,23637
41,23679
41,23688
41,23705
41,23727
41,23737
41,23740
41,23755
41,23820
41,23825
41,23833
41,23872
41,23875
41,23900
41,23922
41,23929
41,23948
41,23962
41,23967
41,23976
41,23982
41,24015
41,24024
41,24035
41,24047
41,24052
41,24086
41,24095
41,24096
41,24109
41,24122
41,24124
41,24145
41,24183
41,24192
41,24252
41,24255
41,24266
41,24279
41,24308
41,24310
41,24330
41,24332
41,24344
41,24355
41,24403
41,24420
41,24446
41,24461
41,24526
41,24532
41,24555
41,24576
41,24600
41,24611
41,24640
41,24643
41,24667
41,24682
41,24716
41,24721
41,24728
41,24746
41,24751
41,24764
41,24791
41,24797
41,24817
41,24831
41,24832
41,24837
41,24849
41,24857
41,24859
41,24862
41,24878
41,24889
41,24895
41,24910
41,24939
41,24995
41,25034
41,25042
41,25045
41,25064
41,25077
41,25145
41,25147
41,25153
41,25158
41,25161
41,25174
41,25186
41,25187
41,25189
41,25207
41,25225
41,25234
41,25247
41,25251
41,25252
41,25262
41,25274
41,25319
41,25324
41,25330
41,25348
41,25413
41,25440
41,25448
41,25479
41,25495
41,25538
41,25554
41,25558
41,25571
41,25576
41,25616
41,25628
41,25640
41,25642
41,25658
41,25659
41,25669
41,25673
41,25684
41,25686
41,25691
41,25699
41,25719
41,25736
41,25761
41,25765
41,25770
41,25774
41,25776
41,25781
41,25782
41,25789
41,25820
41,25848
41,25871
41,25873
41,25875
41,25907
41,25927
41,25932
41,25968
41,25977
41,25999
41,26010
41,26013
41,26026
41,26052
41,26076
41,26092
41,26105
41,26117
41,26164
41,26168
41,26174
41,26219
41,26223
41,26228
41,26238
41,26241
41,26250
41,26257
41,26263
41,26305
41,26349
41,26357
41,26361
41,26374
41,26392
41,26400
41,26410
41,26427
41,26447
41,26454
41,26456
41,26483
41,26491
41,26504
41,26509
41,26524
41,26560
41,26579
41,26615
41,26633
41,26651
41,26667
41,26678
41,26687
41,26707
41,26722
41,26725
41,26771
41,26778
41,26783
41,26798
41,26800
41,26803
41,26849
41,26855
41,26884
41,26893
41,26895
41,26896
41,26929
41,26965
41,26976
41,26979
41,26986
41,26998
41,27011
41,27045
41,27049
41,27058
41,27061
41,27080
41,27083
41,27087
41,27101
41,27102
41,27111
41,27113
41,27129
41,27135
41,27136
41,27152
41,27161
41,27172
41,27179
41,27188
41,27208
41,27211
41,27214
41,27279
41,27286
41,27289
41,27291
41,27335
41,27342
41,27364
41,27368
41,27378
41,27390
41,27422
41,27462
41,27474
41,27483
41,27497
41,27528
41,27532
41,27572
41,27582
41,27583
41,27609
41,27624
41,27642
41,27649
41,27656
41,27661
41,27699
41,27706
41,27793
41,27797
41,27804
41,27812
41,27814
41,27815
41,27821
41,27841
41,27845
41,27871
41,27888
41,27892
41,27952
41,27961
41,27996
41,28013
41,28032
41,28041
41,28045
41,28054
41,28065
41,28074
41,28095
41,28104
41,28115
41,28131
41,28138
41,28152
41,28160
41,28162
41,28181
41,28198
41,28217
41,28228
41,28236
41,28241
41,28260
41,28293
41,28301
41,28309
41,28317
41,28324
41,28335
41,28336
41,28338
41,28356
41,28360
41,28403
41,28404
41,28429
41,28435
41,28436
41,28441
41,28448
41,28491
41,28495
41,28521
41,28530
41,28534
41,28537
41,28547
41,28549
41,28554
41,28565
41,28598
41,28617
41,28618
41,28619
41,28651
41,28664
41,28676
41,28682
41,28686
41,28694
41,28745
41,28749
41,28750
41,28791
41,28797
41,28800
41,28844
41,28861
41,28904
41,28910
41,28918
41,28922
41,28923
41,28927
41,28945
41,28992
41,29008
41,29014
41,29019
41,29020
41,29031
41,29035
41,29073
41,29074
41,29099
41,29143
41,29155
41,29156
41,29215
41,29222
41,29227
41,29237
41,29238
41,29277
41,29286
41,29311
41,29313
41,29333
41,29354
41,29377
41,29380
41,29404
41,29408
41,29436
41,29443
41,29447
41,29465
41,29476
41,29477
41,29481
41,29486
41,29506
41,29510
41,29516
41,29518
41,29560
42,7
42,37
42,38
42,50
42,60
42,77
42,80
42,91
42,98
42,125
42,135
42,147
42,151
42,155
42,166
42,170
42,190
42,200
42,202
42,207
42,210
42,239
42,253
42,256
42,278
42,292
42,294
42,303
42,315
42,324
42,330
42,338
42,339
42,340
42,343
42,345
42,352
42,372
42,383
42,448
42,450
42,481
42,493
42,494
42,498
42,501
42,509
42,521
42,529
42,538
42,553
42,579
42,586
42,590
42,639
42,648
42,679
42,720
42,722
42,736
42,750
42,751
42,768
42,777
42,791
42,810
42,813
42,818
42,848
42,855
42,858
42,863
42,870
42,916
42,924
42,949
42,953
42,972
42,982
42,983
42,984
42,1022
42,1069
42,1072
42,1083
42,1086
42,1109
42,1114
42,1121
42,1130
42,1147
42,1153
42,1175
42,1210
42,1219
42,1220
42,1229
42,1237
42,1238
42,1258
42,1269
42,1312
42,1330
42,1347
42,1355
42,1359
42,1378
42,1406
42,1418
42,1448
42,1464
42,1466
42,1472
42,1490
42,1491
42,1529
42,1539
42,1564
42,1573
42,1579
42,1583
42,1590
42,1601
42,1606
42,1615
42,1618
42,1640
42,1654
42,1660
42,1679
42,1709
42,1736
42,1738
42,1749
42,1750
42,1754
42,1765
42,1767
42,1770
42,1783
42,1792
42,1826
42,1840
42,1845
42,1855
42,1866
42,1897
42,1901
42,1933
42,1943
42,1945
42,1958
42,2005
42,2013
42,2032
42,2048
42,2067
42,2073
42,2080
42,2087
42,2100
42,2138
42,2148
42,2153
42,2177
42,2203
42,2227
42,2252
42,2259
42,2273
42,2274
42,2340
42,2350
42,2356
42,2367
42,2395
42,2400
42,2401
42,2409
42,2432
42,2504
42,2521
42,2525
42,2546
42,2555
42,2556
42,2558
42,2570
42,2592
42,2601
42,2611
42,2653
42,2660
42,2670
42,2697
42,2698
42,2723
42,2725
42,2755
42,2765
42,2777
42,2790
42,2806
42,2814
42,2846
42,2879
42,2891
42,2894
42,2911
42,2915
42,2933
42,2936
42,2938
42,2946
42,2975
42,2983
42,3003
42,3008
42,3019
42,3031
42,3061
42,3062
42,3077
42,3086
42,3107
42,3110
42,3116
42,3127
42,3136
42,3137
42,3177
42,3195
42,3214
42,3229
42,3244
42,3299
42,3324
42,3327
42,3344
42,3354
42,3356
42,3362
42,3370
42,3374
42,3388
42,3390
42,3403
42,3462
42,3500
42,3503
42,3505
42,3557
42,3559
42,3564
42,3565
42,3587
42,3594
42,3597
42,3614
42,3619
42,3635
42,3646
42,3649
42,3656
42,3672
42,3688
42,3695
42,3724
42,3735
42,3768
42,3788
42,3797
42,3798
42,3804
42,3808
42,3816
42,3820
42,3822
42,3825
42,3829
42,3849
42,3878
42,3886
42,3897
42,3905
42,3911
42,3921
42,3928
42,3929
42,3932
42,3933
42,3941
42,3980
42,4025
42,4030
42,4043
42,4048
42,4068
42,4090
42,4105
42,4109
42,4126
42,4134
42,4140
42,4158
42,4168
42,4175
42,4204
42,4213
42,4216
42,4229
42,4237
42,4247
42,4256
42,4267
42,4278
42,4306
42,4331
42,4339
42,4345
42,4351
42,4359
42,4365
42,4377
42,4392
42,4402
42,4403
42,4420
42,4430
42,4449
42,4485
42,4504
42,4520
42,4535
42,4540
42,4549
42,4580
42,4592
42,4603
42,4607
42,4615
42,4648
42,4654
42,4684
42,4691
42,4718
42,4719
42,4724
42,4734
42,4738
42,4744
42,4760
42,4765
42,4774
42,4775
42,4805
42,4829
42,4842
42,4850
42,4885
42,4911
42,4912
42,4919
42,4920
42,4921
42,4934
42,4943
42,4946
42,4952
42,4964
42,4983
42,4995
42,4996
42,5027
42,5047
42,5050
42,5071
42,5075
42,5084
42,5092
42,5110
42,5135
42,5143
42,5165
42,5187
42,5205
42,5211
42,5213
42,5228
42,5262
42,5269
42,5271
42,5273
42,5284
42,5292
42,5296
42,5303
42,5306
42,5308
42,5318
42,5330
42,5366
42,5371
42,5373
42,5376
42,5378
42,5380
42,5466
42,5467
42,5472
42,5473
42,5485
42,5510
42,5547
42,5548
42,5571
42,5582
42,5584
42,5585
42,5618
42,5622
42,5638
42,5649
42,5657
42,5669
42,5699
42,5700
42,5724
42,5754
42,5756
42,5762
42,5777
42,5783
42,5794
42,5838
42,5850
42,5871
42,5877
42,5882
42,5896
42,5909
42,5929
42,5942
42,5956
42,5982
42,6037
42,6053
42,6056
42,6083
42,6096
42,6099
42,6103
42,6115
42,6132
42,6148
42,6154
42,6179
42,6180
42,6210
42,6224
42,6237
42,6243
42,6260
42,6265
42,6266
42,6280
42,6302
42,6312
42,6319
42,6326
42,6332
42,6353
42,6365
42,6380
42,6382
42,6391
42,6402
42,6410
42,6418
42,6424
42,6456
42,6490
42,6514
42,6524
42,6545
42,6553
42,6588
42,6608
42,6613
42,6618
42,6624
42,6628
42,6633
42,6641
42,6669
42,6704
42,6710
42,6729
42,6744
42,6746
42,6758
42,6832
42,6850
42,6859
42,6886
42,6888
42,6891
42,6893
42,6908
42,6910
42,6930
42,6938
42,6943
42,6953
42,6956
42,6970
42,6971
42,6978
42,6990
42,6999
42,7003
42,7033
42,7034
42,7062
42,7070
42,7076
42,7084
42,7085
42,7104
42,7121
42,7150
42,7151
42,7156
42,7160
42,7161
42,7174
42,7188
42,7191
42,7193
42,7194
42,7206
42,7216
42,7244
42,7249
42,7253
42,7255
42,7264
42,7278
42,7283
42,7299
42,7306
42,7331
42,7332
42,7337
42,7341
42,7346
42,7353
42,7363
42,7364
42,7453
42,7456
42,7472
42,7475
42,7508
42,7513
42,7525
42,7546
42,7586
42,7599
42,7602
42,7630
42,7636
42,7664
42,7666
42,7671
42,7674
42,7682
42,7693
42,7739
42,7747
42,7752
42,7786
42,7795
42,7809
42,7814
42,7827
42,7839
42,7855
42,7867
42,7870
42,7878
42,7908
42,7977
42,7982
42,7983
42,7993
42,7998
42,8032
42,8040
42,8054
42,8061
42,8092
42,8097
42,8105
42,8109
42,8110
42,8127
42,8140
42,8142
42,8152
42,8174
42,8178
42,8188
42,8203
42,8214
42,8273
42,8280
42,8291
42,8295
42,8318
42,8337
42,8346
42,8351
42,8384
42,8416
42,8420
42,8429
42,8431
42,8461
42,8463
42,8464
42,8474
42,8499
42,8506
42,8509
42,8519
42,8535
42,8551
42,8571
42,8587
42,8590
42,8592
42,8593
42,8603
42,8608
42,8613
42,8628
42,8631
42,8641
42,8643
42,8713
42,8720
42,8737
42,8763
42,8794
42,8800
42,8803
42,8807
42,8840
42,8850
42,8856
42,8862
42,8903
42,8932
42,8992
42,8999
42,9004
42,9024
42,9025
42,9075
42,9080
42,9123
42,9127
42,9131
42,9135
42,9152
42,9175
42,9202
42,9210
42,9215
42,9230
42,9244
42,9248
42,9253
42,9258
42,9269
42,9280
42,9282
42,9295
42,9307
42,9319
42,9326
42,9383
42,9398
42,9408
42,9439
42,9440
42,9443
42,9465
42,9469
42,9473
42,9474
42,9483
42,9493
42,9498
42,9521
42,9522
42,9564
42,9569
42,9587
42,9624
42,9637
42,9642
42,9643
42,9658
42,9670
42,9674
42,9688
42,9710
42,9731
42,9760
42,9764
42,9769
42,9779
42,9797
42,9803
42,9805
42,9806
42,9813
42,9849
42,9870
42,9879
42,9890
42,9899
42,9907
42,9921
42,9928
42,9944
42,9972
42,9974
42,9976
42,9994
42,9998
42,10019
42,10022
42,10032
42,10064
42,10077
42,10100
42,10106
42,10147
42,10151
42,10182
42,10195
42,10313
42,10318
42,10353
42,10367
42,10370
42,10380
42,10383
42,10391
42,10400
42,10402
42,10409
42,10414
42,10431
42,10435
42,10438
42,10453
42,10476
42,10492
42,10526
42,10528
42,10542
42,10557
42,10597
42,10607
42,10619
42,10641
42,10658
42,10664
42,10673
42,10687
42,10691
42,10715
42,10718
42,10721
42,10728
42,10744
42,10749
42,10780
42,10785
42,10790
42,10791
42,10792
42,10795
42,10835
42,10855
42,10877
42,10880
42,10885
42,10889
42,10890
42,10895
42,10912
42,10935
42,10944
42,10955
42,10957
42,10971
42,10985
42,10995
42,11004
42,11007
42,11014
42,11032
42,11120
42,11135
42,11137
42,11147
42,11164
42,11169
42,11178
42,11238
42,11249
42,11291
42,11292
42,11316
42,11320
42,11321
42,11365
42,11408
42,11418
42,11439
42,11459
42,11461
42,11469
42,11533
42,11541
42,11559
42,11579
42,11580
42,11588
42,11617
42,11618
42,11649
42,11663
42,11682
42,11706
42,11720
42,11725
42,11733
42,11755
42,11763
42,11778
42,11788
42,11793
42,11794
42,11814
42,11819
42,11825
42,11834
42,11846
42,11890
42,11901
42,11906
42,11908
42,11925
42,11973
42,11986
42,11991
42,12008
42,12010
42,12019
42,12024
42,12035
42,12040
42,12061
42,12069
42,12085
42,12087
42,12113
42,12114
42,12124
42,12153
42,12201
42,12212
42,12225
42,12239
42,12243
42,12254
42,12295
42,12311
42,12344
42,12351
42,12365
42,12373
42,12376
42,12398
42,12400
42,12409
42,12411
42,12434
42,12439
42,12450
42,12461
42,12486
42,12497
42,12502
42,12509
42,12556
42,12564
42,12567
42,12593
42,12605
42,12609
42,12614
42,12629
42,12643
42,12646
42,12655
42,12659
42,12662
42,12663
42,12668
42,12669
42,12672
42,12685
42,12717
42,12727
42,12732
42,12749
42,12756
42,12773
42,12784
42,12791
42,12794
42,12816
42,12819
42,12835
42,12852
42,12861
42,12864
42,12866
42,12898
42,12910
42,12914
42,12922
42,12947
42,12949
42,12973
42,12986
42,13015
42,13018
42,13035
42,13037
42,13069
42,13070
42,13100
42,13105
42,13109
42,13127
42,13159
42,13161
42,13164
42,13166
42,13179
42,13181
42,13193
42,13197
42,13204
42,13205
42,13224
42,13247
42,13257
42,13260
42,13262
42,13266
42,13305
42,13311
42,13312
42,13321
42,13356
42,13363
42,13366
42,13368
42,13370
42,13374
42,13383
42,13401
42,13409
42,13419
42,13440
42,13443
42,13451
42,13456
42,13458
42,13465
42,13466
42,13485
42,13486
42,13529
42,13536
42,13573
42,13579
42,13585
42,13590
42,13593
42,13594
42,13608
42,13611
42,13638
42,13639
42,13645
42,13709
42,13729
42,13769
42,13777
42,13780
42,13786
42,13800
42,13807
42,13813
42,13820
42,13822
42,13828
42,13849
42,13861
42,13871
42,13879
42,13880
42,13887
42,13911
42,13913
42,13928
42,13938
42,13948
42,13955
42,13964
42,13988
42,13998
42,14009
42,14023
42,14039
42,14069
42,14072
42,14079
42,14108
42,14113
42,14115
42,14116
42,14139
42,14143
42,14148
42,14162
42,14166
42,14203
42,14222
42,14223
42,14231
42,14233
42,14258
42,14262
42,14279
42,14285
42,14303
42,14336
42,14356
42,14370
42,14390
42,14403
42,14413
42,14415
42,14425
42,14450
42,14461
42,14464
42,14479
42,14491
42,14492
42,14493
42,14516
42,14524
42,14529
42,14533
42,14537
42,14578
42,14597
42,14598
42,14602
42,14608
42,14629
42,14645
42,14683
42,14701
42,14737
42,14755
42,14765
42,14782
42,14802
42,14827
42,14829
42,14837
42,14878
42,14905
42,14936
42,14960
42,14982
42,14989
42,15003
42,15018
42,15020
42,15035
42,15038
42,15040
42,15044
42,15048
42,15057
42,15061
42,15090
42,15097
42,15105
42,15115
42,15122
42,15142
42,15146
42,15174
42,15190
42,15194
42,15204
42,15216
42,15220
42,15232
42,15285
42,15289
42,15296
42,15313
42,15347
42,15366
42,15385
42,15388
42,15391
42,15407
42,15413
42,15415
42,15437
42,15450
42,15500
42,15505
42,15514
42,15541
42,15546
42,15547
42,15548
42,15561
42,15567
42,15585
42,15590
42,15632
42,15636
42,15640
42,15652
42,15667
42,15674
42,15698
42,15702
42,15739
42,15764
42,15773
42,15787
42,15812
42,15819
42,15820
42,15825
42,15826
42,15830
42,15833
42,15847
42,15851
42,15852
42,15866
42,15868
42,15880
42,15888
42,15890
42,15896
42,15949
42,15955
42,15957
42,15981
42,15983
42,15985
42,15989
42,16004
42,16027
42,16072
42,16079
42,16080
42,16082
42,16083
42,16099
42,16103
42,16117
42,16137
42,16168
42,16176
42,16180
42,16196
42,16205
42,16210
42,16211
42,16213
42,16219
42,16236
42,16242
42,16243
42,16261
42,16265
42,16287
42,16307
42,16309
42,16346
42,16364
42,16378
42,16397
42,16399
42,16403
42,16425
42,16435
42,16451
42,16452
42,16454
42,16459
42,16470
42,16483
42,16497
42,16504
42,16511
42,16513
42,16519
42,16537
42,16545
42,16548
42,16559
42,16562
42,16576
42,16596
42,16614
42,16627
42,16631
42,16634
42,16650
42,16654
42,16664
42,16670
42,16675
42,16684
42,16712
42,16713
42,16777
42,16789
42,16798
42,16803
42,16808
42,16820
42,16828
42,16847
42,16855
42,16868
42,16910
42,16937
42,16972
42,16987
42,16998
42,17005
42,17023
42,17048
42,17064
42,17070
42,17082
42,17090
42,17103
42,17130
42,17134
42,17138
42,17139
42,17143
42,17151
42,17163
42,17195
42,17201
42,17208
42,17233
42,17256
42,17268
42,17274
42,17295
42,17333
42,17334
42,17344
42,17345
42,17372
42,17398
42,17399
42,17407
42,17434
42,17435
42,17442
42,17451
42,17453
42,17470
42,17488
42,17501
42,17529
42,17551
42,17552
42,17562
42,17568
42,17594
42,17603
42,17605
42,17607
42,17616
42,17618
42,17634
42,17716
42,17718
42,17729
42,17743
42,17771
42,17791
42,17797
42,17817
42,17827
42,17828
42,17831
42,17845
42,17846
42,17856
42,17858
42,17862
42,17871
42,17897
42,17910
42,17915
42,17927
42,17928
42,17933
42,18013
42,18024
42,18026
42,18057
42,18082
42,18084
42,18088
42,18093
42,18129
42,18131
42,18133
42,18164
42,18185
42,18191
42,18208
42,18213
42,18225
42,18227
42,18248
42,18278
42,18283
42,18292
42,18306
42,18335
42,18336
42,18341
42,18347
42,18352
42,18365
42,18397
42,18406
42,18433
42,18438
42,18443
42,18446
42,18450
42,18451
42,18457
42,18471
42,18473
42,18485
42,18490
42,18505
42,18508
42,18516
42,18521
42,18527
42,18551
42,18591
42,18595
42,18602
42,18605
42,18615
42,18629
42,18642
42,18691
42,18692
42,18697
42,18723
42,18731
42,18734
42,18739
42,18743
42,18752
42,18754
42,18785
42,18831
42,18839
42,18888
42,18904
42,18921
42,18939
42,18949
42,18984
42,19022
42,19032
42,19037
42,19068
42,19071
42,19097
42,19103
42,19109
42,19150
42,19158
42,19188
42,19191
42,19228
42,19237
42,19247
42,19257
42,19272
42,19281
42,19282
42,19285
42,19293
42,19315
42,19320
42,19331
42,19352
42,19359
42,19362
42,19365
42,19392
42,19418
42,19419
42,19420
42,19427
42,19440
42,19471
42,19491
42,19492
42,19512
42,19520
42,19523
42,19530
42,19553
42,19606
42,19609
42,19613
42,19624
42,19626
42,19627
42,19637
42,19641
42,19680
42,19685
42,19691
42,19733
42,19747
42,19756
42,19799
42,19804
42,19855
42,19892
42,19898
42,19956
42,19971
42,19987
42,20026
42,20038
42,20039
42,20048
42,20050
42,20053
42,20058
42,20074
42,20093
42,20100
42,20101
42,20151
42,20174
42,20188
42,20195
42,20200
42,20214
42,20224
42,20233
42,20252
42,20265
42,20273
42,20334
42,20335
42,20349
42,20358
42,20363
42,20371
42,20373
42,20378
42,20397
42,20408
42,20440
42,20442
42,20470
42,20477
42,20493
42,20495
42,20513
42,20542
42,20551
42,20555
42,20564
42,20565
42,20567
42,20593
42,20599
42,20606
42,20611
42,20617
42,20624
42,20666
42,20729
42,20769
42,20776
42,20777
42,20781
42,20798
42,20814
42,20823
42,20829
42,20837
42,20840
42,20844
42,20852
42,20857
42,20874
42,20876
42,20881
42,20891
42,20900
42,20920
42,20926
42,20932
42,20940
42,20945
42,20979
42,20987
42,20995
42,21022
42,21036
42,21069
42,21077
42,21092
42,21096
42,21103
42,21113
42,21137
42,21153
42,21161
42,21191
42,21203
42,21213
42,21239
42,21246
42,21263
42,21281
42,21282
42,21283
42,21307
42,21320
42,21340
42,21342
42,21373
42,21379
42,21387
42,21403
42,21404
42,21433
42,21447
42,21456
42,21458
42,21468
42,21474
42,21491
42,21502
42,21517
42,21552
42,21553
42,21556
42,21558
42,21567
42,21574
42,21614
42,21624
42,21627
42,21653
42,21654
42,21665
42,21672
42,21693
42,21695
42,21707
42,21772
42,21775
42,21776
42,21777
42,21800
42,21808
42,21814
42,21817
42,21821
42,21827
42,21839
42,21845
42,21880
42,21950
42,21955
42,21956
42,21970
42,22006
42,22018
42,22043
42,22065
42,22080
42,22086
42,22112
42,22131
42,22149
42,22165
42,22175
42,22178
42,22207
42,22235
42,22254
42,22258
42,22288
42,22315
42,22324
42,22327
42,22332
42,22363
42,22365
42,22393
42,22395
42,22396
42,22409
42,22450
42,22459
42,22461
42,22473
42,22498
42,22501
42,22502
42,22508
42,22540
42,22542
42,22554
42,22582
42,22605
42,22612
42,22618
42,22626
42,22627
42,22640
42,22662
42,22704
42,22705
42,22732
42,22779
42,22784
42,22785
42,22790
42,22802
42,22835
42,22839
42,22898
42,22901
42,22916
42,22924
42,22954
42,22965
42,22970
42,22973
42,22978
42,22989
42,23009
42,23012
42,23022
42,23029
42,23033
42,23039
42,23041
42,23047
42,23065
42,23067
42,23070
42,23073
42,23104
42,23111
42,23118
42,23125
42,23126
42,23199
42,23215
42,23225
42,23254
42,23270
42,23279
42,23297
42,23307
42,23309
42,23316
42,23350
42,23356
42,23358
42,23362
42,23384
42,23394
42,23399
42,23435
42,23438
42,23451
42,23455
42,23471
42,23491
42,23494
42,23514
42,23519
42,23520
42,23522
42,23550
42,23575
42,23586
42,23643
42,23649
42,23653
42,23656
42,23683
42,23690
42,23693
42,23697
42,23706
42,23740
42,23748
42,23749
42,23777
42,23797
42,23810
42,23817
42,23825
42,23850
42,23854
42,23879
42,23887
42,23891
42,23892
42,23918
42,23933
42,23944
42,23958
42,23960
42,23967
42,23972
42,23976
42,23977
42,23986
42,24001
42,24054
42,24068
42,24070
42,24077
42,24113
42,24133
42,24137
42,24152
42,24174
42,24181
42,24184
42,24185
42,24186
42,24197
42,24201
42,24209
42,24213
42,24217
42,24220
42,24233
42,24251
42,24275
42,24282
42,24296
42,24339
42,24340
42,24345
42,24346
42,24354
42,24376
42,24380
42,24386
42,24395
42,24412
42,24425
42,24430
42,24446
42,24452
42,24464
42,24465
42,24466
42,24473
42,24482
42,24483
42,24485
42,24491
42,24503
42,24505
42,24512
42,24513
42,24542
42,24547
42,24576
42,24598
42,24611
42,24614
42,24618
42,24626
42,24646
42,24653
42,24674
42,24719
42,24723
42,24725
42,24784
42,24802
42,24814
42,24841
42,24858
42,24919
42,24942
42,24943
42,24954
42,24976
42,25027
42,25074
42,25077
42,25090
42,25102
42,25105
42,25122
42,25123
42,25127
42,25128
42,25159
42,25160
42,25185
42,25190
42,25204
42,25217
42,25218
42,25239
42,25242
42,25262
42,25271
42,25272
42,25277
42,25290
42,25291
42,25296
42,25314
42,25330
42,25333
42,25336
42,25446
42,25447
42,25479
42,25493
42,25501
42,25511
42,25535
42,25553
42,25554
42,25556
42,25560
42,25567
42,25585
42,25587
42,25625
42,25632
42,25647
42,25668
42,25724
42,25749
42,25772
42,25777
42,25781
42,25783
42,25794
42,25796
42,25804
42,25807
42,25825
42,25839
42,25894
42,25895
42,25910
42,25922
42,25952
42,25953
42,25960
42,25967
42,26007
42,26008
42,26025
42,26029
42,26036
42,26048
42,26067
42,26083
42,26109
42,26119
42,26128
42,26133
42,26139
42,26147
42,26167
42,26220
42,26236
42,26246
42,26252
42,26302
42,26305
42,26307
42,26310
42,26327
42,26334
42,26355
42,26357
42,26373
42,26386
42,26395
42,26411
42,26438
42,26439
42,26459
42,26466
42,26472
42,26481
42,26489
42,26492
42,26528
42,26537
42,26543
42,26546
42,26548
42,26549
42,26568
42,26570
42,26571
42,26576
42,26583
42,26593
42,26595
42,26610
42,26616
42,26624
42,26627
42,26628
42,26645
42,26650
42,26667
42,26680
42,26692
42,26718
42,26738
42,26784
42,26796
42,26830
42,26832
42,26838
42,26839
42,26843
42,26846
42,26850
42,26873
42,26879
42,26888
42,26890
42,26892
42,26895
42,26897
42,26900
42,26901
42,26902
42,26931
42,26962
42,26966
42,26983
42,26985
42,26991
42,26999
42,27060
42,27081
42,27122
42,27126
42,27148
42,27157
42,27172
42,27222
42,27225
42,27231
42,27236
42,27241
42,27276
42,27289
42,27290
42,27291
42,27308
42,27318
42,27342
42,27366
42,27371
42,27377
42,27406
42,27423
42,27449
42,27451
42,27462
42,27465
42,27471
42,27474
42,27480
42,27487
42,27496
42,27499
42,27502
42,27518
42,27529
42,27538
42,27539
42,27555
42,27567
42,27569
42,27576
42,27579
42,27629
42,27632
42,27673
42,27681
42,27705
42,27710
42,27712
42,27720
42,27732
42,27733
42,27737
42,27740
42,27762
42,27763
42,27768
42,27770
42,27777
42,27781
42,27786
42,27794
42,27807
42,27827
42,27852
42,27880
42,27897
42,27909
42,27911
42,27921
42,27922
42,27924
42,27949
42,27951
42,27955
42,27956
42,27965
42,27971
42,27980
42,27989
42,27999
42,28007
42,28048
42,28056
42,28060
42,28064
42,28077
42,28104
42,28120
42,28128
42,28131
42,28158
42,28172
42,28173
42,28191
42,28203
42,28208
42,28215
42,28237
42,28242
42,28247
42,28257
42,28284
42,28290
42,28301
42,28316
42,28324
42,28352
42,28378
42,28379
42,28383
42,28389
42,28397
42,28420
42,28441
42,28450
42,28451
42,28461
42,28497
42,28506
42,28526
42,28531
42,28534
42,28543
42,28558
42,28562
42,28565
42,28571
42,28572
42,28586
42,28593
42,28603
42,28612
42,28628
42,28631
42,28632
42,28634
42,28658
42,28692
42,28694
42,28700
42,28725
42,28743
42,28749
42,28754
42,28787
42,28843
42,28859
42,28912
42,28919
42,28922
42,28923
42,28946
42,28960
42,28966
42,28989
42,28994
42,28997
42,29017
42,29019
42,29027
42,29033
42,29035
42,29045
42,29050
42,29051
42,29072
42,29073
42,29081
42,29099
42,29111
42,29115
42,29124
42,29135
42,29139
42,29144
42,29175
42,29179
42,29192
42,29217
42,29223
42,29231
42,29238
42,29252
42,29257
42,29274
42,29294
42,29335
42,29349
42,29354
42,29360
42,29362
42,29378
42,29391
42,29393
42,29425
42,29432
42,29450
42,29459
42,29468
42,29474
42,29487
42,29492
42,29498
42,29501
42,29508
42,29528
42,29555
43,1
43,6
43,10
43,30
43,53
43,55
43,94
43,95
43,121
43,125
43,133
43,135
43,145
43,151
43,163
43,195
43,200
43,246
43,281
43,316
43,321
43,326
43,339
43,358
43,377
43,379
43,392
43,413
43,418
43,429
43,437
43,451
43,452
43,453
43,459
43,464
43,474
43,511
43,539
43,553
43,556
43,560
43,571
43,574
43,582
43,585
43,589
43,592
43,604
43,605
43,610
43,615
43,641
43,642
43,655
43,665
43,682
43,688
43,733
43,743
43,747
43,765
43,772
43,783
43,793
43,795
43,799
43,801
43,830
43,837
43,862
43,893
43,894
43,911
43,913
43,916
43,929
43,964
43,971
43,988
43,996
43,1016
43,1024
43,1045
43,1053
43,1076
43,1130
43,1152
43,1178
43,1185
43,1193
43,1215
43,1270
43,1277
43,1283
43,1291
43,1294
43,1313
43,1332
43,1342
43,1362
43,1369
43,1439
43,1440
43,1447
43,1469
43,1480
43,1481
43,1518
43,1526
43,1537
43,1538
43,1552
43,1570
43,1575
43,1598
43,1600
43,1623
43,1645
43,1681
43,1693
43,1728
43,1737
43,1738
43,1757
43,1770
43,1781
43,1783
43,1790
43,1833
43,1838
43,1842
43,1843
43,1844
43,1847
43,1881
43,1883
43,1894
43,1938
43,1956
43,1964
43,1966
43,1969
43,1972
43,1988
43,1992
43,2004
43,2035
43,2041
43,2062
43,2066
43,2072
43,2077
43,2098
43,2110
43,2122
43,2128
43,2152
43,2188
43,2195
43,2199
43,2204
43,2212
43,2217
43,2232
43,2248
43,2268
43,2279
43,2309
43,2310
43,2333
43,2340
43,2345
43,2351
43,2352
43,2353
43,2357
43,2391
43,2417
43,2463
43,2479
43,2495
43,2515
43,2519
43,2526
43,2554
43,2572
43,2573
43,2598
43,2600
43,2622
43,2639
43,2644
43,2662
43,2681
43,2684
43,2700
43,2702
43,2708
43,2711
43,2761
43,2783
43,2791
43,2805
43,2809
43,2825
43,2835
43,2849
43,2862
43,2878
43,2893
43,2901
43,2911
43,2924
43,2927
43,2957
43,2961
43,2962
43,2968
43,3033
43,3034
43,3043
43,3083
43,3095
43,3121
43,3122
43,3143
43,3144
43,3147
43,3151
43,3156
43,3179
43,3193
43,3206
43,3219
43,3237
43,3243
43,3247
43,3248
43,3264
43,3271
43,3286
43,3305
43,3333
43,3348
43,3427
43,3440
43,3467
43,3477
43,3546
43,3567
43,3570
43,3571
43,3598
43,3613
43,3614
43,3631
43,3643
43,3691
43,3703
43,3711
43,3715
43,3716
43,3721
43,3767
43,3810
43,3816
43,3832
43,3836
43,3866
43,3872
43,3877
43,3883
43,3899
43,3903
43,3904
43,3914
43,3977
43,3981
43,3985
43,4002
43,4013
43,4041
43,4044
43,4054
43,4070
43,4092
43,4131
43,4144
43,4150
43,4156
43,4159
43,4176
43,4186
43,4194
43,4230
43,4237
43,4261
43,4269
43,4274
43,4276
43,4277
43,4305
43,4308
43,4315
43,4380
43,4408
43,4438
43,4455
43,4456
43,4468
43,4485
43,4491
43,4501
43,4506
43,4541
43,4559
43,4576
43,4588
43,4607
43,4625
43,4630
43,4647
43,4684
43,4690
43,4699
43,4705
43,4724
43,4727
43,4729
43,4745
43,4748
43,4756
43,4769
43,4773
43,4775
43,4784
43,4792
43,4800
43,4802
43,4803
43,4805
43,4808
43,4836
43,4841
43,4845
43,4849
43,4860
43,4866
43,4874
43,4876
43,4885
43,4893
43,4900
43,4913
43,4914
43,4922
43,4928
43,4929
43,4936
43,4946
43,4989
43,5007
43,5019
43,5040
43,5061
43,5063
43,5071
43,5078
43,5088
43,5095
43,5110
43,5112
43,5118
43,5138
43,5155
43,5180
43,5242
43,5258
43,5285
43,5291
43,5301
43,5303
43,5319
43,5322
43,5339
43,5341
43,5352
43,5357
43,5359
43,5370
43,5382
43,5428
43,5433
43,5441
43,5450
43,5481
43,5489
43,5490
43,5491
43,5495
43,5520
43,5540
43,5556
43,5583
43,5611
43,5618
43,5624
43,5674
43,5688
43,5722
43,5757
43,5759
43,5770
43,5785
43,5802
43,5833
43,5835
43,5842
43,5851
43,5860
43,5869
43,5893
43,5900
43,5901
43,5919
43,5932
43,5936
43,5938
43,5955
43,5967
43,5971
43,6000
43,6011
43,6022
43,6024
43,6029
43,6051
43,6054
43,6110
43,6125
43,6131
43,6150
43,6162
43,6170
43,6171
43,6174
43,6175
43,6225
43,6227
43,6236
43,6250
43,6276
43,6298
43,6323
43,6324
43,6325
43,6338
43,6357
43,6378
43,6420
43,6428
43,6435
43,6455
43,6470
43,6472
43,6473
43,6476
43,6478
43,6484
43,6531
43,6541
43,6577
43,6579
43,6594
43,6605
43,6621
43,6640
43,6666
43,6675
43,6680
43,6701
43,6703
43,6728
43,6729
43,6732
43,6801
43,6846
43,6880
43,6884
43,6888
43,6893
43,6909
43,6929
43,6930
43,6946
43,6951
43,6953
43,6964
43,6972
43,6994
43,7042
43,7049
43,7050
43,7051
43,7066
43,7071
43,7097
43,7105
43,7119
43,7143
43,7154
43,7159
43,7179
43,7200
43,7206
43,7217
43,7221
43,7260
43,7275
43,7288
43,7293
43,7315
43,7324
43,7330
43,7334
43,7338
43,7393
43,7424
43,7434
43,7453
43,7466
43,7468
43,7478
43,7482
43,7497
43,7499
43,7505
43,7511
43,7514
43,7526
43,7529
43,7541
43,7554
43,7559
43,7565
43,7574
43,7597
43,7634
43,7636
43,7649
43,7652
43,7654
43,7670
43,7684
43,7712
43,7716
43,7724
43,7741
43,7761
43,7767
43,7786
43,7797
43,7826
43,7829
43,7839
43,7849
43,7858
43,7863
43,7872
43,7898
43,7901
43,7919
43,7921
43,7944
43,7945
43,7981
43,7982
43,7993
43,8017
43,8029
43,8031
43,8046
43,8064
43,8072
43,8079
43,8085
43,8123
43,8127
43,8150
43,8155
43,8170
43,8181
43,8184
43,8189
43,8192
43,8215
43,8216
43,8231
43,8234
43,8254
43,8269
43,8298
43,8337
43,8350
43,8371
43,8380
43,8390
43,8398
43,8413
43,8423
43,8434
43,8440
43,8448
43,8449
43,8488
43,8491
43,8511
43,8560
43,8571
43,8582
43,8586
43,8588
43,8605
43,8608
43,8610
43,8620
43,8628
43,8642
43,8668
43,8671
43,8685
43,8696
43,8699
43,8720
43,8729
43,8738
43,8741
43,8753
43,8764
43,8772
43,8773
43,8779
43,8785
43,8790
43,8792
43,8794
43,8814
43,8825
43,8858
43,8868
43,8871
43,8874
43,8880
43,8900
43,8901
43,8915
43,8943
43,8946
43,8958
43,8960
43,8969
43,9013
43,9051
43,9064
43,9084
43,9091
43,9100
43,9103
43,9113
43,9117
43,9159
43,9202
43,9203
43,9208
43,9239
43,9247
43,9254
43,9255
43,9269
43,9276
43,9283
43,9310
43,9328
43,9330
43,9342
43,9351
43,9352
43,9353
43,9354
43,9365
43,9376
43,9398
43,9405
43,9415
43,9417
43,9422
43,9426
43,9448
43,9449
43,9457
43,9464
43,9465
43,9483
43,9491
43,9501
43,9511
43,9516
43,9527
43,9543
43,9564
43,9567
43,9575
43,9598
43,9609
43,9649
43,9670
43,9680
43,9684
43,9701
43,9710
43,9718
43,9730
43,9749
43,9759
43,9774
43,9775
43,9777
43,9788
43,9798
43,9799
43,9839
43,9852
43,9863
43,9865
43,9867
43,9879
43,9883
43,9885
43,9886
43,9900
43,9905
43,9912
43,9915
43,9929
43,9943
43,9944
43,9952
43,9962
43,9988
43,9989
43,9998
43,9999
43,10004
43,10029
43,10051
43,10060
43,10068
43,10085
43,10099
43,10111
43,10124
43,10134
43,10150
43,10160
43,10161
43,10179
43,10206
43,10237
43,10285
43,10298
43,10308
43,10312
43,10318
43,10322
43,10326
43,10328
43,10332
43,10333
43,10341
43,10391
43,10394
43,10395
43,10408
43,10410
43,10416
43,10431
43,10438
43,10447
43,10457
43,10477
43,10483
43,10506
43,10521
43,10529
43,10533
43,10537
43,10540
43,10541
43,10573
43,10581
43,10613
43,10626
43,10633
43,10640
43,10652
43,10656
43,10665
43,10676
43,10678
43,10680
43,10725
43,10742
43,10753
43,10774
43,10775
43,10784
43,10790
43,10797
43,10802
43,10804
43,10814
43,10830
43,10846
43,10858
43,10861
43,10877
43,10914
43,10927
43,10928
43,10931
43,10941
43,10948
43,10951
43,10955
43,10958
43,10960
43,10962
43,10976
43,11016
43,11020
43,11024
43,11030
43,11041
43,11045
43,11051
43,11053
43,11060
43,11084
43,11098
43,11108
43,11109
43,11117
43,11130
43,11134
43,11140
43,11141
43,11163
43,11173
43,11194
43,11204
43,11223
43,11224
43,11276
43,11307
43,11312
43,11321
43,11369
43,11373
43,11405
43,11427
43,11436
43,11455
43,11457
43,11460
43,11477
43,11483
43,11486
43,11498
43,11509
43,11535
43,11576
43,11591
43,11611
43,11621
43,11629
43,11642
43,11654
43,11665
43,11668
43,11674
43,11675
43,11705
43,11713
43,11724
43,11725
43,11739
43,11752
43,11772
43,11773
43,11799
43,11839
43,11841
43,11852
43,11856
43,11877
43,11889
43,11893
43,11906
43,11957
43,11958
43,11960
43,12005
43,12016
43,12032
43,12038
43,12058
43,12068
43,12088
43,12093
43,12103
43,12120
43,12142
43,12143
43,12160
43,12170
43,12173
43,12188
43,12238
43,12249
43,12264
43,12276
43,12277
43,12302
43,12326
43,12330
43,12337
43,12353
43,12362
43,12375
43,12378
43,12433
43,12450
43,12532
43,12536
43,12537
43,12551
43,12589
43,12590
43,12594
43,12595
43,12599
43,12600
43,12603
43,12632
43,12640
43,12642
43,12647
43,12662
43,12663
43,12667
43,12677
43,12680
43,12695
43,12716
43,12742
43,12752
43,12753
43,12754
43,12755
43,12779
43,12783
43,12784
43,12790
43,12796
43,12797
43,12798
43,12811
43,12822
43,12830
43,12832
43,12839
43,12843
43,12850
43,12864
43,12873
43,12888
43,12909
43,12932
43,12943
43,12946
43,12978
43,12992
43,12996
43,13011
43,13014
43,13022
43,13038
43,13042
43,13045
43,13062
43,13068
43,13072
43,13098
43,13105
43,13109
43,13127
43,13131
43,13134
43,13136
43,13156
43,13157
43,13161
43,13191
43,13194
43,13195
43,13196
43,13197
43,13198
43,13213
43,13215
43,13232
43,13244
43,13263
43,13267
43,13281
43,13305
43,13318
43,13331
43,13332
43,13343
43,13367
43,13408
43,13411
43,13431
43,13463
43,13480
43,13516
43,13543
43,13545
43,13556
43,13561
43,13570
43,13578
43,13593
43,13596
43,13599
43,13604
43,13608
43,13616
43,13617
43,13636
43,13638
43,13640
43,13656
43,13685
43,13701
43,13707
43,13736
43,13749
43,13751
43,13762
43,13768
43,13787
43,13799
43,13843
43,13846
43,13866
43,13871
43,13883
43,13903
43,13919
43,13941
43,13962
43,13975
43,14024
43,14045
43,14057
43,14082
43,14088
43,14094
43,14117
43,14126
43,14127
43,14137
43,14143
43,14147
43,14156
43,14164
43,14171
43,14176
43,14185
43,14186
43,14202
43,14207
43,14231
43,14238
43,14266
43,14279
43,14312
43,14316
43,14337
43,14344
43,14351
43,14367
43,14373
43,14385
43,14400
43,14428
43,14439
43,14445
43,14446
43,14479
43,14486
43,14488
43,14502
43,14509
43,14520
43,14523
43,14586
43,14590
43,14668
43,14678
43,14681
43,14682
43,14700
43,14731
43,14751
43,14811
43,14828
43,14847
43,14849
43,14871
43,14872
43,14882
43,14894
43,14924
43,14943
43,14950
43,14951
43,14955
43,14975
43,14982
43,14984
43,14986
43,14997
43,14999
43,15028
43,15038
43,15069
43,15070
43,15083
43,15105
43,15114
43,15131
43,15138
43,15176
43,15187
43,15190
43,15210
43,15246
43,15250
43,15253
43,15263
43,15275
43,15316
43,15332
43,15334
43,15338
43,15342
43,15356
43,15389
43,15407
43,15419
43,15429
43,15449
43,15461
43,15496
43,15518
43,15527
43,15540
43,15550
43,15575
43,15585
43,15592
43,15597
43,15600
43,15606
43,15611
43,15619
43,15624
43,15625
43,15633
43,15638
43,15647
43,15655
43,15672
43,15720
43,15721
43,15731
43,15737
43,15749
43,15754
43,15768
43,15770
43,15778
43,15789
43,15790
43,15799
43,15803
43,15805
43,15825
43,15850
43,15867
43,15878
43,15887
43,15889
43,15900
43,15933
43,15946
43,15961
43,15983
43,15993
43,15996
43,16018
43,16022
43,16026
43,16040
43,16055
43,16057
43,16060
43,16072
43,16089
43,16101
43,16102
43,16109
43,16138
43,16151
43,16154
43,16175
43,16179
43,16193
43,16215
43,16222
43,16233
43,16241
43,16248
43,16268
43,16271
43,16277
43,16284
43,16299
43,16308
43,16310
43,16325
43,16344
43,16383
43,16396
43,16411
43,16424
43,16426
43,16443
43,16445
43,16455
43,16471
43,16473
43,16494
43,16495
43,16497
43,16529
43,16538
43,16540
43,16571
43,16586
43,16587
43,16619
43,16622
43,16630
43,16636
43,16656
43,16687
43,16706
43,16735
43,16742
43,16743
43,16766
43,16774
43,16776
43,16800
43,16802
43,16803
43,16807
43,16812
43,16857
43,16859
43,16862
43,16865
43,16880
43,16930
43,16940
43,16955
43,16960
43,16974
43,16982
43,16991
43,16997
43,17005
43,17020
43,17036
43,17042
43,17046
43,17064
43,17091
43,17123
43,17128
43,17136
43,17141
43,17142
43,17147
43,17150
43,17163
43,17167
43,17177
43,17198
43,17200
43,17249
43,17253
43,17257
43,17261
43,17273
43,17290
43,17305
43,17313
43,17322
43,17342
43,17368
43,17395
43,17398
43,17400
43,17420
43,17454
43,17474
43,17490
43,17504
43,17527
43,17539
43,17558
43,17560
43,17568
43,17573
43,17624
43,17627
43,17629
43,17634
43,17639
43,17652
43,17655
43,17677
43,17687
43,17696
43,17731
43,17772
43,17800
43,17818
43,17821
43,17859
43,17869
43,17876
43,17904
43,17937
43,17940
43,17945
43,17947
43,17989
43,18001
43,18035
43,18046
43,18056
43,18073
43,18078
43,18106
43,18115
43,18129
43,18165
43,18172
43,18186
43,18192
43,18205
43,18216
43,18218
43,18227
43,18229
43,18241
43,18247
43,18268
43,18283
43,18287
43,18289
43,18313
43,18339
43,18351
43,18358
43,18364
43,18372
43,18385
43,18397
43,18415
43,18418
43,18445
43,18458
43,18463
43,18497
43,18559
43,18572
43,18586
43,18599
43,18614
43,18620
43,18631
43,18654
43,18689
43,18699
43,18716
43,18719
43,18724
43,18739
43,18741
43,18759
43,18785
43,18795
43,18798
43,18805
43,18809
43,18817
43,18849
43,18852
43,18855
43,18890
43,18891
43,18902
43,18918
43,18942
43,18960
43,18978
43,18996
43,19000
43,19011
43,19020
43,19027
43,19030
43,19048
43,19067
43,19069
43,19080
43,19098
43,19119
43,19134
43,19137
43,19158
43,19181
43,19186
43,19206
43,19246
43,19254
43,19280
43,19321
43,19341
43,19343
43,19364
43,19401
43,19417
43,19422
43,19429
43,19445
43,19461
43,19478
43,19479
43,19486
43,19494
43,19500
43,19525
43,19528
43,19548
43,19560
43,19568
43,19569
43,19575
43,19582
43,19586
43,19595
43,19602
43,19604
43,19651
43,19658
43,19692
43,19702
43,19743
43,19751
43,19777
43,19798
43,19803
43,19805
43,19837
43,19841
43,19842
43,19849
43,19855
43,19866
43,19882
43,19906
43,19910
43,19922
43,19926
43,19929
43,19933
43,19946
43,19954
43,19957
43,19984
43,19996
43,20016
43,20040
43,20060
43,20071
43,20095
43,20110
43,20111
43,20131
43,20143
43,20147
43,20194
43,20206
43,20217
43,20219
43,20222
43,20228
43,20234
43,20239
43,20269
43,20281
43,20331
43,20340
43,20355
43,20368
43,20374
43,20375
43,20379
43,20416
43,20422
43,20424
43,20430
43,20446
43,20454
43,20460
43,20464
43,20466
43,20472
43,20473
43,20481
43,20487
43,20492
43,20497
43,20498
43,20551
43,20577
43,20595
43,20602
43,20611
43,20628
43,20652
43,20660
43,20662
43,20702
43,20721
43,20741
43,20747
43,20752
43,20753
43,20760
43,20761
43,20789
43,20832
43,20833
43,20846
43,20854
43,20887
43,20900
43,20901
43,20908
43,20915
43,20920
43,20923
43,20928
43,20984
43,20985
43,20996
43,21000
43,21023
43,21032
43,21056
43,21063
43,21065
43,21067
43,21076
43,21088
43,21095
43,21107
43,21121
43,21123
43,21157
43,21217
43,21219
43,21239
43,21247
43,21255
43,21277
43,21293
43,21319
43,21338
43,21355
43,21356
43,21364
43,21370
43,21382
43,21391
43,21392
43,21396
43,21414
43,21422
43,21424
43,21429
43,21437
43,21442
43,21444
43,21499
43,21513
43,21515
43,21532
43,21547
43,21554
43,21568
43,21594
43,21638
43,21687
43,21697
43,21712
43,21739
43,21762
43,21764
43,21765
43,21774
43,21776
43,21819
43,21822
43,21830
43,21832
43,21872
43,21899
43,21903
43,21916
43,21941
43,21950
43,21996
43,21998
43,22008
43,22016
43,22020
43,22029
43,22036
43,22076
43,22087
43,22094
43,22130
43,22153
43,22164
43,22167
43,22182
43,22184
43,22191
43,22208
43,22220
43,22228
43,22234
43,22235
43,22266
43,22275
43,22283
43,22290
43,22294
43,22299
43,22348
43,22351
43,22364
43,22401
43,22403
43,22416
43,22467
43,22480
43,22522
43,22548
43,22550
43,22564
43,22567
43,22569
43,22572
43,22580
43,22607
43,22616
43,22619
43,22627
43,22639
43,22643
43,22648
43,22726
43,22743
43,22756
43,22759
43,22762
43,22764
43,22768
43,22772
43,22774
43,22776
43,22777
43,22787
43,22790
43,22797
43,22804
43,22838
43,22853
43,22878
43,22957
43,22966
43,22997
43,23007
43,23008
43,23062
43,23064
43,23078
43,23081
43,23083
43,23101
43,23106
43,23126
43,23132
43,23138
43,23149
43,23163
43,23178
43,23182
43,23192
43,23206
43,23211
43,23223
43,23248
43,23271
43,23274
43,23277
43,23284
43,23299
43,23300
43,23310
43,23319
43,23323
43,23332
43,23334
43,23371
43,23378
43,23380
43,23388
43,23393
43,23395
43,23396
43,23432
43,23438
43,23457
43,23461
43,23463
43,23470
43,23482
43,23505
43,23522
43,23532
43,23539
43,23546
43,23547
43,23557
43,23567
43,23598
43,23604
43,23606
43,23614
43,23619
43,23671
43,23679
43,23682
43,23695
43,23699
43,23703
43,23723
43,23731
43,23774
43,23802
43,23812
43,23822
43,23826
43,23833
43,23836
43,23866
43,23884
43,23905
43,23918
43,23948
43,23955
43,23958
43,23965
43,23968
43,24005
43,24007
43,24010
43,24016
43,24039
43,24049
43,24064
43,24070
43,24074
43,24077
43,24089
43,24104
43,24105
43,24109
43,24116
43,24125
43,24137
43,24151
43,24164
43,24169
43,24190
43,24216
43,24220
43,24222
43,24228
43,24256
43,24274
43,24296
43,24326
43,24337
43,24374
43,24378
43,24385
43,24392
43,24403
43,24414
43,24418
43,24446
43,24447
43,24453
43,24457
43,24488
43,24497
43,24524
43,24564
43,24568
43,24576
43,24601
43,24625
43,24627
43,24638
43,24655
43,24668
43,24673
43,24688
43,24706
43,24709
43,24718
43,24728
43,24773
43,24786
43,24790
43,24795
43,24800
43,24835
43,24867
43,24875
43,24884
43,24906
43,24922
43,24929
43,24952
43,24959
43,25027
43,25045
43,25085
43,25100
43,25105
43,25111
43,25125
43,25152
43,25156
43,25164
43,25202
43,25216
43,25251
43,25290
43,25297
43,25306
43,25326
43,25345
43,25359
43,25370
43,25373
43,25382
43,25393
43,25403
43,25414
43,25419
43,25436
43,25440
43,25443
43,25461
43,25499
43,25511
43,25512
43,25523
43,25529
43,25535
43,25556
43,25592
43,25597
43,25615
43,25621
43,25627
43,25631
43,25633
43,25653
43,25670
43,25682
43,25695
43,25699
43,25708
43,25718
43,25736
43,25738
43,25826
43,25859
43,25875
43,25896
43,25916
43,25987
43,26000
43,26066
43,26069
43,26089
43,26106
43,26110
43,26121
43,26125
43,26131
43,26170
43,26187
43,26203
43,26226
43,26233
43,26267
43,26274
43,26275
43,26291
43,26340
43,26364
43,26390
43,26402
43,26409
43,26425
43,26439
43,26470
43,26505
43,26513
43,26553
43,26558
43,26570
43,26580
43,26585
43,26602
43,26604
43,26647
43,26676
43,26680
43,26681
43,26689
43,26691
43,26712
43,26723
43,26744
43,26746
43,26774
43,26800
43,26811
43,26824
43,26828
43,26830
43,26831
43,26835
43,26859
43,26875
43,26882
43,26918
43,26939
43,26952
43,26973
43,26984
43,26996
43,26999
43,27002
43,27003
43,27018
43,27020
43,27057
43,27085
43,27086
43,27093
43,27103
43,27108
43,27119
43,27168
43,27170
43,27186
43,27192
43,27225
43,27231
43,27239
43,27246
43,27329
43,27346
43,27350
43,27352
43,27364
43,27372
43,27395
43,27407
43,27419
43,27424
43,27460
43,27523
43,27535
43,27537
43,27538
43,27543
43,27561
43,27566
43,27586
43,27591
43,27594
43,27615
43,27628
43,27667
43,27674
43,27700
43,27708
43,27722
43,27725
43,27738
43,27747
43,27759
43,27787
43,27806
43,27808
43,27829
43,27836
43,27855
43,27872
43,27877
43,27880
43,27906
43,27916
43,27925
43,27950
43,27976
43,27978
43,28008
43,28014
43,28025
43,28056
43,28072
43,28081
43,28098
43,28118
43,28132
43,28163
43,28167
43,28191
43,28207
43,28213
43,28219
43,28232
43,28235
43,28256
43,28261
43,28274
43,28288
43,28293
43,28295
43,28302
43,28305
43,28329
43,28330
43,28347
43,28352
43,28369
43,28384
43,28394
43,28396
43,28397
43,28401
43,28404
43,28407
43,28409
43,28414
43,28424
43,28440
43,28444
43,28449
43,28552
43,28556
43,28566
43,28587
43,28588
43,28600
43,28605
43,28612
43,28616
43,28619
43,28621
43,28628
43,28633
43,28663
43,28685
43,28696
43,28708
43,28711
43,28712
43,28714
43,28726
43,28730
43,28731
43,28735
43,28765
43,28787
43,28815
43,28816
43,28825
43,28833
43,28839
43,28844
43,28878
43,28881
43,28882
43,28893
43,28914
43,28916
43,28929
43,28938
43,28949
43,28965
43,28966
43,28970
43,28971
43,28990
43,29008
43,29009
43,29010
43,29096
43,29111
43,29146
43,29151
43,29152
43,29156
43,29179
43,29183
43,29196
43,29215
43,29223
43,29237
43,29238
43,29247
43,29257
43,29269
43,29285
43,29346
43,29348
43,29357
43,29372
43,29384
43,29394
43,29409
43,29426
43,29436
43,29441
43,29456
43,29482
43,29483
43,29487
43,29506
43,29522
43,29537
43,29554
43,29555
44,35
44,46
44,55
44,63
44,69
44,82
44,103
44,126
44,149
44,165
44,166
44,236
44,239
44,240
44,241
44,251
44,275
44,296
44,298
44,319
44,324
44,333
44,345
44,356
44,367
44,397
44,401
44,405
44,410
44,446
44,459
44,496
44,514
44,545
44,547
44,550
44,566
44,569
44,579
44,660
44,668
44,691
44,711
44,715
44,719
44,733
44,741
44,756
44,783
44,799
44,812
44,851
44,879
44,885
44,896
44,941
44,948
44,982
44,986
44,997
44,1001
44,1008
44,1012
44,1033
44,1038
44,1061
44,1081
44,1087
44,1106
44,1125
44,1138
44,1145
44,1153
44,1172
44,1189
44,1211
44,1255
44,1268
44,1303
44,1325
44,1350
44,1354
44,1388
44,1396
44,1421
44,1428
44,1491
44,1519
44,1527
44,1563
44,1604
44,1606
44,1622
44,1630
44,1649
44,1659
44,1685
44,1718
44,1720
44,1735
44,1770
44,1808
44,1834
44,1835
44,1854
44,1858
44,1870
44,1874
44,1879
44,1880
44,1882
44,1883
44,1890
44,1933
44,1942
44,1949
44,1957
44,2005
44,2019
44,2033
44,2043
44,2048
44,2068
44,2085
44,2087
44,2182
44,2194
44,2225
44,2231
44,2246
44,2249
44,2251
44,2268
44,2281
44,2287
44,2322
44,2325
44,2327
44,2329
44,2334
44,2362
44,2374
44,2384
44,2392
44,2403
44,2405
44,2414
44,2419
44,2427
44,2447
44,2472
44,2483
44,2487
44,2495
44,2512
44,2514
44,2520
44,2553
44,2567
44,2571
44,2608
44,2632
44,2649
44,2655
44,2670
44,2688
44,2689
44,2693
44,2711
44,2746
44,2752
44,2755
44,2760
44,2783
44,2798
44,2802
44,2845
44,2873
44,2928
44,2991
44,3029
44,3046
44,3050
44,3066
44,3070
44,3092
44,3128
44,3132
44,3150
44,3151
44,3152
44,3160
44,3203
44,3253
44,3254
44,3262
44,3263
44,3296
44,3303
44,3309
44,3322
44,3329
44,3355
44,3356
44,3364
44,3387
44,3456
44,3468
44,3487
44,3489
44,3506
44,3514
44,3517
44,3520
44,3532
44,3570
44,3577
44,3581
44,3596
44,3611
44,3657
44,3681
44,3691
44,3701
44,3702
44,3711
44,3712
44,3724
44,3759
44,3769
44,3792
44,3811
44,3813
44,3820
44,3827
44,3865
44,3902
44,3971
44,3986
44,3991
44,4001
44,4010
44,4011
44,4045
44,4061
44,4064
44,4082
44,4098
44,4124
44,4141
44,4144
44,4148
44,4150
44,4154
44,4169
44,4171
44,4226
44,4307
44,4320
44,4322
44,4323
44,4324
44,4344
44,4351
44,4381
44,4406
44,4416
44,4425
44,4445
44,4457
44,4483
44,4523
44,4550
44,4567
44,4589
44,4597
44,4610
44,4612
44,4617
44,4626
44,4645
44,4652
44,4658
44,4669
44,4676
44,4680
44,4727
44,4730
44,4735
44,4739
44,4743
44,4744
44,4749
44,4766
44,4771
44,4779
44,4784
44,4795
44,4797
44,4811
44,4823
44,4832
44,4865
44,4904
44,4918
44,4923
44,4938
44,4940
44,4944
44,4953
44,4962
44,4968
44,4980
44,5007
44,5008
44,5026
44,5046
44,5054
44,5079
44,5082
44,5101
44,5122
44,5124
44,5127
44,5166
44,5177
44,5185
44,5190
44,5252
44,5274
44,5294
44,5316
44,5351
44,5363
44,5428
44,5437
44,5479
44,5485
44,5518
44,5529
44,5545
44,5559
44,5565
44,5573
44,5581
44,5630
44,5635
44,5641
44,5679
44,5707
44,5713
44,5749
44,5750
44,5751
44,5756
44,5762
44,5768
44,5774
44,5826
44,5840
44,5845
44,5866
44,5893
44,5929
44,5935
44,5950
44,5971
44,5976
44,5982
44,5999
44,6003
44,6006
44,6007
44,6019
44,6027
44,6039
44,6052
44,6078
44,6089
44,6108
44,6111
44,6113
44,6116
44,6129
44,6131
44,6142
44,6147
44,6154
44,6172
44,6183
44,6188
44,6193
44,6246
44,6253
44,6280
44,6320
44,6326
44,6329
44,6352
44,6354
44,6424
44,6449
44,6486
44,6503
44,6521
44,6551
44,6572
44,6598
44,6628
44,6638
44,6667
44,6689
44,6692
44,6701
44,6711
44,6712
44,6727
44,6758
44,6759
44,6804
44,6827
44,6871
44,6876
44,6904
44,6911
44,6937
44,6947
44,6959
44,6969
44,7031
44,7033
44,7034
44,7069
44,7107
44,7110
44,7118
44,7122
44,7142
44,7150
44,7213
44,7219
44,7226
44,7237
44,7246
44,7256
44,7278
44,7345
44,7348
44,7390
44,7415
44,7421
44,7434
44,7439
44,7444
44,7455
44,7490
44,7492
44,7521
44,7536
44,7550
44,7564
44,7580
44,7599
44,7615
44,7646
44,7660
44,7681
44,7683
44,7690
44,7697
44,7712
44,7770
44,7792
44,7800
44,7803
44,7821
44,7836
44,7857
44,7877
44,7887
44,7902
44,7913
44,7947
44,7960
44,7978
44,7988
44,7999
44,8011
44,8043
44,8058
44,8064
44,8083
44,8112
44,8126
44,8177
44,8178
44,8255
44,8277
44,8279
44,8283
44,8294
44,8319
44,8327
44,8331
44,8338
44,8353
44,8396
44,8397
44,8405
44,8413
44,8436
44,8445
44,8484
44,8508
44,8509
44,8531
44,8533
44,8535
44,8546
44,8554
44,8589
44,8590
44,8595
44,8602
44,8621
44,8622
44,8647
44,8648
44,8650
44,8674
44,8687
44,8746
44,8760
44,8773
44,8813
44,8834
44,8842
44,8868
44,8873
44,8875
44,8882
44,8884
44,8887
44,8923
44,8931
44,8934
44,8943
44,8980
44,8984
44,8987
44,8988
44,9005
44,9012
44,9048
44,9057
44,9067
44,9086
44,9111
44,9118
44,9133
44,9138
44,9147
44,9206
44,9220
44,9221
44,9239
44,9280
44,9284
44,9290
44,9293
44,9302
44,9310
44,9311
44,9323
44,9327
44,9340
44,9382
44,9390
44,9400
44,9422
44,9429
44,9449
44,9455
44,9458
44,9470
44,9472
44,9480
44,9485
44,9507
44,9531
44,9553
44,9554
44,9560
44,9606
44,9622
44,9625
44,9626
44,9630
44,9636
44,9639
44,9643
44,9659
44,9663
44,9672
44,9695
44,9716
44,9725
44,9728
44,9758
44,9782
44,9809
44,9835
44,9837
44,9838
44,9845
44,9848
44,9856
44,9885
44,9913
44,9918
44,9930
44,9951
44,9955
44,9962
44,9964
44,10044
44,10082
44,10086
44,10094
44,10104
44,10130
44,10175
44,10180
44,10191
44,10217
44,10219
44,10220
44,10224
44,10226
44,10230
44,10237
44,10274
44,10278
44,10303
44,10308
44,10314
44,10320
44,10340
44,10403
44,10408
44,10411
44,10414
44,10480
44,10516
44,10536
44,10557
44,10573
44,10583
44,10599
44,10603
44,10621
44,10648
44,10684
44,10690
44,10693
44,10697
44,10701
44,10709
44,10716
44,10761
44,10783
44,10791
44,10824
44,10827
44,10833
44,10854
44,10873
44,10875
44,10881
44,10894
44,10936
44,10946
44,10964
44,10974
44,11003
44,11016
44,11041
44,11050
44,11059
44,11073
44,11092
44,11094
44,11119
44,11130
44,11134
44,11136
44,11153
44,11157
44,11184
44,11197
44,11205
44,11218
44,11227
44,11228
44,11231
44,11232
44,11250
44,11259
44,11262
44,11268
44,11287
44,11361
44,11385
44,11416
44,11431
44,11433
44,11462
44,11476
44,11486
44,11494
44,11497
44,11517
44,11543
44,11570
44,11571
44,11580
44,11588
44,11607
44,11635
44,11650
44,11653
44,11665
44,11667
44,11668
44,11686
44,11692
44,11710
44,11732
44,11764
44,11766
44,11773
44,11782
44,11814
44,11816
44,11819
44,11826
44,11827
44,11854
44,11857
44,11911
44,11921
44,11933
44,11935
44,11962
44,12022
44,12032
44,12069
44,12079
44,12086
44,12096
44,12148
44,12152
44,12155
44,12176
44,12180
44,12209
44,12210
44,12225
44,12232
44,12244
44,12264
44,12310
44,12333
44,12379
44,12384
44,12410
44,12431
44,12441
44,12446
44,12508
44,12512
44,12519
44,12529
44,12577
44,12604
44,12613
44,12629
44,12644
44,12645
44,12694
44,12706
44,12714
44,12737
44,12756
44,12781
44,12794
44,12810
44,12812
44,12813
44,12816
44,12823
44,12847
44,12848
44,12854
44,12861
44,12866
44,12867
44,12881
44,12886
44,12918
44,12931
44,12964
44,12975
44,12985
44,12998
44,13018
44,13040
44,13057
44,13072
44,13078
44,13101
44,13107
44,13112
44,13128
44,13130
44,13189
44,13198
44,13203
44,13218
44,13226
44,13231
44,13275
44,13325
44,13335
44,13350
44,13385
44,13400
44,13403
44,13426
44,13429
44,13430
44,13431
44,13432
44,13447
44,13469
44,13477
44,13488
44,13500
44,13520
44,13523
44,13545
44,13564
44,13570
44,13572
44,13581
44,13586
44,13588
44,13603
44,13643
44,13647
44,13686
44,13719
44,13721
44,13731
44,13759
44,13783
44,13786
44,13804
44,13808
44,13817
44,13834
44,13841
44,13858
44,13877
44,13892
44,13898
44,13911
44,13918
44,13932
44,13971
44,13972
44,13983
44,13986
44,13990
44,13994
44,14004
44,14020
44,14058
44,14082
44,14117
44,14125
44,14133
44,14134
44,14155
44,14160
44,14170
44,14171
44,14181
44,14182
44,14190
44,14192
44,14196
44,14237
44,14244
44,14283
44,14300
44,14334
44,14340
44,14355
44,14359
44,14376
44,14391
44,14397
44,14400
44,14415
44,14446
44,14452
44,14461
44,14463
44,14469
44,14525
44,14528
44,14550
44,14562
44,14585
44,14609
44,14616
44,14620
44,14621
44,14634
44,14636
44,14642
44,14686
44,14691
44,14694
44,14721
44,14738
44,14750
44,14765
44,14780
44,14794
44,14798
44,14833
44,14847
44,14854
44,14888
44,14913
44,14954
44,14958
44,14964
44,14966
44,14997
44,14999
44,15006
44,15021
44,15059
44,15067
44,15075
44,15088
44,15090
44,15103
44,15116
44,15124
44,15138
44,15174
44,15194
44,15221
44,15222
44,15254
44,15260
44,15263
44,15272
44,15278
44,15288
44,15289
44,15319
44,15326
44,15329
44,15338
44,15426
44,15436
44,15448
44,15467
44,15472
44,15477
44,15478
44,15507
44,15509
44,15525
44,15532
44,15534
44,15544
44,15548
44,15555
44,15568
44,15587
44,15588
44,15645
44,15646
44,15689
44,15702
44,15738
44,15742
44,15766
44,15788
44,15802
44,15809
44,15819
44,15833
44,15835
44,15865
44,15866
44,15908
44,15926
44,15928
44,15941
44,15949
44,15963
44,15979
44,15994
44,16018
44,16021
44,16035
44,16061
44,16097
44,16108
44,16115
44,16123
44,16127
44,16158
44,16163
44,16224
44,16229
44,16231
44,16243
44,16247
44,16267
44,16273
44,16288
44,16298
44,16303
44,16306
44,16317
44,16324
44,16326
44,16327
44,16330
44,16331
44,16349
44,16360
44,16372
44,16373
44,16391
44,16401
44,16431
44,16436
44,16443
44,16450
44,16462
44,16463
44,16473
44,16495
44,16508
44,16525
44,16578
44,16580
44,16590
44,16613
44,16687
44,16694
44,16695
44,16703
44,16757
44,16763
44,16766
44,16810
44,16818
44,16838
44,16898
44,16907
44,16910
44,16935
44,16943
44,16961
44,16963
44,16984
44,17001
44,17015
44,17017
44,17037
44,17043
44,17124
44,17130
44,17134
44,17135
44,17137
44,17154
44,17210
44,17228
44,17274
44,17291
44,17294
44,17296
44,17306
44,17310
44,17317
44,17339
44,17344
44,17351
44,17366
44,17370
44,17373
44,17374
44,17376
44,17381
44,17409
44,17417
44,17470
44,17476
44,17492
44,17529
44,17539
44,17554
44,17562
44,17584
44,17602
44,17603
44,17615
44,17624
44,17640
44,17680
44,17691
44,17702
44,17721
44,17742
44,17753
44,17756
44,17758
44,17759
44,17787
44,17796
44,17803
44,17816
44,17837
44,17839
44,17848
44,17864
44,17865
44,17867
44,17874
44,17883
44,17896
44,17921
44,17965
44,17977
44,17999
44,18025
44,18036
44,18039
44,18051
44,18068
44,18071
44,18078
44,18101
44,18110
44,18114
44,18120
44,18127
44,18135
44,18141
44,18147
44,18182
44,18184
44,18207
44,18212
44,18220
44,18234
44,18261
44,18340
44,18353
44,18445
44,18466
44,18472
44,18475
44,18499
44,18555
44,18562
44,18568
44,18570
44,18597
44,18608
44,18613
44,18635
44,18637
44,18640
44,18643
44,18646
44,18678
44,18687
44,18720
44,18730
44,18751
44,18778
44,18805
44,18806
44,18826
44,18854
44,18864
44,18875
44,18876
44,18885
44,18892
44,18898
44,18914
44,18916
44,18917
44,18926
44,18950
44,18955
44,18968
44,18998
44,19032
44,19033
44,19034
44,19043
44,19082
44,19091
44,19099
44,19112
44,19113
44,19114
44,19121
44,19122
44,19136
44,19149
44,19169
44,19195
44,19201
44,19236
44,19240
44,19280
44,19281
44,19345
44,19360
44,19365
44,19369
44,19408
44,19432
44,19441
44,19470
44,19485
44,19500
44,19504
44,19523
44,19526
44,19571
44,19609
44,19634
44,19645
44,19660
44,19686
44,19697
44,19701
44,19708
44,19765
44,19799
44,19812
44,19832
44,19844
44,19845
44,19850
44,19853
44,19867
44,19886
44,19889
44,19899
44,19916
44,19958
44,19961
44,19996
44,20056
44,20064
44,20070
44,20098
44,20099
44,20140
44,20144
44,20171
44,20181
44,20189
44,20201
44,20209
44,20219
44,20224
44,20237
44,20243
44,20250
44,20254
44,20277
44,20282
44,20292
44,20315
44,20329
44,20334
44,20335
44,20336
44,20343
44,20344
44,20368
44,20385
44,20403
44,20412
44,20418
44,20447
44,20448
44,20453
44,20460
44,20464
44,20468
44,20488
44,20502
44,20535
44,20591
44,20614
44,20620
44,20638
44,20646
44,20653
44,20656
44,20678
44,20687
44,20712
44,20714
44,20716
44,20742
44,20749
44,20784
44,20804
44,20820
44,20840
44,20846
44,20908
44,20912
44,20931
44,20961
44,21002
44,21039
44,21055
44,21068
44,21079
44,21081
44,21083
44,21086
44,21121
44,21135
44,21154
44,21156
44,21184
44,21192
44,21194
44,21217
44,21261
44,21267
44,21278
44,21280
44,21327
44,21341
44,21350
44,21360
44,21369
44,21399
44,21413
44,21438
44,21439
44,21454
44,21489
44,21498
44,21499
44,21523
44,21534
44,21539
44,21555
44,21564
44,21593
44,21617
44,21636
44,21657
44,21660
44,21674
44,21692
44,21698
44,21716
44,21721
44,21724
44,21728
44,21745
44,21812
44,21814
44,21822
44,21880
44,21886
44,21889
44,21894
44,21907
44,21917
44,21951
44,21963
44,21993
44,21994
44,22060
44,22086
44,22089
44,22144
44,22153
44,22157
44,22175
44,22183
44,22190
44,22193
44,22239
44,22268
44,22269
44,22285
44,22286
44,22302
44,22325
44,22356
44,22364
44,22365
44,22381
44,22395
44,22396
44,22450
44,22452
44,22479
44,22490
44,22496
44,22498
44,22503
44,22542
44,22549
44,22570
44,22604
44,22612
44,22651
44,22653
44,22666
44,22673
44,22676
44,22686
44,22700
44,22738
44,22749
44,22774
44,22788
44,22791
44,22824
44,22826
44,22871
44,22888
44,22949
44,22958
44,22962
44,22967
44,22988
44,22994
44,23000
44,23016
44,23022
44,23025
44,23026
44,23029
44,23036
44,23037
44,23049
44,23076
44,23096
44,23100
44,23152
44,23199
44,23200
44,23201
44,23211
44,23217
44,23223
44,23226
44,23275
44,23292
44,23316
44,23335
44,23340
44,23343
44,23344
44,23364
44,23419
44,23434
44,23439
44,23447
44,23463
44,23525
44,23536
44,23540
44,23559
44,23577
44,23583
44,23586
44,23588
44,23632
44,23635
44,23671
44,23692
44,23699
44,23709
44,23738
44,23745
44,23755
44,23757
44,23770
44,23789
44,23826
44,23827
44,23831
44,23835
44,23839
44,23840
44,23842
44,23845
44,23849
44,23859
44,23864
44,23910
44,23918
44,23941
44,23942
44,23963
44,23978
44,23980
44,23985
44,24014
44,24019
44,24030
44,24036
44,24040
44,24067
44,24070
44,24088
44,24092
44,24094
44,24131
44,24141
44,24157
44,24159
44,24166
44,24172
44,24199
44,24225
44,24246
44,24275
44,24292
44,24296
44,24317
44,24321
44,24344
44,24363
44,24382
44,24386
44,24387
44,24393
44,24398
44,24400
44,24403
44,24419
44,24428
44,24470
44,24489
44,24494
44,24516
44,24535
44,24540
44,24543
44,24570
44,24585
44,24591
44,24592
44,24593
44,24604
44,24607
44,24613
44,24618
44,24643
44,24651
44,24659
44,24666
44,24714
44,24716
44,24729
44,24747
44,24781
44,24789
44,24833
44,24835
44,24860
44,24886
44,24900
44,24903
44,24915
44,24920
44,24937
44,24972
44,25000
44,25021
44,25030
44,25089
44,25090
44,25102
44,25105
44,25106
44,25112
44,25132
44,25146
44,25158
44,25206
44,25227
44,25267
44,25277
44,25279
44,25311
44,25325
44,25328
44,25333
44,25337
44,25343
44,25372
44,25413
44,25427
44,25434
44,25448
44,25449
44,25454
44,25466
44,25500
44,25507
44,25510
44,25527
44,25532
44,25545
44,25559
44,25566
44,25569
44,25575
44,25598
44,25634
44,25656
44,25657
44,25698
44,25706
44,25746
44,25752
44,25770
44,25788
44,25803
44,25806
44,25818
44,25883
44,25889
44,25902
44,25915
44,25921
44,25965
44,25966
44,25974
44,26000
44,26002
44,26018
44,26027
44,26029
44,26030
44,26033
44,26039
44,26049
44,26057
44,26059
44,26121
44,26122
44,26128
44,26141
44,26152
44,26163
44,26168
44,26189
44,26214
44,26232
44,26251
44,26262
44,26276
44,26280
44,26281
44,26292
44,26325
44,26343
44,26361
44,26382
44,26385
44,26388
44,26462
44,26507
44,26527
44,26576
44,26583
44,26588
44,26598
44,26610
44,26638
44,26672
44,26727
44,26762
44,26773
44,26800
44,26810
44,26824
44,26828
44,26833
44,26837
44,26853
44,26869
44,26883
44,26908
44,26947
44,26951
44,26954
44,26961
44,26973
44,26997
44,27004
44,27007
44,27010
44,27014
44,27030
44,27081
44,27082
44,27112
44,27139
44,27149
44,27161
44,27174
44,27203
44,27236
44,27244
44,27246
44,27256
44,27268
44,27350
44,27376
44,27381
44,27385
44,27394
44,27405
44,27419
44,27445
44,27456
44,27471
44,27489
44,27524
44,27533
44,27538
44,27544
44,27549
44,27556
44,27568
44,27585
44,27591
44,27592
44,27600
44,27605
44,27608
44,27617
44,27640
44,27663
44,27670
44,27691
44,27700
44,27704
44,27755
44,27807
44,27840
44,27860
44,27865
44,27907
44,27918
44,27925
44,27945
44,27984
44,28056
44,28070
44,28097
44,28108
44,28109
44,28117
44,28139
44,28238
44,28242
44,28252
44,28258
44,28309
44,28328
44,28360
44,28364
44,28370
44,28388
44,28393
44,28403
44,28409
44,28420
44,28442
44,28450
44,28488
44,28530
44,28550
44,28557
44,28560
44,28594
44,28653
44,28684
44,28690
44,28709
44,28715
44,28717
44,28728
44,28739
44,28753
44,28764
44,28807
44,28811
44,28881
44,28893
44,28908
44,28929
44,28952
44,28961
44,28979
44,28995
44,29000
44,29020
44,29080
44,29081
44,29106
44,29113
44,29145
44,29146
44,29165
44,29175
44,29194
44,29204
44,29255
44,29265
44,29266
44,29277
44,29298
44,29313
44,29347
44,29372
44,29394
44,29436
44,29484
44,29503
44,29510
44,29526
45,26
45,45
45,71
45,81
45,91
45,92
45,137
45,146
45,148
45,157
45,180
45,214
45,222
45,231
45,234
45,252
45,255
45,277
45,287
45,312
45,352
45,361
45,362
45,371
45,373
45,388
45,407
45,420
45,451
45,468
45,478
45,489
45,498
45,504
45,508
45,576
45,581
45,587
45,612
45,627
45,641
45,654
45,660
45,661
45,702
45,713
45,727
45,732
45,740
45,753
45,755
45,760
45,763
45,791
45,859
45,867
45,868
45,878
45,927
45,934
45,941
45,955
45,966
45,988
45,990
45,1002
45,1009
45,1017
45,1018
45,1074
45,1076
45,1109
45,1113
45,1122
45,1139
45,1150
45,1153
45,1157
45,1190
45,1258
45,1264
45,1267
45,1289
45,1300
45,1343
45,1382
45,1430
45,1447
45,1452
45,1467
45,1472
45,1482
45,1488
45,1506
45,1507
45,1522
45,1566
45,1580
45,1586
45,1603
45,1608
45,1652
45,1682
45,1700
45,1704
45,1710
45,1712
45,1720
45,1726
45,1729
45,1799
45,1800
45,1812
45,1842
45,1872
45,1901
45,1912
45,1939
45,1996
45,2035
45,2082
45,2083
45,2145
45,2187
45,2196
45,2228
45,2235
45,2236
45,2274
45,2282
45,2283
45,2335
45,2337
45,2350
45,2402
45,2403
45,2406
45,2417
45,2440
45,2466
45,2492
45,2500
45,2513
45,2514
45,2528
45,2551
45,2574
45,2579
45,2599
45,2616
45,2648
45,2669
45,2670
45,2731
45,2754
45,2758
45,2759
45,2773
45,2777
45,2790
45,2798
45,2842
45,2865
45,2873
45,2879
45,2890
45,2896
45,2917
45,2937
45,2939
45,2949
45,2958
45,2971
45,2974
45,3023
45,3027
45,3083
45,3137
45,3139
45,3143
45,3165
45,3181
45,3193
45,3195
45,3216
45,3225
45,3227
45,3229
45,3235
45,3242
45,3258
45,3281
45,3282
45,3313
45,3329
45,3331
45,3334
45,3355
45,3384
45,3407
45,3418
45,3423
45,3467
45,3478
45,3489
45,3497
45,3525
45,3582
45,3590
45,3639
45,3664
45,3665
45,3692
45,3694
45,3751
45,3767
45,3797
45,3814
45,3826
45,3838
45,3860
45,3861
45,3884
45,3968
45,4007
45,4041
45,4092
45,4093
45,4099
45,4110
45,4120
45,4168
45,4208
45,4212
45,4241
45,4269
45,4278
45,4307
45,4310
45,4338
45,4372
45,4382
45,4417
45,4488
45,4516
45,4526
45,4537
45,4560
45,4590
45,4596
45,4609
45,4726
45,4742
45,4778
45,4784
45,4793
45,4867
45,4881
45,4907
45,4936
45,5022
45,5024
45,5074
45,5101
45,5138
45,5172
45,5191
45,5194
45,5196
45,5229
45,5247
45,5285
45,5291
45,5295
45,5317
45,5366
45,5382
45,5383
45,5407
45,5438
45,5450
45,5455
45,5461
45,5482
45,5499
45,5522
45,5557
45,5573
45,5586
45,5619
45,5628
45,5663
45,5671
45,5721
45,5738
45,5745
45,5746
45,5754
45,5764
45,5797
45,5840
45,5901
45,5934
45,5935
45,5937
45,5940
45,5949
45,5956
45,5973
45,5979
45,6021
45,6023
45,6031
45,6033
45,6049
45,6075
45,6084
45,6127
45,6162
45,6164
45,6186
45,6187
45,6273
45,6281
45,6288
45,6423
45,6449
45,6462
45,6466
45,6468
45,6484
45,6491
45,6508
45,6517
45,6524
45,6554
45,6587
45,6605
45,6626
45,6640
45,6641
45,6654
45,6659
45,6692
45,6773
45,6782
45,6828
45,6842
45,6853
45,6867
45,6883
45,6903
45,6913
45,6920
45,6921
45,6948
45,6969
45,6972
45,6991
45,7035
45,7067
45,7078
45,7083
45,7124
45,7140
45,7150
45,7162
45,7172
45,7174
45,7184
45,7261
45,7265
45,7275
45,7305
45,7318
45,7350
45,7367
45,7394
45,7408
45,7411
45,7412
45,7413
45,7459
45,7460
45,7469
45,7482
45,7484
45,7501
45,7506
45,7516
45,7586
45,7597
45,7603
45,7608
45,7627
45,7635
45,7641
45,7645
45,7646
45,7672
45,7703
45,7709
45,7714
45,7763
45,7781
45,7801
45,7820
45,7830
45,7860
45,7917
45,7954
45,7973
45,7994
45,8004
45,8020
45,8059
45,8152
45,8183
45,8324
45,8338
45,8353
45,8369
45,8373
45,8378
45,8400
45,8411
45,8444
45,8456
45,8459
45,8468
45,8485
45,8489
45,8499
45,8512
45,8534
45,8546
45,8547
45,8556
45,8558
45,8576
45,8626
45,8641
45,8643
45,8651
45,8660
45,8669
45,8679
45,8683
45,8745
45,8794
45,8801
45,8806
45,8810
45,8846
45,8861
45,8866
45,8877
45,8965
45,8967
45,8999
45,9010
45,9051
45,9067
45,9085
45,9114
45,9117
45,9123
45,9139
45,9143
45,9153
45,9163
45,9164
45,9172
45,9259
45,9261
45,9287
45,9317
45,9322
45,9334
45,9337
45,9342
45,9371
45,9375
45,9391
45,9392
45,9414
45,9436
45,9454
45,9465
45,9476
45,9493
45,9532
45,9550
45,9587
45,9591
45,9603
45,9640
45,9651
45,9674
45,9768
45,9788
45,9790
45,9796
45,9800
45,9836
45,9856
45,9869
45,9933
45,9938
45,10040
45,10048
45,10059
45,10063
45,10116
45,10136
45,10151
45,10152
45,10217
45,10248
45,10254
45,10284
45,10294
45,10321
45,10322
45,10330
45,10339
45,10379
45,10397
45,10413
45,10429
45,10436
45,10453
45,10473
45,10489
45,10510
45,10515
45,10535
45,10566
45,10573
45,10579
45,10622
45,10648
45,10659
45,10675
45,10685
45,10711
45,10720
45,10735
45,10736
45,10753
45,10764
45,10765
45,10786
45,10787
45,10790
45,10838
45,10840
45,10841
45,10857
45,10865
45,10874
45,10895
45,10896
45,10921
45,10929
45,10943
45,11055
45,11113
45,11122
45,11147
45,11153
45,11165
45,11303
45,11322
45,11335
45,11355
45,11356
45,11359
45,11360
45,11361
45,11422
45,11464
45,11476
45,11479
45,11486
45,11497
45,11543
45,11579
45,11595
45,11604
45,11606
45,11622
45,11627
45,11700
45,11704
45,11710
45,11733
45,11774
45,11778
45,11850
45,11885
45,11910
45,11920
45,11930
45,11938
45,11945
45,11987
45,12004
45,12060
45,12061
45,12064
45,12071
45,12101
45,12167
45,12186
45,12187
45,12203
45,12213
45,12218
45,12226
45,12233
45,12249
45,12255
45,12265
45,12275
45,12292
45,12294
45,12299
45,12327
45,12328
45,12337
45,12353
45,12355
45,12387
45,12418
45,12434
45,12479
45,12506
45,12541
45,12555
45,12578
45,12599
45,12605
45,12651
45,12672
45,12685
45,12699
45,12710
45,12714
45,12744
45,12755
45,12802
45,12831
45,12886
45,12931
45,12933
45,12948
45,12968
45,12969
45,13006
45,13041
45,13051
45,13056
45,13063
45,13078
45,13088
45,13106
45,13136
45,13177
45,13178
45,13180
45,13220
45,13224
45,13249
45,13267
45,13269
45,13275
45,13279
45,13304
45,13312
45,13351
45,13370
45,13397
45,13407
45,13410
45,13465
45,13480
45,13490
45,13510
45,13531
45,13568
45,13571
45,13610
45,13626
45,13661
45,13669
45,13696
45,13722
45,13734
45,13762
45,13768
45,13806
45,13811
45,13822
45,13871
45,13881
45,13885
45,13890
45,13913
45,13914
45,13953
45,13967
45,13988
45,14031
45,14049
45,14055
45,14103
45,14110
45,14115
45,14141
45,14159
45,14194
45,14232
45,14233
45,14237
45,14247
45,14248
45,14273
45,14286
45,14298
45,14309
45,14315
45,14332
45,14362
45,14371
45,14402
45,14428
45,14437
45,14447
45,14467
45,14483
45,14487
45,14521
45,14524
45,14525
45,14532
45,14541
45,14546
45,14552
45,14572
45,14590
45,14600
45,14621
45,14629
45,14644
45,14715
45,14731
45,14747
45,14767
45,14813
45,14847
45,14856
45,14863
45,14934
45,14946
45,14949
45,14962
45,14983
45,15010
45,15051
45,15061
45,15067
45,15117
45,15120
45,15153
45,15176
45,15200
45,15239
45,15241
45,15269
45,15274
45,15289
45,15291
45,15302
45,15306
45,15307
45,15326
45,15334
45,15359
45,15369
45,15401
45,15403
45,15405
45,15439
45,15441
45,15445
45,15460
45,15470
45,15474
45,15495
45,15514
45,15548
45,15549
45,15561
45,15562
45,15635
45,15660
45,15698
45,15725
45,15742
45,15755
45,15774
45,15784
45,15790
45,15809
45,15895
45,15939
45,15981
45,16016
45,16026
45,16045
45,16066
45,16071
45,16083
45,16089
45,16091
45,16100
45,16119
45,16132
45,16133
45,16147
45,16172
45,16223
45,16260
45,16262
45,16270
45,16280
45,16298
45,16311
45,16369
45,16379
45,16385
45,16395
45,16400
45,16412
45,16425
45,16456
45,16464
45,16494
45,16503
45,16509
45,16514
45,16525
45,16538
45,16544
45,16581
45,16625
45,16669
45,16674
45,16677
45,16755
45,16758
45,16769
45,16814
45,16843
45,16859
45,16903
45,16918
45,16919
45,16943
45,16960
45,16974
45,16983
45,17011
45,17024
45,17039
45,17051
45,17063
45,17069
45,17072
45,17086
45,17088
45,17112
45,17130
45,17133
45,17149
45,17202
45,17208
45,17220
45,17222
45,17242
45,17276
45,17279
45,17292
45,17297
45,17311
45,17329
45,17354
45,17361
45,17374
45,17396
45,17411
45,17417
45,17429
45,17434
45,17438
45,17442
45,17490
45,17496
45,17519
45,17521
45,17525
45,17568
45,17576
45,17578
45,17590
45,17612
45,17614
45,17634
45,17640
45,17647
45,17662
45,17701
45,17760
45,17776
45,17804
45,17810
45,17827
45,17831
45,17855
45,17859
45,17861
45,17878
45,17880
45,17890
45,17910
45,17933
45,17935
45,17994
45,18039
45,18047
45,18067
45,18072
45,18082
45,18090
45,18097
45,18101
45,18156
45,18159
45,18160
45,18187
45,18223
45,18291
45,18296
45,18302
45,18307
45,18364
45,18381
45,18383
45,18387
45,18397
45,18412
45,18418
45,18433
45,18436
45,18452
45,18461
45,18467
45,18475
45,18481
45,18488
45,18538
45,18577
45,18619
45,18620
45,18651
45,18668
45,18685
45,18694
45,18722
45,18725
45,18754
45,18761
45,18766
45,18782
45,18817
45,18829
45,18839
45,18851
45,18898
45,18949
45,18974
45,18977
45,18978
45,19000
45,19006
45,19080
45,19145
45,19147
45,19149
45,19172
45,19181
45,19184
45,19204
45,19237
45,19327
45,19347
45,19365
45,19373
45,19391
45,19411
45,19418
45,19434
45,19490
45,19504
45,19516
45,19525
45,19574
45,19598
45,19632
45,19667
45,19689
45,19711
45,19741
45,19787
45,19820
45,19845
45,19859
45,19870
45,19876
45,19879
45,19884
45,19891
45,19935
45,19945
45,19979
45,19986
45,19987
45,20000
45,20090
45,20147
45,20148
45,20151
45,20164
45,20170
45,20174
45,20189
45,20191
45,20214
45,20219
45,20227
45,20232
45,20256
45,20264
45,20281
45,20285
45,20290
45,20324
45,20339
45,20381
45,20406
45,20408
45,20418
45,20507
45,20541
45,20548
45,20627
45,20637
45,20642
45,20655
45,20685
45,20686
45,20687
45,20695
45,20764
45,20793
45,20795
45,20820
45,20848
45,20858
45,20870
45,20907
45,20935
45,20956
45,20990
45,20993
45,21006
45,21014
45,21042
45,21159
45,21166
45,21178
45,21187
45,21306
45,21313
45,21375
45,21379
45,21400
45,21413
45,21417
45,21429
45,21447
45,21448
45,21485
45,21488
45,21495
45,21556
45,21569
45,21574
45,21586
45,21604
45,21625
45,21646
45,21647
45,21660
45,21673
45,21694
45,21712
45,21723
45,21753
45,21804
45,21831
45,21838
45,21848
45,21900
45,21932
45,21933
45,21963
45,21985
45,21999
45,22032
45,22046
45,22062
45,22095
45,22100
45,22104
45,22125
45,22127
45,22136
45,22141
45,22148
45,22152
45,22163
45,22168
45,22183
45,22208
45,22297
45,22298
45,22306
45,22336
45,22344
45,22352
45,22381
45,22387
45,22420
45,22421
45,22422
45,22429
45,22430
45,22454
45,22462
45,22468
45,22471
45,22472
45,22497
45,22522
45,22532
45,22593
45,22595
45,22598
45,22614
45,22616
45,22619
45,22635
45,22642
45,22645
45,22661
45,22664
45,22689
45,22708
45,22713
45,22717
45,22718
45,22760
45,22806
45,22839
45,22864
45,22874
45,22920
45,22922
45,22936
45,22937
45,22990
45,22996
45,22998
45,23035
45,23038
45,23062
45,23072
45,23083
45,23102
45,23127
45,23131
45,23155
45,23181
45,23215
45,23234
45,23236
45,23237
45,23245
45,23246
45,23254
45,23314
45,23318
45,23325
45,23329
45,23346
45,23358
45,23363
45,23376
45,23416
45,23421
45,23442
45,23452
45,23483
45,23536
45,23595
45,23610
45,23624
45,23637
45,23651
45,23652
45,23655
45,23662
45,23701
45,23731
45,23781
45,23826
45,23857
45,23866
45,23877
45,23886
45,23912
45,23942
45,24010
45,24115
45,24119
45,24123
45,24159
45,24179
45,24201
45,24204
45,24237
45,24246
45,24249
45,24257
45,24315
45,24330
45,24365
45,24373
45,24376
45,24416
45,24442
45,24471
45,24499
45,24501
45,24509
45,24535
45,24541
45,24543
45,24550
45,24580
45,24602
45,24616
45,24621
45,24633
45,24638
45,24666
45,24667
45,24669
45,24680
45,24682
45,24712
45,24759
45,24765
45,24778
45,24797
45,24879
45,24912
45,24928
45,24938
45,24973
45,24978
45,25014
45,25041
45,25044
45,25079
45,25095
45,25115
45,25124
45,25139
45,25211
45,25227
45,25290
45,25324
45,25360
45,25446
45,25476
45,25483
45,25500
45,25513
45,25514
45,25517
45,25527
45,25537
45,25547
45,25641
45,25713
45,25744
45,25746
45,25775
45,25813
45,25826
45,25840
45,25853
45,25921
45,25941
45,25942
45,25951
45,25959
45,25961
45,25965
45,25980
45,26002
45,26026
45,26044
45,26049
45,26088
45,26108
45,26127
45,26141
45,26156
45,26216
45,26226
45,26247
45,26270
45,26272
45,26285
45,26295
45,26298
45,26311
45,26325
45,26334
45,26338
45,26365
45,26382
45,26408
45,26444
45,26448
45,26461
45,26480
45,26482
45,26496
45,26497
45,26503
45,26512
45,26532
45,26573
45,26589
45,26635
45,26659
45,26682
45,26693
45,26698
45,26724
45,26727
45,26731
45,26761
45,26775
45,26805
45,26882
45,26883
45,26884
45,26890
45,26903
45,26907
45,26924
45,26925
45,26946
45,26951
45,26956
45,26978
45,26987
45,27020
45,27027
45,27046
45,27072
45,27105
45,27115
45,27145
45,27176
45,27267
45,27287
45,27310
45,27316
45,27321
45,27329
45,27342
45,27398
45,27414
45,27417
45,27434
45,27459
45,27460
45,27471
45,27517
45,27525
45,27527
45,27573
45,27580
45,27584
45,27611
45,27621
45,27630
45,27631
45,27650
45,27675
45,27691
45,27703
45,27731
45,27755
45,27771
45,27803
45,27816
45,27856
45,27883
45,27887
45,27926
45,27933
45,27945
45,27992
45,28010
45,28079
45,28108
45,28111
45,28154
45,28159
45,28172
45,28177
45,28199
45,28201
45,28208
45,28220
45,28246
45,28261
45,28269
45,28319
45,28337
45,28371
45,28403
45,28431
45,28441
45,28445
45,28476
45,28482
45,28530
45,28539
45,28554
45,28555
45,28584
45,28603
45,28611
45,28620
45,28642
45,28651
45,28663
45,28668
45,28706
45,28735
45,28741
45,28754
45,28794
45,28799
45,28858
45,28907
45,28913
45,28933
45,28939
45,28958
45,28963
45,29000
45,29006
45,29019
45,29027
45,29044
45,29062
45,29077
45,29092
45,29113
45,29118
45,29120
45,29154
45,29164
45,29220
45,29223
45,29257
45,29270
45,29276
45,29287
45,29292
45,29298
45,29306
45,29309
45,29332
45,29352
45,29362
45,29374
45,29384
45,29398
45,29437
45,29473
45,29490
45,29494
45,29513
45,29560
45,29564
46,10
46,15
46,40
46,50
46,63
46,66
46,67
46,114
46,129
46,131
46,150
46,156
46,157
46,175
46,181
46,186
46,188
46,218
46,243
46,281
46,282
46,296
46,298
46,306
46,312
46,319
46,342
46,348
46,354
46,367
46,390
46,424
46,534
46,597
46,629
46,638
46,686
46,696
46,699
46,723
46,748
46,758
46,776
46,778
46,825
46,835
46,869
46,895
46,920
46,934
46,947
46,949
46,950
46,951
46,980
46,986
46,996
46,1000
46,1017
46,1025
46,1026
46,1035
46,1046
46,1051
46,1072
46,1119
46,1127
46,1143
46,1152
46,1177
46,1189
46,1196
46,1209
46,1230
46,1231
46,1247
46,1251
46,1253
46,1259
46,1286
46,1372
46,1395
46,1426
46,1462
46,1463
46,1466
46,1476
46,1516
46,1531
46,1534
46,1542
46,1583
46,1682
46,1693
46,1707
46,1710
46,1713
46,1737
46,1746
46,1782
46,1789
46,1798
46,1808
46,1810
46,1815
46,1816
46,1890
46,1914
46,1941
46,1942
46,1946
46,1951
46,1966
46,1976
46,2019
46,2024
46,2061
46,2069
46,2070
46,2078
46,2134
46,2149
46,2178
46,2221
46,2230
46,2250
46,2275
46,2325
46,2386
46,2398
46,2419
46,2437
46,2462
46,2493
46,2510
46,2536
46,2569
46,2599
46,2603
46,2621
46,2676
46,2679
46,2687
46,2693
46,2698
46,2717
46,2725
46,2742
46,2756
46,2788
46,2791
46,2792
46,2806
46,2807
46,2808
46,2872
46,2888
46,2983
46,2986
46,3003
46,3006
46,3026
46,3031
46,3048
46,3052
46,3065
46,3069
46,3114
46,3136
46,3142
46,3163
46,3189
46,3199
46,3206
46,3236
46,3241
46,3256
46,3276
46,3290
46,3341
46,3346
46,3357
46,3366
46,3387
46,3395
46,3406
46,3434
46,3450
46,3521
46,3529
46,3535
46,3537
46,3559
46,3583
46,3630
46,3632
46,3647
46,3662
46,3672
46,3692
46,3761
46,3762
46,3782
46,3797
46,3799
46,3810
46,3812
46,3820
46,3857
46,3878
46,3900
46,3914
46,3918
46,3930
46,3934
46,3938
46,3940
46,3949
46,3953
46,3964
46,3979
46,4027
46,4033
46,4040
46,4052
46,4082
46,4092
46,4112
46,4116
46,4161
46,4175
46,4199
46,4232
46,4268
46,4310
46,4311
46,4313
46,4326
46,4338
46,4386
46,4438
46,4442
46,4464
46,4480
46,4520
46,4574
46,4607
46,4613
46,4682
46,4686
46,4691
46,4747
46,4758
46,4774
46,4864
46,4878
46,4892
46,4894
46,4901
46,4913
46,4917
46,4924
46,4929
46,4931
46,4948
46,4954
46,4972
46,4989
46,4993
46,5056
46,5075
46,5134
46,5149
46,5174
46,5187
46,5192
46,5195
46,5205
46,5224
46,5250
46,5256
46,5258
46,5270
46,5278
46,5291
46,5296
46,5302
46,5308
46,5311
46,5318
46,5323
46,5358
46,5367
46,5368
46,5401
46,5405
46,5409
46,5410
46,5415
46,5423
46,5444
46,5464
46,5493
46,5499
46,5516
46,5546
46,5594
46,5638
46,5646
46,5653
46,5697
46,5735
46,5766
46,5773
46,5775
46,5784
46,5788
46,5795
46,5837
46,5838
46,5839
46,5844
46,5886
46,5899
46,5907
46,5910
46,5923
46,5939
46,5946
46,6003
46,6047
46,6052
46,6064
46,6067
46,6151
46,6163
46,6172
46,6183
46,6204
46,6229
46,6247
46,6279
46,6316
46,6330
46,6340
46,6346
46,6462
46,6469
46,6475
46,6481
46,6487
46,6503
46,6512
46,6518
46,6522
46,6530
46,6544
46,6576
46,6601
46,6637
46,6638
46,6639
46,6672
46,6689
46,6751
46,6757
46,6763
46,6782
46,6794
46,6797
46,6831
46,6834
46,6846
46,6887
46,6904
46,6915
46,6920
46,6922
46,6948
46,6955
46,6989
46,6993
46,7036
46,7039
46,7044
46,7067
46,7071
46,7092
46,7129
46,7166
46,7200
46,7215
46,7226
46,7228
46,7242
46,7245
46,7248
46,7275
46,7300
46,7302
46,7305
46,7306
46,7330
46,7348
46,7360
46,7375
46,7378
46,7389
46,7423
46,7449
46,7452
46,7458
46,7505
46,7510
46,7538
46,7543
46,7551
46,7563
46,7582
46,7606
46,7623
46,7668
46,7694
46,7724
46,7747
46,7760
46,7767
46,7799
46,7807
46,7835
46,7846
46,7863
46,7899
46,7924
46,7961
46,7963
46,7967
46,8010
46,8014
46,8044
46,8052
46,8056
46,8069
46,8075
46,8111
46,8123
46,8145
46,8152
46,8154
46,8179
46,8184
46,8236
46,8249
46,8265
46,8267
46,8270
46,8311
46,8343
46,8349
46,8352
46,8370
46,8381
46,8385
46,8392
46,8399
46,8421
46,8423
46,8464
46,8541
46,8542
46,8557
46,8599
46,8601
46,8637
46,8645
46,8651
46,8695
46,8698
46,8702
46,8719
46,8747
46,8808
46,8850
46,8852
46,8886
46,8887
46,8914
46,8946
46,8967
46,8968
46,8978
46,8987
46,9008
46,9029
46,9030
46,9049
46,9052
46,9069
46,9087
46,9183
46,9206
46,9231
46,9250
46,9274
46,9278
46,9314
46,9329
46,9347
46,9369
46,9387
46,9388
46,9428
46,9429
46,9447
46,9469
46,9491
46,9494
46,9508
46,9520
46,9522
46,9565
46,9589
46,9605
46,9608
46,9631
46,9646
46,9675
46,9690
46,9709
46,9744
46,9759
46,9793
46,9799
46,9806
46,9820
46,9831
46,9835
46,9951
46,9972
46,9993
46,10013
46,10074
46,10075
46,10106
46,10132
46,10133
46,10162
46,10223
46,10308
46,10314
46,10375
46,10384
46,10391
46,10393
46,10400
46,10404
46,10410
46,10414
46,10416
46,10441
46,10449
46,10470
46,10486
46,10490
46,10492
46,10513
46,10558
46,10589
46,10597
46,10609
46,10614
46,10615
46,10617
46,10639
46,10659
46,10671
46,10678
46,10682
46,10693
46,10699
46,10708
46,10749
46,10769
46,10775
46,10799
46,10814
46,10817
46,10822
46,10837
46,10839
46,10879
46,10886
46,10887
46,10894
46,10984
46,11009
46,11023
46,11044
46,11050
46,11079
46,11105
46,11126
46,11160
46,11177
46,11244
46,11258
46,11266
46,11267
46,11283
46,11326
46,11337
46,11356
46,11360
46,11378
46,11384
46,11413
46,11462
46,11489
46,11492
46,11557
46,11578
46,11583
46,11604
46,11639
46,11650
46,11691
46,11704
46,11733
46,11743
46,11751
46,11755
46,11791
46,11798
46,11803
46,11809
46,11811
46,11825
46,11841
46,11857
46,11868
46,11871
46,11914
46,11933
46,11958
46,11969
46,11980
46,11986
46,11993
46,12018
46,12019
46,12046
46,12062
46,12066
46,12077
46,12141
46,12147
46,12148
46,12149
46,12155
46,12171
46,12188
46,12191
46,12214
46,12218
46,12228
46,12229
46,12230
46,12231
46,12253
46,12260
46,12270
46,12286
46,12323
46,12370
46,12378
46,12389
46,12430
46,12472
46,12478
46,12489
46,12509
46,12540
46,12559
46,12600
46,12608
46,12626
46,12632
46,12639
46,12692
46,12721
46,12806
46,12839
46,12844
46,12898
46,12924
46,12928
46,12929
46,12935
46,13038
46,13077
46,13127
46,13128
46,13140
46,13163
46,13200
46,13248
46,13249
46,13276
46,13292
46,13324
46,13355
46,13364
46,13369
46,13370
46,13494
46,13515
46,13529
46,13543
46,13582
46,13608
46,13612
46,13670
46,13680
46,13693
46,13697
46,13758
46,13771
46,13775
46,13787
46,13788
46,13807
46,13841
46,13858
46,13923
46,13929
46,13935
46,13968
46,13970
46,13980
46,14024
46,14034
46,14035
46,14049
46,14055
46,14060
46,14076
46,14079
46,14141
46,14142
46,14161
46,14167
46,14243
46,14249
46,14277
46,14308
46,14311
46,14333
46,14357
46,14358
46,14477
46,14487
46,14502
46,14513
46,14521
46,14551
46,14555
46,14562
46,14570
46,14592
46,14593
46,14608
46,14617
46,14627
46,14638
46,14674
46,14686
46,14695
46,14698
46,14719
46,14729
46,14736
46,14745
46,14767
46,14799
46,14852
46,14862
46,14920
46,14941
46,14967
46,14973
46,14974
46,15022
46,15023
46,15062
46,15063
46,15066
46,15069
46,15074
46,15127
46,15140
46,15190
46,15195
46,15233
46,15252
46,15275
46,15291
46,15308
46,15322
46,15328
46,15377
46,15392
46,15401
46,15442
46,15461
46,15476
46,15485
46,15489
46,15491
46,15504
46,15532
46,15560
46,15561
46,15563
46,15578
46,15584
46,15648
46,15676
46,15689
46,15712
46,15739
46,15788
46,15795
46,15831
46,15837
46,15846
46,15889
46,15895
46,15908
46,15930
46,15935
46,15955
46,15958
46,15969
46,15970
46,15972
46,15973
46,16044
46,16055
46,16065
46,16086
46,16178
46,16187
46,16195
46,16203
46,16206
46,16218
46,16245
46,16269
46,16297
46,16301
46,16310
46,16334
46,16377
46,16388
46,16399
46,16405
46,16425
46,16447
46,16462
46,16477
46,16482
46,16492
46,16513
46,16514
46,16522
46,16532
46,16533
46,16539
46,16565
46,16573
46,16595
46,16641
46,16656
46,16691
46,16707
46,16713
46,16720
46,16789
46,16794
46,16798
46,16831
46,16937
46,16945
46,16954
46,16963
46,17001
46,17025
46,17072
46,17078
46,17079
46,17100
46,17115
46,17122
46,17129
46,17147
46,17149
46,17167
46,17168
46,17195
46,17202
46,17237
46,17262
46,17325
46,17340
46,17420
46,17465
46,17482
46,17499
46,17543
46,17569
46,17581
46,17591
46,17623
46,17632
46,17634
46,17642
46,17657
46,17708
46,17736
46,17832
46,17842
46,17845
46,17855
46,17865
46,17868
46,17874
46,17877
46,17893
46,17923
46,17924
46,17926
46,17927
46,17937
46,17939
46,17946
46,17992
46,18004
46,18056
46,18119
46,18125
46,18127
46,18130
46,18135
46,18140
46,18154
46,18155
46,18206
46,18231
46,18238
46,18273
46,18283
46,18291
46,18298
46,18347
46,18352
46,18359
46,18389
46,18415
46,18430
46,18434
46,18475
46,18482
46,18495
46,18505
46,18520
46,18542
46,18562
46,18575
46,18583
46,18600
46,18630
46,18650
46,18692
46,18712
46,18722
46,18738
46,18754
46,18835
46,18856
46,18878
46,18898
46,18903
46,18904
46,18920
46,18949
46,18967
46,18997
46,19007
46,19061
46,19101
46,19146
46,19168
46,19178
46,19211
46,19215
46,19218
46,19227
46,19280
46,19326
46,19327
46,19328
46,19340
46,19365
46,19376
46,19408
46,19416
46,19449
46,19503
46,19505
46,19578
46,19642
46,19659
46,19670
46,19690
46,19695
46,19727
46,19736
46,19761
46,19782
46,19797
46,19810
46,19821
46,19822
46,19836
46,19869
46,19889
46,19892
46,19897
46,19905
46,19934
46,19942
46,19957
46,19964
46,19973
46,20016
46,20019
46,20028
46,20066
46,20124
46,20131
46,20138
46,20142
46,20166
46,20175
46,20195
46,20266
46,20279
46,20297
46,20317
46,20330
46,20337
46,20339
46,20365
46,20370
46,20382
46,20436
46,20444
46,20471
46,20475
46,20476
46,20478
46,20497
46,20517
46,20526
46,20533
46,20574
46,20629
46,20634
46,20680
46,20694
46,20715
46,20752
46,20798
46,20804
46,20882
46,20958
46,21019
46,21043
46,21044
46,21066
46,21068
46,21075
46,21078
46,21088
46,21099
46,21104
46,21111
46,21118
46,21165
46,21166
46,21172
46,21183
46,21224
46,21237
46,21253
46,21263
46,21271
46,21293
46,21313
46,21319
46,21335
46,21400
46,21425
46,21511
46,21525
46,21567
46,21583
46,21598
46,21625
46,21699
46,21734
46,21745
46,21750
46,21760
46,21777
46,21787
46,21844
46,21855
46,21866
46,21891
46,21907
46,21922
46,21942
46,21989
46,21998
46,22006
46,22020
46,22040
46,22081
46,22119
46,22148
46,22198
46,22214
46,22226
46,22254
46,22273
46,22289
46,22293
46,22320
46,22323
46,22343
46,22349
46,22381
46,22498
46,22550
46,22583
46,22590
46,22617
46,22634
46,22661
46,22696
46,22735
46,22752
46,22772
46,22785
46,22788
46,22809
46,22814
46,22815
46,22818
46,22821
46,22828
46,22879
46,22888
46,22908
46,22923
46,22928
46,22931
46,22951
46,22981
46,22988
46,22992
46,23015
46,23017
46,23080
46,23093
46,23140
46,23141
46,23154
46,23161
46,23170
46,23181
46,23188
46,23198
46,23229
46,23298
46,23309
46,23318
46,23334
46,23373
46,23416
46,23425
46,23453
46,23454
46,23462
46,23485
46,23489
46,23490
46,23493
46,23551
46,23557
46,23579
46,23593
46,23594
46,23598
46,23679
46,23683
46,23698
46,23721
46,23771
46,23838
46,23870
46,23876
46,23927
46,23928
46,23934
46,23936
46,23943
46,23954
46,23959
46,23978
46,24008
46,24026
46,24027
46,24033
46,24035
46,24052
46,24081
46,24124
46,24172
46,24191
46,24195
46,24203
46,24225
46,24270
46,24284
46,24286
46,24302
46,24322
46,24357
46,24402
46,24436
46,24526
46,24536
46,24583
46,24625
46,24641
46,24665
46,24708
46,24709
46,24712
46,24716
46,24788
46,24793
46,24799
46,24829
46,24861
46,24864
46,24884
46,24918
46,24926
46,24928
46,24931
46,24940
46,24965
46,25007
46,25015
46,25055
46,25066
46,25090
46,25148
46,25154
46,25162
46,25179
46,25288
46,25294
46,25366
46,25374
46,25382
46,25394
46,25405
46,25415
46,25428
46,25437
46,25441
46,25452
46,25505
46,25515
46,25516
46,25519
46,25529
46,25554
46,25570
46,25581
46,25593
46,25595
46,25599
46,25608
46,25641
46,25661
46,25665
46,25677
46,25731
46,25757
46,25782
46,25820
46,25924
46,25931
46,25970
46,26027
46,26044
46,26069
46,26075
46,26087
46,26122
46,26153
46,26175
46,26193
46,26194
46,26214
46,26242
46,26253
46,26258
46,26268
46,26351
46,26387
46,26401
46,26403
46,26404
46,26424
46,26447
46,26541
46,26556
46,26568
46,26611
46,26626
46,26634
46,26635
46,26644
46,26653
46,26657
46,26660
46,26679
46,26737
46,26750
46,26787
46,26792
46,26799
46,26807
46,26822
46,26840
46,26855
46,26872
46,26910
46,26913
46,26918
46,26924
46,26964
46,26971
46,26977
46,26984
46,26988
46,26993
46,27022
46,27028
46,27041
46,27053
46,27113
46,27119
46,27121
46,27168
46,27193
46,27258
46,27312
46,27325
46,27336
46,27350
46,27369
46,27376
46,27379
46,27396
46,27432
46,27449
46,27450
46,27459
46,27475
46,27477
46,27489
46,27515
46,27546
46,27604
46,27606
46,27633
46,27675
46,27699
46,27705
46,27726
46,27727
46,27749
46,27765
46,27780
46,27781
46,27829
46,27851
46,27867
46,27913
46,27928
46,27967
46,27981
46,27994
46,28003
46,28011
46,28015
46,28018
46,28034
46,28035
46,28042
46,28073
46,28082
46,28084
46,28134
46,28142
46,28150
46,28155
46,28156
46,28163
46,28193
46,28198
46,28217
46,28225
46,28230
46,28231
46,28236
46,28266
46,28286
46,28307
46,28324
46,28349
46,28376
46,28389
46,28407
46,28426
46,28430
46,28470
46,28483
46,28490
46,28529
46,28547
46,28581
46,28590
46,28594
46,28685
46,28690
46,28695
46,28713
46,28717
46,28773
46,28775
46,28789
46,28813
46,28822
46,28861
46,28870
46,28914
46,28932
46,28967
46,28992
46,28993
46,28995
46,29008
46,29029
46,29059
46,29068
46,29090
46,29159
46,29160
46,29178
46,29201
46,29205
46,29247
46,29248
46,29278
46,29311
46,29317
46,29321
46,29329
46,29340
46,29364
46,29369
46,29377
46,29381
46,29396
46,29400
46,29411
46,29412
46,29493
46,29504
46,29510
46,29534
47,55
47,66
47,74
47,75
47,109
47,122
47,136
47,194
47,201
47,203
47,208
47,233
47,241
47,321
47,358
47,375
47,403
47,408
47,433
47,491
47,497
47,532
47,581
47,593
47,599
47,606
47,608
47,610
47,612
47,621
47,640
47,664
47,667
47,729
47,769
47,781
47,805
47,809
47,816
47,853
47,877
47,891
47,913
47,930
47,931
47,945
47,988
47,1011
47,1034
47,1044
47,1064
47,1088
47,1102
47,1105
47,1120
47,1132
47,1151
47,1200
47,1230
47,1232
47,1258
47,1290
47,1301
47,1319
47,1323
47,1329
47,1339
47,1342
47,1370
47,1372
47,1412
47,1437
47,1445
47,1462
47,1489
47,1501
47,1526
47,1587
47,1603
47,1634
47,1649
47,1650
47,1657
47,1686
47,1729
47,1740
47,1745
47,1748
47,1749
47,1817
47,1823
47,1827
47,1910
47,1913
47,1926
47,1968
47,1981
47,1988
47,1989
47,1994
47,2012
47,2025
47,2079
47,2151
47,2153
47,2154
47,2183
47,2191
47,2242
47,2257
47,2311
47,2326
47,2371
47,2375
47,2381
47,2391
47,2420
47,2452
47,2473
47,2530
47,2561
47,2575
47,2600
47,2617
47,2621
47,2623
47,2648
47,2659
47,2670
47,2682
47,2712
47,2732
47,2756
47,2803
47,2804
47,2806
47,2811
47,2830
47,2831
47,2835
47,2846
47,2850
47,2851
47,2898
47,2901
47,2924
47,2935
47,2969
47,2972
47,3002
47,3035
47,3040
47,3064
47,3125
47,3127
47,3133
47,3194
47,3203
47,3213
47,3256
47,3278
47,3320
47,3359
47,3403
47,3432
47,3441
47,3460
47,3509
47,3531
47,3559
47,3564
47,3608
47,3626
47,3629
47,3675
47,3676
47,3677
47,3735
47,3738
47,3743
47,3755
47,3757
47,3779
47,3787
47,3803
47,3825
47,3840
47,3843
47,3865
47,3867
47,3882
47,3899
47,3941
47,3951
47,4000
47,4043
47,4084
47,4086
47,4189
47,4203
47,4224
47,4229
47,4245
47,4250
47,4285
47,4309
47,4346
47,4364
47,4366
47,4367
47,4371
47,4406
47,4419
47,4434
47,4457
47,4482
47,4529
47,4552
47,4556
47,4598
47,4610
47,4633
47,4642
47,4650
47,4665
47,4667
47,4703
47,4714
47,4747
47,4755
47,4763
47,4772
47,4780
47,4795
47,4796
47,4797
47,4812
47,4841
47,4850
47,4876
47,4906
47,4940
47,4951
47,4962
47,4983
47,5036
47,5086
47,5098
47,5128
47,5147
47,5168
47,5178
47,5201
47,5202
47,5214
47,5220
47,5234
47,5251
47,5258
47,5274
47,5285
47,5292
47,5302
47,5318
47,5370
47,5425
47,5427
47,5453
47,5540
47,5541
47,5558
47,5564
47,5570
47,5578
47,5585
47,5597
47,5604
47,5606
47,5607
47,5681
47,5684
47,5719
47,5771
47,5791
47,5795
47,5804
47,5818
47,5856
47,5887
47,5898
47,5906
47,5922
47,5927
47,5949
47,5976
47,5987
47,5988
47,6002
47,6009
47,6010
47,6016
47,6029
47,6062
47,6066
47,6069
47,6078
47,6084
47,6101
47,6107
47,6113
47,6134
47,6155
47,6175
47,6215
47,6232
47,6245
47,6252
47,6266
47,6269
47,6272
47,6286
47,6311
47,6313
47,6315
47,6326
47,6346
47,6352
47,6361
47,6378
47,6388
47,6399
47,6419
47,6429
47,6455
47,6465
47,6467
47,6473
47,6531
47,6543
47,6544
47,6550
47,6552
47,6566
47,6590
47,6595
47,6613
47,6616
47,6632
47,6637
47,6643
47,6656
47,6668
47,6669
47,6726
47,6751
47,6758
47,6766
47,6769
47,6787
47,6788
47,6825
47,6826
47,6831
47,6853
47,6859
47,6893
47,6915
47,6919
47,6925
47,6942
47,6951
47,6969
47,6976
47,7006
47,7023
47,7037
47,7063
47,7065
47,7105
47,7209
47,7269
47,7274
47,7323
47,7350
47,7356
47,7439
47,7440
47,7454
47,7477
47,7514
47,7526
47,7540
47,7559
47,7580
47,7588
47,7628
47,7656
47,7667
47,7701
47,7725
47,7731
47,7743
47,7765
47,7768
47,7812
47,7817
47,7857
47,7865
47,7898
47,7902
47,7926
47,7932
47,7946
47,7952
47,7954
47,7971
47,7983
47,7987
47,7994
47,8011
47,8040
47,8088
47,8095
47,8153
47,8205
47,8263
47,8275
47,8383
47,8384
47,8416
47,8443
47,8450
47,8461
47,8493
47,8517
47,8521
47,8585
47,8632
47,8642
47,8680
47,8705
47,8713
47,8729
47,8747
47,8771
47,8853
47,8905
47,8907
47,8909
47,8926
47,8931
47,8960
47,8966
47,8978
47,9001
47,9053
47,9124
47,9150
47,9160
47,9174
47,9181
47,9234
47,9249
47,9303
47,9361
47,9363
47,9426
47,9433
47,9443
47,9455
47,9457
47,9515
47,9522
47,9524
47,9551
47,9558
47,9632
47,9712
47,9729
47,9754
47,9783
47,9814
47,9827
47,9834
47,9837
47,9877
47,9899
47,9927
47,9929
47,9956
47,9960
47,9981
47,10024
47,10043
47,10051
47,10071
47,10112
47,10116
47,10121
47,10136
47,10142
47,10143
47,10157
47,10163
47,10203
47,10205
47,10223
47,10225
47,10245
47,10291
47,10302
47,10303
47,10342
47,10346
47,10380
47,10384
47,10386
47,10445
47,10457
47,10468
47,10476
47,10545
47,10568
47,10598
47,10638
47,10652
47,10682
47,10697
47,10703
47,10757
47,10787
47,10829
47,10856
47,10895
47,10899
47,10900
47,10917
47,10921
47,10925
47,10926
47,10960
47,11009
47,11024
47,11029
47,11035
47,11062
47,11069
47,11080
47,11151
47,11156
47,11182
47,11213
47,11227
47,11234
47,11254
47,11275
47,11300
47,11301
47,11311
47,11320
47,11327
47,11341
47,11374
47,11390
47,11400
47,11404
47,11407
47,11412
47,11478
47,11500
47,11546
47,11547
47,11573
47,11579
47,11610
47,11618
47,11622
47,11634
47,11650
47,11655
47,11666
47,11678
47,11695
47,11717
47,11732
47,11734
47,11744
47,11750
47,11773
47,11786
47,11809
47,11857
47,11884
47,11908
47,11942
47,11970
47,11976
47,11996
47,12000
47,12024
47,12076
47,12093
47,12106
47,12135
47,12154
47,12180
47,12181
47,12185
47,12192
47,12274
47,12327
47,12350
47,12354
47,12373
47,12378
47,12380
47,12386
47,12388
47,12395
47,12397
47,12407
47,12420
47,12442
47,12505
47,12540
47,12552
47,12564
47,12582
47,12594
47,12635
47,12636
47,12653
47,12658
47,12672
47,12700
47,12758
47,12806
47,12845
47,12852
47,12856
47,12951
47,12956
47,12959
47,13017
47,13027
47,13036
47,13039
47,13097
47,13118
47,13204
47,13208
47,13219
47,13225
47,13229
47,13272
47,13302
47,13318
47,13319
47,13320
47,13344
47,13349
47,13378
47,13391
47,13395
47,13397
47,13401
47,13415
47,13417
47,13434
47,13439
47,13455
47,13480
47,13482
47,13484
47,13518
47,13537
47,13557
47,13558
47,13577
47,13590
47,13658
47,13663
47,13674
47,13693
47,13716
47,13726
47,13777
47,13818
47,13837
47,13842
47,13870
47,13871
47,13874
47,13915
47,13925
47,13942
47,13970
47,13971
47,14028
47,14043
47,14053
47,14060
47,14085
47,14093
47,14098
47,14160
47,14162
47,14172
47,14187
47,14206
47,14222
47,14223
47,14240
47,14250
47,14273
47,14348
47,14355
47,14389
47,14426
47,14427
47,14429
47,14435
47,14450
47,14455
47,14496
47,14519
47,14548
47,14568
47,14583
47,14604
47,14615
47,14619
47,14620
47,14632
47,14646
47,14705
47,14708
47,14737
47,14739
47,14772
47,14781
47,14795
47,14814
47,14821
47,14833
47,14855
47,14866
47,14917
47,14946
47,14947
47,14953
47,14994
47,15027
47,15045
47,15053
47,15075
47,15078
47,15084
47,15087
47,15095
47,15108
47,15137
47,15265
47,15278
47,15300
47,15318
47,15332
47,15341
47,15342
47,15366
47,15368
47,15381
47,15382
47,15416
47,15418
47,15428
47,15441
47,15459
47,15481
47,15516
47,15539
47,15560
47,15561
47,15567
47,15584
47,15601
47,15606
47,15611
47,15614
47,15617
47,15629
47,15637
47,15698
47,15699
47,15731
47,15738
47,15751
47,15770
47,15773
47,15776
47,15851
47,15865
47,15881
47,15883
47,15889
47,15901
47,15929
47,15966
47,15978
47,15983
47,15992
47,15996
47,16002
47,16010
47,16033
47,16034
47,16037
47,16084
47,16111
47,16125
47,16128
47,16154
47,16164
47,16204
47,16211
47,16242
47,16247
47,16270
47,16318
47,16331
47,16359
47,16367
47,16381
47,16383
47,16407
47,16408
47,16431
47,16456
47,16469
47,16472
47,16510
47,16525
47,16543
47,16560
47,16565
47,16576
47,16585
47,16598
47,16635
47,16649
47,16665
47,16693
47,16718
47,16795
47,16802
47,16824
47,16838
47,16847
47,16868
47,16876
47,16887
47,16910
47,16927
47,16987
47,16990
47,16994
47,17039
47,17040
47,17042
47,17058
47,17063
47,17090
47,17091
47,17106
47,17138
47,17178
47,17183
47,17271
47,17318
47,17322
47,17323
47,17370
47,17381
47,17388
47,17393
47,17398
47,17405
47,17423
47,17435
47,17436
47,17438
47,17500
47,17504
47,17567
47,17573
47,17607
47,17617
47,17621
47,17653
47,17659
47,17700
47,17729
47,17772
47,17800
47,17810
47,17817
47,17918
47,17953
47,17980
47,18003
47,18011
47,18020
47,18030
47,18059
47,18083
47,18087
47,18114
47,18159
47,18183
47,18225
47,18234
47,18252
47,18273
47,18287
47,18329
47,18348
47,18349
47,18362
47,18368
47,18377
47,18383
47,18399
47,18400
47,18409
47,18423
47,18440
47,18460
47,18502
47,18529
47,18535
47,18549
47,18564
47,18590
47,18635
47,18686
47,18738
47,18749
47,18756
47,18789
47,18830
47,18838
47,18875
47,18906
47,18953
47,19008
47,19021
47,19026
47,19033
47,19050
47,19067
47,19098
47,19155
47,19169
47,19173
47,19213
47,19235
47,19273
47,19294
47,19301
47,19320
47,19361
47,19363
47,19416
47,19461
47,19478
47,19486
47,19521
47,19563
47,19585
47,19626
47,19631
47,19644
47,19659
47,19661
47,19669
47,19673
47,19687
47,19783
47,19784
47,19816
47,19872
47,19893
47,19953
47,19968
47,20026
47,20037
47,20043
47,20051
47,20053
47,20061
47,20065
47,20066
47,20067
47,20132
47,20177
47,20196
47,20205
47,20237
47,20257
47,20268
47,20299
47,20338
47,20342
47,20349
47,20353
47,20398
47,20404
47,20423
47,20431
47,20437
47,20443
47,20466
47,20467
47,20469
47,20476
47,20507
47,20517
47,20526
47,20529
47,20572
47,20581
47,20588
47,20610
47,20613
47,20618
47,20673
47,20688
47,20689
47,20695
47,20726
47,20729
47,20742
47,20744
47,20782
47,20792
47,20827
47,20828
47,20860
47,20863
47,20887
47,20919
47,20954
47,20959
47,20965
47,20976
47,21010
47,21049
47,21057
47,21068
47,21078
47,21093
47,21105
47,21107
47,21108
47,21131
47,21142
47,21148
47,21151
47,21262
47,21266
47,21267
47,21290
47,21297
47,21303
47,21331
47,21334
47,21391
47,21402
47,21427
47,21478
47,21485
47,21561
47,21623
47,21659
47,21679
47,21701
47,21727
47,21749
47,21769
47,21792
47,21834
47,21846
47,21847
47,21858
47,21859
47,21861
47,21863
47,21864
47,21877
47,21887
47,21890
47,21892
47,21893
47,21898
47,21909
47,21919
47,21932
47,21955
47,21965
47,21975
47,21986
47,22016
47,22019
47,22039
47,22051
47,22117
47,22131
47,22161
47,22164
47,22173
47,22221
47,22232
47,22255
47,22272
47,22273
47,22287
47,22300
47,22329
47,22333
47,22358
47,22364
47,22371
47,22439
47,22489
47,22555
47,22572
47,22592
47,22624
47,22636
47,22641
47,22698
47,22704
47,22788
47,22796
47,22805
47,22808
47,22828
47,22859
47,22866
47,22873
47,22881
47,22887
47,22901
47,22920
47,22995
47,23008
47,23026
47,23040
47,23060
47,23062
47,23083
47,23102
47,23122
47,23152
47,23155
47,23156
47,23158
47,23166
47,23168
47,23175
47,23212
47,23221
47,23228
47,23246
47,23248
47,23287
47,23288
47,23305
47,23325
47,23328
47,23343
47,23345
47,23346
47,23375
47,23377
47,23413
47,23427
47,23463
47,23469
47,23523
47,23600
47,23607
47,23610
47,23618
47,23628
47,23646
47,23675
47,23681
47,23725
47,23733
47,23796
47,23808
47,23824
47,23849
47,23861
47,23866
47,23898
47,23906
47,23909
47,23917
47,23959
47,23967
47,23985
47,24027
47,24061
47,24064
47,24075
47,24076
47,24083
47,24102
47,24157
47,24175
47,24185
47,24199
47,24206
47,24207
47,24235
47,24249
47,24264
47,24305
47,24339
47,24390
47,24392
47,24396
47,24405
47,24434
47,24442
47,24450
47,24464
47,24466
47,24492
47,24520
47,24526
47,24570
47,24601
47,24611
47,24612
47,24639
47,24643
47,24655
47,24678
47,24682
47,24683
47,24685
47,24714
47,24719
47,24746
47,24791
47,24804
47,24809
47,24818
47,24876
47,24900
47,24902
47,24904
47,24905
47,24934
47,24990
47,24996
47,25016
47,25020
47,25033
47,25111
47,25118
47,25138
47,25140
47,25162
47,25164
47,25179
47,25180
47,25185
47,25207
47,25213
47,25226
47,25269
47,25300
47,25331
47,25369
47,25384
47,25387
47,25510
47,25536
47,25543
47,25547
47,25552
47,25586
47,25667
47,25671
47,25684
47,25748
47,25794
47,25815
47,25866
47,25904
47,25946
47,25959
47,25982
47,25984
47,25996
47,26011
47,26056
47,26101
47,26105
47,26144
47,26159
47,26172
47,26177
47,26262
47,26264
47,26280
47,26289
47,26306
47,26317
47,26367
47,26373
47,26378
47,26411
47,26425
47,26452
47,26460
47,26464
47,26485
47,26502
47,26513
47,26527
47,26529
47,26532
47,26552
47,26554
47,26573
47,26611
47,26618
47,26629
47,26652
47,26680
47,26684
47,26713
47,26725
47,26744
47,26757
47,26769
47,26772
47,26773
47,26788
47,26797
47,26801
47,26805
47,26834
47,26870
47,26910
47,26919
47,26942
47,26993
47,26998
47,27007
47,27051
47,27056
47,27074
47,27077
47,27084
47,27086
47,27108
47,27132
47,27158
47,27205
47,27222
47,27228
47,27242
47,27245
47,27257
47,27299
47,27309
47,27336
47,27388
47,27390
47,27446
47,27461
47,27498
47,27499
47,27516
47,27531
47,27569
47,27578
47,27583
47,27588
47,27605
47,27613
47,27633
47,27634
47,27640
47,27660
47,27665
47,27667
47,27676
47,27678
47,27754
47,27757
47,27783
47,27797
47,27807
47,27808
47,27811
47,27824
47,27837
47,27852
47,27867
47,27868
47,27896
47,27930
47,27939
47,27942
47,27948
47,27958
47,27959
47,27985
47,28038
47,28050
47,28054
47,28080
47,28081
47,28090
47,28092
47,28101
47,28103
47,28115
47,28128
47,28157
47,28168
47,28236
47,28290
47,28307
47,28315
47,28318
47,28336
47,28362
47,28384
47,28402
47,28409
47,28432
47,28442
47,28501
47,28508
47,28554
47,28610
47,28627
47,28648
47,28651
47,28652
47,28661
47,28662
47,28666
47,28683
47,28714
47,28748
47,28758
47,28804
47,28835
47,28849
47,28935
47,28943
47,28958
47,28965
47,28973
47,29007
47,29056
47,29065
47,29112
47,29117
47,29153
47,29181
47,29186
47,29205
47,29211
47,29234
47,29239
47,29245
47,29363
47,29394
47,29405
47,29413
47,29420
47,29436
47,29443
47,29461
47,29480
47,29485
47,29489
47,29491
47,29541
47,29544
48,14
48,29
48,62
48,160
48,173
48,191
48,210
48,241
48,277
48,318
48,320
48,342
48,349
48,388
48,391
48,394
48,443
48,476
48,486
48,489
48,547
48,582
48,585
48,610
48,651
48,673
48,687
48,709
48,714
48,718
48,739
48,748
48,751
48,801
48,804
48,827
48,854
48,913
48,920
48,950
48,972
48,988
48,1010
48,1030
48,1039
48,1048
48,1051
48,1067
48,1077
48,1083
48,1089
48,1103
48,1106
48,1112
48,1151
48,1153
48,1163
48,1183
48,1193
48,1197
48,1204
48,1215
48,1229
48,1238
48,1245
48,1293
48,1300
48,1304
48,1309
48,1315
48,1317
48,1331
48,1362
48,1395
48,1406
48,1414
48,1419
48,1453
48,1461
48,1467
48,1475
48,1486
48,1507
48,1516
48,1550
48,1579
48,1592
48,1598
48,1647
48,1692
48,1720
48,1750
48,1793
48,1810
48,1811
48,1825
48,1864
48,1909
48,1917
48,1973
48,1993
48,2017
48,2051
48,2062
48,2065
48,2066
48,2079
48,2096
48,2125
48,2129
48,2149
48,2160
48,2184
48,2190
48,2191
48,2200
48,2256
48,2262
48,2263
48,2282
48,2295
48,2329
48,2337
48,2363
48,2371
48,2386
48,2397
48,2446
48,2467
48,2476
48,2479
48,2483
48,2485
48,2493
48,2538
48,2542
48,2550
48,2576
48,2593
48,2597
48,2607
48,2609
48,2613
48,2615
48,2633
48,2679
48,2686
48,2688
48,2689
48,2708
48,2727
48,2743
48,2770
48,2803
48,2811
48,2828
48,2834
48,2835
48,2838
48,2857
48,2902
48,2913
48,2915
48,2924
48,2926
48,2956
48,2964
48,2988
48,2990
48,3000
48,3018
48,3037
48,3056
48,3079
48,3097
48,3104
48,3165
48,3205
48,3235
48,3261
48,3305
48,3322
48,3339
48,3341
48,3369
48,3373
48,3377
48,3378
48,3385
48,3390
48,3404
48,3423
48,3426
48,3436
48,3476
48,3487
48,3500
48,3546
48,3562
48,3563
48,3573
48,3602
48,3617
48,3629
48,3645
48,3671
48,3683
48,3684
48,3693
48,3703
48,3710
48,3749
48,3755
48,3770
48,3780
48,3786
48,3812
48,3845
48,3847
48,3866
48,3881
48,3892
48,3899
48,3939
48,3949
48,3954
48,3982
48,3983
48,3992
48,4021
48,4044
48,4060
48,4074
48,4098
48,4131
48,4162
48,4170
48,4196
48,4198
48,4216
48,4248
48,4267
48,4272
48,4281
48,4282
48,4330
48,4388
48,4406
48,4435
48,4486
48,4488
48,4494
48,4566
48,4568
48,4572
48,4577
48,4591
48,4629
48,4642
48,4649
48,4660
48,4682
48,4687
48,4730
48,4735
48,4765
48,4782
48,4811
48,4818
48,4837
48,4857
48,4873
48,4891
48,4954
48,4963
48,4991
48,5027
48,5035
48,5040
48,5049
48,5057
48,5102
48,5116
48,5120
48,5159
48,5164
48,5173
48,5195
48,5205
48,5239
48,5240
48,5291
48,5325
48,5341
48,5343
48,5344
48,5358
48,5363
48,5380
48,5424
48,5432
48,5444
48,5446
48,5487
48,5516
48,5530
48,5545
48,5546
48,5549
48,5625
48,5628
48,5638
48,5644
48,5658
48,5680
48,5707
48,5759
48,5760
48,5773
48,5790
48,5793
48,5829
48,5882
48,5906
48,5907
48,5909
48,5916
48,5944
48,5958
48,5977
48,5984
48,5998
48,6001
48,6009
48,6020
48,6027
48,6046
48,6061
48,6088
48,6112
48,6118
48,6139
48,6158
48,6188
48,6207
48,6238
48,6244
48,6273
48,6288
48,6349
48,6369
48,6373
48,6377
48,6394
48,6422
48,6437
48,6440
48,6458
48,6461
48,6470
48,6483
48,6517
48,6521
48,6535
48,6549
48,6567
48,6573
48,6582
48,6617
48,6620
48,6622
48,6637
48,6645
48,6650
48,6654
48,6681
48,6687
48,6705
48,6753
48,6754
48,6789
48,6793
48,6798
48,6813
48,6836
48,6840
48,6843
48,6857
48,6899
48,6910
48,6912
48,6932
48,6939
48,6965
48,6969
48,7010
48,7032
48,7036
48,7063
48,7064
48,7073
48,7079
48,7100
48,7119
48,7125
48,7133
48,7154
48,7165
48,7167
48,7172
48,7201
48,7222
48,7264
48,7289
48,7316
48,7321
48,7350
48,7352
48,7395
48,7415
48,7456
48,7471
48,7498
48,7518
48,7526
48,7536
48,7539
48,7541
48,7542
48,7578
48,7579
48,7595
48,7598
48,7628
48,7640
48,7645
48,7682
48,7697
48,7704
48,7706
48,7728
48,7730
48,7752
48,7761
48,7790
48,7811
48,7825
48,7840
48,7870
48,7890
48,7908
48,7912
48,7924
48,7943
48,7948
48,7964
48,8033
48,8043
48,8055
48,8057
48,8064
48,8065
48,8073
48,8078
48,8085
48,8089
48,8102
48,8108
48,8110
48,8135
48,8174
48,8190
48,8192
48,8251
48,8288
48,8327
48,8336
48,8363
48,8412
48,8417
48,8449
48,8470
48,8478
48,8493
48,8499
48,8542
48,8549
48,8589
48,8619
48,8629
48,8679
48,8681
48,8682
48,8714
48,8741
48,8794
48,8845
48,8861
48,8862
48,8875
48,8889
48,8902
48,8927
48,8928
48,8947
48,8956
48,8989
48,9009
48,9037
48,9062
48,9071
48,9073
48,9097
48,9111
48,9124
48,9142
48,9145
48,9155
48,9165
48,9176
48,9180
48,9185
48,9196
48,9230
48,9261
48,9312
48,9329
48,9383
48,9386
48,9421
48,9426
48,9453
48,9469
48,9477
48,9479
48,9556
48,9557
48,9561
48,9600
48,9613
48,9626
48,9651
48,9674
48,9696
48,9700
48,9707
48,9718
48,9729
48,9736
48,9768
48,9793
48,9796
48,9801
48,9808
48,9832
48,9848
48,9860
48,9878
48,9931
48,9942
48,9949
48,10004
48,10035
48,10068
48,10069
48,10085
48,10088
48,10135
48,10160
48,10171
48,10185
48,10188
48,10226
48,10229
48,10275
48,10314
48,10340
48,10346
48,10377
48,10379
48,10381
48,10400
48,10409
48,10461
48,10478
48,10504
48,10517
48,10542
48,10572
48,10588
48,10595
48,10604
48,10606
48,10607
48,10611
48,10634
48,10645
48,10646
48,10664
48,10675
48,10679
48,10694
48,10709
48,10748
48,10773
48,10797
48,10815
48,10826
48,10827
48,10835
48,10851
48,10853
48,10882
48,10883
48,10902
48,10945
48,10946
48,10948
48,10949
48,10965
48,10969
48,11002
48,11004
48,11013
48,11031
48,11036
48,11105
48,11134
48,11135
48,11138
48,11171
48,11199
48,11201
48,11212
48,11231
48,11237
48,11239
48,11271
48,11284
48,11285
48,11322
48,11360
48,11377
48,11397
48,11405
48,11410
48,11427
48,11428
48,11447
48,11461
48,11463
48,11478
48,11498
48,11501
48,11502
48,11511
48,11519
48,11542
48,11543
48,11580
48,11596
48,11598
48,11608
48,11609
48,11644
48,11646
48,11662
48,11689
48,11695
48,11700
48,11707
48,11727
48,11729
48,11736
48,11745
48,11770
48,11773
48,11813
48,11829
48,11869
48,11870
48,11924
48,11926
48,11951
48,11962
48,11986
48,12032
48,12038
48,12050
48,12073
48,12084
48,12087
48,12128
48,12146
48,12168
48,12172
48,12178
48,12188
48,12200
48,12201
48,12221
48,12259
48,12281
48,12293
48,12305
48,12312
48,12329
48,12348
48,12351
48,12361
48,12375
48,12382
48,12413
48,12419
48,12422
48,12485
48,12505
48,12559
48,12561
48,12566
48,12618
48,12620
48,12622
48,12639
48,12667
48,12684
48,12692
48,12694
48,12695
48,12745
48,12749
48,12761
48,12778
48,12834
48,12852
48,12863
48,12886
48,12889
48,13016
48,13093
48,13098
48,13107
48,13117
48,13118
48,13127
48,13138
48,13155
48,13162
48,13196
48,13205
48,13218
48,13221
48,13224
48,13260
48,13268
48,13287
48,13289
48,13375
48,13388
48,13411
48,13413
48,13425
48,13456
48,13466
48,13477
48,13501
48,13511
48,13514
48,13588
48,13607
48,13613
48,13623
48,13685
48,13688
48,13738
48,13743
48,13783
48,13793
48,13797
48,13804
48,13826
48,13837
48,13858
48,13865
48,13887
48,13890
48,13898
48,13908
48,13924
48,13941
48,13960
48,13979
48,13982
48,14039
48,14041
48,14042
48,14050
48,14062
48,14098
48,14127
48,14134
48,14145
48,14157
48,14160
48,14177
48,14193
48,14198
48,14224
48,14250
48,14289
48,14291
48,14303
48,14314
48,14337
48,14356
48,14391
48,14508
48,14551
48,14554
48,14557
48,14559
48,14577
48,14598
48,14635
48,14636
48,14641
48,14649
48,14661
48,14669
48,14675
48,14676
48,14677
48,14717
48,14726
48,14731
48,14732
48,14735
48,14739
48,14797
48,14819
48,14900
48,14921
48,14968
48,14974
48,14994
48,14997
48,15009
48,15023
48,15032
48,15061
48,15067
48,15117
48,15134
48,15154
48,15170
48,15172
48,15174
48,15189
48,15190
48,15200
48,15220
48,15258
48,15262
48,15264
48,15267
48,15291
48,15302
48,15315
48,15338
48,15349
48,15351
48,15383
48,15397
48,15405
48,15422
48,15434
48,15443
48,15449
48,15452
48,15477
48,15490
48,15496
48,15531
48,15534
48,15551
48,15558
48,15564
48,15572
48,15588
48,15620
48,15664
48,15722
48,15725
48,15777
48,15782
48,15791
48,15794
48,15818
48,15838
48,15856
48,15884
48,15900
48,15939
48,15940
48,15963
48,15971
48,15978
48,16012
48,16031
48,16035
48,16039
48,16104
48,16115
48,16131
48,16133
48,16153
48,16163
48,16195
48,16197
48,16224
48,16233
48,16236
48,16246
48,16290
48,16307
48,16309
48,16321
48,16333
48,16366
48,16370
48,16374
48,16385
48,16396
48,16402
48,16430
48,16435
48,16448
48,16451
48,16457
48,16459
48,16477
48,16485
48,16513
48,16514
48,16516
48,16519
48,16539
48,16543
48,16545
48,16557
48,16570
48,16588
48,16591
48,16645
48,16669
48,16690
48,16696
48,16718
48,16727
48,16730
48,16735
48,16746
48,16752
48,16786
48,16862
48,16877
48,16889
48,16902
48,16903
48,16957
48,16972
48,16978
48,17052
48,17069
48,17072
48,17083
48,17096
48,17102
48,17107
48,17110
48,17119
48,17127
48,17192
48,17195
48,17197
48,17225
48,17227
48,17239
48,17258
48,17275
48,17281
48,17299
48,17320
48,17343
48,17367
48,17380
48,17381
48,17390
48,17397
48,17409
48,17412
48,17455
48,17464
48,17466
48,17496
48,17499
48,17514
48,17528
48,17559
48,17563
48,17600
48,17616
48,17622
48,17637
48,17642
48,17661
48,17664
48,17668
48,17733
48,17739
48,17764
48,17786
48,17792
48,17805
48,17826
48,17871
48,17878
48,17889
48,17910
48,17943
48,17963
48,17990
48,18021
48,18022
48,18033
48,18093
48,18095
48,18107
48,18134
48,18146
48,18207
48,18233
48,18242
48,18265
48,18270
48,18279
48,18425
48,18437
48,18450
48,18487
48,18496
48,18547
48,18552
48,18578
48,18594
48,18603
48,18618
48,18635
48,18640
48,18671
48,18699
48,18769
48,18773
48,18780
48,18782
48,18894
48,18898
48,18905
48,18906
48,18908
48,18945
48,18949
48,18961
48,18979
48,18984
48,18991
48,19004
48,19019
48,19020
48,19029
48,19038
48,19039
48,19066
48,19087
48,19117
48,19128
48,19137
48,19139
48,19146
48,19156
48,19169
48,19182
48,19203
48,19207
48,19209
48,19313
48,19316
48,19319
48,19338
48,19350
48,19358
48,19367
48,19387
48,19409
48,19425
48,19428
48,19464
48,19472
48,19514
48,19519
48,19531
48,19558
48,19565
48,19567
48,19593
48,19594
48,19600
48,19628
48,19629
48,19630
48,19640
48,19686
48,19695
48,19715
48,19757
48,19778
48,19786
48,19789
48,19797
48,19827
48,19830
48,19843
48,19854
48,19864
48,19918
48,19941
48,19990
48,20008
48,20039
48,20066
48,20074
48,20081
48,20091
48,20119
48,20127
48,20129
48,20149
48,20150
48,20174
48,20180
48,20187
48,20208
48,20218
48,20224
48,20254
48,20291
48,20295
48,20321
48,20330
48,20340
48,20341
48,20345
48,20373
48,20378
48,20385
48,20407
48,20466
48,20479
48,20494
48,20528
48,20530
48,20559
48,20588
48,20606
48,20614
48,20621
48,20654
48,20673
48,20678
48,20696
48,20706
48,20750
48,20769
48,20794
48,20798
48,20803
48,20814
48,20839
48,20840
48,20851
48,20859
48,20905
48,20912
48,20922
48,20923
48,20928
48,20986
48,20993
48,21007
48,21072
48,21089
48,21106
48,21127
48,21131
48,21165
48,21187
48,21196
48,21204
48,21210
48,21222
48,21241
48,21244
48,21263
48,21268
48,21269
48,21270
48,21279
48,21321
48,21324
48,21333
48,21348
48,21380
48,21384
48,21459
48,21467
48,21473
48,21514
48,21522
48,21552
48,21561
48,21569
48,21578
48,21607
48,21626
48,21655
48,21697
48,21701
48,21777
48,21809
48,21810
48,21822
48,21873
48,21878
48,21946
48,21976
48,21983
48,21987
48,21993
48,22008
48,22015
48,22022
48,22061
48,22072
48,22075
48,22076
48,22087
48,22099
48,22118
48,22119
48,22125
48,22154
48,22178
48,22191
48,22199
48,22208
48,22212
48,22231
48,22235
48,22270
48,22278
48,22312
48,22319
48,22373
48,22381
48,22390
48,22424
48,22468
48,22494
48,22543
48,22553
48,22576
48,22580
48,22596
48,22620
48,22652
48,22669
48,22679
48,22683
48,22689
48,22707
48,22717
48,22736
48,22737
48,22752
48,22838
48,22865
48,22897
48,22904
48,22917
48,22929
48,23008
48,23017
48,23028
48,23033
48,23058
48,23132
48,23151
48,23157
48,23158
48,23191
48,23193
48,23194
48,23211
48,23231
48,23234
48,23247
48,23268
48,23340
48,23367
48,23391
48,23403
48,23435
48,23445
48,23464
48,23470
48,23477
48,23485
48,23493
48,23527
48,23538
48,23546
48,23579
48,23588
48,23595
48,23613
48,23640
48,23691
48,23706
48,23709
48,23732
48,23735
48,23762
48,23818
48,23820
48,23821
48,23836
48,23850
48,23884
48,23885
48,23908
48,23938
48,23974
48,23989
48,24023
48,24030
48,24035
48,24066
48,24075
48,24076
48,24106
48,24116
48,24118
48,24130
48,24144
48,24162
48,24208
48,24212
48,24234
48,24244
48,24280
48,24283
48,24332
48,24339
48,24414
48,24416
48,24425
48,24475
48,24493
48,24510
48,24521
48,24541
48,24563
48,24577
48,24584
48,24594
48,24644
48,24646
48,24669
48,24687
48,24723
48,24742
48,24785
48,24824
48,24839
48,24842
48,24859
48,24886
48,24891
48,24892
48,24897
48,24935
48,24963
48,24973
48,25022
48,25026
48,25038
48,25041
48,25042
48,25050
48,25105
48,25131
48,25148
48,25170
48,25177
48,25247
48,25251
48,25278
48,25301
48,25308
48,25310
48,25324
48,25325
48,25361
48,25366
48,25378
48,25399
48,25409
48,25411
48,25416
48,25433
48,25436
48,25453
48,25498
48,25534
48,25538
48,25544
48,25556
48,25617
48,25634
48,25663
48,25670
48,25672
48,25688
48,25722
48,25739
48,25749
48,25779
48,25782
48,25786
48,25800
48,25812
48,25818
48,25855
48,25871
48,25872
48,25882
48,25898
48,25942
48,25948
48,25952
48,25982
48,25998
48,26003
48,26005
48,26006
48,26017
48,26028
48,26032
48,26033
48,26041
48,26059
48,26061
48,26125
48,26194
48,26224
48,26250
48,26252
48,26259
48,26260
48,26269
48,26270
48,26272
48,26305
48,26323
48,26347
48,26396
48,26423
48,26455
48,26456
48,26508
48,26514
48,26545
48,26547
48,26565
48,26568
48,26570
48,26611
48,26621
48,26640
48,26656
48,26716
48,26749
48,26757
48,26773
48,26776
48,26789
48,26804
48,26836
48,26852
48,26873
48,26880
48,26889
48,26896
48,26919
48,26938
48,26960
48,26980
48,27019
48,27024
48,27066
48,27113
48,27130
48,27146
48,27149
48,27157
48,27175
48,27182
48,27190
48,27191
48,27200
48,27210
48,27253
48,27273
48,27278
48,27284
48,27286
48,27287
48,27288
48,27297
48,27321
48,27335
48,27349
48,27352
48,27358
48,27373
48,27378
48,27380
48,27381
48,27430
48,27455
48,27492
48,27504
48,27514
48,27531
48,27542
48,27545
48,27564
48,27592
48,27605
48,27630
48,27644
48,27681
48,27704
48,27709
48,27717
48,27723
48,27724
48,27728
48,27734
48,27751
48,27752
48,27767
48,27783
48,27796
48,27797
48,27821
48,27858
48,27863
48,27879
48,27883
48,27919
48,27921
48,27922
48,27934
48,27939
48,28024
48,28082
48,28085
48,28172
48,28179
48,28182
48,28185
48,28198
48,28204
48,28297
48,28305
48,28321
48,28333
48,28349
48,28358
48,28364
48,28399
48,28403
48,28409
48,28418
48,28434
48,28452
48,28466
48,28521
48,28556
48,28596
48,28599
48,28600
48,28606
48,28617
48,28629
48,28640
48,28677
48,28682
48,28694
48,28719
48,28740
48,28758
48,28770
48,28774
48,28801
48,28823
48,28825
48,28832
48,28838
48,28860
48,28875
48,28881
48,28936
48,29012
48,29018
48,29023
48,29025
48,29037
48,29045
48,29079
48,29109
48,29159
48,29160
48,29169
48,29172
48,29185
48,29205
48,29212
48,29215
48,29243
48,29259
48,29262
48,29263
48,29281
48,29312
48,29316
48,29341
48,29348
48,29387
48,29405
48,29406
48,29420
48,29435
48,29436
48,29455
48,29476
48,29494
48,29507
48,29514
48,29529
48,29533
48,29550
49,32
49,65
49,66
49,77
49,91
49,103
49,111
49,136
49,183
49,229
49,302
49,332
49,383
49,400
49,428
49,441
49,462
49,463
49,489
49,510
49,561
49,566
49,594
49,618
49,621
49,626
49,635
49,637
49,683
49,719
49,748
49,759
49,802
49,817
49,822
49,860
49,875
49,876
49,896
49,901
49,963
49,966
49,968
49,1004
49,1024
49,1025
49,1027
49,1049
49,1051
49,1061
49,1117
49,1123
49,1157
49,1159
49,1200
49,1202
49,1221
49,1226
49,1256
49,1265
49,1274
49,1279
49,1292
49,1325
49,1333
49,1361
49,1364
49,1368
49,1375
49,1378
49,1388
49,1479
49,1515
49,1537
49,1549
49,1569
49,1571
49,1584
49,1609
49,1639
49,1647
49,1658
49,1734
49,1737
49,1743
49,1770
49,1807
49,1809
49,1810
49,1883
49,1912
49,1913
49,1925
49,1938
49,1964
49,2027
49,2033
49,2034
49,2060
49,2069
49,2070
49,2101
49,2108
49,2112
49,2120
49,2146
49,2180
49,2202
49,2209
49,2252
49,2259
49,2285
49,2305
49,2314
49,2336
49,2365
49,2368
49,2383
49,2386
49,2389
49,2398
49,2401
49,2433
49,2437
49,2447
49,2452
49,2455
49,2459
49,2473
49,2487
49,2494
49,2509
49,2576
49,2587
49,2594
49,2678
49,2690
49,2723
49,2733
49,2739
49,2790
49,2875
49,2883
49,2904
49,2933
49,2949
49,2990
49,2991
49,2993
49,3003
49,3019
49,3039
49,3070
49,3075
49,3080
49,3111
49,3117
49,3127
49,3160
49,3167
49,3180
49,3194
49,3202
49,3237
49,3242
49,3265
49,3281
49,3296
49,3402
49,3427
49,3440
49,3444
49,3448
49,3468
49,3483
49,3485
49,3514
49,3535
49,3542
49,3561
49,3588
49,3630
49,3701
49,3708
49,3715
49,3756
49,3760
49,3777
49,3780
49,3797
49,3814
49,3854
49,3861
49,3862
49,3896
49,3928
49,3933
49,3935
49,3937
49,3961
49,3994
49,4006
49,4053
49,4070
49,4105
49,4129
49,4145
49,4153
49,4160
49,4163
49,4191
49,4215
49,4234
49,4247
49,4275
49,4286
49,4310
49,4384
49,4387
49,4413
49,4439
49,4473
49,4475
49,4483
49,4486
49,4494
49,4534
49,4547
49,4572
49,4579
49,4587
49,4625
49,4654
49,4686
49,4690
49,4709
49,4735
49,4749
49,4763
49,4801
49,4833
49,4851
49,4864
49,4884
49,4931
49,4940
49,4941
49,4956
49,4961
49,4973
49,4988
49,4989
49,5001
49,5002
49,5006
49,5015
49,5042
49,5088
49,5093
49,5095
49,5169
49,5198
49,5252
49,5304
49,5310
49,5323
49,5338
49,5340
49,5374
49,5396
49,5400
49,5413
49,5419
49,5424
49,5487
49,5488
49,5492
49,5539
49,5573
49,5635
49,5647
49,5695
49,5699
49,5718
49,5719
49,5727
49,5735
49,5739
49,5759
49,5779
49,5810
49,5836
49,5895
49,5931
49,5983
49,5987
49,6000
49,6059
49,6065
49,6070
49,6083
49,6173
49,6188
49,6225
49,6269
49,6270
49,6282
49,6308
49,6316
49,6396
49,6419
49,6421
49,6429
49,6458
49,6459
49,6471
49,6513
49,6514
49,6532
49,6535
49,6572
49,6573
49,6592
49,6609
49,6687
49,6694
49,6700
49,6772
49,6812
49,6819
49,6837
49,6839
49,6861
49,6867
49,6878
49,6882
49,6889
49,6891
49,6899
49,6920
49,6941
49,6953
49,6990
49,7010
49,7056
49,7070
49,7087
49,7105
49,7137
49,7215
49,7232
49,7234
49,7243
49,7256
49,7260
49,7277
49,7304
49,7322
49,7353
49,7385
49,7391
49,7399
49,7402
49,7415
49,7505
49,7514
49,7529
49,7541
49,7579
49,7597
49,7614
49,7649
49,7657
49,7668
49,7676
49,7687
49,7693
49,7699
49,7758
49,7766
49,7776
49,7845
49,7859
49,7886
49,7890
49,7893
49,7920
49,7922
49,7947
49,7977
49,7999
49,8016
49,8035
49,8055
49,8073
49,8097
49,8143
49,8148
49,8152
49,8155
49,8171
49,8230
49,8246
49,8272
49,8290
49,8298
49,8315
49,8342
49,8348
49,8350
49,8395
49,8405
49,8431
49,8440
49,8463
49,8529
49,8539
49,8545
49,8572
49,8581
49,8584
49,8589
49,8595
49,8596
49,8633
49,8641
49,8644
49,8664
49,8674
49,8700
49,8731
49,8735
49,8753
49,8824
49,8886
49,8888
49,8921
49,8923
49,8960
49,8996
49,9001
49,9012
49,9024
49,9045
49,9073
49,9090
49,9092
49,9141
49,9198
49,9249
49,9260
49,9312
49,9326
49,9387
49,9449
49,9450
49,9479
49,9513
49,9514
49,9581
49,9594
49,9616
49,9650
49,9681
49,9706
49,9715
49,9721
49,9756
49,9770
49,9788
49,9818
49,9821
49,9854
49,9863
49,9867
49,9873
49,9896
49,9907
49,9914
49,9944
49,9997
49,10102
49,10104
49,10144
49,10158
49,10216
49,10236
49,10252
49,10278
49,10290
49,10293
49,10319
49,10324
49,10327
49,10346
49,10411
49,10422
49,10433
49,10448
49,10494
49,10502
49,10516
49,10556
49,10569
49,10611
49,10653
49,10666
49,10677
49,10708
49,10713
49,10742
49,10756
49,10758
49,10769
49,10779
49,10794
49,10822
49,10827
49,10832
49,10870
49,10872
49,10880
49,10886
49,10887
49,10913
49,11034
49,11058
49,11063
49,11064
49,11091
49,11110
49,11153
49,11187
49,11196
49,11260
49,11267
49,11298
49,11315
49,11342
49,11424
49,11431
49,11505
49,11524
49,11528
49,11565
49,11600
49,11619
49,11623
49,11627
49,11668
49,11694
49,11698
49,11730
49,11774
49,11793
49,11794
49,11808
49,11849
49,11855
49,11861
49,11923
49,11927
49,11930
49,11935
49,11973
49,11999
49,12023
49,12103
49,12120
49,12146
49,12164
49,12175
49,12177
49,12229
49,12231
49,12250
49,12255
49,12291
49,12301
49,12315
49,12355
49,12369
49,12391
49,12396
49,12402
49,12441
49,12458
49,12469
49,12495
49,12510
49,12518
49,12526
49,12544
49,12556
49,12565
49,12571
49,12614
49,12632
49,12672
49,12678
49,12680
49,12683
49,12741
49,12769
49,12771
49,12787
49,12792
49,12821
49,12826
49,12841
49,12879
49,12927
49,12960
49,12965
49,13007
49,13031
49,13038
49,13049
49,13114
49,13165
49,13197
49,13283
49,13312
49,13334
49,13343
49,13348
49,13381
49,13388
49,13392
49,13411
49,13417
49,13423
49,13498
49,13507
49,13542
49,13550
49,13583
49,13592
49,13632
49,13633
49,13701
49,13712
49,13729
49,13760
49,13787
49,13794
49,13821
49,13833
49,13838
49,13843
49,13891
49,13896
49,13921
49,13927
49,13929
49,13955
49,13965
49,14008
49,14021
49,14088
49,14107
49,14116
49,14151
49,14171
49,14181
49,14273
49,14285
49,14304
49,14307
49,14360
49,14377
49,14428
49,14436
49,14464
49,14474
49,14499
49,14526
49,14570
49,14619
49,14649
49,14651
49,14674
49,14732
49,14750
49,14775
49,14794
49,14852
49,14868
49,14870
49,14893
49,14894
49,14919
49,14957
49,14970
49,14977
49,15010
49,15021
49,15046
49,15057
49,15098
49,15128
49,15129
49,15144
49,15145
49,15146
49,15154
49,15166
49,15171
49,15200
49,15235
49,15248
49,15250
49,15266
49,15294
49,15295
49,15303
49,15306
49,15316
49,15329
49,15333
49,15417
49,15418
49,15428
49,15459
49,15520
49,15543
49,15561
49,15575
49,15589
49,15608
49,15631
49,15637
49,15766
49,15794
49,15808
49,15853
49,15884
49,15924
49,15928
49,15940
49,15949
49,15976
49,15999
49,16011
49,16028
49,16064
49,16079
49,16109
49,16121
49,16125
49,16126
49,16163
49,16172
49,16190
49,16194
49,16195
49,16245
49,16259
49,16275
49,16293
49,16296
49,16341
49,16378
49,16385
49,16400
49,16445
49,16449
49,16477
49,16500
49,16507
49,16510
49,16520
49,16533
49,16538
49,16544
49,16550
49,16594
49,16616
49,16630
49,16663
49,16695
49,16722
49,16742
49,16769
49,16786
49,16802
49,16805
49,16807
49,16824
49,16844
49,16885
49,16910
49,16942
49,16959
49,16980
49,17002
49,17013
49,17033
49,17067
49,17087
49,17121
49,17146
49,17148
49,17213
49,17214
49,17260
49,17277
49,17286
49,17295
49,17299
49,17311
49,17321
49,17329
49,17340
49,17412
49,17438
49,17451
49,17463
49,17466
49,17484
49,17540
49,17554
49,17629
49,17650
49,17681
49,17686
49,17694
49,17738
49,17765
49,17769
49,17785
49,17803
49,17836
49,17844
49,17846
49,17874
49,17893
49,17911
49,17912
49,17920
49,17932
49,17949
49,17953
49,18003
49,18032
49,18036
49,18129
49,18131
49,18148
49,18180
49,18203
49,18212
49,18219
49,18220
49,18227
49,18230
49,18234
49,18259
49,18269
49,18277
49,18302
49,18314
49,18319
49,18450
49,18453
49,18479
49,18529
49,18552
49,18556
49,18568
49,18571
49,18583
49,18642
49,18647
49,18659
49,18670
49,18681
49,18685
49,18699
49,18731
49,18781
49,18809
49,18874
49,18897
49,18991
49,19013
49,19053
49,19059
49,19064
49,19090
49,19116
49,19124
49,19129
49,19156
49,19226
49,19233
49,19240
49,19264
49,19276
49,19295
49,19307
49,19347
49,19365
49,19367
49,19380
49,19384
49,19390
49,19419
49,19427
49,19435
49,19442
49,19479
49,19547
49,19650
49,19661
49,19665
49,19668
49,19673
49,19710
49,19716
49,19756
49,19760
49,19824
49,19845
49,19854
49,19867
49,19881
49,19928
49,19933
49,19981
49,19995
49,20011
49,20016
49,20041
49,20061
49,20088
49,20131
49,20136
49,20154
49,20224
49,20226
49,20233
49,20235
49,20246
49,20252
49,20273
49,20295
49,20346
49,20377
49,20416
49,20457
49,20486
49,20494
49,20520
49,20531
49,20532
49,20538
49,20573
49,20580
49,20624
49,20667
49,20701
49,20705
49,20720
49,20728
49,20730
49,20734
49,20735
49,20767
49,20778
49,20818
49,20819
49,20867
49,20873
49,20911
49,20916
49,20920
49,20926
49,20931
49,20946
49,20969
49,20971
49,20987
49,20988
49,20996
49,21027
49,21049
49,21053
49,21060
49,21108
49,21117
49,21143
49,21160
49,21178
49,21193
49,21201
49,21213
49,21238
49,21299
49,21303
49,21316
49,21321
49,21330
49,21337
49,21342
49,21356
49,21371
49,21411
49,21416
49,21437
49,21457
49,21492
49,21517
49,21567
49,21598
49,21614
49,21621
49,21640
49,21693
49,21726
49,21788
49,21802
49,21831
49,21851
49,21873
49,21877
49,21887
49,21944
49,21962
49,22002
49,22067
49,22106
49,22114
49,22123
49,22175
49,22197
49,22220
49,22224
49,22236
49,22255
49,22258
49,22287
49,22306
49,22365
49,22455
49,22458
49,22486
49,22499
49,22501
49,22505
49,22516
49,22523
49,22531
49,22567
49,22577
49,22612
49,22617
49,22621
49,22625
49,22632
49,22642
49,22656
49,22661
49,22662
49,22670
49,22690
49,22700
49,22734
49,22735
49,22796
49,22812
49,22827
49,22831
49,22838
49,22845
49,22883
49,22908
49,22936
49,22974
49,22986
49,23008
49,23021
49,23037
49,23042
49,23045
49,23080
49,23086
49,23097
49,23158
49,23168
49,23169
49,23184
49,23232
49,23234
49,23279
49,23313
49,23342
49,23369
49,23421
49,23438
49,23469
49,23491
49,23524
49,23539
49,23576
49,23579
49,23593
49,23606
49,23623
49,23635
49,23637
49,23645
49,23693
49,23727
49,23734
49,23759
49,23770
49,23789
49,23832
49,23838
49,23840
49,23848
49,23913
49,23952
49,23995
49,24014
49,24047
49,24087
49,24101
49,24128
49,24141
49,24148
49,24151
49,24211
49,24235
49,24240
49,24269
49,24300
49,24308
49,24322
49,24328
49,24345
49,24358
49,24367
49,24410
49,24440
49,24489
49,24522
49,24524
49,24525
49,24532
49,24555
49,24595
49,24689
49,24695
49,24721
49,24735
49,24760
49,24781
49,24783
49,24787
49,24834
49,24841
49,24865
49,24884
49,24980
49,24986
49,25015
49,25019
49,25021
49,25118
49,25178
49,25193
49,25246
49,25272
49,25293
49,25352
49,25362
49,25385
49,25433
49,25448
49,25466
49,25489
49,25497
49,25544
49,25551
49,25554
49,25588
49,25590
49,25675
49,25687
49,25693
49,25712
49,25720
49,25734
49,25775
49,25806
49,25816
49,25828
49,25887
49,25896
49,25902
49,25915
49,25924
49,25942
49,25966
49,26012
49,26059
49,26066
49,26073
49,26087
49,26141
49,26142
49,26183
49,26197
49,26218
49,26231
49,26232
49,26248
49,26255
49,26267
49,26272
49,26333
49,26391
49,26438
49,26458
49,26490
49,26494
49,26504
49,26507
49,26551
49,26567
49,26584
49,26612
49,26657
49,26687
49,26731
49,26765
49,26819
49,26850
49,26879
49,26949
49,26973
49,26989
49,27001
49,27026
49,27052
49,27071
49,27114
49,27117
49,27173
49,27249
49,27259
49,27282
49,27283
49,27311
49,27357
49,27393
49,27403
49,27435
49,27456
49,27491
49,27498
49,27576
49,27582
49,27589
49,27626
49,27631
49,27632
49,27647
49,27660
49,27669
49,27680
49,27710
49,27740
49,27796
49,27813
49,27822
49,27840
49,27880
49,27885
49,27886
49,27894
49,27902
49,27908
49,27912
49,27922
49,27923
49,27932
49,27938
49,27971
49,28000
49,28011
49,28016
49,28017
49,28033
49,28034
49,28046
49,28051
49,28086
49,28099
49,28179
49,28192
49,28212
49,28223
49,28239
49,28246
49,28289
49,28314
49,28353
49,28360
49,28375
49,28398
49,28401
49,28402
49,28437
49,28447
49,28457
49,28487
49,28493
49,28519
49,28544
49,28576
49,28579
49,28584
49,28592
49,28606
49,28620
49,28623
49,28634
49,28650
49,28652
49,28663
49,28672
49,28687
49,28701
49,28722
49,28724
49,28738
49,28758
49,28780
49,28793
49,28810
49,28958
49,29007
49,29019
49,29035
49,29036
49,29042
49,29043
49,29081
49,29086
49,29092
49,29155
49,29166
49,29171
49,29174
49,29194
49,29200
49,29229
49,29245
49,29251
49,29253
49,29286
49,29317
49,29392
49,29398
49,29412
49,29444
49,29445
49,29465
49,29471
49,29479
49,29485
49,29492
49,29514
49,29524
49,29538
49,29539
49,29555
50,12
50,13
50,67
50,75
50,99
50,109
50,119
50,131
50,135
50,164
50,175
50,187
50,195
50,222
50,276
50,295
50,298
50,305
50,334
50,353
50,356
50,367
50,407
50,465
50,492
50,500
50,502
50,510
50,517
50,529
50,532
50,544
50,554
50,578
50,580
50,593
50,599
50,603
50,660
50,694
50,750
50,777
50,784
50,789
50,800
50,806
50,830
50,841
50,849
50,890
50,950
50,957
50,978
50,1006
50,1007
50,1018
50,1020
50,1025
50,1041
50,1042
50,1065
50,1090
50,1105
50,1107
50,1126
50,1130
50,1225
50,1266
50,1296
50,1316
50,1323
50,1325
50,1332
50,1377
50,1384
50,1385
50,1403
50,1421
50,1457
50,1468
50,1475
50,1476
50,1488
50,1493
50,1523
50,1547
50,1560
50,1594
50,1638
50,1641
50,1652
50,1664
50,1680
50,1708
50,1736
50,1760
50,1787
50,1882
50,1889
50,1909
50,1910
50,1916
50,1951
50,1959
50,1982
50,2052
50,2067
50,2090
50,2095
50,2100
50,2111
50,2119
50,2180
50,2193
50,2198
50,2205
50,2225
50,2260
50,2267
50,2282
50,2316
50,2336
50,2352
50,2357
50,2424
50,2466
50,2562
50,2573
50,2577
50,2617
50,2663
50,2668
50,2726
50,2732
50,2769
50,2805
50,2837
50,2913
50,2935
50,3012
50,3032
50,3033
50,3137
50,3154
50,3155
50,3188
50,3219
50,3263
50,3305
50,3310
50,3312
50,3313
50,3315
50,3353
50,3407
50,3423
50,3429
50,3486
50,3488
50,3522
50,3543
50,3545
50,3585
50,3630
50,3707
50,3741
50,3748
50,3797
50,3825
50,3831
50,3845
50,3851
50,3861
50,3867
50,3895
50,3929
50,3968
50,3969
50,3978
50,4007
50,4014
50,4033
50,4045
50,4060
50,4065
50,4077
50,4079
50,4093
50,4110
50,4111
50,4128
50,4137
50,4158
50,4180
50,4218
50,4224
50,4259
50,4260
50,4267
50,4335
50,4350
50,4365
50,4393
50,4403
50,4419
50,4436
50,4439
50,4487
50,4494
50,4514
50,4527
50,4543
50,4558
50,4615
50,4665
50,4688
50,4717
50,4760
50,4796
50,4805
50,4816
50,4820
50,4826
50,4827
50,4831
50,4919
50,4931
50,4959
50,4965
50,4993
50,4996
50,5023
50,5032
50,5042
50,5044
50,5051
50,5060
50,5071
50,5082
50,5120
50,5126
50,5145
50,5173
50,5197
50,5218
50,5228
50,5247
50,5289
50,5306
50,5341
50,5347
50,5360
50,5408
50,5448
50,5479
50,5489
50,5531
50,5533
50,5546
50,5575
50,5597
50,5602
50,5643
50,5649
50,5656
50,5665
50,5666
50,5692
50,5707
50,5714
50,5749
50,5753
50,5770
50,5771
50,5784
50,5823
50,5930
50,5931
50,5937
50,5941
50,6017
50,6021
50,6055
50,6062
50,6064
50,6102
50,6126
50,6135
50,6206
50,6249
50,6255
50,6273
50,6278
50,6293
50,6338
50,6475
50,6476
50,6506
50,6515
50,6553
50,6574
50,6601
50,6624
50,6661
50,6688
50,6708
50,6849
50,6923
50,6975
50,6986
50,7001
50,7005
50,7010
50,7054
50,7055
50,7128
50,7130
50,7148
50,7158
50,7176
50,7220
50,7236
50,7240
50,7248
50,7269
50,7277
50,7280
50,7291
50,7295
50,7304
50,7325
50,7348
50,7361
50,7392
50,7405
50,7446
50,7464
50,7502
50,7514
50,7527
50,7577
50,7598
50,7618
50,7626
50,7628
50,7640
50,7646
50,7659
50,7713
50,7720
50,7729
50,7737
50,7738
50,7750
50,7793
50,7803
50,7807
50,7813
50,7827
50,7840
50,7890
50,7905
50,7909
50,7953
50,7967
50,7976
50,8031
50,8036
50,8071
50,8079
50,8120
50,8145
50,8197
50,8214
50,8238
50,8239
50,8241
50,8271
50,8359
50,8381
50,8438
50,8461
50,8472
50,8490
50,8493
50,8517
50,8536
50,8538
50,8553
50,8564
50,8595
50,8598
50,8607
50,8618
50,8625
50,8632
50,8644
50,8648
50,8655
50,8659
50,8696
50,8697
50,8700
50,8722
50,8738
50,8740
50,8781
50,8795
50,8801
50,8809
50,8830
50,8839
50,8843
50,8890
50,8896
50,8945
50,8980
50,9002
50,9011
50,9018
50,9027
50,9048
50,9072
50,9110
50,9147
50,9200
50,9228
50,9295
50,9298
50,9309
50,9324
50,9329
50,9337
50,9361
50,9367
50,9378
50,9380
50,9383
50,9441
50,9444
50,9478
50,9576
50,9577
50,9623
50,9633
50,9655
50,9688
50,9690
50,9764
50,9816
50,9846
50,9866
50,9891
50,9898
50,9917
50,9957
50,9963
50,9973
50,9976
50,10009
50,10021
50,10022
50,10024
50,10031
50,10035
50,10068
50,10069
50,10086
50,10107
50,10118
50,10119
50,10153
50,10171
50,10173
50,10239
50,10254
50,10258
50,10267
50,10275
50,10284
50,10335
50,10340
50,10347
50,10393
50,10398
50,10440
50,10457
50,10467
50,10482
50,10497
50,10515
50,10523
50,10571
50,10612
50,10632
50,10633
50,10644
50,10662
50,10667
50,10675
50,10696
50,10703
50,10731
50,10738
50,10743
50,10755
50,10757
50,10764
50,10800
50,10823
50,10842
50,10853
50,10859
50,10881
50,10899
50,10933
50,10958
50,10977
50,10991
50,10995
50,11014
50,11110
50,11111
50,11131
50,11153
50,11154
50,11172
50,11178
50,11226
50,11255
50,11256
50,11260
50,11278
50,11283
50,11297
50,11307
50,11366
50,11396
50,11444
50,11479
50,11532
50,11547
50,11565
50,11579
50,11582
50,11600
50,11602
50,11656
50,11664
50,11684
50,11686
50,11827
50,11864
50,11888
50,11890
50,11895
50,11911
50,11923
50,11940
50,12078
50,12087
50,12091
50,12105
50,12111
50,12113
50,12135
50,12179
50,12200
50,12209
50,12247
50,12266
50,12276
50,12359
50,12390
50,12400
50,12404
50,12420
50,12422
50,12443
50,12526
50,12531
50,12543
50,12554
50,12561
50,12562
50,12576
50,12612
50,12629
50,12664
50,12706
50,12748
50,12787
50,12818
50,12826
50,12830
50,12840
50,12855
50,12903
50,12907
50,12920
50,12925
50,12970
50,12973
50,13037
50,13046
50,13048
50,13080
50,13095
50,13144
50,13148
50,13193
50,13205
50,13209
50,13218
50,13226
50,13232
50,13263
50,13267
50,13281
50,13298
50,13306
50,13307
50,13330
50,13373
50,13404
50,13412
50,13429
50,13436
50,13439
50,13480
50,13523
50,13538
50,13562
50,13579
50,13580
50,13623
50,13634
50,13641
50,13665
50,13669
50,13686
50,13691
50,13692
50,13697
50,13717
50,13729
50,13735
50,13752
50,13829
50,13837
50,13877
50,13906
50,13927
50,13939
50,13941
50,14005
50,14015
50,14018
50,14043
50,14045
50,14054
50,14109
50,14135
50,14145
50,14186
50,14195
50,14204
50,14207
50,14263
50,14270
50,14295
50,14300
50,14309
50,14329
50,14380
50,14442
50,14463
50,14471
50,14492
50,14547
50,14619
50,14627
50,14640
50,14642
50,14652
50,14655
50,14687
50,14716
50,14745
50,14747
50,14779
50,14787
50,14791
50,14795
50,14822
50,14831
50,14845
50,14849
50,14862
50,14866
50,14890
50,14918
50,14927
50,14929
50,14977
50,14986
50,14990
50,15006
50,15022
50,15027
50,15030
50,15040
50,15054
50,15072
50,15125
50,15130
50,15134
50,15167
50,15231
50,15265
50,15276
50,15278
50,15291
50,15323
50,15334
50,15343
50,15373
50,15402
50,15428
50,15435
50,15438
50,15450
50,15469
50,15510
50,15518
50,15544
50,15550
50,15567
50,15581
50,15620
50,15637
50,15638
50,15640
50,15670
50,15673
50,15702
50,15718
50,15722
50,15728
50,15743
50,15777
50,15783
50,15800
50,15821
50,15836
50,15843
50,15849
50,15852
50,15856
50,15869
50,15876
50,15915
50,15942
50,15948
50,15949
50,15981
50,16012
50,16065
50,16078
50,16103
50,16146
50,16186
50,16204
50,16226
50,16286
50,16298
50,16311
50,16316
50,16371
50,16451
50,16452
50,16464
50,16525
50,16528
50,16532
50,16561
50,16569
50,16579
50,16583
50,16624
50,16634
50,16691
50,16694
50,16740
50,16767
50,16772
50,16832
50,16836
50,16842
50,16852
50,16857
50,16933
50,16984
50,16987
50,17007
50,17023
50,17035
50,17058
50,17126
50,17147
50,17157
50,17185
50,17193
50,17235
50,17270
50,17297
50,17334
50,17347
50,17391
50,17412
50,17429
50,17439
50,17464
50,17484
50,17488
50,17495
50,17529
50,17546
50,17569
50,17571
50,17576
50,17599
50,17630
50,17675
50,17697
50,17734
50,17787
50,17796
50,17800
50,17835
50,17850
50,17861
50,17863
50,17882
50,17900
50,17903
50,17907
50,17916
50,17988
50,18026
50,18079
50,18084
50,18087
50,18090
50,18100
50,18122
50,18133
50,18157
50,18161
50,18165
50,18176
50,18180
50,18188
50,18201
50,18222
50,18252
50,18257
50,18259
50,18285
50,18287
50,18318
50,18352
50,18364
50,18368
50,18377
50,18379
50,18411
50,18419
50,18466
50,18500
50,18518
50,18561
50,18570
50,18584
50,18592
50,18631
50,18653
50,18654
50,18678
50,18689
50,18710
50,18721
50,18746
50,18766
50,18768
50,18771
50,18776
50,18779
50,18822
50,18831
50,18862
50,18866
50,18875
50,18885
50,18897
50,18908
50,18931
50,18940
50,18950
50,18951
50,18966
50,18972
50,19003
50,19023
50,19080
50,19084
50,19157
50,19165
50,19167
50,19168
50,19174
50,19177
50,19227
50,19234
50,19250
50,19281
50,19286
50,19314
50,19317
50,19349
50,19363
50,19367
50,19370
50,19426
50,19443
50,19485
50,19491
50,19497
50,19500
50,19557
50,19575
50,19608
50,19654
50,19657
50,19694
50,19718
50,19725
50,19739
50,19747
50,19748
50,19843
50,19848
50,19860
50,19865
50,19872
50,19886
50,19913
50,19914
50,19931
50,19934
50,19970
50,19992
50,19997
50,20023
50,20025
50,20033
50,20034
50,20037
50,20080
50,20090
50,20104
50,20131
50,20146
50,20165
50,20200
50,20239
50,20272
50,20312
50,20330
50,20334
50,20393
50,20420
50,20436
50,20456
50,20468
50,20475
50,20502
50,20530
50,20539
50,20566
50,20582
50,20583
50,20636
50,20642
50,20672
50,20693
50,20703
50,20767
50,20811
50,20850
50,20877
50,20889
50,20908
50,20919
50,20984
50,21094
50,21138
50,21186
50,21215
50,21226
50,21352
50,21357
50,21360
50,21375
50,21387
50,21406
50,21414
50,21421
50,21437
50,21446
50,21453
50,21473
50,21477
50,21493
50,21503
50,21568
50,21609
50,21614
50,21629
50,21630
50,21635
50,21638
50,21641
50,21651
50,21675
50,21725
50,21727
50,21729
50,21734
50,21794
50,21832
50,21860
50,21866
50,21911
50,21944
50,21947
50,21965
50,21975
50,21985
50,21987
50,21990
50,22002
50,22046
50,22064
50,22089
50,22101
50,22107
50,22109
50,22181
50,22225
50,22252
50,22273
50,22276
50,22289
50,22290
50,22317
50,22342
50,22373
50,22388
50,22450
50,22452
50,22464
50,22506
50,22514
50,22532
50,22578
50,22584
50,22606
50,22614
50,22645
50,22668
50,22681
50,22686
50,22727
50,22737
50,22744
50,22761
50,22764
50,22773
50,22779
50,22787
50,22790
50,22799
50,22803
50,22804
50,22846
50,22873
50,22918
50,22962
50,22982
50,22991
50,23022
50,23039
50,23060
50,23075
50,23135
50,23149
50,23154
50,23164
50,23205
50,23210
50,23215
50,23227
50,23298
50,23331
50,23334
50,23377
50,23378
50,23380
50,23386
50,23387
50,23393
50,23425
50,23447
50,23473
50,23503
50,23529
50,23615
50,23645
50,23658
50,23679
50,23709
50,23772
50,23779
50,23780
50,23788
50,23801
50,23830
50,23879
50,23888
50,23889
50,23921
50,23948
50,23956
50,24003
50,24031
50,24074
50,24155
50,24171
50,24187
50,24249
50,24252
50,24277
50,24278
50,24306
50,24397
50,24447
50,24460
50,24508
50,24519
50,24528
50,24544
50,24583
50,24665
50,24692
50,24717
50,24722
50,24740
50,24752
50,24754
50,24785
50,24794
50,24804
50,24806
50,24838
50,24848
50,24916
50,24938
50,24974
50,24979
50,24987
50,24990
50,25003
50,25032
50,25036
50,25044
50,25048
50,25066
50,25109
50,25122
50,25165
50,25177
50,25188
50,25211
50,25250
50,25330
50,25366
50,25385
50,25424
50,25426
50,25454
50,25460
50,25565
50,25655
50,25657
50,25682
50,25695
50,25759
50,25778
50,25797
50,25806
50,25822
50,25825
50,25870
50,25877
50,25898
50,25925
50,25939
50,25949
50,25952
50,25960
50,25973
50,25979
50,25998
50,26047
50,26050
50,26053
50,26122
50,26129
50,26166
50,26184
50,26189
50,26190
50,26196
50,26204
50,26212
50,26245
50,26248
50,26253
50,26298
50,26326
50,26362
50,26389
50,26421
50,26433
50,26443
50,26446
50,26463
50,26493
50,26502
50,26506
50,26518
50,26539
50,26544
50,26582
50,26591
50,26597
50,26609
50,26622
50,26654
50,26674
50,26696
50,26713
50,26743
50,26746
50,26789
50,26835
50,26855
50,26857
50,26885
50,26889
50,26893
50,26984
50,27013
50,27024
50,27033
50,27035
50,27045
50,27076
50,27095
50,27103
50,27107
50,27109
50,27114
50,27118
50,27161
50,27173
50,27178
50,27187
50,27222
50,27272
50,27287
50,27370
50,27373
50,27397
50,27414
50,27438
50,27472
50,27476
50,27515
50,27532
50,27574
50,27614
50,27620
50,27632
50,27810
50,27814
50,27825
50,27839
50,27858
50,27859
50,27892
50,27946
50,27952
50,27973
50,27982
50,28013
50,28020
50,28028
50,28032
50,28034
50,28082
50,28092
50,28097
50,28101
50,28138
50,28149
50,28175
50,28185
50,28188
50,28199
50,28201
50,28205
50,28261
50,28266
50,28318
50,28339
50,28347
50,28408
50,28420
50,28433
50,28453
50,28470
50,28509
50,28515
50,28522
50,28532
50,28539
50,28548
50,28550
50,28563
50,28628
50,28634
50,28681
50,28706
50,28716
50,28742
50,28788
50,28801
50,28805
50,28820
50,28823
50,28824
50,28854
50,28876
50,28931
50,28936
50,28939
50,28953
50,28959
50,28977
50,28993
50,29040
50,29052
50,29071
50,29170
50,29187
50,29190
50,29214
50,29263
50,29274
50,29290
50,29298
50,29303
50,29327
50,29347
50,29359
50,29378
50,29423
50,29434
51,120
51,136
51,139
51,143
51,157
51,159
51,174
51,211
51,225
51,253
51,286
51,301
51,305
51,321
51,375
51,388
51,407
51,416
51,434
51,463
51,484
51,489
51,533
51,542
51,555
51,629
51,636
51,643
51,644
51,681
51,683
51,694
51,771
51,827
51,865
51,883
51,933
51,947
51,956
51,965
51,993
51,996
51,1011
51,1034
51,1066
51,1100
51,1104
51,1166
51,1177
51,1190
51,1216
51,1268
51,1278
51,1283
51,1298
51,1301
51,1308
51,1322
51,1325
51,1430
51,1466
51,1476
51,1491
51,1499
51,1503
51,1509
51,1518
51,1519
51,1588
51,1589
51,1590
51,1593
51,1595
51,1596
51,1614
51,1636
51,1637
51,1642
51,1673
51,1766
51,1770
51,1778
51,1832
51,1856
51,1858
51,1903
51,1912
51,1953
51,1955
51,1977
51,2005
51,2044
51,2064
51,2080
51,2104
51,2143
51,2156
51,2164
51,2182
51,2195
51,2230
51,2261
51,2264
51,2282
51,2298
51,2318
51,2339
51,2348
51,2369
51,2432
51,2445
51,2447
51,2457
51,2459
51,2493
51,2497
51,2515
51,2533
51,2617
51,2636
51,2678
51,2709
51,2716
51,2762
51,2777
51,2788
51,2797
51,2942
51,2966
51,3081
51,3108
51,3143
51,3158
51,3169
51,3188
51,3248
51,3296
51,3299
51,3379
51,3391
51,3397
51,3449
51,3462
51,3487
51,3521
51,3579
51,3583
51,3624
51,3633
51,3655
51,3659
51,3713
51,3735
51,3745
51,3783
51,3828
51,3862
51,3907
51,3928
51,3950
51,3960
51,3991
51,4000
51,4014
51,4094
51,4104
51,4126
51,4135
51,4148
51,4170
51,4172
51,4185
51,4208
51,4216
51,4243
51,4281
51,4426
51,4444
51,4459
51,4469
51,4488
51,4498
51,4508
51,4517
51,4543
51,4577
51,4670
51,4712
51,4715
51,4720
51,4757
51,4762
51,4794
51,4856
51,4864
51,4904
51,4980
51,5042
51,5053
51,5061
51,5146
51,5160
51,5163
51,5204
51,5228
51,5259
51,5266
51,5302
51,5343
51,5386
51,5392
51,5403
51,5456
51,5463
51,5477
51,5512
51,5546
51,5578
51,5593
51,5597
51,5627
51,5647
51,5659
51,5667
51,5685
51,5689
51,5690
51,5701
51,5705
51,5768
51,5809
51,5832
51,5950
51,5952
51,5964
51,5989
51,6026
51,6038
51,6042
51,6171
51,6183
51,6230
51,6281
51,6286
51,6337
51,6341
51,6401
51,6403
51,6426
51,6435
51,6464
51,6499
51,6536
51,6559
51,6571
51,6574
51,6577
51,6590
51,6638
51,6656
51,6657
51,6674
51,6714
51,6726
51,6740
51,6745
51,6802
51,6841
51,6858
51,6862
51,6863
51,6870
51,6884
51,6892
51,6896
51,6939
51,6974
51,7056
51,7131
51,7139
51,7151
51,7162
51,7195
51,7217
51,7226
51,7240
51,7241
51,7329
51,7352
51,7384
51,7406
51,7407
51,7428
51,7445
51,7457
51,7463
51,7475
51,7478
51,7484
51,7493
51,7557
51,7558
51,7574
51,7624
51,7652
51,7704
51,7736
51,7813
51,7836
51,7881
51,7894
51,7915
51,7927
51,7947
51,7965
51,7993
51,8045
51,8063
51,8081
51,8125
51,8162
51,8163
51,8236
51,8238
51,8243
51,8252
51,8259
51,8264
51,8266
51,8280
51,8290
51,8292
51,8334
51,8359
51,8409
51,8410
51,8429
51,8458
51,8461
51,8471
51,8501
51,8519
51,8521
51,8534
51,8583
51,8594
51,8600
51,8604
51,8615
51,8631
51,8649
51,8673
51,8682
51,8694
51,8774
51,8799
51,8801
51,8802
51,8878
51,8902
51,8908
51,8928
51,8977
51,8982
51,9001
51,9067
51,9081
51,9138
51,9146
51,9150
51,9208
51,9211
51,9214
51,9228
51,9249
51,9258
51,9270
51,9272
51,9286
51,9368
51,9389
51,9398
51,9403
51,9414
51,9533
51,9545
51,9571
51,9617
51,9647
51,9650
51,9677
51,9714
51,9720
51,9734
51,9799
51,9810
51,9847
51,9894
51,9925
51,9929
51,9995
51,10003
51,10043
51,10150
51,10153
51,10176
51,10177
51,10196
51,10229
51,10283
51,10295
51,10317
51,10382
51,10397
51,10398
51,10436
51,10437
51,10470
51,10479
51,10540
51,10578
51,10636
51,10657
51,10660
51,10698
51,10704
51,10735
51,10737
51,10757
51,10776
51,10835
51,10893
51,10897
51,10926
51,10969
51,10985
51,11012
51,11018
51,11044
51,11045
51,11146
51,11148
51,11170
51,11184
51,11203
51,11289
51,11317
51,11356
51,11363
51,11365
51,11370
51,11376
51,11383
51,11384
51,11395
51,11433
51,11445
51,11521
51,11669
51,11697
51,11704
51,11824
51,11827
51,11845
51,11900
51,11921
51,11949
51,11954
51,11996
51,12042
51,12065
51,12140
51,12141
51,12153
51,12154
51,12163
51,12182
51,12208
51,12225
51,12239
51,12259
51,12311
51,12319
51,12320
51,12324
51,12326
51,12336
51,12397
51,12414
51,12429
51,12438
51,12457
51,12492
51,12584
51,12589
51,12655
51,12723
51,12788
51,12798
51,12813
51,12824
51,12831
51,12852
51,12865
51,12874
51,12922
51,12923
51,12931
51,12943
51,12958
51,12977
51,13028
51,13126
51,13172
51,13211
51,13263
51,13281
51,13291
51,13316
51,13327
51,13401
51,13456
51,13490
51,13510
51,13530
51,13536
51,13544
51,13549
51,13594
51,13662
51,13683
51,13685
51,13702
51,13703
51,13734
51,13739
51,13766
51,13794
51,13811
51,13816
51,13835
51,13846
51,13856
51,13892
51,13899
51,13911
51,13928
51,13962
51,13972
51,13994
51,14011
51,14038
51,14043
51,14056
51,14060
51,14074
51,14090
51,14114
51,14151
51,14182
51,14185
51,14198
51,14247
51,14298
51,14393
51,14415
51,14463
51,14471
51,14484
51,14514
51,14525
51,14529
51,14548
51,14553
51,14577
51,14624
51,14636
51,14644
51,14692
51,14695
51,14696
51,14697
51,14699
51,14715
51,14732
51,14746
51,14752
51,14759
51,14797
51,14851
51,14873
51,14914
51,14924
51,14931
51,14932
51,14964
51,14965
51,14969
51,14994
51,14995
51,15114
51,15157
51,15263
51,15266
51,15270
51,15317
51,15328
51,15334
51,15343
51,15380
51,15389
51,15401
51,15418
51,15430
51,15439
51,15449
51,15454
51,15455
51,15464
51,15520
51,15635
51,15644
51,15686
51,15790
51,15801
51,15834
51,15840
51,15905
51,15916
51,15928
51,15959
51,15970
51,15977
51,16009
51,16011
51,16013
51,16088
51,16091
51,16102
51,16104
51,16107
51,16140
51,16156
51,16177
51,16230
51,16301
51,16400
51,16405
51,16455
51,16475
51,16485
51,16488
51,16519
51,16598
51,16604
51,16614
51,16638
51,16686
51,16697
51,16708
51,16732
51,16795
51,16825
51,16835
51,16836
51,16854
51,16871
51,16872
51,16891
51,16917
51,16930
51,17059
51,17092
51,17108
51,17173
51,17179
51,17183
51,17189
51,17197
51,17275
51,17315
51,17321
51,17340
51,17352
51,17381
51,17391
51,17412
51,17438
51,17445
51,17448
51,17471
51,17482
51,17494
51,17508
51,17555
51,17585
51,17595
51,17712
51,17728
51,17730
51,17751
51,17774
51,17802
51,17804
51,17837
51,17850
51,17863
51,18010
51,18023
51,18027
51,18102
51,18110
51,18151
51,18159
51,18228
51,18258
51,18268
51,18281
51,18284
51,18344
51,18359
51,18360
51,18374
51,18376
51,18425
51,18429
51,18453
51,18455
51,18474
51,18535
51,18564
51,18579
51,18593
51,18674
51,18694
51,18708
51,18721
51,18738
51,18749
51,18789
51,18800
51,18816
51,18822
51,18844
51,18856
51,18861
51,18900
51,18941
51,18947
51,18949
51,18969
51,19022
51,19047
51,19104
51,19115
51,19198
51,19218
51,19231
51,19253
51,19289
51,19294
51,19305
51,19309
51,19310
51,19315
51,19319
51,19366
51,19399
51,19444
51,19449
51,19463
51,19497
51,19499
51,19515
51,19534
51,19539
51,19548
51,19561
51,19585
51,19590
51,19623
51,19642
51,19651
51,19677
51,19704
51,19706
51,19734
51,19735
51,19795
51,19862
51,19880
51,19891
51,19908
51,19926
51,19927
51,19955
51,19977
51,20071
51,20073
51,20075
51,20123
51,20146
51,20167
51,20170
51,20199
51,20238
51,20241
51,20258
51,20259
51,20268
51,20281
51,20288
51,20347
51,20358
51,20369
51,20389
51,20406
51,20467
51,20495
51,20502
51,20584
51,20598
51,20619
51,20627
51,20654
51,20659
51,20690
51,20699
51,20700
51,20722
51,20727
51,20750
51,20791
51,20827
51,20841
51,20898
51,20919
51,20964
51,20973
51,21020
51,21029
51,21033
51,21051
51,21058
51,21059
51,21185
51,21200
51,21201
51,21271
51,21273
51,21281
51,21327
51,21345
51,21355
51,21379
51,21441
51,21446
51,21452
51,21488
51,21496
51,21509
51,21515
51,21517
51,21520
51,21556
51,21568
51,21594
51,21595
51,21640
51,21656
51,21663
51,21692
51,21707
51,21737
51,21822
51,21875
51,21894
51,21904
51,21910
51,22069
51,22082
51,22093
51,22105
51,22127
51,22168
51,22171
51,22205
51,22224
51,22273
51,22281
51,22283
51,22299
51,22306
51,22309
51,22346
51,22382
51,22391
51,22395
51,22408
51,22428
51,22451
51,22471
51,22492
51,22496
51,22503
51,22520
51,22580
51,22597
51,22606
51,22616
51,22619
51,22626
51,22729
51,22734
51,22822
51,22828
51,22850
51,22941
51,23015
51,23020
51,23071
51,23092
51,23121
51,23135
51,23140
51,23166
51,23230
51,23239
51,23267
51,23283
51,23301
51,23336
51,23384
51,23386
51,23413
51,23425
51,23432
51,23465
51,23530
51,23556
51,23576
51,23642
51,23670
51,23672
51,23744
51,23863
51,23873
51,23876
51,23890
51,23927
51,23933
51,23943
51,24020
51,24028
51,24080
51,24103
51,24115
51,24140
51,24195
51,24242
51,24256
51,24290
51,24304
51,24305
51,24306
51,24346
51,24349
51,24405
51,24429
51,24481
51,24511
51,24537
51,24542
51,24571
51,24582
51,24594
51,24691
51,24724
51,24776
51,24778
51,24788
51,24864
51,24868
51,24883
51,24889
51,24891
51,24901
51,24922
51,24927
51,24935
51,24939
51,24994
51,25001
51,25048
51,25067
51,25090
51,25118
51,25128
51,25187
51,25199
51,25200
51,25201
51,25240
51,25270
51,25305
51,25314
51,25392
51,25411
51,25423
51,25438
51,25453
51,25484
51,25513
51,25530
51,25535
51,25549
51,25609
51,25662
51,25664
51,25672
51,25720
51,25737
51,25767
51,25772
51,25796
51,25891
51,25903
51,25930
51,25949
51,26036
51,26129
51,26183
51,26214
51,26291
51,26297
51,26305
51,26324
51,26326
51,26376
51,26422
51,26432
51,26465
51,26488
51,26511
51,26516
51,26517
51,26519
51,26568
51,26577
51,26579
51,26602
51,26650
51,26679
51,26683
51,26719
51,26729
51,26748
51,26775
51,26808
51,26816
51,26835
51,26877
51,26882
51,26894
51,26922
51,26927
51,26946
51,26955
51,26969
51,26973
51,27052
51,27092
51,27105
51,27116
51,27143
51,27162
51,27171
51,27203
51,27223
51,27243
51,27244
51,27256
51,27268
51,27276
51,27291
51,27305
51,27314
51,27323
51,27334
51,27384
51,27436
51,27447
51,27450
51,27461
51,27506
51,27601
51,27691
51,27716
51,27733
51,27754
51,27765
51,27771
51,27777
51,27829
51,27836
51,27839
51,27840
51,27845
51,27890
51,27919
51,27959
51,27981
51,27992
51,28003
51,28017
51,28099
51,28116
51,28133
51,28149
51,28157
51,28171
51,28173
51,28183
51,28192
51,28202
51,28257
51,28279
51,28299
51,28388
51,28402
51,28403
51,28429
51,28437
51,28449
51,28474
51,28484
51,28488
51,28506
51,28519
51,28520
51,28534
51,28557
51,28572
51,28586
51,28649
51,28694
51,28748
51,28759
51,28785
51,28787
51,28798
51,28802
51,28869
51,28870
51,28872
51,28894
51,28903
51,28912
51,28946
51,28953
51,28964
51,29001
51,29021
51,29041
51,29050
51,29057
51,29071
51,29112
51,29123
51,29172
51,29208
51,29247
51,29269
51,29314
51,29338
51,29356
51,29396
51,29424
51,29443
51,29494
51,29521
51,29538
51,29542
51,29544
51,29546
51,29554
52,7
52,26
52,33
52,81
52,82
52,83
52,117
52,124
52,143
52,247
52,269
52,337
52,372
52,443
52,456
52,466
52,492
52,496
52,504
52,513
52,518
52,539
52,562
52,569
52,592
52,641
52,681
52,703
52,731
52,734
52,772
52,782
52,800
52,830
52,851
52,864
52,880
52,881
52,927
52,944
52,959
52,1062
52,1073
52,1075
52,1127
52,1142
52,1154
52,1162
52,1191
52,1204
52,1212
52,1248
52,1265
52,1282
52,1315
52,1323
52,1357
52,1360
52,1483
52,1538
52,1554
52,1597
52,1610
52,1659
52,1663
52,1679
52,1688
52,1711
52,1723
52,1731
52,1764
52,1776
52,1804
52,1873
52,1917
52,1918
52,1942
52,1951
52,1959
52,1993
52,1997
52,2002
52,2004
52,2014
52,2019
52,2059
52,2069
52,2077
52,2081
52,2093
52,2155
52,2187
52,2204
52,2248
52,2251
52,2266
52,2302
52,2307
52,2315
52,2322
52,2345
52,2380
52,2410
52,2440
52,2443
52,2466
52,2474
52,2480
52,2507
52,2522
52,2556
52,2564
52,2572
52,2606
52,2611
52,2652
52,2666
52,2714
52,2729
52,2758
52,2767
52,2787
52,2791
52,2819
52,2854
52,2869
52,2906
52,2912
52,2913
52,2922
52,2930
52,2949
52,2966
52,2970
52,2993
52,3002
52,3020
52,3038
52,3041
52,3093
52,3108
52,3112
52,3158
52,3166
52,3172
52,3185
52,3202
52,3203
52,3278
52,3291
52,3294
52,3295
52,3297
52,3368
52,3405
52,3448
52,3511
52,3559
52,3575
52,3576
52,3681
52,3685
52,3703
52,3715
52,3726
52,3743
52,3756
52,3759
52,3776
52,3780
52,3789
52,3791
52,3851
52,3940
52,3983
52,4002
52,4035
52,4046
52,4063
52,4087
52,4104
52,4110
52,4128
52,4148
52,4149
52,4179
52,4251
52,4277
52,4340
52,4389
52,4396
52,4407
52,4410
52,4477
52,4481
52,4526
52,4532
52,4574
52,4590
52,4634
52,4636
52,4682
52,4741
52,4752
52,4781
52,4796
52,4799
52,4817
52,4821
52,4858
52,4862
52,4881
52,4904
52,4917
52,4929
52,4941
52,4944
52,4950
52,4952
52,4978
52,4981
52,4982
52,4991
52,4997
52,5036
52,5048
52,5071
52,5167
52,5179
52,5205
52,5252
52,5267
52,5289
52,5304
52,5379
52,5383
52,5387
52,5488
52,5532
52,5560
52,5570
52,5598
52,5599
52,5633
52,5663
52,5694
52,5699
52,5751
52,5771
52,5790
52,5820
52,5828
52,5845
52,5847
52,5856
52,5864
52,5949
52,5974
52,5990
52,6004
52,6015
52,6017
52,6038
52,6043
52,6056
52,6092
52,6102
52,6110
52,6125
52,6128
52,6152
52,6160
52,6164
52,6173
52,6197
52,6242
52,6244
52,6285
52,6290
52,6300
52,6309
52,6318
52,6322
52,6343
52,6379
52,6400
52,6424
52,6448
52,6460
52,6469
52,6493
52,6511
52,6519
52,6529
52,6555
52,6593
52,6626
52,6628
52,6646
52,6680
52,6699
52,6706
52,6719
52,6721
52,6736
52,6740
52,6747
52,6771
52,6813
52,6832
52,6889
52,6908
52,6929
52,6932
52,6985
52,6994
52,6995
52,7008
52,7086
52,7113
52,7210
52,7211
52,7227
52,7229
52,7240
52,7262
52,7325
52,7337
52,7343
52,7351
52,7375
52,7400
52,7401
52,7404
52,7423
52,7424
52,7473
52,7484
52,7499
52,7545
52,7593
52,7636
52,7641
52,7659
52,7666
52,7681
52,7682
52,7700
52,7759
52,7776
52,7805
52,7807
52,7845
52,7861
52,7934
52,7938
52,7942
52,7962
52,7974
52,7997
52,8005
52,8039
52,8057
52,8061
52,8074
52,8088
52,8125
52,8140
52,8211
52,8218
52,8222
52,8260
52,8261
52,8286
52,8294
52,8322
52,8339
52,8341
52,8351
52,8367
52,8374
52,8382
52,8397
52,8417
52,8418
52,8421
52,8477
52,8578
52,8621
52,8654
52,8669
52,8729
52,8774
52,8858
52,8898
52,8912
52,8929
52,8931
52,8944
52,8960
52,8961
52,8964
52,8976
52,9034
52,9036
52,9055
52,9077
52,9107
52,9140
52,9174
52,9200
52,9231
52,9274
52,9313
52,9317
52,9318
52,9336
52,9340
52,9450
52,9480
52,9482
52,9485
52,9492
52,9506
52,9550
52,9576
52,9601
52,9608
52,9643
52,9694
52,9700
52,9701
52,9738
52,9765
52,9802
52,9856
52,9911
52,9952
52,9985
52,10009
52,10041
52,10056
52,10058
52,10069
52,10077
52,10083
52,10183
52,10190
52,10194
52,10196
52,10198
52,10236
52,10258
52,10306
52,10384
52,10385
52,10391
52,10392
52,10395
52,10402
52,10417
52,10430
52,10436
52,10437
52,10441
52,10484
52,10502
52,10522
52,10568
52,10570
52,10593
52,10644
52,10646
52,10663
52,10681
52,10739
52,10766
52,10785
52,10832
52,10838
52,10843
52,10854
52,10855
52,10860
52,10876
52,10929
52,10944
52,10979
52,10984
52,10988
52,11002
52,11007
52,11014
52,11074
52,11075
52,11093
52,11114
52,11129
52,11154
52,11174
52,11198
52,11206
52,11224
52,11247
52,11290
52,11301
52,11348
52,11382
52,11388
52,11415
52,11476
52,11512
52,11513
52,11516
52,11520
52,11646
52,11656
52,11663
52,11714
52,11760
52,11766
52,11854
52,11855
52,11882
52,11886
52,11918
52,11929
52,11956
52,11979
52,11989
52,11992
52,12027
52,12052
52,12068
52,12107
52,12187
52,12199
52,12254
52,12260
52,12300
52,12317
52,12351
52,12359
52,12381
52,12423
52,12437
52,12484
52,12519
52,12535
52,12603
52,12616
52,12645
52,12658
52,12674
52,12685
52,12714
52,12715
52,12730
52,12738
52,12755
52,12762
52,12764
52,12787
52,12856
52,12880
52,12922
52,12924
52,12946
52,13003
52,13094
52,13096
52,13146
52,13157
52,13196
52,13244
52,13266
52,13289
52,13304
52,13350
52,13411
52,13450
52,13506
52,13514
52,13525
52,13530
52,13569
52,13574
52,13579
52,13598
52,13619
52,13620
52,13649
52,13695
52,13830
52,13883
52,13905
52,13973
52,13975
52,13987
52,14028
52,14060
52,14070
52,14100
52,14126
52,14164
52,14169
52,14185
52,14209
52,14232
52,14285
52,14374
52,14383
52,14417
52,14498
52,14511
52,14512
52,14527
52,14532
52,14543
52,14605
52,14607
52,14617
52,14630
52,14644
52,14669
52,14670
52,14685
52,14702
52,14719
52,14720
52,14736
52,14738
52,14745
52,14757
52,14800
52,14808
52,14871
52,14876
52,14877
52,14878
52,14881
52,14882
52,14885
52,14888
52,14904
52,14932
52,14943
52,14946
52,14959
52,14965
52,14976
52,15009
52,15066
52,15091
52,15099
52,15108
52,15123
52,15153
52,15185
52,15236
52,15285
52,15329
52,15354
52,15362
52,15373
52,15384
52,15420
52,15423
52,15450
52,15460
52,15468
52,15473
52,15478
52,15483
52,15506
52,15510
52,15512
52,15535
52,15585
52,15594
52,15654
52,15683
52,15692
52,15711
52,15778
52,15808
52,15817
52,15837
52,15846
52,15873
52,15917
52,15925
52,15936
52,15950
52,15955
52,16051
52,16141
52,16150
52,16290
52,16303
52,16343
52,16356
52,16390
52,16395
52,16398
52,16424
52,16425
52,16457
52,16505
52,16522
52,16750
52,16764
52,16801
52,16826
52,16846
52,16859
52,16891
52,16895
52,16896
52,16967
52,16992
52,17005
52,17042
52,17051
52,17071
52,17085
52,17132
52,17155
52,17194
52,17206
52,17209
52,17212
52,17232
52,17236
52,17266
52,17289
52,17301
52,17323
52,17329
52,17337
52,17339
52,17340
52,17384
52,17431
52,17446
52,17454
52,17484
52,17566
52,17579
52,17604
52,17606
52,17624
52,17626
52,17657
52,17672
52,17699
52,17750
52,17752
52,17775
52,17842
52,17852
52,17872
52,17894
52,17898
52,17928
52,17934
52,17948
52,17953
52,17970
52,17973
52,17996
52,18000
52,18064
52,18071
52,18148
52,18155
52,18198
52,18199
52,18224
52,18244
52,18272
52,18286
52,18310
52,18346
52,18357
52,18400
52,18442
52,18449
52,18493
52,18500
52,18581
52,18587
52,18627
52,18648
52,18651
52,18664
52,18702
52,18736
52,18814
52,18850
52,18860
52,18927
52,18944
52,18958
52,18968
52,18990
52,19021
52,19037
52,19056
52,19061
52,19071
52,19098
52,19104
52,19112
52,19228
52,19235
52,19261
52,19276
52,19278
52,19285
52,19340
52,19352
52,19367
52,19377
52,19390
52,19404
52,19408
52,19439
52,19458
52,19461
52,19477
52,19493
52,19555
52,19594
52,19600
52,19604
52,19619
52,19633
52,19759
52,19792
52,19796
52,19820
52,19844
52,19858
52,19863
52,19872
52,19896
52,19909
52,19929
52,19947
52,19967
52,19994
52,19996
52,20012
52,20096
52,20107
52,20113
52,20117
52,20145
52,20149
52,20161
52,20165
52,20191
52,20218
52,20259
52,20260
52,20309
52,20325
52,20337
52,20340
52,20349
52,20350
52,20396
52,20407
52,20424
52,20442
52,20464
52,20466
52,20493
52,20500
52,20516
52,20530
52,20572
52,20584
52,20602
52,20633
52,20659
52,20670
52,20684
52,20700
52,20711
52,20726
52,20746
52,20792
52,20821
52,20841
52,20848
52,20852
52,20881
52,20894
52,20909
52,20933
52,20951
52,21002
52,21018
52,21043
52,21055
52,21094
52,21112
52,21125
52,21191
52,21212
52,21216
52,21220
52,21287
52,21313
52,21334
52,21360
52,21361
52,21381
52,21457
52,21466
52,21474
52,21494
52,21555
52,21575
52,21645
52,21649
52,21671
52,21688
52,21708
52,21711
52,21712
52,21720
52,21728
52,21755
52,21790
52,21801
52,21804
52,21836
52,21839
52,21888
52,21905
52,21912
52,21919
52,21925
52,21944
52,21946
52,21964
52,21972
52,21988
52,22019
52,22098
52,22110
52,22134
52,22142
52,22162
52,22171
52,22193
52,22227
52,22263
52,22278
52,22304
52,22366
52,22387
52,22420
52,22423
52,22425
52,22454
52,22468
52,22469
52,22495
52,22564
52,22566
52,22574
52,22577
52,22583
52,22593
52,22600
52,22601
52,22622
52,22634
52,22646
52,22666
52,22670
52,22676
52,22698
52,22704
52,22729
52,22733
52,22741
52,22792
52,22793
52,22836
52,22910
52,22944
52,23002
52,23029
52,23040
52,23042
52,23047
52,23063
52,23084
52,23129
52,23259
52,23278
52,23332
52,23347
52,23348
52,23399
52,23405
52,23408
52,23445
52,23488
52,23491
52,23562
52,23564
52,23588
52,23627
52,23687
52,23729
52,23735
52,23796
52,23820
52,23827
52,23877
52,23885
52,23900
52,23909
52,23919
52,23965
52,24007
52,24023
52,24028
52,24030
52,24097
52,24102
52,24112
52,24159
52,24197
52,24209
52,24225
52,24235
52,24277
52,24280
52,24288
52,24390
52,24432
52,24452
52,24475
52,24481
52,24484
52,24521
52,24553
52,24554
52,24556
52,24558
52,24566
52,24574
52,24597
52,24637
52,24732
52,24801
52,24806
52,24869
52,24938
52,24965
52,24980
52,24998
52,25004
52,25012
52,25021
52,25039
52,25043
52,25067
52,25075
52,25106
52,25131
52,25162
52,25200
52,25209
52,25213
52,25226
52,25247
52,25262
52,25303
52,25325
52,25375
52,25385
52,25386
52,25420
52,25436
52,25448
52,25450
52,25482
52,25506
52,25519
52,25529
52,25539
52,25573
52,25585
52,25619
52,25625
52,25648
52,25649
52,25659
52,25675
52,25676
52,25692
52,25697
52,25723
52,25729
52,25756
52,25774
52,25780
52,25785
52,25786
52,25787
52,25794
52,25813
52,25836
52,25838
52,25848
52,25872
52,25884
52,25926
52,25983
52,25997
52,26068
52,26079
52,26097
52,26138
52,26153
52,26195
52,26202
52,26205
52,26216
52,26248
52,26298
52,26346
52,26347
52,26369
52,26397
52,26417
52,26437
52,26476
52,26492
52,26535
52,26589
52,26600
52,26644
52,26648
52,26659
52,26690
52,26692
52,26710
52,26724
52,26811
52,26860
52,26870
52,26882
52,26934
52,26946
52,26957
52,26980
52,27108
52,27109
52,27180
52,27184
52,27187
52,27189
52,27204
52,27206
52,27207
52,27281
52,27283
52,27431
52,27486
52,27511
52,27525
52,27552
52,27593
52,27600
52,27602
52,27636
52,27637
52,27644
52,27704
52,27710
52,27711
52,27719
52,27743
52,27745
52,27770
52,27803
52,27854
52,27879
52,27892
52,27902
52,27962
52,27976
52,27977
52,28002
52,28009
52,28080
52,28099
52,28147
52,28194
52,28204
52,28226
52,28231
52,28232
52,28251
52,28267
52,28305
52,28323
52,28363
52,28425
52,28426
52,28471
52,28524
52,28546
52,28574
52,28612
52,28650
52,28651
52,28726
52,28733
52,28751
52,28758
52,28811
52,28824
52,28826
52,28867
52,28913
52,28940
52,28977
52,28992
52,29015
52,29023
52,29039
52,29041
52,29044
52,29058
52,29085
52,29097
52,29125
52,29174
52,29190
52,29208
52,29233
52,29244
52,29302
52,29310
52,29368
52,29375
52,29392
52,29394
52,29422
52,29475
52,29508
52,29513
53,19
53,29
53,44
53,68
53,71
53,111
53,140
53,185
53,189
53,231
53,282
53,290
53,310
53,329
53,342
53,368
53,401
53,425
53,430
53,472
53,479
53,497
53,508
53,571
53,593
53,605
53,628
53,709
53,724
53,742
53,773
53,827
53,833
53,841
53,857
53,889
53,899
53,941
53,955
53,963
53,969
53,973
53,1111
53,1114
53,1116
53,1240
53,1275
53,1283
53,1304
53,1308
53,1309
53,1333
53,1343
53,1357
53,1401
53,1446
53,1453
53,1467
53,1474
53,1483
53,1486
53,1493
53,1504
53,1519
53,1536
53,1567
53,1568
53,1569
53,1622
53,1626
53,1653
53,1694
53,1706
53,1708
53,1739
53,1829
53,1847
53,1879
53,1950
53,2004
53,2063
53,2073
53,2080
53,2083
53,2109
53,2143
53,2152
53,2174
53,2175
53,2204
53,2226
53,2256
53,2261
53,2273
53,2289
53,2304
53,2309
53,2327
53,2328
53,2361
53,2376
53,2399
53,2471
53,2485
53,2503
53,2504
53,2532
53,2540
53,2553
53,2555
53,2605
53,2611
53,2669
53,2671
53,2689
53,2747
53,2756
53,2782
53,2802
53,2808
53,2817
53,2824
53,2869
53,2870
53,2880
53,2886
53,2892
53,2925
53,2972
53,2976
53,3018
53,3064
53,3073
53,3077
53,3080
53,3085
53,3132
53,3135
53,3171
53,3174
53,3189
53,3196
53,3246
53,3255
53,3261
53,3317
53,3343
53,3394
53,3437
53,3462
53,3516
53,3528
53,3530
53,3654
53,3685
53,3692
53,3698
53,3705
53,3740
53,3777
53,3826
53,3831
53,3850
53,3924
53,3955
53,3978
53,4032
53,4046
53,4056
53,4059
53,4088
53,4099
53,4118
53,4121
53,4188
53,4240
53,4243
53,4244
53,4252
53,4256
53,4275
53,4297
53,4310
53,4319
53,4363
53,4389
53,4461
53,4469
53,4493
53,4496
53,4539
53,4567
53,4601
53,4615
53,4617
53,4627
53,4653
53,4669
53,4687
53,4719
53,4730
53,4749
53,4772
53,4780
53,4822
53,4837
53,4840
53,4928
53,4933
53,4960
53,4962
53,4978
53,4981
53,4997
53,5049
53,5052
53,5093
53,5119
53,5122
53,5149
53,5172
53,5175
53,5185
53,5222
53,5223
53,5232
53,5235
53,5258
53,5284
53,5340
53,5369
53,5395
53,5420
53,5421
53,5438
53,5463
53,5480
53,5560
53,5567
53,5595
53,5599
53,5619
53,5637
53,5677
53,5698
53,5705
53,5761
53,5821
53,5845
53,5854
53,5860
53,5867
53,5910
53,5912
53,5933
53,5945
53,5961
53,5984
53,5991
53,6009
53,6023
53,6027
53,6033
53,6055
53,6079
53,6108
53,6143
53,6173
53,6179
53,6185
53,6220
53,6226
53,6231
53,6239
53,6243
53,6268
53,6293
53,6307
53,6329
53,6343
53,6355
53,6368
53,6369
53,6378
53,6414
53,6469
53,6484
53,6527
53,6531
53,6561
53,6562
53,6603
53,6611
53,6637
53,6646
53,6669
53,6671
53,6731
53,6733
53,6747
53,6764
53,6820
53,6837
53,6883
53,6905
53,6909
53,6921
53,6994
53,7003
53,7005
53,7015
53,7037
53,7059
53,7060
53,7109
53,7113
53,7143
53,7150
53,7154
53,7155
53,7168
53,7181
53,7182
53,7193
53,7284
53,7296
53,7309
53,7332
53,7339
53,7357
53,7367
53,7440
53,7459
53,7475
53,7476
53,7483
53,7498
53,7512
53,7516
53,7544
53,7565
53,7596
53,7648
53,7703
53,7728
53,7749
53,7756
53,7759
53,7760
53,7777
53,7789
53,7797
53,7812
53,7816
53,7828
53,7840
53,7853
53,7910
53,7940
53,7999
53,8024
53,8063
53,8066
53,8068
53,8083
53,8094
53,8121
53,8135
53,8143
53,8154
53,8156
53,8220
53,8260
53,8306
53,8317
53,8338
53,8354
53,8387
53,8423
53,8426
53,8437
53,8509
53,8517
53,8531
53,8542
53,8557
53,8610
53,8611
53,8613
53,8634
53,8677
53,8692
53,8736
53,8787
53,8798
53,8799
53,8815
53,8822
53,8834
53,8853
53,8873
53,8893
53,8895
53,8908
53,8949
53,8979
53,8982
53,8983
53,9010
53,9058
53,9073
53,9103
53,9110
53,9113
53,9152
53,9156
53,9166
53,9170
53,9208
53,9256
53,9282
53,9295
53,9359
53,9369
53,9383
53,9396
53,9470
53,9488
53,9507
53,9600
53,9605
53,9629
53,9639
53,9642
53,9668
53,9711
53,9719
53,9743
53,9780
53,9838
53,9845
53,9853
53,9890
53,9944
53,9950
53,9960
53,9974
53,10042
53,10065
53,10074
53,10124
53,10130
53,10141
53,10151
53,10165
53,10178
53,10189
53,10191
53,10297
53,10352
53,10364
53,10370
53,10382
53,10403
53,10405
53,10430
53,10454
53,10467
53,10483
53,10489
53,10497
53,10524
53,10537
53,10553
53,10587
53,10619
53,10627
53,10637
53,10666
53,10696
53,10743
53,10777
53,10782
53,10787
53,10803
53,10816
53,10844
53,10861
53,10862
53,10932
53,10935
53,10955
53,10983
53,10984
53,11011
53,11020
53,11066
53,11067
53,11075
53,11076
53,11090
53,11113
53,11125
53,11132
53,11136
53,11144
53,11199
53,11209
53,11211
53,11223
53,11243
53,11288
53,11289
53,11331
53,11342
53,11350
53,11362
53,11393
53,11421
53,11424
53,11453
53,11462
53,11475
53,11542
53,11570
53,11571
53,11572
53,11573
53,11600
53,11605
53,11673
53,11700
53,11718
53,11753
53,11767
53,11787
53,11805
53,11854
53,11879
53,11890
53,11950
53,11988
53,11994
53,12012
53,12015
53,12018
53,12021
53,12023
53,12090
53,12096
53,12140
53,12142
53,12177
53,12187
53,12213
53,12230
53,12255
53,12281
53,12286
53,12303
53,12304
53,12347
53,12376
53,12377
53,12378
53,12424
53,12440
53,12480
53,12491
53,12497
53,12509
53,12530
53,12556
53,12563
53,12599
53,12609
53,12694
53,12696
53,12709
53,12723
53,12726
53,12734
53,12747
53,12758
53,12773
53,12791
53,12794
53,12813
53,12847
53,12851
53,12869
53,12876
53,12878
53,12935
53,13044
53,13047
53,13066
53,13106
53,13119
53,13145
53,13190
53,13207
53,13212
53,13214
53,13250
53,13256
53,13257
53,13268
53,13294
53,13324
53,13333
53,13356
53,13405
53,13406
53,13442
53,13444
53,13491
53,13495
53,13504
53,13530
53,13534
53,13539
53,13546
53,13570
53,13571
53,13613
53,13671
53,13719
53,13740
53,13744
53,13766
53,13773
53,13782
53,13808
53,13854
53,13886
53,13914
53,13915
53,13920
53,13923
53,13976
53,13978
53,14007
53,14016
53,14070
53,14071
53,14081
53,14096
53,14120
53,14143
53,14145
53,14188
53,14241
53,14248
53,14263
53,14269
53,14272
53,14310
53,14318
53,14319
53,14337
53,14345
53,14377
53,14386
53,14419
53,14458
53,14468
53,14480
53,14482
53,14546
53,14569
53,14589
53,14621
53,14633
53,14641
53,14650
53,14657
53,14714
53,14749
53,14773
53,14786
53,14795
53,14806
53,14811
53,14814
53,14832
53,14837
53,14843
53,14868
53,14885
53,14964
53,14988
53,14994
53,15023
53,15041
53,15045
53,15068
53,15077
53,15095
53,15104
53,15107
53,15118
53,15132
53,15133
53,15134
53,15139
53,15166
53,15195
53,15200
53,15223
53,15230
53,15250
53,15252
53,15270
53,15328
53,15339
53,15383
53,15387
53,15426
53,15477
53,15521
53,15530
53,15593
53,15598
53,15620
53,15630
53,15631
53,15641
53,15643
53,15655
53,15686
53,15744
53,15769
53,15787
53,15796
53,15812
53,15813
53,15832
53,15867
53,15917
53,15944
53,15948
53,15955
53,15963
53,15995
53,16018
53,16064
53,16079
53,16108
53,16243
53,16250
53,16251
53,16252
53,16279
53,16283
53,16298
53,16340
53,16352
53,16360
53,16363
53,16385
53,16392
53,16397
53,16434
53,16454
53,16466
53,16481
53,16522
53,16541
53,16543
53,16550
53,16552
53,16584
53,16609
53,16643
53,16662
53,16678
53,16685
53,16710
53,16738
53,16746
53,16764
53,16858
53,16891
53,16893
53,16936
53,16958
53,17002
53,17034
53,17047
53,17067
53,17123
53,17126
53,17141
53,17144
53,17179
53,17196
53,17198
53,17226
53,17245
53,17271
53,17279
53,17311
53,17316
53,17330
53,17347
53,17355
53,17372
53,17414
53,17429
53,17463
53,17472
53,17508
53,17526
53,17552
53,17562
53,17569
53,17601
53,17633
53,17639
53,17650
53,17663
53,17672
53,17727
53,17734
53,17745
53,17790
53,17838
53,17844
53,17852
53,17924
53,17932
53,17962
53,17970
53,17974
53,18059
53,18100
53,18118
53,18121
53,18153
53,18161
53,18171
53,18205
53,18254
53,18255
53,18260
53,18262
53,18283
53,18295
53,18315
53,18335
53,18365
53,18395
53,18415
53,18448
53,18473
53,18474
53,18497
53,18531
53,18558
53,18560
53,18576
53,18626
53,18627
53,18634
53,18688
53,18690
53,18701
53,18720
53,18733
53,18765
53,18781
53,18811
53,18836
53,18848
53,18885
53,18902
53,18906
53,18920
53,18934
53,18968
53,19016
53,19033
53,19071
53,19093
53,19095
53,19101
53,19124
53,19142
53,19150
53,19190
53,19208
53,19214
53,19228
53,19237
53,19246
53,19247
53,19265
53,19292
53,19301
53,19304
53,19315
53,19373
53,19458
53,19462
53,19467
53,19487
53,19495
53,19513
53,19520
53,19556
53,19559
53,19569
53,19571
53,19576
53,19581
53,19615
53,19626
53,19631
53,19675
53,19681
53,19684
53,19727
53,19729
53,19730
53,19733
53,19771
53,19796
53,19833
53,19836
53,19853
53,19921
53,19943
53,19951
53,19968
53,19977
53,19983
53,20010
53,20106
53,20145
53,20206
53,20212
53,20253
53,20260
53,20263
53,20285
53,20308
53,20364
53,20403
53,20404
53,20412
53,20418
53,20425
53,20490
53,20510
53,20560
53,20640
53,20645
53,20662
53,20667
53,20682
53,20703
53,20730
53,20761
53,20770
53,20782
53,20800
53,20827
53,20831
53,20878
53,20910
53,20921
53,20926
53,20935
53,20960
53,20989
53,20990
53,21001
53,21028
53,21032
53,21045
53,21048
53,21082
53,21109
53,21117
53,21121
53,21138
53,21189
53,21198
53,21205
53,21207
53,21228
53,21248
53,21266
53,21292
53,21307
53,21313
53,21321
53,21368
53,21407
53,21426
53,21434
53,21453
53,21480
53,21513
53,21518
53,21533
53,21544
53,21549
53,21551
53,21554
53,21617
53,21665
53,21683
53,21698
53,21714
53,21716
53,21727
53,21738
53,21785
53,21789
53,21868
53,21872
53,21893
53,21940
53,21950
53,21952
53,21969
53,21984
53,22018
53,22030
53,22062
53,22112
53,22153
53,22203
53,22210
53,22227
53,22253
53,22259
53,22265
53,22280
53,22329
53,22377
53,22380
53,22389
53,22404
53,22449
53,22457
53,22481
53,22492
53,22496
53,22503
53,22505
53,22508
53,22607
53,22649
53,22658
53,22730
53,22734
53,22748
53,22753
53,22757
53,22802
53,22806
53,22817
53,22842
53,22843
53,22887
53,22909
53,22916
53,22917
53,22923
53,22931
53,22932
53,22940
53,22965
53,22979
53,23016
53,23046
53,23085
53,23106
53,23114
53,23121
53,23126
53,23168
53,23177
53,23178
53,23194
53,23195
53,23238
53,23256
53,23278
53,23312
53,23320
53,23323
53,23330
53,23344
53,23345
53,23353
53,23354
53,23373
53,23376
53,23382
53,23389
53,23396
53,23424
53,23442
53,23447
53,23466
53,23475
53,23477
53,23482
53,23491
53,23509
53,23552
53,23558
53,23587
53,23589
53,23638
53,23654
53,23681
53,23686
53,23742
53,23759
53,23772
53,23773
53,23791
53,23810
53,23832
53,23842
53,23867
53,23901
53,23936
53,24018
53,24048
53,24091
53,24093
53,24098
53,24125
53,24130
53,24149
53,24164
53,24167
53,24170
53,24174
53,24175
53,24222
53,24266
53,24268
53,24282
53,24287
53,24300
53,24301
53,24326
53,24378
53,24380
53,24389
53,24399
53,24410
53,24419
53,24433
53,24454
53,24456
53,24457
53,24478
53,24554
53,24572
53,24574
53,24578
53,24581
53,24592
53,24597
53,24607
53,24673
53,24679
53,24687
53,24707
53,24722
53,24729
53,24757
53,24771
53,24773
53,24811
53,24814
53,24842
53,24849
53,24882
53,24887
53,24908
53,24933
53,24952
53,24959
53,24962
53,24990
53,25063
53,25094
53,25096
53,25127
53,25157
53,25207
53,25209
53,25215
53,25216
53,25316
53,25369
53,25417
53,25480
53,25525
53,25535
53,25545
53,25575
53,25589
53,25598
53,25604
53,25627
53,25630
53,25669
53,25706
53,25719
53,25739
53,25754
53,25770
53,25771
53,25773
53,25775
53,25785
53,25812
53,25815
53,25835
53,25841
53,25849
53,25947
53,26014
53,26067
53,26079
53,26093
53,26095
53,26109
53,26117
53,26150
53,26152
53,26157
53,26206
53,26215
53,26218
53,26266
53,26310
53,26334
53,26337
53,26358
53,26359
53,26401
53,26432
53,26450
53,26466
53,26470
53,26498
53,26511
53,26522
53,26526
53,26581
53,26620
53,26626
53,26628
53,26635
53,26643
53,26686
53,26705
53,26716
53,26750
53,26810
53,26854
53,26862
53,26875
53,26898
53,26900
53,26917
53,26954
53,27036
53,27055
53,27105
53,27145
53,27215
53,27217
53,27243
53,27248
53,27268
53,27287
53,27384
53,27397
53,27401
53,27417
53,27418
53,27419
53,27422
53,27429
53,27475
53,27482
53,27521
53,27524
53,27539
53,27544
53,27554
53,27571
53,27578
53,27579
53,27595
53,27674
53,27683
53,27690
53,27702
53,27743
53,27748
53,27752
53,27753
53,27756
53,27760
53,27806
53,27836
53,27886
53,27909
53,27915
53,27945
53,27951
53,27956
53,27974
53,27986
53,28004
53,28025
53,28069
53,28092
53,28095
53,28098
53,28103
53,28117
53,28135
53,28146
53,28151
53,28191
53,28197
53,28204
53,28206
53,28215
53,28220
53,28236
53,28237
53,28248
53,28255
53,28309
53,28318
53,28332
53,28341
53,28347
53,28358
53,28361
53,28384
53,28400
53,28402
53,28420
53,28432
53,28454
53,28472
53,28479
53,28498
53,28539
53,28545
53,28553
53,28558
53,28625
53,28631
53,28685
53,28687
53,28693
53,28701
53,28711
53,28730
53,28785
53,28791
53,28793
53,28809
53,28820
53,28822
53,28841
53,28874
53,28885
53,28950
53,28956
53,28961
53,28964
53,28981
53,29011
53,29018
53,29056
53,29066
53,29067
53,29094
53,29134
53,29157
53,29161
53,29184
53,29215
53,29229
53,29262
53,29265
53,29271
53,29309
53,29323
53,29331
53,29347
53,29358
53,29367
53,29403
53,29416
53,29439
53,29459
53,29504
53,29538
53,29566
54,9
54,43
54,45
54,64
54,69
54,83
54,93
54,94
54,104
54,115
54,219
54,279
54,294
54,303
54,310
54,328
54,341
54,388
54,390
54,392
54,395
54,449
54,498
54,501
54,520
54,565
54,577
54,597
54,598
54,611
54,629
54,647
54,671
54,718
54,724
54,760
54,789
54,795
54,798
54,821
54,824
54,856
54,866
54,867
54,886
54,898
54,904
54,906
54,937
54,960
54,1007
54,1026
54,1046
54,1051
54,1088
54,1094
54,1138
54,1142
54,1143
54,1165
54,1177
54,1210
54,1251
54,1271
54,1290
54,1292
54,1306
54,1342
54,1357
54,1410
54,1435
54,1549
54,1696
54,1719
54,1754
54,1757
54,1760
54,1767
54,1769
54,1777
54,1823
54,1848
54,1884
54,1931
54,1959
54,1961
54,1975
54,1977
54,1998
54,2003
54,2052
54,2057
54,2058
54,2060
54,2078
54,2097
54,2117
54,2126
54,2145
54,2148
54,2160
54,2168
54,2203
54,2229
54,2246
54,2285
54,2301
54,2411
54,2414
54,2427
54,2455
54,2457
54,2475
54,2480
54,2482
54,2485
54,2510
54,2570
54,2615
54,2649
54,2669
54,2705
54,2734
54,2740
54,2781
54,2782
54,2789
54,2791
54,2800
54,2838
54,2850
54,2856
54,2859
54,2861
54,2868
54,2871
54,2890
54,2895
54,2928
54,2933
54,2993
54,3030
54,3033
54,3045
54,3117
54,3148
54,3177
54,3180
54,3183
54,3208
54,3218
54,3259
54,3295
54,3336
54,3355
54,3368
54,3387
54,3397
54,3416
54,3417
54,3511
54,3514
54,3528
54,3553
54,3558
54,3619
54,3626
54,3677
54,3767
54,3797
54,3798
54,3807
54,3818
54,3903
54,3954
54,4015
54,4044
54,4086
54,4112
54,4145
54,4160
54,4201
54,4204
54,4220
54,4235
54,4248
54,4292
54,4311
54,4334
54,4341
54,4354
54,4410
54,4422
54,4448
54,4521
54,4566
54,4597
54,4604
54,4609
54,4625
54,4629
54,4630
54,4648
54,4656
54,4666
54,4687
54,4695
54,4722
54,4740
54,4755
54,4780
54,4781
54,4814
54,4819
54,4824
54,4845
54,4872
54,4911
54,4923
54,4931
54,4956
54,4969
54,4975
54,5022
54,5042
54,5080
54,5081
54,5096
54,5112
54,5128
54,5144
54,5147
54,5203
54,5204
54,5210
54,5221
54,5242
54,5250
54,5251
54,5301
54,5317
54,5324
54,5371
54,5399
54,5414
54,5438
54,5439
54,5450
54,5475
54,5478
54,5479
54,5506
54,5567
54,5589
54,5615
54,5625
54,5669
54,5682
54,5695
54,5702
54,5719
54,5739
54,5758
54,5774
54,5783
54,5784
54,5795
54,5799
54,5822
54,5881
54,5890
54,5910
54,5948
54,5951
54,5972
54,5988
54,6005
54,6011
54,6060
54,6082
54,6085
54,6097
54,6114
54,6121
54,6125
54,6170
54,6179
54,6180
54,6268
54,6292
54,6323
54,6325
54,6326
54,6329
54,6340
54,6390
54,6422
54,6423
54,6432
54,6453
54,6503
54,6512
54,6563
54,6604
54,6614
54,6630
54,6649
54,6658
54,6659
54,6664
54,6672
54,6682
54,6699
54,6702
54,6704
54,6714
54,6723
54,6747
54,6754
54,6755
54,6781
54,6810
54,6830
54,6846
54,6850
54,6899
54,6903
54,6905
54,6928
54,6936
54,6940
54,6961
54,7043
54,7047
54,7060
54,7111
54,7112
54,7125
54,7146
54,7147
54,7172
54,7197
54,7198
54,7205
54,7234
54,7255
54,7321
54,7340
54,7353
54,7362
54,7365
54,7391
54,7395
54,7406
54,7415
54,7453
54,7454
54,7493
54,7500
54,7510
54,7513
54,7548
54,7549
54,7581
54,7582
54,7602
54,7604
54,7608
54,7609
54,7617
54,7658
54,7663
54,7679
54,7705
54,7707
54,7719
54,7799
54,7801
54,7807
54,7813
54,7879
54,7924
54,7932
54,7939
54,7958
54,7962
54,7981
54,8055
54,8057
54,8062
54,8100
54,8109
54,8127
54,8157
54,8177
54,8209
54,8214
54,8219
54,8220
54,8235
54,8253
54,8273
54,8313
54,8336
54,8347
54,8375
54,8406
54,8407
54,8452
54,8469
54,8490
54,8497
54,8515
54,8523
54,8534
54,8564
54,8565
54,8634
54,8639
54,8654
54,8721
54,8727
54,8756
54,8786
54,8791
54,8823
54,8853
54,8855
54,8861
54,8867
54,8923
54,8928
54,8933
54,8979
54,9021
54,9038
54,9052
54,9077
54,9086
54,9091
54,9093
54,9134
54,9149
54,9160
54,9166
54,9193
54,9236
54,9239
54,9278
54,9317
54,9323
54,9325
54,9326
54,9361
54,9375
54,9400
54,9412
54,9421
54,9472
54,9489
54,9528
54,9532
54,9566
54,9570
54,9581
54,9582
54,9583
54,9617
54,9629
54,9630
54,9633
54,9643
54,9646
54,9651
54,9689
54,9716
54,9750
54,9761
54,9801
54,9803
54,9831
54,9839
54,9842
54,9849
54,9866
54,9868
54,9918
54,9922
54,9935
54,9955
54,9969
54,10010
54,10015
54,10020
54,10041
54,10048
54,10053
54,10068
54,10096
54,10101
54,10138
54,10139
54,10283
54,10296
54,10308
54,10319
54,10344
54,10363
54,10369
54,10380
54,10398
54,10469
54,10481
54,10520
54,10522
54,10530
54,10545
54,10550
54,10576
54,10611
54,10613
54,10620
54,10623
54,10664
54,10710
54,10719
54,10798
54,10802
54,10810
54,10811
54,10839
54,10844
54,10855
54,10864
54,10905
54,10998
54,11078
54,11119
54,11125
54,11150
54,11162
54,11180
54,11182
54,11226
54,11240
54,11254
54,11274
54,11285
54,11293
54,11298
54,11303
54,11305
54,11329
54,11335
54,11353
54,11381
54,11399
54,11420
54,11425
54,11442
54,11444
54,11454
54,11460
54,11489
54,11493
54,11512
54,11518
54,11531
54,11542
54,11569
54,11571
54,11596
54,11606
54,11632
54,11635
54,11669
54,11687
54,11705
54,11731
54,11732
54,11739
54,11740
54,11744
54,11790
54,11805
54,11816
54,11865
54,11897
54,11916
54,11938
54,11969
54,11999
54,12007
54,12033
54,12035
54,12049
54,12059
54,12071
54,12097
54,12100
54,12105
54,12124
54,12129
54,12131
54,12205
54,12237
54,12263
54,12278
54,12295
54,12303
54,12304
54,12318
54,12332
54,12334
54,12339
54,12345
54,12375
54,12396
54,12432
54,12447
54,12452
54,12484
54,12501
54,12527
54,12530
54,12634
54,12636
54,12657
54,12674
54,12704
54,12730
54,12770
54,12852
54,12855
54,12878
54,12891
54,12896
54,12908
54,12927
54,12930
54,12985
54,12989
54,13051
54,13060
54,13081
54,13107
54,13132
54,13136
54,13144
54,13194
54,13197
54,13250
54,13253
54,13291
54,13297
54,13303
54,13307
54,13311
54,13322
54,13328
54,13332
54,13343
54,13344
54,13352
54,13354
54,13360
54,13377
54,13378
54,13381
54,13401
54,13403
54,13410
54,13429
54,13439
54,13463
54,13524
54,13534
54,13535
54,13548
54,13554
54,13588
54,13592
54,13637
54,13639
54,13643
54,13672
54,13686
54,13689
54,13732
54,13737
54,13759
54,13760
54,13772
54,13791
54,13795
54,13816
54,13864
54,13868
54,13871
54,13906
54,13910
54,13937
54,13968
54,13978
54,13999
54,14011
54,14017
54,14027
54,14046
54,14048
54,14135
54,14170
54,14198
54,14199
54,14204
54,14227
54,14260
54,14261
54,14272
54,14295
54,14312
54,14349
54,14364
54,14394
54,14399
54,14400
54,14412
54,14416
54,14438
54,14443
54,14475
54,14481
54,14484
54,14507
54,14544
54,14549
54,14557
54,14560
54,14563
54,14569
54,14608
54,14621
54,14677
54,14685
54,14702
54,14703
54,14706
54,14723
54,14778
54,14780
54,14854
54,14879
54,14885
54,14920
54,14936
54,14940
54,14972
54,15000
54,15040
54,15064
54,15110
54,15134
54,15137
54,15147
54,15154
54,15158
54,15177
54,15202
54,15209
54,15219
54,15221
54,15223
54,15236
54,15260
54,15276
54,15277
54,15289
54,15292
54,15337
54,15369
54,15404
54,15427
54,15443
54,15520
54,15531
54,15550
54,15558
54,15566
54,15588
54,15595
54,15610
54,15630
54,15691
54,15707
54,15750
54,15759
54,15793
54,15799
54,15829
54,15835
54,15839
54,15870
54,15906
54,15940
54,15964
54,16020
54,16034
54,16044
54,16047
54,16053
54,16067
54,16075
54,16081
54,16092
54,16099
54,16111
54,16126
54,16139
54,16140
54,16179
54,16187
54,16192
54,16196
54,16199
54,16211
54,16219
54,16230
54,16240
54,16244
54,16252
54,16270
54,16312
54,16320
54,16353
54,16358
54,16368
54,16377
54,16384
54,16389
54,16391
54,16405
54,16410
54,16438
54,16444
54,16452
54,16453
54,16454
54,16471
54,16477
54,16483
54,16484
54,16510
54,16539
54,16552
54,16555
54,16556
54,16561
54,16577
54,16597
54,16610
54,16620
54,16657
54,16663
54,16684
54,16737
54,16766
54,16770
54,16824
54,16919
54,16968
54,16978
54,16992
54,16998
54,17042
54,17048
54,17054
54,17060
54,17065
54,17156
54,17178
54,17183
54,17189
54,17215
54,17227
54,17244
54,17253
54,17267
54,17291
54,17307
54,17339
54,17350
54,17359
54,17376
54,17410
54,17426
54,17427
54,17447
54,17486
54,17499
54,17516
54,17525
54,17557
54,17561
54,17567
54,17614
54,17680
54,17693
54,17701
54,17707
54,17718
54,17751
54,17767
54,17768
54,17774
54,17780
54,17794
54,17827
54,17833
54,17836
54,17841
54,17844
54,17867
54,17903
54,17914
54,17925
54,17991
54,18014
54,18067
54,18074
54,18076
54,18081
54,18099
54,18112
54,18160
54,18169
54,18171
54,18172
54,18184
54,18185
54,18186
54,18204
54,18234
54,18243
54,18250
54,18293
54,18304
54,18308
54,18368
54,18377
54,18392
54,18416
54,18422
54,18432
54,18434
54,18498
54,18501
54,18505
54,18520
54,18539
54,18544
54,18547
54,18567
54,18569
54,18594
54,18596
54,18601
54,18627
54,18650
54,18687
54,18714
54,18730
54,18735
54,18741
54,18765
54,18774
54,18806
54,18825
54,18834
54,18923
54,18963
54,18974
54,18986
54,19040
54,19054
54,19064
54,19071
54,19085
54,19088
54,19133
54,19137
54,19165
54,19178
54,19239
54,19277
54,19343
54,19348
54,19353
54,19404
54,19407
54,19438
54,19441
54,19448
54,19451
54,19466
54,19488
54,19519
54,19530
54,19598
54,19602
54,19613
54,19645
54,19658
54,19662
54,19685
54,19741
54,19755
54,19758
54,19795
54,19830
54,19863
54,19895
54,19924
54,19935
54,19941
54,19961
54,19966
54,19969
54,20028
54,20064
54,20068
54,20090
54,20134
54,20155
54,20168
54,20178
54,20201
54,20208
54,20277
54,20305
54,20310
54,20312
54,20333
54,20344
54,20369
54,20379
54,20390
54,20399
54,20456
54,20485
54,20551
54,20553
54,20557
54,20578
54,20603
54,20645
54,20651
54,20675
54,20692
54,20706
54,20711
54,20717
54,20719
54,20741
54,20746
54,20752
54,20829
54,20873
54,20949
54,20953
54,20963
54,20964
54,20970
54,20977
54,21009
54,21014
54,21019
54,21022
54,21047
54,21058
54,21071
54,21089
54,21090
54,21094
54,21103
54,21110
54,21121
54,21133
54,21140
54,21149
54,21158
54,21168
54,21170
54,21203
54,21211
54,21217
54,21237
54,21243
54,21263
54,21270
54,21293
54,21336
54,21350
54,21355
54,21435
54,21483
54,21498
54,21520
54,21521
54,21534
54,21538
54,21575
54,21580
54,21604
54,21634
54,21640
54,21657
54,21659
54,21699
54,21718
54,21756
54,21775
54,21781
54,21784
54,21797
54,21849
54,21889
54,21935
54,21995
54,21997
54,22004
54,22036
54,22062
54,22066
54,22076
54,22091
54,22097
54,22107
54,22185
54,22194
54,22203
54,22210
54,22226
54,22228
54,22233
54,22238
54,22272
54,22279
54,22314
54,22320
54,22352
54,22402
54,22411
54,22433
54,22447
54,22468
54,22484
54,22491
54,22494
54,22500
54,22506
54,22538
54,22551
54,22562
54,22568
54,22618
54,22622
54,22650
54,22674
54,22703
54,22712
54,22786
54,22817
54,22863
54,22888
54,22910
54,22914
54,22956
54,23060
54,23064
54,23087
54,23093
54,23098
54,23122
54,23166
54,23168
54,23198
54,23200
54,23208
54,23224
54,23225
54,23259
54,23264
54,23268
54,23279
54,23308
54,23318
54,23356
54,23370
54,23391
54,23405
54,23410
54,23445
54,23446
54,23449
54,23478
54,23496
54,23498
54,23501
54,23509
54,23528
54,23573
54,23636
54,23650
54,23655
54,23660
54,23661
54,23708
54,23749
54,23798
54,23825
54,23847
54,23854
54,23863
54,23873
54,23908
54,23923
54,23955
54,23956
54,23969
54,23976
54,23991
54,23994
54,24017
54,24033
54,24036
54,24056
54,24077
54,24082
54,24088
54,24097
54,24116
54,24138
54,24178
54,24202
54,24211
54,24217
54,24218
54,24227
54,24257
54,24325
54,24327
54,24346
54,24382
54,24403
54,24434
54,24443
54,24463
54,24473
54,24503
54,24507
54,24536
54,24561
54,24563
54,24587
54,24620
54,24635
54,24648
54,24658
54,24672
54,24685
54,24706
54,24734
54,24743
54,24756
54,24770
54,24796
54,24919
54,24961
54,24968
54,24975
54,24980
54,25028
54,25039
54,25044
54,25048
54,25054
54,25070
54,25094
54,25096
54,25101
54,25124
54,25137
54,25148
54,25159
54,25162
54,25199
54,25233
54,25246
54,25249
54,25260
54,25285
54,25294
54,25323
54,25344
54,25357
54,25360
54,25365
54,25380
54,25413
54,25430
54,25432
54,25459
54,25526
54,25543
54,25547
54,25553
54,25563
54,25583
54,25584
54,25606
54,25632
54,25670
54,25684
54,25693
54,25730
54,25782
54,25803
54,25809
54,25824
54,25859
54,25882
54,25883
54,25899
54,25915
54,25978
54,26034
54,26091
54,26102
54,26109
54,26133
54,26208
54,26213
54,26228
54,26246
54,26269
54,26285
54,26301
54,26303
54,26314
54,26328
54,26329
54,26390
54,26403
54,26414
54,26428
54,26480
54,26505
54,26510
54,26511
54,26516
54,26518
54,26537
54,26548
54,26564
54,26577
54,26619
54,26651
54,26663
54,26664
54,26665
54,26725
54,26733
54,26741
54,26754
54,26785
54,26826
54,26836
54,26841
54,26842
54,26844
54,26850
54,26892
54,26896
54,26904
54,26909
54,26919
54,26956
54,26965
54,26976
54,26996
54,27013
54,27025
54,27036
54,27043
54,27079
54,27103
54,27119
54,27121
54,27130
54,27143
54,27151
54,27157
54,27187
54,27212
54,27230
54,27245
54,27330
54,27340
54,27351
54,27371
54,27411
54,27458
54,27492
54,27499
54,27500
54,27542
54,27554
54,27559
54,27579
54,27616
54,27642
54,27660
54,27686
54,27706
54,27725
54,27739
54,27760
54,27781
54,27814
54,27825
54,27834
54,27849
54,27875
54,27880
54,27897
54,27906
54,28004
54,28049
54,28050
54,28066
54,28108
54,28112
54,28122
54,28126
54,28147
54,28148
54,28158
54,28180
54,28185
54,28230
54,28266
54,28267
54,28290
54,28374
54,28395
54,28397
54,28405
54,28423
54,28458
54,28489
54,28530
54,28537
54,28556
54,28568
54,28576
54,28577
54,28579
54,28585
54,28692
54,28702
54,28729
54,28743
54,28780
54,28789
54,28807
54,28819
54,28823
54,28830
54,28850
54,28924
54,28940
54,28942
54,28995
54,28998
54,29044
54,29059
54,29062
54,29086
54,29091
54,29097
54,29158
54,29239
54,29294
54,29298
54,29326
54,29334
54,29368
54,29389
54,29401
54,29406
54,29437
54,29439
54,29485
54,29496
54,29500
54,29517
54,29525
54,29552
55,5
55,11
55,16
55,95
55,123
55,136
55,186
55,187
55,196
55,197
55,261
55,270
55,271
55,272
55,284
55,288
55,337
55,430
55,440
55,442
55,460
55,560
55,618
55,651
55,653
55,691
55,750
55,751
55,777
55,815
55,825
55,828
55,837
55,867
55,990
55,1029
55,1044
55,1071
55,1073
55,1166
55,1187
55,1258
55,1267
55,1302
55,1318
55,1328
55,1343
55,1350
55,1416
55,1442
55,1475
55,1481
55,1483
55,1490
55,1495
55,1510
55,1526
55,1537
55,1547
55,1551
55,1555
55,1628
55,1638
55,1661
55,1678
55,1680
55,1698
55,1710
55,1728
55,1860
55,1877
55,1879
55,1896
55,1914
55,1919
55,1949
55,1972
55,2051
55,2069
55,2149
55,2172
55,2181
55,2204
55,2228
55,2239
55,2274
55,2290
55,2326
55,2335
55,2343
55,2393
55,2446
55,2488
55,2572
55,2580
55,2584
55,2599
55,2633
55,2733
55,2781
55,2849
55,2858
55,2875
55,2883
55,2896
55,2932
55,2992
55,3007
55,3046
55,3054
55,3072
55,3073
55,3105
55,3122
55,3217
55,3237
55,3293
55,3301
55,3315
55,3368
55,3379
55,3397
55,3506
55,3511
55,3549
55,3553
55,3559
55,3578
55,3620
55,3690
55,3704
55,3735
55,3746
55,3747
55,3770
55,3815
55,3816
55,3846
55,3851
55,3866
55,3908
55,3959
55,4007
55,4119
55,4186
55,4191
55,4201
55,4223
55,4239
55,4280
55,4292
55,4296
55,4303
55,4340
55,4344
55,4370
55,4404
55,4425
55,4450
55,4545
55,4571
55,4581
55,4602
55,4623
55,4640
55,4642
55,4706
55,4707
55,4733
55,4767
55,4792
55,4824
55,4923
55,5038
55,5059
55,5065
55,5075
55,5105
55,5112
55,5169
55,5196
55,5197
55,5211
55,5245
55,5335
55,5336
55,5361
55,5457
55,5509
55,5539
55,5544
55,5547
55,5554
55,5559
55,5599
55,5634
55,5648
55,5656
55,5660
55,5697
55,5727
55,5743
55,5755
55,5772
55,5785
55,5814
55,5855
55,5876
55,5940
55,5968
55,5998
55,6007
55,6037
55,6084
55,6090
55,6091
55,6126
55,6198
55,6214
55,6219
55,6226
55,6283
55,6310
55,6346
55,6347
55,6366
55,6369
55,6389
55,6465
55,6470
55,6540
55,6549
55,6631
55,6634
55,6657
55,6670
55,6745
55,6752
55,6811
55,6834
55,6862
55,6868
55,6909
55,6975
55,7023
55,7028
55,7036
55,7090
55,7097
55,7101
55,7113
55,7168
55,7173
55,7186
55,7216
55,7241
55,7254
55,7256
55,7266
55,7289
55,7391
55,7425
55,7448
55,7459
55,7462
55,7545
55,7565
55,7570
55,7586
55,7616
55,7655
55,7672
55,7689
55,7764
55,7831
55,7894
55,7976
55,7998
55,8094
55,8179
55,8201
55,8226
55,8239
55,8250
55,8296
55,8308
55,8335
55,8361
55,8370
55,8394
55,8396
55,8427
55,8473
55,8499
55,8502
55,8508
55,8524
55,8563
55,8607
55,8617
55,8627
55,8628
55,8653
55,8672
55,8675
55,8724
55,8762
55,8815
55,8856
55,8889
55,8899
55,8967
55,8989
55,9041
55,9114
55,9123
55,9203
55,9223
55,9297
55,9327
55,9350
55,9352
55,9354
55,9363
55,9385
55,9395
55,9404
55,9465
55,9470
55,9517
55,9527
55,9533
55,9614
55,9629
55,9647
55,9681
55,9707
55,9726
55,9758
55,9780
55,9784
55,9813
55,9843
55,9847
55,9876
55,9901
55,9914
55,9978
55,10000
55,10025
55,10037
55,10038
55,10040
55,10072
55,10074
55,10081
55,10108
55,10113
55,10129
55,10165
55,10169
55,10185
55,10216
55,10262
55,10284
55,10337
55,10339
55,10369
55,10390
55,10434
55,10479
55,10492
55,10510
55,10516
55,10544
55,10566
55,10631
55,10632
55,10645
55,10659
55,10722
55,10740
55,10751
55,10808
55,10811
55,10825
55,10989
55,10992
55,11004
55,11030
55,11039
55,11048
55,11078
55,11097
55,11124
55,11141
55,11145
55,11201
55,11235
55,11241
55,11254
55,11258
55,11311
55,11319
55,11337
55,11342
55,11367
55,11369
55,11376
55,11400
55,11429
55,11456
55,11459
55,11475
55,11523
55,11542
55,11595
55,11613
55,11631
55,11698
55,11712
55,11729
55,11746
55,11774
55,11798
55,11816
55,11885
55,11911
55,11944
55,11950
55,12032
55,12043
55,12069
55,12092
55,12138
55,12198
55,12228
55,12230
55,12238
55,12247
55,12304
55,12316
55,12318
55,12375
55,12390
55,12407
55,12412
55,12429
55,12443
55,12449
55,12571
55,12623
55,12638
55,12657
55,12679
55,12702
55,12716
55,12732
55,12797
55,12835
55,12873
55,12885
55,12895
55,12944
55,12947
55,12955
55,12967
55,13012
55,13052
55,13071
55,13095
55,13136
55,13150
55,13159
55,13293
55,13316
55,13355
55,13390
55,13414
55,13430
55,13474
55,13505
55,13513
55,13515
55,13520
55,13563
55,13615
55,13620
55,13633
55,13644
55,13660
55,13694
55,13699
55,13700
55,13711
55,13716
55,13754
55,13762
55,13775
55,13800
55,13818
55,13851
55,13885
55,13946
55,13951
55,13962
55,13986
55,14013
55,14018
55,14088
55,14116
55,14145
55,14162
55,14204
55,14335
55,14377
55,14379
55,14392
55,14413
55,14425
55,14450
55,14543
55,14553
55,14588
55,14589
55,14607
55,14623
55,14629
55,14707
55,14719
55,14753
55,14845
55,14911
55,14915
55,14934
55,14947
55,15035
55,15103
55,15122
55,15145
55,15198
55,15215
55,15250
55,15253
55,15285
55,15286
55,15309
55,15333
55,15337
55,15398
55,15449
55,15503
55,15535
55,15536
55,15549
55,15582
55,15615
55,15620
55,15689
55,15692
55,15737
55,15788
55,15793
55,15821
55,15850
55,15876
55,15877
55,15920
55,15932
55,15944
55,15948
55,16024
55,16026
55,16043
55,16052
55,16096
55,16126
55,16134
55,16140
55,16154
55,16161
55,16194
55,16235
55,16252
55,16289
55,16307
55,16313
55,16362
55,16373
55,16374
55,16385
55,16395
55,16433
55,16540
55,16595
55,16628
55,16668
55,16711
55,16758
55,16789
55,16794
55,16819
55,16850
55,16904
55,16915
55,16922
55,16930
55,16932
55,16944
55,16963
55,16964
55,16968
55,16990
55,17064
55,17124
55,17131
55,17133
55,17136
55,17182
55,17251
55,17279
55,17281
55,17300
55,17312
55,17326
55,17353
55,17359
55,17413
55,17454
55,17472
55,17490
55,17495
55,17508
55,17569
55,17573
55,17583
55,17585
55,17595
55,17618
55,17633
55,17652
55,17656
55,17658
55,17674
55,17676
55,17699
55,17706
55,17720
55,17738
55,17752
55,17811
55,17838
55,17841
55,17852
55,17938
55,18000
55,18017
55,18021
55,18072
55,18079
55,18080
55,18142
55,18171
55,18181
55,18182
55,18213
55,18245
55,18263
55,18269
55,18290
55,18292
55,18310
55,18378
55,18381
55,18386
55,18435
55,18457
55,18491
55,18514
55,18525
55,18538
55,18544
55,18560
55,18636
55,18661
55,18689
55,18701
55,18702
55,18720
55,18760
55,18764
55,18830
55,18914
55,18936
55,18982
55,18994
55,19028
55,19096
55,19100
55,19195
55,19210
55,19216
55,19267
55,19271
55,19313
55,19336
55,19375
55,19466
55,19482
55,19506
55,19533
55,19540
55,19575
55,19577
55,19680
55,19683
55,19691
55,19714
55,19747
55,19861
55,19891
55,19958
55,19970
55,19983
55,20004
55,20035
55,20056
55,20058
55,20110
55,20163
55,20172
55,20209
55,20247
55,20274
55,20414
55,20443
55,20456
55,20469
55,20474
55,20495
55,20513
55,20522
55,20529
55,20533
55,20565
55,20652
55,20658
55,20683
55,20684
55,20700
55,20710
55,20718
55,20731
55,20756
55,20762
55,20776
55,20795
55,20805
55,20823
55,20828
55,20880
55,20897
55,20920
55,20948
55,20965
55,21015
55,21030
55,21051
55,21097
55,21118
55,21142
55,21152
55,21162
55,21191
55,21263
55,21314
55,21337
55,21355
55,21414
55,21480
55,21484
55,21498
55,21503
55,21507
55,21516
55,21559
55,21576
55,21610
55,21676
55,21701
55,21706
55,21721
55,21724
55,21784
55,21846
55,21920
55,21937
55,21941
55,21995
55,22003
55,22056
55,22117
55,22130
55,22197
55,22251
55,22255
55,22338
55,22345
55,22347
55,22354
55,22369
55,22457
55,22464
55,22519
55,22528
55,22563
55,22604
55,22609
55,22628
55,22643
55,22676
55,22701
55,22735
55,22756
55,22774
55,22822
55,22845
55,22863
55,22867
55,22873
55,22892
55,22917
55,22927
55,22932
55,22952
55,22979
55,22992
55,23038
55,23084
55,23121
55,23145
55,23163
55,23190
55,23199
55,23239
55,23256
55,23257
55,23270
55,23297
55,23300
55,23350
55,23366
55,23374
55,23501
55,23502
55,23509
55,23541
55,23564
55,23581
55,23605
55,23666
55,23693
55,23737
55,23746
55,23767
55,23775
55,23786
55,23795
55,23799
55,23800
55,23808
55,23812
55,23883
55,23953
55,23974
55,24083
55,24104
55,24127
55,24139
55,24182
55,24239
55,24315
55,24352
55,24398
55,24420
55,24454
55,24468
55,24486
55,24519
55,24524
55,24531
55,24542
55,24551
55,24581
55,24602
55,24619
55,24621
55,24642
55,24710
55,24740
55,24749
55,24787
55,24810
55,24818
55,24861
55,24874
55,24882
55,24897
55,24913
55,24981
55,25008
55,25009
55,25074
55,25182
55,25190
55,25191
55,25235
55,25263
55,25266
55,25271
55,25288
55,25344
55,25349
55,25394
55,25414
55,25462
55,25470
55,25500
55,25541
55,25569
55,25573
55,25593
55,25689
55,25696
55,25722
55,25732
55,25736
55,25777
55,25787
55,25790
55,25804
55,25817
55,25857
55,25956
55,26018
55,26022
55,26047
55,26118
55,26135
55,26207
55,26243
55,26249
55,26310
55,26341
55,26389
55,26405
55,26450
55,26465
55,26480
55,26498
55,26506
55,26514
55,26543
55,26547
55,26660
55,26665
55,26708
55,26762
55,26819
55,26842
55,26884
55,26885
55,26900
55,26912
55,26948
55,26999
55,27015
55,27025
55,27055
55,27095
55,27117
55,27137
55,27192
55,27201
55,27214
55,27249
55,27324
55,27330
55,27337
55,27353
55,27421
55,27435
55,27471
55,27502
55,27520
55,27524
55,27621
55,27649
55,27653
55,27671
55,27672
55,27713
55,27750
55,27832
55,27874
55,27899
55,27944
55,27985
55,28047
55,28108
55,28121
55,28123
55,28160
55,28206
55,28225
55,28241
55,28272
55,28288
55,28299
55,28302
55,28317
55,28340
55,28348
55,28409
55,28465
55,28475
55,28493
55,28524
55,28567
55,28643
55,28682
55,28684
55,28689
55,28705
55,28709
55,28728
55,28745
55,28759
55,28815
55,28823
55,28832
55,28955
55,28992
55,29002
55,29008
55,29073
55,29088
55,29092
55,29113
55,29114
55,29198
55,29201
55,29291
55,29301
55,29309
55,29335
55,29343
55,29349
55,29367
55,29404
55,29419
55,29428
55,29429
55,29447
55,29449
55,29453
55,29488
55,29521
55,29567
56,17
56,28
56,30
56,33
56,92
56,119
56,124
56,130
56,193
56,198
56,216
56,217
56,308
56,347
56,353
56,359
56,387
56,446
56,465
56,546
56,550
56,666
56,731
56,732
56,750
56,751
56,754
56,784
56,800
56,801
56,832
56,837
56,893
56,906
56,923
56,924
56,1053
56,1080
56,1091
56,1132
56,1133
56,1141
56,1164
56,1172
56,1201
56,1218
56,1233
56,1265
56,1279
56,1289
56,1392
56,1400
56,1408
56,1439
56,1445
56,1449
56,1460
56,1468
56,1484
56,1507
56,1558
56,1574
56,1578
56,1579
56,1670
56,1714
56,1814
56,1817
56,1842
56,1845
56,1854
56,1875
56,1881
56,1934
56,1977
56,2005
56,2112
56,2133
56,2155
56,2157
56,2179
56,2203
56,2237
56,2294
56,2323
56,2358
56,2367
56,2370
56,2401
56,2411
56,2419
56,2426
56,2448
56,2451
56,2477
56,2482
56,2508
56,2550
56,2566
56,2600
56,2651
56,2689
56,2715
56,2732
56,2762
56,2770
56,2774
56,2821
56,2864
56,2905
56,3041
56,3068
56,3069
56,3075
56,3111
56,3143
56,3160
56,3232
56,3258
56,3346
56,3370
56,3411
56,3424
56,3458
56,3464
56,3486
56,3521
56,3532
56,3566
56,3586
56,3600
56,3732
56,3750
56,3772
56,3775
56,3809
56,3854
56,3861
56,3918
56,3926
56,3928
56,3980
56,3984
56,4060
56,4071
56,4089
56,4140
56,4163
56,4216
56,4219
56,4234
56,4261
56,4268
56,4271
56,4334
56,4368
56,4400
56,4426
56,4447
56,4477
56,4482
56,4515
56,4528
56,4540
56,4560
56,4561
56,4615
56,4623
56,4660
56,4707
56,4737
56,4741
56,4751
56,4882
56,4906
56,4932
56,4949
56,4959
56,4964
56,4992
56,4994
56,5088
56,5116
56,5133
56,5134
56,5156
56,5167
56,5179
56,5256
56,5267
56,5317
56,5322
56,5392
56,5438
56,5443
56,5444
56,5472
56,5517
56,5520
56,5522
56,5523
56,5527
56,5591
56,5615
56,5620
56,5655
56,5686
56,5742
56,5768
56,5776
56,5782
56,5808
56,5856
56,5892
56,5906
56,5932
56,5958
56,5976
56,6002
56,6052
56,6054
56,6069
56,6076
56,6101
56,6128
56,6147
56,6175
56,6245
56,6293
56,6326
56,6340
56,6372
56,6384
56,6429
56,6450
56,6477
56,6506
56,6588
56,6604
56,6619
56,6622
56,6725
56,6734
56,6756
56,6760
56,6900
56,6956
56,6977
56,6999
56,7054
56,7059
56,7116
56,7134
56,7137
56,7150
56,7175
56,7181
56,7185
56,7201
56,7268
56,7273
56,7334
56,7433
56,7437
56,7440
56,7459
56,7467
56,7525
56,7539
56,7565
56,7569
56,7636
56,7642
56,7722
56,7739
56,7804
56,7826
56,7831
56,7836
56,7858
56,7892
56,7921
56,7925
56,7933
56,7947
56,7964
56,8114
56,8175
56,8194
56,8196
56,8250
56,8256
56,8357
56,8408
56,8444
56,8496
56,8502
56,8504
56,8522
56,8529
56,8621
56,8662
56,8688
56,8736
56,8769
56,8777
56,8803
56,8821
56,8836
56,8856
56,8875
56,8880
56,8881
56,8884
56,8889
56,8906
56,8912
56,8988
56,9006
56,9072
56,9094
56,9129
56,9152
56,9180
56,9201
56,9230
56,9263
56,9296
56,9343
56,9407
56,9410
56,9423
56,9497
56,9532
56,9582
56,9595
56,9607
56,9624
56,9651
56,9687
56,9707
56,9788
56,9807
56,9840
56,9857
56,9858
56,9903
56,9908
56,9946
56,9952
56,9976
56,9994
56,10043
56,10050
56,10077
56,10102
56,10150
56,10234
56,10300
56,10322
56,10460
56,10467
56,10483
56,10497
56,10500
56,10503
56,10516
56,10530
56,10535
56,10553
56,10557
56,10563
56,10581
56,10603
56,10608
56,10637
56,10652
56,10708
56,10716
56,10725
56,10801
56,10806
56,10854
56,10858
56,10865
56,10904
56,10937
56,10968
56,11023
56,11024
56,11040
56,11084
56,11112
56,11164
56,11166
56,11237
56,11282
56,11327
56,11329
56,11440
56,11448
56,11503
56,11505
56,11564
56,11639
56,11640
56,11643
56,11650
56,11712
56,11729
56,11754
56,11781
56,11794
56,11813
56,11822
56,11902
56,11933
56,11934
56,11935
56,11954
56,12001
56,12010
56,12111
56,12120
56,12164
56,12214
56,12227
56,12264
56,12266
56,12308
56,12330
56,12336
56,12338
56,12365
56,12376
56,12416
56,12493
56,12530
56,12551
56,12579
56,12597
56,12615
56,12637
56,12640
56,12648
56,12674
56,12691
56,12695
56,12718
56,12770
56,12798
56,12810
56,12823
56,12858
56,12898
56,12908
56,12940
56,12988
56,13007
56,13083
56,13090
56,13122
56,13200
56,13205
56,13279
56,13284
56,13301
56,13305
56,13333
56,13351
56,13419
56,13457
56,13506
56,13518
56,13581
56,13603
56,13604
56,13628
56,13649
56,13679
56,13743
56,13779
56,13784
56,13811
56,13813
56,13825
56,13835
56,13837
56,13869
56,13881
56,13915
56,13918
56,13926
56,14035
56,14069
56,14070
56,14075
56,14079
56,14127
56,14183
56,14250
56,14331
56,14341
56,14379
56,14382
56,14420
56,14428
56,14448
56,14457
56,14463
56,14471
56,14472
56,14518
56,14560
56,14620
56,14644
56,14656
56,14660
56,14676
56,14679
56,14700
56,14729
56,14731
56,14738
56,14769
56,14773
56,14785
56,14788
56,14811
56,14834
56,14839
56,14844
56,14846
56,14853
56,14880
56,14883
56,14922
56,14953
56,15006
56,15016
56,15078
56,15081
56,15112
56,15177
56,15188
56,15297
56,15318
56,15375
56,15433
56,15443
56,15462
56,15525
56,15535
56,15571
56,15573
56,15655
56,15690
56,15741
56,15779
56,15797
56,15802
56,15817
56,15821
56,15833
56,15900
56,15902
56,15923
56,15971
56,15993
56,16095
56,16333
56,16411
56,16457
56,16471
56,16488
56,16532
56,16575
56,16656
56,16713
56,16722
56,16746
56,16800
56,16807
56,16809
56,16848
56,16876
56,16964
56,16969
56,16979
56,17011
56,17021
56,17038
56,17070
56,17087
56,17101
56,17110
56,17153
56,17232
56,17247
56,17268
56,17282
56,17292
56,17314
56,17325
56,17342
56,17385
56,17418
56,17437
56,17470
56,17524
56,17562
56,17584
56,17596
56,17705
56,17707
56,17721
56,17738
56,17745
56,17754
56,17755
56,17780
56,17875
56,17882
56,17893
56,17937
56,17953
56,17966
56,18124
56,18140
56,18187
56,18244
56,18257
56,18268
56,18269
56,18319
56,18352
56,18355
56,18441
56,18444
56,18473
56,18545
56,18553
56,18577
56,18600
56,18609
56,18636
56,18655
56,18658
56,18708
56,18790
56,18794
56,18822
56,18966
56,19000
56,19014
56,19043
56,19068
56,19075
56,19154
56,19155
56,19157
56,19179
56,19182
56,19201
56,19247
56,19284
56,19314
56,19320
56,19381
56,19393
56,19396
56,19398
56,19488
56,19559
56,19595
56,19631
56,19779
56,19787
56,19816
56,19823
56,19863
56,19882
56,19922
56,19965
56,19975
56,19987
56,20046
56,20055
56,20113
56,20142
56,20238
56,20256
56,20279
56,20336
56,20376
56,20401
56,20425
56,20447
56,20473
56,20474
56,20511
56,20512
56,20522
56,20567
56,20606
56,20671
56,20701
56,20750
56,20756
56,20774
56,20824
56,20825
56,20884
56,20898
56,20901
56,20936
56,20959
56,20964
56,21004
56,21037
56,21070
56,21077
56,21083
56,21088
56,21139
56,21180
56,21189
56,21198
56,21215
56,21223
56,21237
56,21298
56,21310
56,21322
56,21333
56,21353
56,21357
56,21360
56,21379
56,21387
56,21542
56,21546
56,21570
56,21609
56,21702
56,21765
56,21769
56,21775
56,21806
56,21810
56,21818
56,21849
56,21850
56,21859
56,21926
56,21944
56,21951
56,21975
56,22004
56,22048
56,22056
56,22101
56,22120
56,22126
56,22132
56,22212
56,22224
56,22244
56,22259
56,22298
56,22316
56,22322
56,22343
56,22390
56,22395
56,22464
56,22532
56,22555
56,22566
56,22695
56,22748
56,22771
56,22797
56,22894
56,22908
56,22920
56,22960
56,22976
56,22983
56,22985
56,23022
56,23035
56,23037
56,23075
56,23080
56,23148
56,23158
56,23164
56,23194
56,23214
56,23231
56,23248
56,23296
56,23304
56,23312
56,23316
56,23326
56,23370
56,23419
56,23449
56,23484
56,23488
56,23497
56,23505
56,23512
56,23529
56,23568
56,23638
56,23693
56,23736
56,23740
56,23769
56,23824
56,23835
56,23907
56,23920
56,24010
56,24017
56,24018
56,24041
56,24056
56,24102
56,24115
56,24116
56,24132
56,24136
56,24139
56,24167
56,24183
56,24202
56,24251
56,24256
56,24262
56,24265
56,24283
56,24371
56,24406
56,24444
56,24446
56,24458
56,24484
56,24497
56,24544
56,24645
56,24679
56,24693
56,24709
56,24717
56,24722
56,24750
56,24755
56,24815
56,24895
56,25031
56,25078
56,25125
56,25172
56,25212
56,25244
56,25246
56,25328
56,25337
56,25340
56,25344
56,25349
56,25363
56,25383
56,25431
56,25448
56,25495
56,25542
56,25580
56,25638
56,25658
56,25712
56,25735
56,25748
56,25751
56,25761
56,25797
56,25809
56,25827
56,25838
56,25863
56,25880
56,25899
56,25934
56,25935
56,25940
56,25942
56,25967
56,26027
56,26095
56,26104
56,26153
56,26155
56,26170
56,26185
56,26207
56,26223
56,26266
56,26298
56,26317
56,26512
56,26520
56,26534
56,26559
56,26573
56,26606
56,26610
56,26633
56,26647
56,26663
56,26682
56,26719
56,26721
56,26729
56,26803
56,26809
56,26855
56,26875
56,26989
56,27047
56,27051
56,27055
56,27062
56,27092
56,27103
56,27119
56,27139
56,27210
56,27248
56,27295
56,27312
56,27367
56,27373
56,27375
56,27406
56,27411
56,27412
56,27492
56,27594
56,27602
56,27622
56,27697
56,27713
56,27755
56,27805
56,27902
56,27907
56,27910
56,27926
56,28004
56,28023
56,28039
56,28046
56,28052
56,28064
56,28068
56,28090
56,28094
56,28149
56,28165
56,28188
56,28216
56,28250
56,28279
56,28312
56,28359
56,28371
56,28390
56,28441
56,28473
56,28476
56,28501
56,28503
56,28613
56,28705
56,28785
56,28849
56,28880
56,28982
56,29016
56,29039
56,29046
56,29064
56,29113
56,29135
56,29140
56,29157
56,29159
56,29187
56,29234
56,29255
56,29263
56,29331
56,29358
56,29377
56,29390
56,29391
56,29444
56,29456
56,29483
56,29513
56,29527
56,29532
56,29557
57,9
57,27
57,31
57,94
57,100
57,106
57,131
57,134
57,144
57,171
57,201
57,207
57,216
57,231
57,248
57,362
57,438
57,447
57,472
57,526
57,537
57,592
57,606
57,609
57,643
57,644
57,761
57,814
57,835
57,917
57,924
57,927
57,1019
57,1032
57,1124
57,1138
57,1150
57,1166
57,1168
57,1264
57,1269
57,1285
57,1318
57,1327
57,1346
57,1385
57,1415
57,1421
57,1501
57,1518
57,1568
57,1593
57,1597
57,1624
57,1775
57,1791
57,1825
57,1838
57,1843
57,1956
57,1969
57,2168
57,2177
57,2222
57,2288
57,2296
57,2310
57,2359
57,2384
57,2426
57,2436
57,2453
57,2470
57,2483
57,2491
57,2494
57,2564
57,2568
57,2615
57,2634
57,2652
57,2696
57,2722
57,2768
57,2795
57,2801
57,2802
57,2856
57,2868
57,2885
57,2902
57,2913
57,2920
57,2927
57,2937
57,2942
57,2959
57,3004
57,3022
57,3030
57,3038
57,3047
57,3108
57,3127
57,3135
57,3138
57,3150
57,3181
57,3185
57,3368
57,3387
57,3443
57,3460
57,3480
57,3490
57,3507
57,3518
57,3522
57,3564
57,3578
57,3600
57,3614
57,3676
57,3726
57,3730
57,3753
57,3769
57,3771
57,3801
57,3811
57,3841
57,3862
57,3884
57,3912
57,3939
57,3947
57,4008
57,4023
57,4040
57,4086
57,4091
57,4092
57,4099
57,4111
57,4143
57,4156
57,4166
57,4167
57,4193
57,4243
57,4258
57,4341
57,4416
57,4445
57,4476
57,4637
57,4640
57,4654
57,4663
57,4677
57,4680
57,4714
57,4717
57,4780
57,4813
57,4823
57,4900
57,4936
57,4948
57,4956
57,5035
57,5053
57,5057
57,5080
57,5098
57,5127
57,5143
57,5188
57,5201
57,5266
57,5289
57,5308
57,5321
57,5353
57,5378
57,5440
57,5473
57,5476
57,5485
57,5489
57,5582
57,5595
57,5623
57,5656
57,5790
57,5887
57,5916
57,5944
57,5988
57,6009
57,6014
57,6024
57,6040
57,6044
57,6074
57,6102
57,6124
57,6133
57,6156
57,6195
57,6226
57,6351
57,6352
57,6394
57,6408
57,6412
57,6425
57,6452
57,6455
57,6499
57,6501
57,6544
57,6555
57,6590
57,6599
57,6642
57,6712
57,6818
57,6836
57,6844
57,6891
57,6897
57,6902
57,6938
57,7043
57,7172
57,7194
57,7215
57,7241
57,7280
57,7335
57,7349
57,7405
57,7410
57,7440
57,7578
57,7588
57,7686
57,7824
57,7882
57,7908
57,7944
57,7991
57,8000
57,8016
57,8025
57,8043
57,8139
57,8173
57,8250
57,8259
57,8282
57,8318
57,8319
57,8327
57,8340
57,8360
57,8406
57,8413
57,8442
57,8457
57,8508
57,8526
57,8538
57,8585
57,8621
57,8659
57,8696
57,8775
57,8861
57,8927
57,8955
57,9098
57,9145
57,9153
57,9156
57,9186
57,9197
57,9239
57,9260
57,9343
57,9371
57,9385
57,9446
57,9466
57,9513
57,9523
57,9529
57,9566
57,9571
57,9604
57,9608
57,9683
57,9736
57,9746
57,9764
57,9798
57,9834
57,9873
57,9924
57,9966
57,10050
57,10085
57,10086
57,10093
57,10191
57,10200
57,10233
57,10270
57,10283
57,10345
57,10434
57,10512
57,10564
57,10565
57,10626
57,10631
57,10635
57,10647
57,10678
57,10686
57,10708
57,10767
57,10779
57,10801
57,10908
57,10981
57,10984
57,11072
57,11078
57,11079
57,11095
57,11103
57,11159
57,11178
57,11211
57,11250
57,11270
57,11286
57,11288
57,11351
57,11391
57,11413
57,11424
57,11438
57,11484
57,11498
57,11502
57,11555
57,11565
57,11597
57,11762
57,11785
57,11811
57,11815
57,11847
57,11865
57,11875
57,11921
57,12045
57,12046
57,12098
57,12124
57,12194
57,12249
57,12286
57,12302
57,12328
57,12410
57,12498
57,12502
57,12531
57,12542
57,12550
57,12561
57,12566
57,12579
57,12596
57,12648
57,12684
57,12685
57,12692
57,12711
57,12739
57,12756
57,12799
57,12813
57,12816
57,12894
57,12922
57,12925
57,12954
57,13011
57,13017
57,13027
57,13032
57,13080
57,13096
57,13145
57,13157
57,13201
57,13263
57,13324
57,13338
57,13347
57,13349
57,13392
57,13405
57,13653
57,13667
57,13668
57,13676
57,13686
57,13748
57,13760
57,13769
57,13828
57,13909
57,13957
57,13958
57,14022
57,14023
57,14037
57,14052
57,14074
57,14104
57,14127
57,14150
57,14168
57,14201
57,14207
57,14226
57,14232
57,14311
57,14355
57,14371
57,14375
57,14519
57,14572
57,14591
57,14599
57,14647
57,14648
57,14694
57,14715
57,14716
57,14722
57,14741
57,14748
57,14784
57,14785
57,14813
57,14879
57,14883
57,14959
57,14998
57,15000
57,15006
57,15028
57,15054
57,15058
57,15071
57,15130
57,15176
57,15291
57,15307
57,15320
57,15329
57,15355
57,15377
57,15421
57,15424
57,15517
57,15542
57,15608
57,15670
57,15694
57,15703
57,15717
57,15777
57,15796
57,15854
57,15881
57,15966
57,15973
57,16008
57,16028
57,16035
57,16043
57,16082
57,16128
57,16156
57,16164
57,16174
57,16220
57,16264
57,16287
57,16401
57,16476
57,16495
57,16503
57,16508
57,16512
57,16524
57,16571
57,16632
57,16682
57,16703
57,16720
57,16738
57,16793
57,16799
57,16824
57,16848
57,16864
57,16895
57,16909
57,16989
57,17012
57,17023
57,17027
57,17053
57,17054
57,17085
57,17108
57,17149
57,17224
57,17280
57,17300
57,17306
57,17307
57,17375
57,17408
57,17430
57,17485
57,17495
57,17512
57,17533
57,17546
57,17630
57,17633
57,17652
57,17684
57,17685
57,17686
57,17756
57,17779
57,17803
57,17825
57,17881
57,17884
57,17890
57,17899
57,17938
57,17967
57,18002
57,18060
57,18077
57,18082
57,18105
57,18122
57,18130
57,18138
57,18149
57,18151
57,18185
57,18209
57,18218
57,18220
57,18280
57,18298
57,18398
57,18435
57,18449
57,18472
57,18489
57,18513
57,18521
57,18546
57,18571
57,18640
57,18687
57,18736
57,18772
57,18809
57,18822
57,18827
57,18832
57,18858
57,18896
57,18946
57,19013
57,19037
57,19063
57,19115
57,19117
57,19133
57,19149
57,19165
57,19167
57,19169
57,19185
57,19187
57,19188
57,19203
57,19239
57,19250
57,19258
57,19260
57,19279
57,19356
57,19390
57,19396
57,19442
57,19467
57,19545
57,19624
57,19713
57,19765
57,19774
57,19884
57,19891
57,19937
57,20034
57,20047
57,20059
57,20068
57,20104
57,20128
57,20191
57,20234
57,20247
57,20274
57,20285
57,20326
57,20380
57,20402
57,20482
57,20580
57,20585
57,20588
57,20594
57,20618
57,20668
57,20680
57,20698
57,20718
57,20736
57,20752
57,20821
57,20882
57,20887
57,20912
57,20939
57,20946
57,20995
57,21033
57,21109
57,21118
57,21127
57,21172
57,21207
57,21209
57,21233
57,21258
57,21261
57,21309
57,21328
57,21330
57,21425
57,21456
57,21462
57,21467
57,21493
57,21616
57,21619
57,21716
57,21737
57,21750
57,21774
57,21793
57,21812
57,21837
57,21838
57,21876
57,21906
57,22017
57,22033
57,22039
57,22048
57,22085
57,22100
57,22127
57,22131
57,22141
57,22181
57,22184
57,22193
57,22205
57,22225
57,22235
57,22241
57,22246
57,22249
57,22264
57,22285
57,22388
57,22420
57,22454
57,22459
57,22464
57,22467
57,22475
57,22518
57,22569
57,22571
57,22576
57,22647
57,22653
57,22684
57,22752
57,22759
57,22812
57,22853
57,22921
57,22924
57,23036
57,23046
57,23061
57,23154
57,23218
57,23220
57,23362
57,23410
57,23416
57,23487
57,23577
57,23579
57,23658
57,23668
57,23697
57,23702
57,23707
57,23722
57,23730
57,23731
57,23736
57,23775
57,23776
57,23802
57,23817
57,23825
57,23878
57,23900
57,23939
57,24031
57,24069
57,24149
57,24158
57,24173
57,24195
57,24251
57,24270
57,24273
57,24277
57,24364
57,24419
57,24441
57,24463
57,24464
57,24479
57,24487
57,24519
57,24525
57,24539
57,24546
57,24553
57,24567
57,24597
57,24691
57,24770
57,24787
57,24824
57,24826
57,24896
57,24900
57,24908
57,24923
57,24924
57,24968
57,24980
57,25069
57,25094
57,25112
57,25140
57,25202
57,25273
57,25283
57,25314
57,25334
57,25360
57,25372
57,25396
57,25420
57,25429
57,25462
57,25473
57,25493
57,25557
57,25569
57,25604
57,25609
57,25612
57,25622
57,25658
57,25702
57,25706
57,25735
57,25747
57,25784
57,25811
57,25829
57,25831
57,25853
57,25869
57,25907
57,25935
57,25943
57,25949
57,25977
57,26001
57,26003
57,26018
57,26021
57,26037
57,26066
57,26068
57,26076
57,26121
57,26139
57,26165
57,26226
57,26274
57,26306
57,26323
57,26334
57,26401
57,26418
57,26441
57,26442
57,26446
57,26465
57,26466
57,26471
57,26473
57,26474
57,26475
57,26489
57,26498
57,26549
57,26550
57,26563
57,26594
57,26606
57,26621
57,26667
57,26756
57,26770
57,26897
57,26994
57,27009
57,27024
57,27096
57,27139
57,27158
57,27177
57,27185
57,27262
57,27314
57,27357
57,27373
57,27383
57,27390
57,27394
57,27420
57,27492
57,27559
57,27560
57,27591
57,27715
57,27716
57,27746
57,27786
57,27796
57,27856
57,27873
57,27908
57,27917
57,27955
57,27971
57,28041
57,28112
57,28116
57,28179
57,28185
57,28195
57,28225
57,28230
57,28270
57,28335
57,28339
57,28376
57,28392
57,28507
57,28548
57,28551
57,28564
57,28576
57,28599
57,28601
57,28614
57,28619
57,28651
57,28694
57,28695
57,28709
57,28718
57,28731
57,28732
57,28736
57,28755
57,28789
57,28840
57,28862
57,28888
57,28927
57,28932
57,28963
57,28964
57,28986
57,29010
57,29038
57,29049
57,29080
57,29118
57,29206
57,29207
57,29219
57,29243
57,29296
57,29321
57,29323
57,29384
57,29399
57,29427
57,29452
57,29468
57,29481
57,29488
57,29533
57,29546
57,29550
57,29552
58,1
58,2
58,11
58,33
58,66
58,107
58,109
58,116
58,129
58,195
58,219
58,233
58,245
58,250
58,253
58,257
58,274
58,289
58,318
58,319
58,322
58,386
58,389
58,428
58,517
58,538
58,552
58,695
58,704
58,767
58,778
58,851
58,856
58,908
58,956
58,990
58,1045
58,1064
58,1068
58,1116
58,1229
58,1242
58,1245
58,1260
58,1283
58,1290
58,1294
58,1349
58,1376
58,1379
58,1396
58,1401
58,1469
58,1525
58,1536
58,1543
58,1546
58,1580
58,1584
58,1594
58,1657
58,1716
58,1722
58,1746
58,1783
58,1790
58,1793
58,1799
58,1822
58,1854
58,1862
58,1876
58,1880
58,1939
58,1940
58,1985
58,2008
58,2025
58,2028
58,2071
58,2073
58,2114
58,2159
58,2178
58,2185
58,2231
58,2248
58,2266
58,2279
58,2298
58,2304
58,2315
58,2318
58,2353
58,2361
58,2402
58,2491
58,2524
58,2624
58,2669
58,2700
58,2735
58,2743
58,2765
58,2807
58,2830
58,2900
58,2977
58,2988
58,3036
58,3074
58,3096
58,3145
58,3167
58,3174
58,3304
58,3335
58,3341
58,3357
58,3388
58,3405
58,3407
58,3420
58,3422
58,3434
58,3450
58,3468
58,3493
58,3548
58,3566
58,3633
58,3666
58,3684
58,3727
58,3811
58,3816
58,3844
58,3871
58,3888
58,4035
58,4110
58,4122
58,4139
58,4184
58,4243
58,4244
58,4295
58,4298
58,4323
58,4337
58,4362
58,4395
58,4403
58,4415
58,4492
58,4529
58,4550
58,4600
58,4629
58,4646
58,4711
58,4718
58,4796
58,4844
58,4857
58,4875
58,4880
58,4895
58,4904
58,4934
58,4959
58,5003
58,5012
58,5107
58,5156
58,5167
58,5195
58,5241
58,5261
58,5333
58,5400
58,5427
58,5528
58,5544
58,5660
58,5693
58,5880
58,5927
58,5993
58,6037
58,6049
58,6091
58,6179
58,6194
58,6228
58,6230
58,6260
58,6268
58,6270
58,6281
58,6347
58,6385
58,6401
58,6412
58,6420
58,6437
58,6453
58,6508
58,6511
58,6582
58,6597
58,6625
58,6626
58,6700
58,6734
58,6740
58,6764
58,6800
58,6827
58,6843
58,6845
58,6876
58,6891
58,6964
58,7013
58,7094
58,7120
58,7150
58,7168
58,7229
58,7327
58,7439
58,7464
58,7473
58,7490
58,7554
58,7623
58,7634
58,7704
58,7711
58,7713
58,7747
58,7785
58,7802
58,7815
58,7895
58,7912
58,7996
58,8100
58,8266
58,8327
58,8372
58,8404
58,8423
58,8486
58,8532
58,8569
58,8575
58,8589
58,8599
58,8609
58,8702
58,8706
58,8710
58,8719
58,8811
58,8831
58,8836
58,8895
58,8943
58,8976
58,8977
58,9022
58,9120
58,9131
58,9178
58,9207
58,9237
58,9253
58,9269
58,9278
58,9301
58,9328
58,9351
58,9410
58,9433
58,9495
58,9527
58,9533
58,9730
58,9757
58,9798
58,9873
58,9887
58,9933
58,9956
58,9961
58,10023
58,10026
58,10038
58,10043
58,10101
58,10102
58,10103
58,10130
58,10164
58,10174
58,10201
58,10214
58,10248
58,10249
58,10279
58,10323
58,10358
58,10363
58,10386
58,10418
58,10421
58,10461
58,10477
58,10485
58,10509
58,10512
58,10516
58,10517
58,10538
58,10542
58,10576
58,10591
58,10598
58,10620
58,10625
58,10648
58,10687
58,10793
58,10801
58,10814
58,10817
58,10857
58,10887
58,10892
58,10963
58,10969
58,10974
58,10985
58,11010
58,11078
58,11081
58,11101
58,11116
58,11117
58,11125
58,11186
58,11189
58,11194
58,11209
58,11213
58,11214
58,11218
58,11245
58,11246
58,11270
58,11289
58,11307
58,11410
58,11455
58,11474
58,11494
58,11496
58,11520
58,11648
58,11663
58,11680
58,11684
58,11751
58,11795
58,11826
58,11865
58,11868
58,11874
58,11907
58,12037
58,12052
58,12053
58,12169
58,12254
58,12307
58,12310
58,12453
58,12457
58,12489
58,12509
58,12548
58,12549
58,12576
58,12577
58,12592
58,12606
58,12654
58,12667
58,12693
58,12736
58,12770
58,12793
58,12840
58,12844
58,12860
58,12864
58,12870
58,12909
58,12939
58,13010
58,13030
58,13059
58,13081
58,13117
58,13220
58,13228
58,13376
58,13387
58,13390
58,13395
58,13438
58,13440
58,13470
58,13495
58,13516
58,13647
58,13662
58,13681
58,13696
58,13699
58,13708
58,13709
58,13716
58,13754
58,13810
58,13849
58,13895
58,13904
58,13909
58,13927
58,13951
58,13967
58,13973
58,14004
58,14012
58,14015
58,14020
58,14026
58,14036
58,14044
58,14052
58,14063
58,14075
58,14133
58,14168
58,14173
58,14323
58,14327
58,14338
58,14351
58,14352
58,14359
58,14439
58,14485
58,14593
58,14597
58,14609
58,14620
58,14646
58,14649
58,14670
58,14807
58,15019
58,15039
58,15086
58,15095
58,15105
58,15162
58,15170
58,15202
58,15272
58,15299
58,15329
58,15330
58,15367
58,15416
58,15418
58,15480
58,15493
58,15559
58,15566
58,15581
58,15622
58,15689
58,15709
58,15715
58,15732
58,15740
58,15753
58,15770
58,15926
58,15936
58,16098
58,16146
58,16166
58,16205
58,16323
58,16329
58,16337
58,16359
58,16394
58,16416
58,16436
58,16438
58,16502
58,16530
58,16579
58,16594
58,16614
58,16620
58,16745
58,16877
58,16880
58,16898
58,16908
58,16915
58,16920
58,16924
58,16953
58,17003
58,17025
58,17038
58,17064
58,17065
58,17091
58,17112
58,17130
58,17138
58,17141
58,17159
58,17230
58,17241
58,17285
58,17294
58,17366
58,17381
58,17389
58,17402
58,17407
58,17458
58,17463
58,17486
58,17511
58,17531
58,17538
58,17539
58,17550
58,17568
58,17657
58,17749
58,17796
58,17801
58,17852
58,17954
58,17978
58,18025
58,18053
58,18070
58,18181
58,18231
58,18244
58,18302
58,18325
58,18333
58,18398
58,18457
58,18521
58,18538
58,18550
58,18580
58,18586
58,18608
58,18617
58,18723
58,18726
58,18742
58,18744
58,18754
58,18802
58,18814
58,18826
58,18877
58,18894
58,18900
58,18926
58,18939
58,18942
58,19113
58,19136
58,19141
58,19149
58,19169
58,19253
58,19264
58,19302
58,19319
58,19380
58,19394
58,19446
58,19463
58,19521
58,19527
58,19544
58,19559
58,19608
58,19706
58,19730
58,19745
58,19746
58,19759
58,19771
58,19773
58,19811
58,19820
58,19850
58,19882
58,19965
58,19991
58,20059
58,20102
58,20180
58,20186
58,20223
58,20233
58,20318
58,20386
58,20431
58,20434
58,20463
58,20540
58,20569
58,20578
58,20594
58,20597
58,20631
58,20654
58,20662
58,20707
58,20709
58,20714
58,20723
58,20743
58,20806
58,20901
58,20921
58,20932
58,20985
58,20990
58,21038
58,21053
58,21132
58,21151
58,21230
58,21240
58,21251
58,21256
58,21299
58,21315
58,21330
58,21424
58,21446
58,21501
58,21567
58,21597
58,21598
58,21600
58,21617
58,21625
58,21626
58,21632
58,21647
58,21698
58,21707
58,21719
58,21730
58,21740
58,21744
58,21866
58,21917
58,21939
58,21950
58,21983
58,21998
58,22023
58,22112
58,22156
58,22158
58,22175
58,22182
58,22222
58,22243
58,22245
58,22304
58,22307
58,22391
58,22579
58,22606
58,22679
58,22736
58,22792
58,22811
58,22830
58,22865
58,22993
58,23026
58,23044
58,23051
58,23099
58,23132
58,23148
58,23175
58,23180
58,23199
58,23226
58,23322
58,23336
58,23372
58,23431
58,23501
58,23541
58,23543
58,23558
58,23630
58,23670
58,23680
58,23694
58,23725
58,23746
58,23763
58,23806
58,23811
58,23892
58,23902
58,23949
58,23975
58,24045
58,24061
58,24145
58,24168
58,24224
58,24242
58,24319
58,24332
58,24342
58,24350
58,24380
58,24404
58,24426
58,24433
58,24441
58,24454
58,24458
58,24471
58,24482
58,24518
58,24630
58,24634
58,24658
58,24677
58,24714
58,24716
58,24747
58,24774
58,24783
58,24789
58,24792
58,24795
58,24802
58,24838
58,24916
58,24944
58,24955
58,24980
58,25052
58,25106
58,25128
58,25182
58,25183
58,25218
58,25231
58,25292
58,25319
58,25324
58,25327
58,25397
58,25426
58,25456
58,25458
58,25491
58,25587
58,25593
58,25629
58,25664
58,25681
58,25686
58,25701
58,25721
58,25728
58,25746
58,25867
58,25899
58,25904
58,25907
58,25984
58,26086
58,26118
58,26126
58,26127
58,26152
58,26160
58,26200
58,26239
58,26290
58,26292
58,26319
58,26320
58,26322
58,26386
58,26434
58,26470
58,26497
58,26502
58,26505
58,26562
58,26608
58,26643
58,26652
58,26676
58,26687
58,26737
58,26792
58,26822
58,26845
58,26895
58,26907
58,26910
58,26912
58,26920
58,27077
58,27161
58,27176
58,27191
58,27293
58,27307
58,27340
58,27433
58,27450
58,27457
58,27464
58,27472
58,27513
58,27562
58,27593
58,27596
58,27608
58,27609
58,27631
58,27641
58,27677
58,27737
58,27773
58,27803
58,27872
58,27879
58,27934
58,27937
58,27946
58,27980
58,28047
58,28049
58,28057
58,28059
58,28061
58,28068
58,28086
58,28092
58,28097
58,28111
58,28164
58,28270
58,28294
58,28320
58,28361
58,28384
58,28442
58,28505
58,28535
58,28542
58,28561
58,28566
58,28617
58,28625
58,28638
58,28640
58,28695
58,28699
58,28722
58,28792
58,28855
58,28918
58,28943
58,28964
58,28975
58,28983
58,28990
58,29055
58,29059
58,29065
58,29085
58,29088
58,29124
58,29159
58,29167
58,29234
58,29243
58,29293
58,29339
58,29352
58,29378
58,29380
58,29383
58,29405
58,29406
58,29411
58,29426
58,29442
58,29444
58,29488
58,29515
58,29518
59,28
59,176
59,182
59,194
59,197
59,215
59,252
59,264
59,299
59,346
59,380
59,436
59,515
59,571
59,576
59,651
59,744
59,808
59,832
59,868
59,897
59,907
59,1016
59,1084
59,1206
59,1217
59,1224
59,1449
59,1472
59,1582
59,1590
59,1620
59,1690
59,1734
59,1773
59,1778
59,1846
59,1865
59,1880
59,1886
59,1913
59,1951
59,1982
59,2014
59,2088
59,2092
59,2205
59,2220
59,2231
59,2315
59,2478
59,2480
59,2508
59,2538
59,2589
59,2635
59,2664
59,2671
59,2766
59,2769
59,2806
59,2810
59,2843
59,2856
59,2886
59,2897
59,2967
59,3017
59,3022
59,3044
59,3055
59,3066
59,3116
59,3134
59,3136
59,3155
59,3171
59,3237
59,3242
59,3345
59,3353
59,3360
59,3405
59,3454
59,3471
59,3493
59,3542
59,3558
59,3582
59,3589
59,3620
59,3649
59,3687
59,3700
59,3734
59,3831
59,3886
59,3966
59,3980
59,4003
59,4008
59,4039
59,4093
59,4144
59,4152
59,4172
59,4177
59,4224
59,4235
59,4238
59,4362
59,4508
59,4511
59,4512
59,4539
59,4594
59,4612
59,4639
59,4710
59,4742
59,4745
59,4777
59,4877
59,4914
59,4941
59,4957
59,4973
59,5029
59,5051
59,5127
59,5200
59,5204
59,5208
59,5314
59,5380
59,5483
59,5503
59,5506
59,5511
59,5576
59,5586
59,5612
59,5634
59,5716
59,5718
59,5757
59,5788
59,5812
59,5830
59,5856
59,5977
59,5999
59,6020
59,6101
59,6165
59,6203
59,6224
59,6238
59,6311
59,6394
59,6402
59,6457
59,6480
59,6517
59,6533
59,6603
59,6639
59,6658
59,6745
59,6756
59,6763
59,6772
59,6781
59,6851
59,6906
59,6943
59,6953
59,7013
59,7071
59,7129
59,7257
59,7333
59,7386
59,7395
59,7477
59,7501
59,7520
59,7528
59,7544
59,7553
59,7763
59,7885
59,7974
59,7989
59,7994
59,8019
59,8051
59,8075
59,8221
59,8238
59,8282
59,8313
59,8431
59,8489
59,8528
59,8550
59,8552
59,8556
59,8637
59,8660
59,8678
59,8681
59,8684
59,8713
59,8717
59,8772
59,8942
59,8960
59,9031
59,9057
59,9175
59,9284
59,9286
59,9439
59,9605
59,9610
59,9649
59,9674
59,9688
59,9812
59,9909
59,9924
59,10008
59,10012
59,10060
59,10094
59,10103
59,10156
59,10219
59,10330
59,10363
59,10378
59,10407
59,10451
59,10521
59,10539
59,10638
59,10670
59,10702
59,10716
59,10757
59,10779
59,10859
59,10901
59,10949
59,11069
59,11131
59,11158
59,11227
59,11255
59,11277
59,11349
59,11373
59,11376
59,11424
59,11427
59,11453
59,11488
59,11513
59,11596
59,11598
59,11630
59,11636
59,11644
59,11648
59,11669
59,11680
59,11701
59,11823
59,11841
59,11846
59,11913
59,11953
59,11989
59,12003
59,12006
59,12047
59,12070
59,12105
59,12209
59,12231
59,12248
59,12292
59,12294
59,12357
59,12479
59,12504
59,12527
59,12541
59,12653
59,12682
59,12743
59,12793
59,12794
59,12903
59,12918
59,12949
59,13046
59,13058
59,13151
59,13163
59,13188
59,13197
59,13296
59,13381
59,13393
59,13421
59,13446
59,13451
59,13648
59,13651
59,13662
59,13670
59,13677
59,13706
59,13738
59,13858
59,13918
59,13947
59,13988
59,14007
59,14027
59,14057
59,14086
59,14191
59,14196
59,14205
59,14212
59,14217
59,14218
59,14245
59,14265
59,14317
59,14391
59,14443
59,14485
59,14490
59,14512
59,14548
59,14550
59,14626
59,14702
59,14888
59,14891
59,14926
59,14950
59,14957
59,15030
59,15048
59,15149
59,15160
59,15183
59,15303
59,15357
59,15414
59,15487
59,15528
59,15552
59,15609
59,15614
59,15676
59,15809
59,15833
59,15869
59,15871
59,15876
59,15916
59,15959
59,16015
59,16023
59,16038
59,16045
59,16059
59,16094
59,16136
59,16162
59,16185
59,16325
59,16353
59,16454
59,16469
59,16503
59,16592
59,16605
59,16648
59,16706
59,16763
59,16779
59,16786
59,16806
59,16828
59,16845
59,16852
59,16898
59,16952
59,16988
59,17030
59,17035
59,17039
59,17074
59,17130
59,17199
59,17207
59,17208
59,17229
59,17237
59,17314
59,17662
59,17673
59,17694
59,17783
59,17807
59,17823
59,18002
59,18004
59,18030
59,18072
59,18098
59,18104
59,18118
59,18147
59,18152
59,18224
59,18258
59,18298
59,18366
59,18373
59,18378
59,18385
59,18416
59,18439
59,18452
59,18510
59,18516
59,18639
59,18676
59,18735
59,18741
59,18763
59,18839
59,18870
59,18931
59,18938
59,18940
59,18954
59,19072
59,19108
59,19214
59,19240
59,19340
59,19352
59,19401
59,19448
59,19594
59,19660
59,19661
59,19805
59,19812
59,19840
59,19911
59,19947
59,19959
59,19983
59,20027
59,20028
59,20052
59,20085
59,20094
59,20097
59,20105
59,20153
59,20165
59,20276
59,20358
59,20385
59,20531
59,20562
59,20605
59,20726
59,20820
59,20844
59,20864
59,20865
59,20903
59,20911
59,20921
59,20953
59,20990
59,20999
59,21002
59,21019
59,21051
59,21061
59,21086
59,21226
59,21240
59,21343
59,21428
59,21436
59,21449
59,21456
59,21521
59,21619
59,21685
59,21697
59,21718
59,21776
59,21786
59,21855
59,21964
59,21970
59,21980
59,22007
59,22047
59,22089
59,22202
59,22278
59,22478
59,22491
59,22504
59,22523
59,22597
59,22602
59,22753
59,22755
59,22794
59,22878
59,22948
59,22980
59,23005
59,23049
59,23083
59,23103
59,23132
59,23140
59,23174
59,23211
59,23216
59,23303
59,23466
59,23518
59,23539
59,23608
59,23676
59,23738
59,23767
59,23827
59,23833
59,23909
59,23982
59,24190
59,24212
59,24223
59,24351
59,24369
59,24386
59,24434
59,24468
59,24593
59,24641
59,24696
59,24744
59,24759
59,24807
59,24810
59,24859
59,24895
59,24944
59,24948
59,25018
59,25082
59,25182
59,25198
59,25215
59,25269
59,25275
59,25295
59,25364
59,25384
59,25410
59,25429
59,25467
59,25475
59,25566
59,25656
59,25724
59,25772
59,26057
59,26082
59,26109
59,26122
59,26142
59,26162
59,26177
59,26185
59,26192
59,26229
59,26246
59,26249
59,26321
59,26371
59,26372
59,26377
59,26457
59,26480
59,26481
59,26526
59,26586
59,26652
59,26658
59,26818
59,26838
59,26849
59,26871
59,26901
59,26904
59,26911
59,26934
59,27033
59,27042
59,27083
59,27137
59,27154
59,27172
59,27180
59,27210
59,27299
59,27317
59,27323
59,27411
59,27497
59,27536
59,27537
59,27558
59,27565
59,27585
59,27652
59,27712
59,27722
59,27761
59,27783
59,27796
59,27802
59,27989
59,28188
59,28241
59,28315
59,28377
59,28381
59,28396
59,28399
59,28425
59,28445
59,28510
59,28512
59,28545
59,28603
59,28635
59,28669
59,28694
59,28744
59,28780
59,28814
59,28852
59,28853
59,28892
59,28929
59,28974
59,29011
59,29013
59,29044
59,29048
59,29056
59,29175
59,29201
59,29321
59,29348
59,29478
59,29544
60,3
60,30
60,65
60,101
60,111
60,309
60,314
60,402
60,410
60,428
60,580
60,581
60,669
60,771
60,849
60,862
60,1011
60,1017
60,1100
60,1148
60,1211
60,1232
60,1263
60,1277
60,1309
60,1352
60,1461
60,1524
60,1618
60,1623
60,1831
60,1834
60,1868
60,1879
60,2091
60,2190
60,2209
60,2284
60,2317
60,2415
60,2523
60,2548
60,2551
60,2580
60,2583
60,2652
60,2663
60,2906
60,2957
60,2958
60,2975
60,2979
60,2994
60,3090
60,3118
60,3142
60,3145
60,3161
60,3197
60,3240
60,3269
60,3280
60,3288
60,3326
60,3398
60,3482
60,3504
60,3529
60,3548
60,3564
60,3565
60,3626
60,3689
60,3770
60,3812
60,3839
60,3958
60,4021
60,4026
60,4098
60,4109
60,4115
60,4154
60,4186
60,4188
60,4213
60,4259
60,4280
60,4284
60,4303
60,4359
60,4363
60,4365
60,4395
60,4475
60,4709
60,4712
60,4777
60,4852
60,4856
60,4977
60,4980
60,5003
60,5085
60,5090
60,5165
60,5215
60,5257
60,5296
60,5311
60,5482
60,5547
60,5704
60,5726
60,5753
60,5766
60,5795
60,5815
60,5841
60,5939
60,5949
60,5995
60,6047
60,6067
60,6070
60,6187
60,6282
60,6309
60,6328
60,6333
60,6453
60,6465
60,6537
60,6576
60,6594
60,6659
60,6717
60,6797
60,6829
60,6831
60,6838
60,6862
60,6868
60,6872
60,6926
60,6950
60,6952
60,7071
60,7107
60,7109
60,7110
60,7149
60,7224
60,7270
60,7276
60,7294
60,7380
60,7419
60,7560
60,7568
60,7605
60,7611
60,7616
60,7726
60,7880
60,7883
60,7918
60,7964
60,7969
60,7985
60,8020
60,8069
60,8089
60,8095
60,8155
60,8165
60,8191
60,8339
60,8381
60,8396
60,8407
60,8417
60,8434
60,8591
60,8634
60,8644
60,8670
60,8694
60,8735
60,8763
60,8765
60,8819
60,8856
60,8859
60,8930
60,8934
60,9039
60,9049
60,9056
60,9101
60,9103
60,9227
60,9234
60,9307
60,9336
60,9460
60,9468
60,9488
60,9499
60,9503
60,9517
60,9525
60,9583
60,9587
60,9655
60,9700
60,9864
60,9889
60,10020
60,10109
60,10126
60,10148
60,10168
60,10190
60,10206
60,10210
60,10219
60,10228
60,10231
60,10417
60,10510
60,10511
60,10517
60,10677
60,10684
60,10753
60,10848
60,11018
60,11135
60,11139
60,11153
60,11167
60,11168
60,11174
60,11216
60,11223
60,11247
60,11300
60,11403
60,11444
60,11477
60,11478
60,11655
60,11681
60,11735
60,11769
60,11824
60,11871
60,11878
60,11892
60,11951
60,12027
60,12146
60,12202
60,12353
60,12363
60,12474
60,12479
60,12484
60,12551
60,12556
60,12584
60,12599
60,12620
60,12662
60,12690
60,12714
60,12732
60,12805
60,12867
60,12937
60,13058
60,13129
60,13140
60,13143
60,13215
60,13245
60,13264
60,13265
60,13275
60,13285
60,13297
60,13371
60,13379
60,13429
60,13430
60,13474
60,13508
60,13533
60,13586
60,13617
60,13656
60,13706
60,13710
60,13923
60,13971
60,14060
60,14065
60,14080
60,14091
60,14099
60,14149
60,14305
60,14434
60,14481
60,14573
60,14574
60,14624
60,14652
60,14657
60,14661
60,14674
60,14747
60,14868
60,14879
60,14954
60,14995
60,15009
60,15070
60,15128
60,15141
60,15230
60,15316
60,15318
60,15388
60,15392
60,15422
60,15449
60,15483
60,15532
60,15643
60,15675
60,15823
60,15847
60,15936
60,15938
60,15941
60,15951
60,16054
60,16058
60,16150
60,16157
60,16225
60,16281
60,16289
60,16291
60,16445
60,16446
60,16477
60,16528
60,16544
60,16549
60,16552
60,16572
60,16681
60,16683
60,16723
60,16787
60,16795
60,16808
60,16919
60,16938
60,16940
60,16959
60,16998
60,17060
60,17068
60,17139
60,17150
60,17204
60,17259
60,17320
60,17362
60,17401
60,17471
60,17490
60,17523
60,17528
60,17543
60,17558
60,17652
60,17658
60,17684
60,17814
60,17840
60,17869
60,17897
60,17900
60,17907
60,18047
60,18049
60,18066
60,18209
60,18272
60,18301
60,18312
60,18315
60,18321
60,18341
60,18344
60,18424
60,18474
60,18484
60,18524
60,18578
60,18601
60,18657
60,18661
60,18782
60,18796
60,18828
60,18839
60,19075
60,19183
60,19188
60,19254
60,19350
60,19423
60,19437
60,19587
60,19670
60,19772
60,19786
60,19794
60,19956
60,19992
60,20012
60,20028
60,20056
60,20084
60,20096
60,20158
60,20193
60,20346
60,20369
60,20381
60,20412
60,20417
60,20436
60,20487
60,20553
60,20567
60,20874
60,20955
60,20999
60,21022
60,21333
60,21346
60,21371
60,21390
60,21487
60,21507
60,21520
60,21610
60,21638
60,21685
60,21701
60,21765
60,21813
60,21836
60,21856
60,21903
60,21926
60,21973
60,21985
60,21993
60,22032
60,22082
60,22083
60,22188
60,22206
60,22298
60,22322
60,22380
60,22381
60,22386
60,22388
60,22438
60,22451
60,22461
60,22471
60,22522
60,22532
60,22537
60,22605
60,22686
60,22698
60,22702
60,22710
60,22732
60,22757
60,22824
60,22887
60,23027
60,23086
60,23112
60,23305
60,23406
60,23454
60,23571
60,23591
60,23606
60,23773
60,23883
60,23911
60,24012
60,24067
60,24160
60,24270
60,24278
60,24286
60,24335
60,24365
60,24473
60,24511
60,24557
60,24643
60,24698
60,24730
60,24734
60,24739
60,24766
60,24782
60,24835
60,24876
60,24950
60,25043
60,25172
60,25188
60,25210
60,25234
60,25253
60,25321
60,25427
60,25476
60,25552
60,25577
60,25650
60,25670
60,25692
60,25721
60,25763
60,25798
60,25822
60,25838
60,25936
60,25975
60,26063
60,26088
60,26114
60,26146
60,26218
60,26235
60,26418
60,26461
60,26555
60,26705
60,26807
60,26850
60,26923
60,27090
60,27151
60,27336
60,27348
60,27351
60,27382
60,27384
60,27451
60,27458
60,27478
60,27542
60,27546
60,27630
60,27690
60,27695
60,27748
60,27765
60,27868
60,27882
60,27921
60,27927
60,27997
60,28014
60,28054
60,28069
60,28076
60,28112
60,28186
60,28214
60,28262
60,28316
60,28320
60,28323
60,28327
60,28354
60,28388
60,28410
60,28424
60,28435
60,28438
60,28467
60,28508
60,28542
60,28566
60,28614
60,28625
60,28706
60,28726
60,28762
60,28790
60,28903
60,28906
60,28926
60,28998
60,29016
60,29039
60,29066
60,29079
60,29112
60,29167
60,29222
60,29261
60,29266
60,29315
60,29348
60,29400
60,29445
60,29506
61,40
61,103
61,229
61,263
61,296
61,308
61,468
61,478
61,487
61,539
61,555
61,565
61,601
61,639
61,685
61,692
61,694
61,759
61,784
61,790
61,800
61,824
61,860
61,892
61,908
61,945
61,962
61,991
61,995
61,1080
61,1131
61,1210
61,1220
61,1230
61,1250
61,1265
61,1281
61,1291
61,1294
61,1310
61,1451
61,1514
61,1594
61,1640
61,1675
61,1746
61,1748
61,1762
61,1876
61,1954
61,2064
61,2260
61,2291
61,2310
61,2335
61,2349
61,2382
61,2398
61,2428
61,2455
61,2512
61,2560
61,2565
61,2790
61,2859
61,2870
61,3008
61,3018
61,3197
61,3210
61,3245
61,3461
61,3556
61,3585
61,3628
61,3751
61,3823
61,3931
61,3939
61,3945
61,4150
61,4192
61,4221
61,4273
61,4303
61,4321
61,4399
61,4581
61,4615
61,4664
61,4710
61,4721
61,4799
61,4810
61,4845
61,4870
61,4893
61,4896
61,4997
61,5001
61,5102
61,5239
61,5281
61,5414
61,5420
61,5438
61,5454
61,5508
61,5547
61,5550
61,5605
61,5625
61,5629
61,5641
61,5644
61,5695
61,5733
61,5761
61,5790
61,5850
61,5876
61,5946
61,5983
61,6001
61,6015
61,6033
61,6059
61,6068
61,6157
61,6263
61,6288
61,6295
61,6299
61,6312
61,6355
61,6532
61,6598
61,6819
61,6823
61,6842
61,6915
61,7011
61,7281
61,7312
61,7353
61,7471
61,7492
61,7577
61,7657
61,7702
61,7723
61,7862
61,7962
61,8088
61,8108
61,8218
61,8247
61,8389
61,8456
61,8579
61,8643
61,8684
61,8705
61,8748
61,8844
61,8975
61,8987
61,9044
61,9108
61,9186
61,9192
61,9195
61,9284
61,9321
61,9334
61,9435
61,9443
61,9471
61,9490
61,9493
61,9655
61,9661
61,9674
61,9727
61,9741
61,9786
61,9797
61,9917
61,10052
61,10092
61,10103
61,10119
61,10171
61,10189
61,10199
61,10300
61,10399
61,10412
61,10415
61,10440
61,10509
61,10611
61,10692
61,10806
61,10892
61,10954
61,10995
61,11015
61,11039
61,11085
61,11228
61,11275
61,11337
61,11576
61,11799
61,11815
61,11883
61,11948
61,11962
61,11997
61,11998
61,12003
61,12012
61,12047
61,12070
61,12073
61,12132
61,12289
61,12338
61,12348
61,12367
61,12397
61,12400
61,12402
61,12452
61,12462
61,12571
61,12680
61,12795
61,12871
61,12883
61,12885
61,12936
61,12970
61,13042
61,13178
61,13251
61,13268
61,13292
61,13403
61,13445
61,13592
61,13675
61,13716
61,13764
61,13862
61,13867
61,13969
61,13976
61,14030
61,14119
61,14141
61,14170
61,14173
61,14209
61,14262
61,14317
61,14374
61,14379
61,14396
61,14406
61,14520
61,14550
61,14645
61,14681
61,14741
61,14838
61,14894
61,14925
61,14946
61,14965
61,15028
61,15072
61,15073
61,15080
61,15096
61,15125
61,15132
61,15164
61,15257
61,15274
61,15352
61,15353
61,15394
61,15408
61,15466
61,15470
61,15484
61,15558
61,15618
61,15657
61,15662
61,15728
61,15949
61,16012
61,16080
61,16132
61,16168
61,16184
61,16211
61,16296
61,16440
61,16511
61,16542
61,16613
61,16647
61,16674
61,16679
61,16934
61,16938
61,16985
61,16989
61,17011
61,17015
61,17029
61,17036
61,17046
61,17088
61,17138
61,17175
61,17226
61,17305
61,17415
61,17451
61,17457
61,17512
61,17574
61,17575
61,17609
61,17653
61,17655
61,17717
61,17733
61,17746
61,17771
61,17970
61,17984
61,18031
61,18115
61,18139
61,18188
61,18225
61,18484
61,18498
61,18534
61,18536
61,18542
61,18565
61,18573
61,18686
61,18695
61,18719
61,18802
61,18944
61,19034
61,19160
61,19228
61,19253
61,19315
61,19371
61,19411
61,19430
61,19490
61,19515
61,19586
61,19640
61,19657
61,19675
61,19735
61,19789
61,19820
61,19845
61,19848
61,20028
61,20137
61,20424
61,20539
61,20621
61,20626
61,20687
61,20736
61,20742
61,20746
61,20803
61,20857
61,20861
61,20925
61,20951
61,20988
61,21176
61,21220
61,21320
61,21472
61,21674
61,21713
61,21718
61,21744
61,21790
61,21805
61,21817
61,21876
61,21937
61,22113
61,22144
61,22179
61,22341
61,22410
61,22429
61,22507
61,22549
61,22690
61,22707
61,22749
61,22754
61,22794
61,22816
61,22865
61,23067
61,23123
61,23128
61,23188
61,23277
61,23293
61,23335
61,23409
61,23491
61,23589
61,23707
61,23723
61,23759
61,23815
61,23839
61,23874
61,23877
61,23904
61,23916
61,23923
61,23959
61,23993
61,24005
61,24028
61,24079
61,24131
61,24158
61,24165
61,24208
61,24247
61,24248
61,24329
61,24342
61,24356
61,24372
61,24403
61,24542
61,24587
61,24619
61,24630
61,24652
61,24660
61,24677
61,24687
61,24854
61,24857
61,24874
61,24921
61,25080
61,25171
61,25302
61,25341
61,25380
61,25434
61,25651
61,25934
61,25938
61,25959
61,25967
61,25989
61,25993
61,26000
61,26068
61,26084
61,26089
61,26102
61,26105
61,26166
61,26220
61,26222
61,26364
61,26457
61,26682
61,26707
61,26720
61,26825
61,26947
61,27008
61,27040
61,27069
61,27308
61,27406
61,27417
61,27422
61,27451
61,27514
61,27576
61,27809
61,27831
61,27888
61,27895
61,27923
61,28020
61,28072
61,28085
61,28092
61,28236
61,28259
61,28327
61,28350
61,28367
61,28383
61,28402
61,28405
61,28438
61,28564
61,28677
61,28700
61,28717
61,28763
61,28775
61,28815
61,28915
61,28959
61,28972
61,29006
61,29063
61,29128
61,29161
61,29163
61,29223
61,29247
61,29272
61,29408
61,29522
61,29527
61,29567
62,115
62,195
62,197
62,254
62,309
62,491
62,550
62,564
62,584
62,674
62,755
62,790
62,844
62,940
62,1012
62,1086
62,1243
62,1272
62,1311
62,1355
62,1368
62,1374
62,1415
62,1670
62,1687
62,1811
62,1905
62,1930
62,2009
62,2033
62,2082
62,2095
62,2098
62,2114
62,2187
62,2272
62,2366
62,2505
62,2516
62,2526
62,2637
62,2722
62,2736
62,2741
62,2742
62,2754
62,2773
62,2871
62,2895
62,2975
62,3115
62,3190
62,3399
62,3419
62,3467
62,3620
62,3643
62,3648
62,3667
62,3745
62,3757
62,3785
62,3794
62,3836
62,3873
62,3963
62,4029
62,4080
62,4120
62,4159
62,4183
62,4200
62,4253
62,4322
62,4406
62,4519
62,4632
62,4694
62,4751
62,4757
62,4830
62,4831
62,4917
62,5028
62,5091
62,5151
62,5159
62,5181
62,5189
62,5230
62,5256
62,5396
62,5499
62,5512
62,5536
62,5650
62,5754
62,5791
62,5974
62,5987
62,6214
62,6235
62,6358
62,6472
62,6497
62,6580
62,6595
62,6658
62,6672
62,6741
62,6762
62,6789
62,6826
62,6886
62,6941
62,7216
62,7279
62,7285
62,7394
62,7450
62,7460
62,7469
62,7709
62,7727
62,7732
62,7753
62,7790
62,7792
62,7824
62,7941
62,8007
62,8237
62,8287
62,8365
62,8390
62,8395
62,8410
62,8534
62,8611
62,8710
62,8742
62,8781
62,8828
62,8865
62,8880
62,8955
62,9186
62,9240
62,9312
62,9465
62,9533
62,9554
62,9555
62,9587
62,9667
62,9706
62,9713
62,9715
62,9788
62,9963
62,10119
62,10127
62,10181
62,10426
62,10471
62,10525
62,10570
62,10573
62,10577
62,10657
62,10697
62,10793
62,10815
62,10997
62,11065
62,11151
62,11209
62,11226
62,11367
62,11384
62,11536
62,11541
62,11595
62,11599
62,11685
62,11795
62,11933
62,11960
62,11968
62,12037
62,12048
62,12124
62,12137
62,12149
62,12241
62,12263
62,12368
62,12535
62,12603
62,12653
62,12740
62,12770
62,12888
62,13002
62,13039
62,13073
62,13123
62,13187
62,13201
62,13206
62,13216
62,13257
62,13258
62,13293
62,13334
62,13394
62,13462
62,13524
62,13562
62,13679
62,13691
62,13701
62,13749
62,13878
62,13928
62,14103
62,14255
62,14316
62,14348
62,14367
62,14407
62,14464
62,14515
62,14650
62,14669
62,14724
62,14838
62,14852
62,14958
62,14963
62,15037
62,15257
62,15266
62,15358
62,15570
62,15666
62,15740
62,15743
62,15823
62,15924
62,15939
62,15962
62,16211
62,16371
62,16389
62,16527
62,16533
62,16570
62,16582
62,16619
62,16639
62,16757
62,16823
62,16844
62,16896
62,16975
62,16984
62,16999
62,17016
62,17034
62,17038
62,17060
62,17114
62,17196
62,17385
62,17418
62,17562
62,17623
62,17671
62,17727
62,17730
62,17771
62,17798
62,17863
62,17878
62,17898
62,17915
62,18003
62,18018
62,18126
62,18161
62,18236
62,18321
62,18325
62,18355
62,18384
62,18388
62,18400
62,18424
62,18442
62,18463
62,18534
62,18664
62,18671
62,18698
62,18710
62,18778
62,18788
62,19068
62,19220
62,19263
62,19313
62,19350
62,19358
62,19737
62,19865
62,19982
62,20085
62,20088
62,20169
62,20362
62,20458
62,20586
62,20596
62,20851
62,20860
62,20931
62,20948
62,21144
62,21339
62,21386
62,21390
62,21420
62,21476
62,21483
62,21489
62,21613
62,21707
62,21714
62,21867
62,21877
62,21965
62,21993
62,22000
62,22104
62,22172
62,22180
62,22242
62,22278
62,22284
62,22350
62,22513
62,22648
62,22764
62,22827
62,22891
62,22963
62,23007
62,23042
62,23140
62,23237
62,23295
62,23312
62,23467
62,23504
62,23518
62,23616
62,23641
62,23697
62,23701
62,23706
62,23717
62,23782
62,23790
62,23997
62,24124
62,24169
62,24225
62,24234
62,24250
62,24258
62,24290
62,24384
62,24393
62,24413
62,24473
62,24517
62,24667
62,24698
62,24699
62,24731
62,24783
62,24786
62,24901
62,24984
62,24996
62,25038
62,25129
62,25251
62,25302
62,25335
62,25369
62,25376
62,25450
62,25451
62,25456
62,25511
62,25565
62,25602
62,25618
62,25644
62,25679
62,25695
62,25788
62,25852
62,25904
62,25942
62,25967
62,26032
62,26092
62,26133
62,26265
62,26279
62,26292
62,26513
62,26607
62,26646
62,26647
62,26648
62,26932
62,26937
62,26950
62,26971
62,26994
62,27086
62,27288
62,27314
62,27422
62,27499
62,27529
62,27550
62,27713
62,27752
62,27784
62,27829
62,27898
62,27923
62,28077
62,28131
62,28157
62,28297
62,28389
62,28436
62,28624
62,28665
62,28697
62,28721
62,28785
62,28825
62,29062
62,29176
62,29347
62,29420
63,9
63,80
63,194
63,229
63,241
63,389
63,454
63,622
63,778
63,822
63,913
63,945
63,1044
63,1047
63,1084
63,1151
63,1209
63,1417
63,1561
63,1577
63,1717
63,1722
63,1738
63,1897
63,1995
63,2064
63,2303
63,2357
63,2419
63,2604
63,2659
63,2669
63,2779
63,2782
63,2794
63,2896
63,3053
63,3060
63,3100
63,3109
63,3110
63,3179
63,3186
63,3392
63,3506
63,3664
63,3683
63,3690
63,3704
63,3741
63,3797
63,3882
63,3924
63,3929
63,3985
63,4198
63,4257
63,4276
63,4350
63,4475
63,4518
63,4843
63,4945
63,5004
63,5011
63,5027
63,5077
63,5740
63,5742
63,5808
63,5836
63,6110
63,6139
63,6242
63,6265
63,6309
63,6766
63,6834
63,7073
63,7079
63,7101
63,7139
63,7144
63,7327
63,7376
63,7537
63,7712
63,7777
63,7814
63,8121
63,8158
63,8350
63,8355
63,8441
63,8617
63,8803
63,9128
63,9151
63,9186
63,9254
63,9310
63,9541
63,9653
63,9663
63,9683
63,9747
63,9765
63,9797
63,9905
63,9994
63,10025
63,10154
63,10252
63,10326
63,10369
63,10409
63,10716
63,10753
63,10819
63,10847
63,10861
63,11016
63,11108
63,11119
63,11819
63,11854
63,11962
63,11988
63,12033
63,12051
63,12073
63,12108
63,12118
63,12202
63,12207
63,12296
63,12325
63,12641
63,12662
63,12670
63,12866
63,12949
63,13003
63,13070
63,13135
63,13156
63,13272
63,13350
63,13352
63,13386
63,13401
63,13449
63,13533
63,13571
63,13593
63,13653
63,13752
63,13756
63,13910
63,13931
63,13945
63,14094
63,14212
63,14293
63,14439
63,14520
63,14622
63,14687
63,14710
63,14732
63,14766
63,14809
63,14844
63,15122
63,15228
63,15359
63,15616
63,15645
63,15656
63,15720
63,15794
63,15858
63,16355
63,16381
63,17033
63,17053
63,17382
63,17410
63,17584
63,17635
63,17648
63,17742
63,17838
63,17893
63,17899
63,17901
63,18002
63,18062
63,18432
63,18611
63,18920
63,19104
63,19195
63,19239
63,19374
63,19624
63,19663
63,19670
63,19717
63,19778
63,19796
63,19797
63,19799
63,19936
63,20012
63,20109
63,20357
63,20368
63,20628
63,20902
63,20957
63,21048
63,21130
63,21169
63,21177
63,21448
63,21458
63,21540
63,21573
63,21939
63,22265
63,22289
63,22315
63,22327
63,22360
63,22530
63,22639
63,22833
63,23161
63,23286
63,23320
63,23321
63,23325
63,23351
63,23540
63,23695
63,23881
63,24078
63,24160
63,24182
63,24431
63,24668
63,24681
63,24694
63,24707
63,24727
63,24768
63,24823
63,24955
63,24960
63,25008
63,25040
63,25064
63,25069
63,25198
63,25302
63,25363
63,25413
63,25436
63,25505
63,25544
63,25604
63,25635
63,25636
63,25697
63,25749
63,25849
63,25917
63,25960
63,25991
63,26057
63,26215
63,26298
63,26345
63,26373
63,26399
63,26450
63,26456
63,26487
63,26564
63,26589
63,26948
63,26980
63,26996
63,27069
63,27132
63,27133
63,27137
63,27269
63,27273
63,27312
63,27331
63,27344
63,27391
63,27429
63,27491
63,27656
63,27779
63,27820
63,27831
63,27894
63,28170
63,28188
63,28234
63,28271
63,28410
63,28414
63,28485
63,28505
63,28579
63,28603
63,28928
63,29153
63,29164
63,29211
63,29231
63,29363
63,29434
63,29545
64,188
64,196
64,266
64,301
64,305
64,347
64,442
64,521
64,709
64,922
64,1039
64,1178
64,1187
64,1293
64,1326
64,1337
64,1348
64,1429
64,1489
64,1538
64,1578
64,1590
64,1600
64,1654
64,1737
64,1891
64,2193
64,2432
64,2794
64,2805
64,2942
64,3052
64,3161
64,3343
64,3482
64,3837
64,4229
64,4241
64,4396
64,4497
64,4515
64,4651
64,4698
64,4759
64,4781
64,4904
64,4906
64,4997
64,5125
64,5222
64,5238
64,5608
64,5616
64,5710
64,5731
64,5842
64,5868
64,5894
64,5935
64,6018
64,6093
64,6186
64,6200
64,6259
64,6357
64,6572
64,6858
64,7056
64,7071
64,7143
64,7185
64,7328
64,7354
64,7613
64,7703
64,7780
64,7815
64,8102
64,8182
64,8345
64,8566
64,8630
64,8641
64,9051
64,9148
64,9354
64,9446
64,9488
64,9604
64,9652
64,9710
64,9751
64,9780
64,9787
64,9902
64,9958
64,9963
64,10119
64,10169
64,10244
64,10535
64,10807
64,11009
64,11072
64,11153
64,11222
64,11246
64,11442
64,11617
64,11681
64,11708
64,11768
64,11851
64,11852
64,12486
64,12637
64,12650
64,12799
64,12891
64,12967
64,13161
64,13163
64,13224
64,13327
64,13339
64,13410
64,13413
64,13555
64,13559
64,13560
64,13561
64,13649
64,13739
64,13781
64,13882
64,13926
64,13937
64,13993
64,14146
64,14292
64,14378
64,14433
64,14482
64,14577
64,14890
64,14913
64,15010
64,15136
64,15300
64,15351
64,15382
64,15422
64,15450
64,15583
64,15700
64,15711
64,15913
64,15981
64,16100
64,16115
64,16166
64,16339
64,16400
64,16497
64,16514
64,16654
64,16687
64,16790
64,16794
64,16809
64,16907
64,16918
64,17027
64,17031
64,17137
64,17156
64,17244
64,17382
64,17429
64,17497
64,17699
64,17717
64,17728
64,17770
64,18069
64,18133
64,18462
64,18556
64,18655
64,18667
64,18676
64,18753
64,18852
64,18906
64,18982
64,19061
64,19124
64,19168
64,19211
64,19265
64,19282
64,19319
64,19367
64,19570
64,19584
64,19680
64,19703
64,20183
64,20475
64,20504
64,20580
64,20598
64,20725
64,20848
64,20872
64,20873
64,20916
64,20962
64,20984
64,20993
64,21293
64,21475
64,21651
64,21655
64,21720
64,21809
64,21949
64,21976
64,22163
64,22286
64,22386
64,22407
64,22452
64,22476
64,22541
64,22604
64,22641
64,22991
64,23067
64,23183
64,23335
64,23429
64,23601
64,23618
64,23633
64,23646
64,23706
64,23731
64,23798
64,23936
64,23998
64,24008
64,24263
64,24500
64,24508
64,24689
64,24723
64,24732
64,24839
64,24843
64,24865
64,25003
64,25018
64,25059
64,25093
64,25182
64,25304
64,25354
64,25404
64,25468
64,25494
64,25671
64,25982
64,26320
64,26326
64,26352
64,26433
64,26549
64,26556
64,26965
64,26985
64,27136
64,27239
64,27312
64,27500
64,27530
64,27553
64,27589
64,27620
64,27651
64,27699
64,27905
64,27982
64,28042
64,28484
64,28573
64,28599
64,28629
64,28642
64,28652
64,29008
64,29023
64,29251
64,29270
64,29447
64,29554
65,48
65,120
65,198
65,252
65,402
65,474
65,498
65,912
65,917
65,957
65,1312
65,1510
65,1582
65,1651
65,1698
65,1805
65,1851
65,1973
65,1974
65,2034
65,2131
65,2136
65,2260
65,2273
65,2490
65,2508
65,2531
65,2775
65,2812
65,2908
65,3060
65,3071
65,3147
65,3511
65,3601
65,3657
65,3668
65,3687
65,3783
65,3930
65,4279
65,4341
65,4369
65,4372
65,4384
65,4681
65,4732
65,4890
65,4972
65,4982
65,5030
65,5083
65,5089
65,5097
65,5144
65,5200
65,5211
65,5221
65,5322
65,5416
65,5642
65,5728
65,5765
65,5907
65,5987
65,6001
65,6003
65,6181
65,6418
65,6514
65,6574
65,6636
65,6670
65,6671
65,7050
65,7110
65,7398
65,7570
65,7680
65,7976
65,8053
65,8439
65,8546
65,8579
65,8610
65,8672
65,8675
65,8842
65,8844
65,8959
65,8971
65,9046
65,9098
65,9216
65,9225
65,9362
65,9427
65,9524
65,9634
65,9698
65,9781
65,9804
65,9825
65,9859
65,9877
65,9996
65,10018
65,10035
65,10036
65,10057
65,10113
65,10159
65,10215
65,10236
65,10273
65,10374
65,10400
65,10449
65,10476
65,10518
65,10627
65,10790
65,10845
65,10874
65,10954
65,10959
65,11081
65,11177
65,11457
65,11553
65,11680
65,11793
65,11819
65,11873
65,11984
65,11985
65,12267
65,12357
65,12363
65,12657
65,12664
65,12696
65,12728
65,12782
65,12920
65,13215
65,13297
65,13301
65,13585
65,13691
65,14058
65,14218
65,14248
65,14442
65,14448
65,14470
65,14570
65,14613
65,14672
65,14801
65,14807
65,14833
65,14843
65,15004
65,15111
65,15127
65,15293
65,15319
65,15480
65,15528
65,15540
65,15754
65,15818
65,15830
65,15841
65,15859
65,16150
65,16203
65,16280
65,16311
65,16406
65,16534
65,16680
65,16747
65,16929
65,17038
65,17137
65,17187
65,17223
65,17244
65,17259
65,17273
65,17284
65,17455
65,17511
65,17726
65,17809
65,17840
65,17962
65,18040
65,18045
65,18109
65,18121
65,18194
65,18201
65,18349
65,18485
65,18502
65,18508
65,18673
65,18681
65,18882
65,19032
65,19468
65,19473
65,19693
65,19825
65,19859
65,19913
65,19980
65,20271
65,20336
65,20386
65,20388
65,20491
65,20520
65,20524
65,20588
65,20623
65,20952
65,21088
65,21112
65,21157
65,21161
65,21241
65,21265
65,21346
65,21565
65,21723
65,21732
65,21919
65,21999
65,22067
65,22086
65,22184
65,22430
65,22801
65,22888
65,22898
65,23032
65,23147
65,23177
65,23237
65,23303
65,23489
65,23547
65,23639
65,23663
65,23755
65,23815
65,23854
65,23993
65,24041
65,24118
65,24207
65,24277
65,24326
65,24376
65,24483
65,24489
65,24554
65,24586
65,24773
65,24793
65,25055
65,25056
65,25061
65,25607
65,25806
65,26107
65,26223
65,26240
65,26318
65,26319
65,26358
65,26365
65,26472
65,26608
65,26723
65,26835
65,26961
65,27059
65,27365
65,27559
65,27745
65,27748
65,27968
65,28431
65,28491
65,28517
65,28593
65,28640
65,28783
65,29083
65,29123
65,29155
65,29310
65,29332
65,29424
65,29455
66,22
66,86
66,132
66,245
66,309
66,370
66,456
66,704
66,956
66,1052
66,1227
66,1272
66,1414
66,1504
66,1539
66,1751
66,1808
66,1837
66,1911
66,1957
66,2059
66,2119
66,2169
66,2227
66,2326
66,2356
66,2358
66,2543
66,2600
66,2643
66,2854
66,2864
66,3006
66,3010
66,3122
66,3168
66,3249
66,3293
66,3334
66,3418
66,3577
66,3673
66,3801
66,3827
66,3897
66,4074
66,4304
66,4418
66,4647
66,4762
66,4849
66,4907
66,5012
66,5018
66,5189
66,5403
66,5490
66,5516
66,5980
66,6041
66,6262
66,6388
66,6562
66,6614
66,6675
66,6823
66,6859
66,6901
66,6963
66,7000
66,7095
66,7233
66,7317
66,7379
66,7440
66,7619
66,7759
66,8061
66,8209
66,8256
66,8399
66,8421
66,8459
66,8540
66,8601
66,8739
66,8970
66,9074
66,9081
66,9120
66,9174
66,9274
66,9324
66,9329
66,9484
66,9517
66,9775
66,9930
66,9933
66,9965
66,10120
66,10126
66,10176
66,10242
66,10407
66,10644
66,10706
66,10959
66,11018
66,11026
66,11253
66,11359
66,11406
66,11425
66,11510
66,11552
66,11671
66,11845
66,11963
66,12011
66,12449
66,12623
66,12802
66,13539
66,13762
66,13979
66,14134
66,14200
66,14321
66,14369
66,14425
66,14493
66,14603
66,14704
66,14754
66,14766
66,14790
66,14843
66,14893
66,14923
66,15002
66,15161
66,15210
66,15346
66,15349
66,15418
66,15509
66,15565
66,15668
66,15677
66,15866
66,16038
66,16188
66,16219
66,16250
66,16313
66,16919
66,16948
66,17065
66,17123
66,17148
66,17237
66,17331
66,17582
66,17684
66,17792
66,18025
66,18171
66,18484
66,18698
66,18702
66,18726
66,18971
66,19013
66,19016
66,19125
66,19179
66,19180
66,19518
66,19616
66,19671
66,19675
66,19851
66,20002
66,20015
66,20031
66,20519
66,20755
66,20759
66,20789
66,20900
66,21120
66,21194
66,21236
66,21249
66,21406
66,21431
66,21597
66,21877
66,22047
66,22055
66,22272
66,22292
66,22326
66,22360
66,22375
66,22406
66,22512
66,22788
66,23061
66,23096
66,23269
66,23278
66,23367
66,23391
66,23555
66,23567
66,23597
66,23600
66,23601
66,23644
66,23654
66,23851
66,23990
66,24182
66,24523
66,24524
66,24582
66,24878
66,24921
66,25035
66,25336
66,25589
66,25685
66,25772
66,25927
66,25954
66,26092
66,26218
66,26248
66,26282
66,26290
66,26369
66,26381
66,26448
66,26491
66,26492
66,26507
66,26564
66,26659
66,26665
66,26692
66,26823
66,26832
66,26912
66,27218
66,27281
66,27438
66,27510
66,27626
66,27688
66,27862
66,27865
66,27914
66,27958
66,28034
66,28252
66,28442
66,28487
66,28618
66,28760
66,28904
66,28943
66,28950
66,29404
66,29464
66,29519
67,54
67,122
67,142
67,160
67,341
67,343
67,387
67,415
67,501
67,722
67,865
67,1037
67,1040
67,1142
67,1153
67,1157
67,1183
67,1263
67,1271
67,1298
67,1431
67,1522
67,1566
67,1654
67,1698
67,1879
67,1880
67,1898
67,1970
67,2120
67,2207
67,2479
67,2514
67,2669
67,2692
67,2709
67,2807
67,2821
67,3019
67,3069
67,3139
67,3205
67,3262
67,3413
67,3416
67,3492
67,3498
67,3600
67,3725
67,3766
67,3837
67,3854
67,3856
67,3874
67,3993
67,4047
67,4087
67,4159
67,4209
67,4269
67,4300
67,4349
67,4419
67,4474
67,4538
67,4595
67,4626
67,4644
67,4690
67,4746
67,4850
67,4865
67,4894
67,4994
67,5002
67,5106
67,5138
67,5166
67,5173
67,5437
67,5537
67,5573
67,5590
67,5689
67,5778
67,5820
67,5910
67,6079
67,6147
67,6159
67,6202
67,6349
67,6364
67,6701
67,6755
67,6768
67,6922
67,7224
67,7254
67,7318
67,7351
67,7356
67,7372
67,7414
67,7581
67,7637
67,7791
67,7854
67,7889
67,7900
67,7907
67,7925
67,8093
67,8256
67,8303
67,8311
67,8412
67,8547
67,8647
67,8923
67,9051
67,9070
67,9163
67,9331
67,9502
67,9819
67,10065
67,10230
67,10252
67,10310
67,10345
67,10588
67,10916
67,11085
67,11134
67,11149
67,11311
67,11505
67,11531
67,11797
67,11969
67,12058
67,12188
67,12307
67,12445
67,12730
67,12929
67,13096
67,13118
67,13152
67,13300
67,13413
67,13500
67,13544
67,13796
67,13855
67,13878
67,13903
67,13971
67,14113
67,14253
67,14340
67,14490
67,14492
67,14598
67,14736
67,14954
67,14979
67,15006
67,15079
67,15152
67,15203
67,15218
67,15304
67,15327
67,15509
67,15521
67,15614
67,15691
67,15780
67,15975
67,16026
67,16109
67,16256
67,16590
67,16776
67,16820
67,17044
67,17213
67,17226
67,17258
67,17340
67,17508
67,17584
67,17621
67,17703
67,17759
67,17855
67,17931
67,17987
67,18024
67,18134
67,18351
67,18528
67,18690
67,18762
67,18778
67,19211
67,19279
67,19315
67,19317
67,19326
67,19334
67,19386
67,19554
67,19607
67,19626
67,19676
67,19857
67,20081
67,20083
67,20149
67,20318
67,20364
67,20390
67,20581
67,20628
67,20658
67,20806
67,20842
67,20977
67,20983
67,21197
67,21221
67,21281
67,21342
67,21351
67,21538
67,21577
67,21615
67,21700
67,21819
67,22052
67,22116
67,22136
67,22139
67,22311
67,22401
67,22411
67,22435
67,22541
67,22605
67,22693
67,22797
67,22959
67,23251
67,23420
67,23446
67,23518
67,23659
67,23779
67,23817
67,23847
67,23891
67,23912
67,24084
67,24159
67,24201
67,24254
67,24350
67,24540
67,24560
67,24707
67,24723
67,24885
67,25089
67,25417
67,25524
67,25594
67,25682
67,25743
67,25774
67,25899
67,25920
67,25938
67,25940
67,25993
67,26152
67,26209
67,26220
67,26280
67,26458
67,26895
67,26911
67,26959
67,27064
67,27110
67,27219
67,27222
67,27339
67,27506
67,27531
67,27562
67,27564
67,27622
67,27719
67,27843
67,27914
67,27939
67,28046
67,28150
67,28166
67,28336
67,28423
67,28769
67,28940
67,29096
67,29129
67,29299
67,29393
67,29411
67,29498
67,29531
68,45
68,46
68,135
68,249
68,290
68,334
68,402
68,477
68,501
68,505
68,656
68,994
68,1182
68,1395
68,1396
68,1762
68,1804
68,2015
68,2031
68,2051
68,2066
68,2103
68,2146
68,2288
68,2379
68,2732
68,2842
68,2861
68,2905
68,2963
68,2997
68,3016
68,3032
68,3176
68,3182
68,3274
68,3281
68,3618
68,3757
68,3895
68,3963
68,3991
68,4110
68,4161
68,4165
68,4217
68,4334
68,4445
68,4467
68,4481
68,4483
68,4602
68,4779
68,4990
68,5064
68,5192
68,5247
68,5248
68,5280
68,5317
68,5358
68,5398
68,5547
68,5639
68,5725
68,5799
68,5889
68,6162
68,6166
68,6176
68,6200
68,6213
68,6220
68,6224
68,6309
68,6321
68,6495
68,6514
68,6515
68,6520
68,6648
68,6730
68,6743
68,6925
68,7103
68,7108
68,7110
68,7201
68,7264
68,7306
68,7353
68,7386
68,7413
68,7416
68,7452
68,7466
68,7720
68,7746
68,7915
68,8085
68,8117
68,8156
68,8172
68,8212
68,8225
68,8348
68,8389
68,8432
68,8464
68,8524
68,8628
68,8640
68,8649
68,8656
68,8683
68,8744
68,8754
68,8927
68,9192
68,9263
68,9314
68,9544
68,9718
68,9738
68,9775
68,9786
68,9824
68,9871
68,9879
68,9945
68,10041
68,10079
68,10353
68,10529
68,10598
68,10700
68,10764
68,11001
68,11161
68,11309
68,11317
68,11326
68,11407
68,11459
68,11493
68,11639
68,11772
68,11856
68,11964
68,12034
68,12076
68,12266
68,12489
68,12640
68,12750
68,12795
68,12811
68,13047
68,13216
68,13260
68,13299
68,13405
68,13425
68,13451
68,13489
68,13651
68,13681
68,13818
68,13881
68,14066
68,14073
68,14132
68,14155
68,14202
68,14263
68,14300
68,14428
68,14485
68,14516
68,14535
68,14723
68,14890
68,15022
68,15125
68,15185
68,15392
68,15419
68,15567
68,15628
68,15634
68,15824
68,15851
68,15878
68,15955
68,16000
68,16062
68,16139
68,16185
68,16243
68,16281
68,16449
68,16583
68,16688
68,16756
68,16909
68,16927
68,16973
68,17011
68,17517
68,17650
68,17669
68,17698
68,17716
68,17765
68,17977
68,18055
68,18061
68,18065
68,18162
68,18228
68,18288
68,18363
68,18396
68,18449
68,18798
68,18825
68,19050
68,19182
68,19269
68,19279
68,19382
68,19544
68,19547
68,19548
68,19555
68,19672
68,19697
68,19781
68,19840
68,20105
68,20154
68,20377
68,20403
68,20563
68,20616
68,20643
68,20652
68,20795
68,20818
68,20849
68,20889
68,20952
68,21054
68,21193
68,21214
68,21329
68,21360
68,21407
68,21496
68,21562
68,21568
68,21600
68,21763
68,21880
68,21996
68,22028
68,22056
68,22115
68,22212
68,22376
68,22585
68,22648
68,22689
68,22940
68,22989
68,23015
68,23041
68,23226
68,23310
68,23349
68,23654
68,23663
68,23729
68,23832
68,23869
68,23886
68,23888
68,24051
68,24078
68,24120
68,24224
68,24325
68,24372
68,24415
68,24523
68,24531
68,24751
68,24756
68,24906
68,24935
68,24958
68,25127
68,25162
68,25261
68,25341
68,25373
68,25697
68,25725
68,25757
68,25770
68,25825
68,25866
68,25982
68,26140
68,26301
68,26641
68,26691
68,26810
68,26939
68,26953
68,27080
68,27135
68,27137
68,27349
68,27562
68,27652
68,27708
68,28019
68,28065
68,28153
68,28345
68,28495
68,28559
68,28582
68,28596
68,28757
68,28780
68,28817
68,29178
68,29211
68,29481
69,110
69,187
69,189
69,353
69,495
69,585
69,600
69,647
69,924
69,1090
69,1147
69,1175
69,1274
69,1317
69,1368
69,1590
69,1705
69,1748
69,1779
69,1789
69,1846
69,1923
69,1947
69,1965
69,1980
69,1998
69,2043
69,2088
69,2210
69,2429
69,2437
69,2470
69,2545
69,2573
69,2613
69,2759
69,2799
69,2819
69,2825
69,2915
69,2918
69,2953
69,2995
69,3040
69,3129
69,3240
69,3306
69,3402
69,3453
69,3639
69,3696
69,3780
69,3844
69,3849
69,4266
69,4357
69,4390
69,4422
69,4501
69,4596
69,4663
69,4677
69,4691
69,4736
69,4749
69,4790
69,4858
69,5018
69,5411
69,5704
69,5710
69,5802
69,5925
69,6173
69,6307
69,6336
69,6341
69,6388
69,6450
69,6547
69,6548
69,6640
69,6662
69,6678
69,6693
69,6851
69,6852
69,6853
69,6968
69,7037
69,7078
69,7096
69,7100
69,7178
69,7192
69,7244
69,7268
69,7332
69,7410
69,7479
69,7673
69,7701
69,7703
69,7791
69,7884
69,7996
69,8046
69,8274
69,8336
69,8374
69,8451
69,8596
69,8712
69,8714
69,8768
69,8793
69,8957
69,9016
69,9057
69,9263
69,9280
69,9334
69,9416
69,9530
69,9546
69,9628
69,9629
69,9636
69,9666
69,9802
69,9843
69,9844
69,9850
69,9854
69,9940
69,9949
69,10012
69,10034
69,10210
69,10274
69,10345
69,10535
69,10701
69,10753
69,10864
69,10871
69,10936
69,11077
69,11160
69,11205
69,11302
69,11428
69,11560
69,11689
69,11714
69,11723
69,11749
69,11783
69,11793
69,11889
69,12095
69,12356
69,12364
69,12395
69,12670
69,13107
69,13144
69,13281
69,13408
69,13436
69,13443
69,13591
69,13786
69,13833
69,13838
69,13860
69,13982
69,13993
69,14004
69,14008
69,14014
69,14057
69,14165
69,14271
69,14355
69,14410
69,14448
69,14460
69,14473
69,14526
69,14593
69,14594
69,14600
69,14794
69,14929
69,15026
69,15134
69,15150
69,15215
69,15266
69,15318
69,15450
69,15463
69,15571
69,15618
69,15687
69,15737
69,15828
69,15837
69,15935
69,16090
69,16094
69,16196
69,16215
69,16225
69,16253
69,16560
69,16570
69,16670
69,16696
69,16699
69,16890
69,16942
69,17017
69,17134
69,17143
69,17227
69,17232
69,17249
69,17264
69,17319
69,17390
69,17404
69,17548
69,17558
69,17609
69,17611
69,17621
69,17703
69,17863
69,17976
69,18027
69,18127
69,18189
69,18195
69,18203
69,18549
69,18887
69,18937
69,19145
69,19456
69,19630
69,19639
69,19813
69,19850
69,19873
69,19940
69,20094
69,20119
69,20257
69,20274
69,20405
69,20447
69,20514
69,20624
69,20659
69,20761
69,20765
69,20868
69,21006
69,21255
69,21380
69,21397
69,21599
69,21666
69,21768
69,21805
69,21823
69,21843
69,21976
69,22075
69,22149
69,22346
69,22379
69,22499
69,22531
69,22591
69,22723
69,22916
69,22939
69,23024
69,23217
69,23362
69,23394
69,23403
69,23472
69,23532
69,23637
69,23684
69,23804
69,23992
69,24009
69,24037
69,24132
69,24213
69,24284
69,24342
69,24594
69,24629
69,24881
69,24949
69,25213
69,25242
69,25362
69,25439
69,25461
69,25486
69,25641
69,25791
69,25883
69,26175
69,26265
69,26368
69,26431
69,26516
69,26528
69,26825
69,26915
69,26959
69,27165
69,27197
69,27562
69,27720
69,27835
69,27856
69,27871
69,27964
69,28493
69,28689
69,29013
69,29045
69,29078
69,29179
69,29338
69,29468
69,29555
70,62
70,133
70,156
70,386
70,451
70,493
70,642
70,703
70,720
70,799
70,838
70,868
70,927
70,931
70,1004
70,1011
70,1077
70,1124
70,1146
70,1207
70,1312
70,1374
70,1557
70,1573
70,1888
70,1901
70,1955
70,2025
70,2038
70,2096
70,2202
70,2246
70,2372
70,2518
70,2521
70,2522
70,2696
70,2761
70,2851
70,2895
70,3026
70,3032
70,3198
70,3310
70,3354
70,3475
70,3491
70,3554
70,3592
70,3617
70,3727
70,3732
70,3740
70,3773
70,3801
70,3942
70,4135
70,4189
70,4238
70,4250
70,4532
70,4562
70,4594
70,4620
70,4649
70,4731
70,4785
70,4965
70,5058
70,5185
70,5247
70,5272
70,5522
70,5573
70,6017
70,6102
70,6230
70,6247
70,6548
70,6579
70,6583
70,6665
70,6852
70,6892
70,6917
70,6926
70,7031
70,7056
70,7120
70,7249
70,7254
70,7494
70,7505
70,7912
70,7985
70,8184
70,8305
70,8325
70,8369
70,8437
70,8661
70,8746
70,8789
70,8809
70,8963
70,9107
70,9265
70,9693
70,9694
70,9960
70,10036
70,10060
70,10120
70,10165
70,10181
70,10225
70,10279
70,10404
70,10503
70,10758
70,10854
70,10950
70,11019
70,11080
70,11147
70,11264
70,11301
70,11310
70,11311
70,11328
70,11338
70,11573
70,11607
70,11702
70,11771
70,11795
70,11851
70,11941
70,12312
70,12329
70,12334
70,12338
70,12420
70,12526
70,13010
70,13018
70,13286
70,13303
70,13487
70,13501
70,13585
70,13675
70,13820
70,13857
70,14149
70,14416
70,14628
70,14640
70,14832
70,15019
70,15120
70,15205
70,15216
70,15376
70,15463
70,15510
70,15612
70,15622
70,16118
70,16156
70,16233
70,16284
70,16288
70,16302
70,16392
70,16393
70,16531
70,16585
70,16708
70,16761
70,16868
70,16974
70,17171
70,17291
70,17334
70,17428
70,17610
70,17644
70,17647
70,17679
70,17855
70,17953
70,18007
70,18130
70,18162
70,18280
70,18306
70,18364
70,18506
70,18602
70,18680
70,18871
70,19027
70,19091
70,19098
70,19138
70,19536
70,19583
70,19638
70,19680
70,19807
70,19860
70,20120
70,20126
70,20226
70,20300
70,20404
70,20421
70,20623
70,20651
70,20662
70,20682
70,20846
70,20884
70,20888
70,20948
70,20965
70,21103
70,21143
70,21184
70,21211
70,21278
70,21363
70,21532
70,21668
70,21779
70,21946
70,21956
70,21975
70,22019
70,22091
70,22305
70,22312
70,22471
70,22559
70,22691
70,22699
70,22755
70,22764
70,22861
70,22865
70,22950
70,23009
70,23082
70,23132
70,23157
70,23476
70,23558
70,23640
70,23703
70,23852
70,23987
70,24013
70,24086
70,24135
70,24230
70,24448
70,24669
70,24678
70,24862
70,24948
70,25146
70,25189
70,25222
70,25245
70,25508
70,25592
70,25601
70,25883
70,25943
70,25981
70,26211
70,26365
70,26407
70,26453
70,26555
70,26561
70,26615
70,26830
70,26852
70,26967
70,26995
70,27015
70,27163
70,27206
70,27289
70,27435
70,27665
70,27684
70,27741
70,27756
70,27943
70,27955
70,27991
70,28101
70,28142
70,28258
70,28402
70,28448
70,28489
70,28505
70,28570
70,28590
70,28603
70,28651
70,28707
70,28742
70,28846
70,28859
70,28902
70,28945
70,29122
70,29414
70,29424
70,29443
70,29444
71,99
71,412
71,452
71,469
71,511
71,756
71,937
71,1314
71,1324
71,1461
71,1462
71,1633
71,1984
71,1991
71,2009
71,2195
71,2234
71,2274
71,2493
71,2572
71,2617
71,2753
71,2776
71,2836
71,2927
71,2974
71,3048
71,3174
71,3239
71,3794
71,4228
71,4239
71,4301
71,4380
71,4387
71,4722
71,4769
71,4930
71,5011
71,5147
71,5229
71,5316
71,5406
71,5446
71,5453
71,5575
71,5686
71,5870
71,6413
71,6514
71,6608
71,6640
71,6692
71,6814
71,7011
71,7375
71,7404
71,7479
71,7630
71,7664
71,7883
71,7908
71,8273
71,8338
71,8730
71,8827
71,8900
71,9127
71,9248
71,9367
71,9442
71,9484
71,9708
71,9715
71,10158
71,10165
71,10198
71,10279
71,10637
71,10639
71,11226
71,11232
71,11401
71,11535
71,12141
71,12214
71,12289
71,12533
71,12575
71,12579
71,12596
71,12626
71,12638
71,12706
71,12812
71,13094
71,13183
71,13557
71,13776
71,13887
71,14012
71,14131
71,14233
71,14509
71,14623
71,14689
71,14740
71,14812
71,14946
71,15274
71,15304
71,15395
71,15467
71,15481
71,15654
71,15884
71,16002
71,16174
71,16402
71,16648
71,16710
71,16907
71,17143
71,17216
71,17237
71,17328
71,17423
71,17476
71,17732
71,17821
71,17932
71,18067
71,18150
71,18365
71,18371
71,18470
71,18499
71,18565
71,18631
71,18660
71,18842
71,19053
71,19134
71,19394
71,19480
71,19642
71,19829
71,20044
71,20436
71,20437
71,20476
71,20643
71,20702
71,20894
71,20948
71,21027
71,21034
71,21112
71,21183
71,21265
71,21336
71,21388
71,21722
71,21814
71,21982
71,22568
71,22715
71,22729
71,22737
71,22812
71,22969
71,23051
71,23090
71,23345
71,23371
71,23395
71,23579
71,23674
71,23710
71,23717
71,23759
71,23860
71,23886
71,23963
71,23968
71,24080
71,24115
71,24178
71,24195
71,24341
71,24515
71,24715
71,24907
71,24987
71,25021
71,25261
71,25277
71,25328
71,25366
71,25480
71,25617
71,25755
71,25871
71,25916
71,26354
71,26404
71,26816
71,26854
71,26972
71,27064
71,27204
71,27271
71,27464
71,27548
71,27711
71,27780
71,27803
71,27943
71,27970
71,28510
71,28610
71,28621
71,28663
71,28687
71,28820
71,28955
72,21
72,99
72,632
72,706
72,859
72,1056
72,1414
72,1466
72,1550
72,1555
72,1569
72,1570
72,2068
72,2100
72,2135
72,2181
72,2385
72,2485
72,2506
72,2789
72,3046
72,3050
72,3068
72,3163
72,3184
72,3351
72,3360
72,3457
72,3725
72,3878
72,3892
72,4056
72,4162
72,4302
72,4513
72,4525
72,4549
72,4623
72,4630
72,4790
72,5234
72,5520
72,5605
72,5934
72,5957
72,6026
72,6325
72,6351
72,6648
72,6744
72,6846
72,6940
72,7245
72,7384
72,7435
72,7883
72,7919
72,8000
72,8389
72,8454
72,8521
72,8541
72,8654
72,8973
72,9115
72,9238
72,9291
72,9417
72,9638
72,9764
72,9893
72,10070
72,10357
72,10369
72,10370
72,10606
72,10612
72,10698
72,11033
72,11045
72,11178
72,11203
72,11253
72,11404
72,11756
72,12177
72,12220
72,12286
72,12627
72,12632
72,12679
72,12734
72,12995
72,13098
72,13159
72,13416
72,13468
72,13591
72,13636
72,13640
72,13676
72,13680
72,13883
72,13903
72,13925
72,13986
72,14031
72,14445
72,14581
72,14606
72,14935
72,15248
72,15302
72,15507
72,16232
72,16330
72,16409
72,16553
72,16598
72,16714
72,16961
72,16965
72,17121
72,17341
72,17366
72,17376
72,17379
72,17448
72,17638
72,17684
72,17819
72,17854
72,17940
72,18269
72,18296
72,18751
72,18789
72,19041
72,19146
72,19487
72,19870
72,19886
72,19957
72,19973
72,19988
72,20267
72,20296
72,20806
72,20889
72,21166
72,21555
72,21893
72,21930
72,21968
72,21979
72,22044
72,22071
72,22286
72,22343
72,22406
72,22670
72,22692
72,22797
72,22822
72,22917
72,23210
72,23370
72,23396
72,23544
72,23679
72,23790
72,23822
72,23912
72,23936
72,24044
72,24061
72,24560
72,24569
72,24596
72,24601
72,24996
72,25035
72,25136
72,25215
72,25216
72,25323
72,25355
72,25582
72,25593
72,25626
72,25651
72,25706
72,25847
72,25861
72,25886
72,26032
72,26261
72,26410
72,26457
72,26513
72,26556
72,26578
72,26637
72,26737
72,26807
72,27121
72,27222
72,27295
72,27513
72,27581
72,27781
72,27956
72,28203
72,28227
72,28238
72,28367
72,28379
72,28392
72,28465
72,28612
72,28842
72,29070
72,29091
72,29222
72,29338
72,29382
72,29468
72,29514
73,684
73,782
73,846
73,870
73,871
73,894
73,906
73,913
73,1274
73,1395
73,1416
73,1483
73,1545
73,1560
73,1666
73,1709
73,2004
73,2094
73,2395
73,2463
73,2599
73,2703
73,2768
73,2781
73,2914
73,2973
73,3085
73,3221
73,3490
73,3547
73,3698
73,3850
73,3942
73,4069
73,4284
73,4310
73,4590
73,4691
73,4826
73,4994
73,5218
73,5284
73,5311
73,5641
73,5710
73,5767
73,5796
73,5860
73,5888
73,6113
73,6407
73,6803
73,6864
73,7257
73,7265
73,7269
73,8046
73,8053
73,8072
73,8431
73,8476
73,8572
73,8701
73,8844
73,9160
73,9312
73,9345
73,9465
73,9544
73,9564
73,9876
73,9996
73,10042
73,10136
73,10183
73,10375
73,10555
73,10656
73,10829
73,11195
73,11759
73,11774
73,11877
73,12093
73,12096
73,12112
73,12213
73,12280
73,12521
73,12884
73,12955
73,13023
73,13100
73,13201
73,13217
73,13355
73,13359
73,13365
73,13465
73,13487
73,13500
73,13668
73,13814
73,14087
73,14216
73,14649
73,14880
73,15190
73,15370
73,15594
73,15838
73,15862
73,15933
73,16142
73,16247
73,16260
73,16262
73,16732
73,16827
73,17007
73,17087
73,17096
73,17116
73,17352
73,17502
73,17836
73,18121
73,18321
73,18604
73,18669
73,18740
73,18886
73,18915
73,18947
73,18963
73,19020
73,19034
73,19065
73,19104
73,19240
73,19342
73,19400
73,19729
73,19882
73,20252
73,20350
73,20637
73,20693
73,20736
73,20756
73,20989
73,21041
73,21105
73,21157
73,21412
73,21553
73,21613
73,21650
73,22175
73,22193
73,22227
73,22242
73,22275
73,22322
73,22427
73,22541
73,22882
73,22952
73,23101
73,23139
73,23312
73,23399
73,23512
73,23634
73,23637
73,23735
73,23754
73,23795
73,23973
73,24003
73,24007
73,24049
73,24154
73,24190
73,24210
73,24240
73,24271
73,24311
73,24347
73,24495
73,24699
73,24707
73,24877
73,25113
73,25187
73,25196
73,25287
73,25349
73,25378
73,25651
73,25673
73,25722
73,25730
73,25803
73,25834
73,26038
73,26098
73,26282
73,26320
73,26507
73,26594
73,26651
73,26711
73,26770
73,27000
73,27066
73,27458
73,27618
73,27732
73,27824
73,27987
73,27995
73,28025
73,28073
73,28353
73,28376
73,28382
73,28452
73,28574
73,29022
73,29248
73,29261
73,29374
73,29488
74,91
74,438
74,606
74,681
74,1016
74,1131
74,1242
74,1244
74,1273
74,1420
74,1507
74,2042
74,2232
74,2364
74,2398
74,2522
74,2562
74,2662
74,2709
74,2817
74,2882
74,2997
74,3124
74,3323
74,3519
74,3851
74,3896
74,4021
74,4087
74,4131
74,4199
74,4461
74,4539
74,4652
74,4679
74,4847
74,4933
74,4950
74,5130
74,5346
74,5506
74,5770
74,5779
74,5885
74,5970
74,6079
74,6114
74,6222
74,6311
74,6358
74,6399
74,6404
74,6471
74,6477
74,6576
74,6685
74,6799
74,6840
74,7049
74,7054
74,7120
74,7611
74,7877
74,8047
74,8157
74,8208
74,8248
74,8280
74,8374
74,8826
74,8854
74,9018
74,9257
74,9349
74,9545
74,9707
74,9768
74,10243
74,10408
74,10568
74,10627
74,10772
74,11124
74,11140
74,11364
74,11393
74,11604
74,11641
74,11725
74,11790
74,11795
74,11872
74,11918
74,12177
74,12212
74,12272
74,12274
74,12309
74,12449
74,12499
74,12578
74,12737
74,13391
74,13420
74,13584
74,13602
74,13751
74,13781
74,13979
74,13997
74,14010
74,14045
74,14105
74,14142
74,14150
74,14198
74,14299
74,14556
74,14642
74,14673
74,14767
74,14873
74,14936
74,14980
74,15378
74,15564
74,15612
74,15776
74,16023
74,16034
74,16130
74,16207
74,16212
74,16213
74,16826
74,16998
74,17004
74,17038
74,17127
74,17441
74,17493
74,17694
74,17966
74,18165
74,18218
74,18278
74,18335
74,18413
74,18627
74,18825
74,19040
74,19276
74,19425
74,19581
74,19595
74,19747
74,19913
74,19929
74,20070
74,20714
74,20799
74,20890
74,20986
74,21156
74,21335
74,21414
74,21417
74,21505
74,21509
74,21700
74,21737
74,21772
74,21790
74,21843
74,21887
74,21917
74,22070
74,22204
74,22391
74,22727
74,22839
74,22843
74,23092
74,23204
74,23246
74,23305
74,23358
74,23400
74,23437
74,23482
74,23635
74,23638
74,23768
74,23855
74,24276
74,24291
74,24320
74,24361
74,24635
74,24854
74,24877
74,24890
74,24906
74,24974
74,25277
74,25528
74,25529
74,25686
74,26119
74,26189
74,26316
74,26504
74,26565
74,26608
74,26612
74,26770
74,26957
74,27138
74,27315
74,27460
74,27512
74,27563
74,27612
74,27661
74,27708
74,27780
74,28011
74,28034
74,28126
74,28225
74,28290
74,28453
74,28620
74,28715
74,28740
74,28861
74,29464
74,29502
75,135
75,203
75,310
75,455
75,569
75,597
75,608
75,660
75,710
75,713
75,775
75,794
75,902
75,926
75,1029
75,1079
75,1086
75,1146
75,1563
75,1720
75,1738
75,1847
75,2202
75,2288
75,2316
75,2454
75,2465
75,2766
75,2965
75,2983
75,3561
75,3564
75,3683
75,3813
75,3936
75,3954
75,3974
75,4031
75,4295
75,4522
75,4536
75,4679
75,4974
75,4981
75,5155
75,5349
75,5415
75,5437
75,5678
75,5785
75,5885
75,6154
75,6182
75,6386
75,6552
75,6791
75,6897
75,6924
75,6987
75,7168
75,7207
75,7288
75,7305
75,7584
75,7679
75,7768
75,7771
75,7822
75,7828
75,7884
75,8150
75,8319
75,8375
75,8459
75,8463
75,8519
75,8599
75,8634
75,8643
75,8657
75,9069
75,9151
75,9265
75,9327
75,9354
75,9455
75,9583
75,9600
75,9641
75,9661
75,9723
75,9824
75,9832
75,9833
75,9942
75,9963
75,10021
75,10362
75,10431
75,10517
75,10673
75,10689
75,10952
75,11014
75,11265
75,11305
75,11461
75,11472
75,11760
75,11886
75,11975
75,12246
75,12698
75,12761
75,12781
75,12933
75,12999
75,13010
75,13027
75,13124
75,13143
75,13172
75,13290
75,13356
75,13401
75,13438
75,13461
75,13489
75,13600
75,13778
75,13987
75,14297
75,14329
75,14453
75,14479
75,14501
75,14628
75,14723
75,15349
75,15372
75,15545
75,15604
75,15616
75,15641
75,15785
75,15819
75,15932
75,16037
75,16098
75,16255
75,16286
75,16583
75,16596
75,17558
75,17608
75,17674
75,17714
75,17774
75,17797
75,17896
75,17994
75,18235
75,18399
75,18608
75,18997
75,19059
75,19184
75,19189
75,19235
75,19454
75,19517
75,19670
75,19680
75,19808
75,19815
75,19861
75,19969
75,20083
75,20230
75,20397
75,20517
75,20519
75,20524
75,20729
75,20950
75,21134
75,21238
75,21438
75,21508
75,21576
75,21729
75,21763
75,21873
75,21886
75,21908
75,22083
75,22090
75,22256
75,22434
75,22519
75,22650
75,22723
75,22900
75,23027
75,23116
75,23134
75,23178
75,23281
75,23313
75,23457
75,23484
75,23550
75,23563
75,24070
75,24187
75,24266
75,24287
75,24298
75,24430
75,24579
75,24584
75,24742
75,24968
75,25001
75,25330
75,25432
75,25450
75,25578
75,25649
75,25785
75,25827
75,25834
75,26023
75,26090
75,26272
75,26453
75,26654
75,26731
75,26750
75,26839
75,26886
75,27039
75,27391
75,27449
75,27513
75,27517
75,27598
75,27648
75,27753
75,27839
75,27917
75,28028
75,28125
75,28304
75,28714
75,28946
75,29215
75,29309
75,29517
76,5
76,61
76,146
76,148
76,220
76,231
76,281
76,396
76,507
76,687
76,805
76,815
76,838
76,905
76,937
76,1030
76,1056
76,1148
76,1591
76,1936
76,2148
76,2264
76,2317
76,2464
76,2835
76,2841
76,3087
76,3163
76,3221
76,3405
76,3597
76,3675
76,3758
76,3774
76,3848
76,3950
76,3972
76,3988
76,4025
76,4053
76,4411
76,4414
76,4833
76,4905
76,5054
76,5230
76,5634
76,5819
76,5827
76,5836
76,5850
76,6090
76,6318
76,6375
76,6432
76,6628
76,6836
76,7205
76,7452
76,7570
76,7664
76,7717
76,7949
76,7987
76,8088
76,8151
76,8207
76,8305
76,8350
76,8352
76,8370
76,8422
76,8587
76,9017
76,9165
76,9469
76,9668
76,9671
76,9754
76,9992
76,9999
76,10199
76,10255
76,10304
76,10316
76,10782
76,11047
76,11092
76,11105
76,11142
76,11151
76,11170
76,11331
76,11511
76,11529
76,11530
76,11570
76,11732
76,11763
76,11817
76,11825
76,12039
76,12054
76,12190
76,12301
76,12610
76,12643
76,12698
76,12781
76,12922
76,12999
76,13035
76,13131
76,13153
76,13200
76,13300
76,13444
76,13520
76,13601
76,13602
76,13698
76,13723
76,13914
76,14096
76,14118
76,14164
76,14213
76,14224
76,14231
76,14318
76,14418
76,14441
76,14481
76,14544
76,14581
76,14623
76,14762
76,15006
76,15168
76,15199
76,15372
76,15533
76,15594
76,15598
76,15697
76,15787
76,15972
76,16141
76,16348
76,16356
76,16455
76,16476
76,16529
76,16639
76,16660
76,16688
76,16839
76,17019
76,17132
76,17168
76,17347
76,17406
76,17436
76,17513
76,17538
76,17614
76,17739
76,17856
76,18348
76,18421
76,18560
76,18586
76,18594
76,18668
76,18747
76,18843
76,19233
76,19284
76,19364
76,19400
76,19434
76,19483
76,19627
76,19713
76,20057
76,20130
76,20389
76,20611
76,20647
76,20657
76,20664
76,20719
76,20762
76,20788
76,20812
76,20879
76,20889
76,20892
76,21051
76,21361
76,21576
76,21660
76,21786
76,22219
76,22237
76,22449
76,22461
76,22507
76,22829
76,23030
76,23049
76,23185
76,23212
76,23284
76,23486
76,23514
76,23715
76,24060
76,24247
76,24377
76,24450
76,24460
76,24462
76,24574
76,24604
76,24749
76,24776
76,24892
76,24962
76,25495
76,25549
76,25881
76,25910
76,26105
76,26121
76,26130
76,26172
76,26468
76,26719
76,26740
76,26828
76,26880
76,26913
76,27031
76,27123
76,27152
76,27220
76,27253
76,27276
76,27321
76,27349
76,27384
76,27486
76,27530
76,27861
76,28175
76,28386
76,28489
76,28536
76,28592
76,28645
76,28691
76,28696
76,28698
76,28735
76,28802
76,28861
76,28902
76,28936
76,29004
76,29121
76,29240
76,29242
76,29263
76,29265
76,29346
76,29426
76,29551
76,29555
77,101
77,125
77,270
77,282
77,340
77,535
77,636
77,682
77,699
77,899
77,958
77,1042
77,1100
77,1106
77,1174
77,1244
77,1249
77,1272
77,1302
77,1326
77,1355
77,1465
77,1543
77,1572
77,1634
77,1639
77,1875
77,2081
77,2174
77,2179
77,2238
77,2265
77,2364
77,2451
77,2478
77,2484
77,2506
77,2533
77,2558
77,2565
77,2626
77,2673
77,2894
77,2928
77,3034
77,3105
77,3203
77,3228
77,3232
77,3239
77,3243
77,3273
77,3324
77,3344
77,3351
77,3373
77,3451
77,3476
77,3485
77,3487
77,3491
77,3515
77,3582
77,3631
77,3655
77,3932
77,3959
77,4093
77,4113
77,4224
77,4387
77,4475
77,4513
77,4715
77,4716
77,4847
77,4878
77,4882
77,5185
77,5246
77,5290
77,5293
77,5343
77,5381
77,5426
77,5509
77,5771
77,5861
77,5943
77,5949
77,5970
77,6049
77,6175
77,6202
77,6520
77,6563
77,6633
77,6681
77,6716
77,6815
77,6822
77,6830
77,6838
77,6868
77,6895
77,6957
77,7053
77,7123
77,7327
77,7373
77,7383
77,7403
77,7459
77,7484
77,7643
77,7664
77,7695
77,7814
77,7918
77,7939
77,8019
77,8029
77,8077
77,8124
77,8144
77,8175
77,8176
77,8180
77,8316
77,8341
77,8367
77,8405
77,8566
77,8647
77,8677
77,8684
77,8696
77,8788
77,8793
77,8843
77,8873
77,8879
77,8940
77,8970
77,9040
77,9201
77,9217
77,9220
77,9384
77,9452
77,9478
77,9677
77,9780
77,9857
77,9878
77,10127
77,10256
77,10543
77,10572
77,10584
77,10655
77,10682
77,10722
77,10738
77,10789
77,10796
77,10877
77,10922
77,11053
77,11104
77,11112
77,11194
77,11223
77,11226
77,11238
77,11357
77,11381
77,11704
77,11725
77,11866
77,12266
77,12288
77,12294
77,12357
77,12359
77,12409
77,12424
77,12480
77,12491
77,12554
77,12599
77,12621
77,12699
77,12846
77,12863
77,12876
77,12888
77,12938
77,12991
77,13002
77,13038
77,13224
77,13350
77,13362
77,13377
77,13422
77,13458
77,13476
77,13559
77,13706
77,13800
77,13835
77,13862
77,13996
77,14022
77,14044
77,14068
77,14153
77,14156
77,14167
77,14296
77,14353
77,14420
77,14467
77,14568
77,14626
77,14759
77,14800
77,14836
77,14864
77,14872
77,14873
77,14879
77,14993
77,15026
77,15067
77,15147
77,15152
77,15514
77,15515
77,15561
77,15581
77,15635
77,15761
77,15767
77,15937
77,15957
77,15987
77,16120
77,16204
77,16207
77,16274
77,16328
77,16359
77,16496
77,16539
77,16766
77,16879
77,16894
77,16921
77,16927
77,17129
77,17252
77,17298
77,17345
77,17377
77,17492
77,17496
77,17521
77,17547
77,17603
77,17650
77,17657
77,17691
77,17806
77,17850
77,17870
77,17893
77,17955
77,17976
77,18040
77,18158
77,18161
77,18188
77,18308
77,18330
77,18371
77,18375
77,18410
77,18531
77,18626
77,18755
77,18767
77,18884
77,18977
77,19134
77,19135
77,19228
77,19285
77,19320
77,19331
77,19387
77,19508
77,19526
77,19726
77,19829
77,19891
77,19927
77,19979
77,20000
77,20005
77,20146
77,20148
77,20189
77,20281
77,20339
77,20369
77,20417
77,20637
77,20651
77,20688
77,20736
77,20764
77,20769
77,20774
77,20793
77,20836
77,20894
77,20900
77,20908
77,20944
77,20957
77,21059
77,21105
77,21178
77,21180
77,21280
77,21337
77,21382
77,21462
77,21758
77,22069
77,22156
77,22220
77,22235
77,22284
77,22345
77,22419
77,22420
77,22510
77,22816
77,22838
77,22878
77,22975
77,23031
77,23041
77,23091
77,23098
77,23116
77,23127
77,23149
77,23244
77,23307
77,23413
77,23522
77,23527
77,23560
77,23627
77,23642
77,23665
77,23759
77,23790
77,23817
77,23985
77,24062
77,24089
77,24265
77,24271
77,24276
77,24303
77,24332
77,24432
77,24482
77,24613
77,24636
77,24653
77,24676
77,24704
77,24747
77,24754
77,24871
77,25050
77,25169
77,25176
77,25356
77,25364
77,25416
77,25467
77,25590
77,25676
77,25756
77,25764
77,25837
77,26001
77,26024
77,26095
77,26141
77,26153
77,26237
77,26245
77,26375
77,26413
77,26456
77,26523
77,26540
77,26631
77,26659
77,26675
77,26683
77,26722
77,26857
77,26888
77,26952
77,27043
77,27083
77,27129
77,27174
77,27289
77,27299
77,27469
77,27597
77,27819
77,27877
77,27920
77,27938
77,28205
77,28343
77,28445
77,28692
77,28714
77,28723
77,28760
77,28807
77,28853
77,29095
77,29132
77,29182
77,29344
77,29353
77,29470
77,29494
78,67
78,74
78,137
78,148
78,164
78,175
78,179
78,236
78,252
78,307
78,410
78,424
78,442
78,487
78,491
78,535
78,578
78,587
78,669
78,699
78,751
78,760
78,778
78,783
78,811
78,833
78,852
78,874
78,883
78,887
78,915
78,939
78,954
78,971
78,992
78,1099
78,1192
78,1210
78,1244
78,1291
78,1304
78,1309
78,1325
78,1349
78,1357
78,1364
78,1376
78,1384
78,1392
78,1438
78,1466
78,1540
78,1556
78,1572
78,1608
78,1713
78,1718
78,1748
78,1774
78,1784
78,1789
78,1837
78,1899
78,1936
78,1976
78,1987
78,2080
78,2109
78,2163
78,2207
78,2271
78,2276
78,2305
78,2342
78,2360
78,2364
78,2373
78,2402
78,2442
78,2446
78,2468
78,2518
78,2527
78,2531
78,2578
78,2605
78,2695
78,2716
78,2738
78,2762
78,2772
78,2812
78,2872
78,2900
78,2910
78,2943
78,2980
78,3054
78,3192
78,3193
78,3225
78,3254
78,3266
78,3286
78,3329
78,3358
78,3372
78,3400
78,3438
78,3495
78,3503
78,3512
78,3580
78,3642
78,3645
78,3653
78,3689
78,3697
78,3714
78,3802
78,3824
78,3836
78,3844
78,3890
78,3892
78,3920
78,3971
78,3989
78,4087
78,4101
78,4136
78,4162
78,4166
78,4167
78,4175
78,4197
78,4217
78,4236
78,4264
78,4284
78,4287
78,4318
78,4330
78,4340
78,4379
78,4441
78,4472
78,4515
78,4607
78,4621
78,4638
78,4642
78,4660
78,4679
78,4734
78,4776
78,4792
78,4802
78,4808
78,4817
78,4887
78,4896
78,4911
78,4918
78,4937
78,4952
78,4985
78,4995
78,5010
78,5018
78,5138
78,5164
78,5181
78,5259
78,5272
78,5276
78,5339
78,5362
78,5382
78,5436
78,5443
78,5444
78,5477
78,5606
78,5613
78,5671
78,5717
78,5746
78,5759
78,5795
78,5806
78,5871
78,5880
78,5884
78,5904
78,5953
78,5957
78,5983
78,6001
78,6009
78,6012
78,6063
78,6064
78,6093
78,6166
78,6247
78,6255
78,6261
78,6271
78,6307
78,6309
78,6328
78,6334
78,6341
78,6364
78,6411
78,6425
78,6453
78,6584
78,6635
78,6661
78,6708
78,6720
78,6773
78,6775
78,6844
78,6873
78,6874
78,6948
78,6985
78,7003
78,7106
78,7161
78,7184
78,7212
78,7250
78,7313
78,7326
78,7381
78,7391
78,7424
78,7432
78,7455
78,7462
78,7466
78,7478
78,7480
78,7497
78,7530
78,7551
78,7672
78,7677
78,7781
78,7815
78,7850
78,7915
78,7924
78,7945
78,7952
78,7986
78,7987
78,8019
78,8173
78,8232
78,8273
78,8387
78,8415
78,8517
78,8529
78,8560
78,8606
78,8623
78,8631
78,8650
78,8652
78,8659
78,8711
78,8715
78,8769
78,8789
78,8823
78,8876
78,8949
78,8960
78,8982
78,8985
78,8998
78,8999
78,9100
78,9113
78,9117
78,9127
78,9132
78,9177
78,9180
78,9205
78,9245
78,9289
78,9296
78,9402
78,9420
78,9504
78,9552
78,9593
78,9633
78,9640
78,9656
78,9659
78,9701
78,9706
78,9710
78,9734
78,9802
78,9812
78,9852
78,9890
78,9894
78,9910
78,9916
78,9941
78,9958
78,10017
78,10091
78,10095
78,10097
78,10111
78,10114
78,10188
78,10198
78,10260
78,10279
78,10280
78,10327
78,10332
78,10343
78,10344
78,10392
78,10420
78,10470
78,10519
78,10522
78,10524
78,10525
78,10574
78,10584
78,10589
78,10615
78,10620
78,10635
78,10656
78,10687
78,10719
78,10739
78,10775
78,10785
78,10845
78,10850
78,10860
78,10903
78,10933
78,10940
78,10956
78,10993
78,11005
78,11041
78,11113
78,11129
78,11133
78,11138
78,11152
78,11158
78,11197
78,11204
78,11228
78,11275
78,11305
78,11337
78,11338
78,11376
78,11458
78,11468
78,11486
78,11510
78,11570
78,11611
78,11637
78,11674
78,11712
78,11779
78,11813
78,11818
78,11840
78,11860
78,11867
78,11888
78,11931
78,11936
78,12002
78,12016
78,12040
78,12042
78,12065
78,12141
78,12154
78,12160
78,12177
78,12181
78,12267
78,12273
78,12322
78,12330
78,12398
78,12456
78,12548
78,12556
78,12558
78,12583
78,12642
78,12652
78,12680
78,12742
78,12782
78,12817
78,12845
78,12860
78,12912
78,12914
78,12916
78,12996
78,13060
78,13135
78,13151
78,13154
78,13165
78,13170
78,13171
78,13181
78,13230
78,13271
78,13337
78,13451
78,13460
78,13515
78,13530
78,13626
78,13630
78,13640
78,13677
78,13695
78,13739
78,13747
78,13773
78,13846
78,13847
78,13895
78,13905
78,13923
78,13941
78,14016
78,14021
78,14023
78,14032
78,14053
78,14055
78,14256
78,14353
78,14361
78,14419
78,14429
78,14497
78,14564
78,14570
78,14576
78,14623
78,14660
78,14732
78,14744
78,14829
78,14832
78,14855
78,14867
78,14868
78,14954
78,14962
78,14965
78,15028
78,15057
78,15100
78,15107
78,15141
78,15148
78,15240
78,15255
78,15275
78,15292
78,15300
78,15338
78,15341
78,15364
78,15398
78,15431
78,15443
78,15482
78,15567
78,15576
78,15593
78,15617
78,15627
78,15628
78,15651
78,15674
78,15684
78,15768
78,15770
78,15773
78,15787
78,15832
78,15840
78,15898
78,15948
78,16083
78,16127
78,16270
78,16291
78,16354
78,16395
78,16402
78,16426
78,16441
78,16493
78,16498
78,16511
78,16550
78,16558
78,16609
78,16631
78,16646
78,16676
78,16703
78,16759
78,16770
78,16851
78,16883
78,16898
78,16940
78,16941
78,17127
78,17137
78,17172
78,17197
78,17213
78,17263
78,17292
78,17299
78,17318
78,17325
78,17334
78,17356
78,17357
78,17436
78,17443
78,17453
78,17487
78,17566
78,17674
78,17735
78,17761
78,17882
78,17914
78,17972
78,17980
78,18095
78,18101
78,18127
78,18140
78,18168
78,18219
78,18242
78,18245
78,18279
78,18298
78,18321
78,18330
78,18367
78,18410
78,18454
78,18474
78,18480
78,18516
78,18564
78,18574
78,18575
78,18605
78,18635
78,18652
78,18725
78,18745
78,18754
78,18803
78,18816
78,18854
78,18856
78,18859
78,18957
78,19014
78,19028
78,19058
78,19063
78,19091
78,19105
78,19153
78,19176
78,19193
78,19237
78,19262
78,19277
78,19302
78,19321
78,19436
78,19486
78,19493
78,19572
78,19630
78,19642
78,19667
78,19721
78,19790
78,19793
78,19882
78,19941
78,19969
78,20021
78,20059
78,20131
78,20154
78,20175
78,20182
78,20265
78,20275
78,20284
78,20339
78,20340
78,20408
78,20436
78,20500
78,20504
78,20534
78,20606
78,20790
78,20829
78,20880
78,20883
78,20916
78,20954
78,20974
78,21129
78,21175
78,21212
78,21235
78,21283
78,21288
78,21302
78,21303
78,21396
78,21412
78,21437
78,21487
78,21528
78,21530
78,21556
78,21562
78,21607
78,21611
78,21702
78,21706
78,21734
78,21753
78,21813
78,21832
78,21887
78,21934
78,21972
78,21986
78,21991
78,22014
78,22036
78,22060
78,22073
78,22078
78,22100
78,22108
78,22124
78,22205
78,22280
78,22312
78,22360
78,22412
78,22442
78,22466
78,22478
78,22493
78,22508
78,22595
78,22645
78,22715
78,22777
78,22787
78,22813
78,22856
78,22872
78,22904
78,22932
78,22943
78,23019
78,23029
78,23032
78,23037
78,23055
78,23154
78,23240
78,23290
78,23292
78,23296
78,23360
78,23372
78,23391
78,23405
78,23432
78,23464
78,23483
78,23554
78,23555
78,23561
78,23567
78,23604
78,23624
78,23628
78,23645
78,23651
78,23696
78,23709
78,23757
78,23784
78,23785
78,23826
78,23836
78,23848
78,23892
78,23917
78,23924
78,23934
78,23954
78,23987
78,24019
78,24085
78,24130
78,24154
78,24162
78,24168
78,24191
78,24192
78,24217
78,24243
78,24251
78,24266
78,24271
78,24306
78,24412
78,24449
78,24479
78,24498
78,24519
78,24586
78,24642
78,24685
78,24733
78,24776
78,24822
78,24823
78,24843
78,24850
78,24856
78,24931
78,24932
78,24944
78,24958
78,24971
78,24986
78,24989
78,25005
78,25044
78,25091
78,25120
78,25121
78,25208
78,25227
78,25235
78,25312
78,25335
78,25385
78,25389
78,25400
78,25419
78,25433
78,25438
78,25451
78,25480
78,25495
78,25507
78,25531
78,25541
78,25557
78,25573
78,25580
78,25611
78,25620
78,25623
78,25627
78,25707
78,25708
78,25726
78,25772
78,25776
78,25802
78,25855
78,25881
78,25914
78,25933
78,25934
78,25948
78,25974
78,26004
78,26060
78,26102
78,26143
78,26153
78,26160
78,26182
78,26185
78,26225
78,26228
78,26234
78,26235
78,26296
78,26305
78,26332
78,26342
78,26349
78,26360
78,26384
78,26430
78,26441
78,26475
78,26512
78,26526
78,26533
78,26591
78,26621
78,26635
78,26673
78,26676
78,26709
78,26747
78,26769
78,26788
78,26811
78,26843
78,26888
78,26896
78,26928
78,26967
78,27031
78,27087
78,27101
78,27133
78,27318
78,27364
78,27366
78,27495
78,27550
78,27562
78,27580
78,27581
78,27605
78,27652
78,27753
78,27757
78,27807
78,27821
78,27829
78,27914
78,27976
78,28013
78,28049
78,28068
78,28081
78,28092
78,28104
78,28106
78,28127
78,28199
78,28226
78,28237
78,28241
78,28244
78,28249
78,28259
78,28327
78,28419
78,28453
78,28466
78,28502
78,28569
78,28580
78,28611
78,28637
78,28703
78,28715
78,28716
78,28728
78,28793
78,28794
78,28861
78,28877
78,28924
78,28936
78,28941
78,28976
78,28996
78,29017
78,29027
78,29037
78,29086
78,29127
78,29143
78,29152
78,29205
78,29331
79,3
79,57
79,64
79,75
79,165
79,242
79,245
79,299
79,304
79,334
79,532
79,544
79,572
79,587
79,589
79,665
79,683
79,684
79,696
79,699
79,757
79,783
79,809
79,812
79,870
79,946
79,976
79,995
79,1019
79,1120
79,1125
79,1174
79,1199
79,1208
79,1245
79,1279
79,1360
79,1372
79,1400
79,1434
79,1437
79,1521
79,1528
79,1550
79,1554
79,1591
79,1602
79,1624
79,1630
79,1668
79,1798
79,1806
79,1832
79,1837
79,1842
79,1863
79,1864
79,1867
79,1906
79,1928
79,1946
79,1984
79,1995
79,2013
79,2015
79,2039
79,2085
79,2091
79,2128
79,2169
79,2173
79,2176
79,2184
79,2196
79,2213
79,2233
79,2266
79,2338
79,2360
79,2373
79,2447
79,2455
79,2478
79,2487
79,2520
79,2539
79,2548
79,2578
79,2607
79,2615
79,2672
79,2690
79,2710
79,2754
79,2785
79,2799
79,2821
79,2902
79,2912
79,2921
79,2965
79,3010
79,3014
79,3018
79,3032
79,3097
79,3101
79,3107
79,3120
79,3126
79,3142
79,3150
79,3162
79,3166
79,3193
79,3207
79,3212
79,3278
79,3283
79,3343
79,3344
79,3363
79,3415
79,3443
79,3453
79,3456
79,3463
79,3470
79,3484
79,3578
79,3585
79,3654
79,3693
79,3841
79,3860
79,3875
79,3883
79,3958
79,4033
79,4061
79,4062
79,4079
79,4103
79,4171
79,4174
79,4175
79,4198
79,4218
79,4249
79,4255
79,4335
79,4356
79,4380
79,4388
79,4393
79,4420
79,4422
79,4446
79,4473
79,4492
79,4499
79,4500
79,4531
79,4542
79,4561
79,4752
79,4800
79,4821
79,4839
79,4845
79,4851
79,4861
79,4867
79,4883
79,4887
79,4891
79,4936
79,4970
79,5052
79,5058
79,5112
79,5169
79,5187
79,5214
79,5245
79,5247
79,5268
79,5280
79,5284
79,5360
79,5474
79,5498
79,5516
79,5522
79,5557
79,5611
79,5613
79,5649
79,5672
79,5675
79,5741
79,5750
79,5755
79,5790
79,5825
79,5833
79,5909
79,5969
79,6038
79,6058
79,6105
79,6120
79,6147
79,6238
79,6262
79,6347
79,6380
79,6400
79,6408
79,6417
79,6485
79,6493
79,6535
79,6548
79,6642
79,6690
79,6747
79,6775
79,6789
79,6792
79,6819
79,6824
79,6828
79,6842
79,6877
79,6899
79,6900
79,6938
79,6953
79,6967
79,6980
79,6981
79,7014
79,7037
79,7045
79,7047
79,7057
79,7075
79,7076
79,7082
79,7103
79,7106
79,7107
79,7160
79,7170
79,7198
79,7224
79,7262
79,7306
79,7313
79,7316
79,7321
79,7328
79,7330
79,7348
79,7363
79,7381
79,7401
79,7428
79,7458
79,7489
79,7502
79,7518
79,7551
79,7561
79,7568
79,7584
79,7585
79,7591
79,7597
79,7606
79,7625
79,7627
79,7639
79,7660
79,7661
79,7679
79,7681
79,7732
79,7751
79,7764
79,7835
79,7838
79,8034
79,8036
79,8079
79,8105
79,8134
79,8227
79,8280
79,8283
79,8292
79,8295
79,8316
79,8320
79,8339
79,8398
79,8422
79,8434
79,8462
79,8542
79,8608
79,8651
79,8666
79,8672
79,8691
79,8692
79,8729
79,8778
79,8805
79,8846
79,8925
79,8965
79,8967
79,8992
79,8993
79,9010
79,9040
79,9041
79,9045
79,9050
79,9052
79,9097
79,9103
79,9117
79,9163
79,9203
79,9242
79,9256
79,9271
79,9274
79,9278
79,9326
79,9337
79,9349
79,9375
79,9388
79,9389
79,9495
79,9506
79,9517
79,9519
79,9538
79,9561
79,9591
79,9597
79,9598
79,9617
79,9619
79,9654
79,9742
79,9824
79,9843
79,9846
79,9876
79,9932
79,9956
79,10033
79,10072
79,10076
79,10083
79,10110
79,10157
79,10203
79,10271
79,10283
79,10284
79,10314
79,10322
79,10328
79,10341
79,10356
79,10370
79,10389
79,10477
79,10505
79,10542
79,10548
79,10608
79,10613
79,10660
79,10667
79,10697
79,10699
79,10745
79,10891
79,10929
79,10930
79,10989
79,11031
79,11062
79,11082
79,11096
79,11119
79,11127
79,11154
79,11160
79,11171
79,11182
79,11226
79,11250
79,11291
79,11373
79,11374
79,11403
79,11444
79,11457
79,11510
79,11522
79,11529
79,11530
79,11642
79,11660
79,11675
79,11676
79,11698
79,11723
79,11771
79,11792
79,11800
79,11804
79,11805
79,11807
79,11816
79,11826
79,11863
79,11878
79,11906
79,11946
79,11979
79,11995
79,12026
79,12072
79,12075
79,12082
79,12106
79,12153
79,12161
79,12177
79,12189
79,12214
79,12248
79,12322
79,12330
79,12351
79,12364
79,12395
79,12401
79,12438
79,12473
79,12483
79,12518
79,12533
79,12580
79,12604
79,12636
79,12639
79,12694
79,12743
79,12824
79,12856
79,12864
79,12869
79,12905
79,12927
79,12933
79,12963
79,12994
79,13037
79,13105
79,13180
79,13217
79,13219
79,13242
79,13335
79,13341
79,13347
79,13428
79,13443
79,13467
79,13468
79,13471
79,13483
79,13557
79,13562
79,13588
79,13609
79,13709
79,13711
79,13727
79,13734
79,13760
79,13770
79,13788
79,13807
79,13808
79,13813
79,13821
79,13829
79,13893
79,13902
79,13905
79,13907
79,13908
79,13909
79,13911
79,13927
79,13933
79,13941
79,13952
79,14044
79,14050
79,14072
79,14081
79,14136
79,14151
79,14202
79,14212
79,14241
79,14277
79,14291
79,14330
79,14343
79,14355
79,14404
79,14427
79,14452
79,14566
79,14567
79,14607
79,14687
79,14714
79,14715
79,14726
79,14735
79,14780
79,14801
79,14821
79,14836
79,14850
79,14859
79,14863
79,14897
79,14929
79,14959
79,15063
79,15069
79,15142
79,15149
79,15162
79,15185
79,15187
79,15209
79,15220
79,15265
79,15267
79,15284
79,15315
79,15360
79,15367
79,15422
79,15442
79,15497
79,15499
79,15503
79,15655
79,15699
79,15702
79,15718
79,15723
79,15735
79,15754
79,15763
79,15843
79,15858
79,15869
79,15878
79,15882
79,15899
79,15902
79,15918
79,15931
79,15953
79,15961
79,15979
79,16032
79,16056
79,16102
79,16111
79,16127
79,16167
79,16203
79,16210
79,16218
79,16266
79,16303
79,16316
79,16320
79,16371
79,16399
79,16405
79,16423
79,16425
79,16435
79,16458
79,16461
79,16481
79,16488
79,16508
79,16551
79,16568
79,16576
79,16581
79,16582
79,16613
79,16617
79,16721
79,16727
79,16732
79,16739
79,16749
79,16768
79,16795
79,16870
79,16890
79,16895
79,16902
79,16904
79,16938
79,16941
79,16969
79,17050
79,17051
79,17064
79,17068
79,17090
79,17127
79,17153
79,17163
79,17250
79,17253
79,17255
79,17257
79,17267
79,17288
79,17312
79,17319
79,17324
79,17327
79,17334
79,17348
79,17376
79,17417
79,17430
79,17431
79,17450
79,17455
79,17472
79,17511
79,17521
79,17537
79,17560
79,17578
79,17580
79,17597
79,17637
79,17686
79,17689
79,17691
79,17711
79,17735
79,17738
79,17747
79,17770
79,17793
79,17817
79,17826
79,17837
79,17884
79,17903
79,17931
79,17934
79,17943
79,17978
79,17999
79,18026
79,18077
79,18085
79,18088
79,18120
79,18132
79,18150
79,18180
79,18185
79,18192
79,18219
79,18243
79,18312
79,18380
79,18383
79,18389
79,18409
79,18412
79,18488
79,18498
79,18509
79,18526
79,18546
79,18564
79,18571
79,18574
79,18715
79,18721
79,18730
79,18740
79,18792
79,18830
79,18841
79,18850
79,18896
79,18914
79,18925
79,18929
79,18957
79,18981
79,18986
79,19043
79,19055
79,19058
79,19165
79,19273
79,19310
79,19317
79,19428
79,19549
79,19623
79,19630
79,19680
79,19695
79,19697
79,19787
79,19788
79,19792
79,19795
79,19808
79,19866
79,19879
79,19886
79,19895
79,19929
79,19948
79,19979
79,20006
79,20008
79,20028
79,20040
79,20044
79,20067
79,20101
79,20106
79,20107
79,20109
79,20153
79,20179
79,20180
79,20185
79,20210
79,20315
79,20320
79,20356
79,20365
79,20424
79,20434
79,20447
79,20516
79,20517
79,20543
79,20572
79,20590
79,20633
79,20644
79,20649
79,20694
79,20739
79,20765
79,20774
79,20863
79,20889
79,20898
79,20925
79,20932
79,20949
79,20959
79,20984
79,20992
79,21086
79,21145
79,21166
79,21171
79,21209
79,21275
79,21281
79,21304
79,21308
79,21358
79,21364
79,21385
79,21418
79,21461
79,21486
79,21552
79,21556
79,21573
79,21575
79,21587
79,21618
79,21634
79,21641
79,21644
79,21646
79,21654
79,21699
79,21749
79,21764
79,21802
79,21820
79,21838
79,21855
79,21866
79,21871
79,21879
79,21931
79,21946
79,21993
79,22007
79,22013
79,22029
79,22071
79,22106
79,22176
79,22186
79,22199
79,22201
79,22205
79,22212
79,22243
79,22288
79,22290
79,22324
79,22385
79,22418
79,22472
79,22513
79,22577
79,22590
79,22646
79,22647
79,22662
79,22681
79,22699
79,22717
79,22720
79,22726
79,22769
79,22829
79,22856
79,22879
79,22899
79,22902
79,22907
79,22937
79,22974
79,22991
79,23016
79,23041
79,23076
79,23078
79,23146
79,23150
79,23183
79,23207
79,23244
79,23257
79,23260
79,23317
79,23324
79,23335
79,23338
79,23372
79,23373
79,23390
79,23435
79,23448
79,23459
79,23492
79,23496
79,23627
79,23656
79,23662
79,23704
79,23722
79,23736
79,23760
79,23779
79,23783
79,23811
79,23900
79,23939
79,23945
79,23960
79,24066
79,24070
79,24106
79,24125
79,24128
79,24148
79,24153
79,24174
79,24188
79,24241
79,24260
79,24271
79,24277
79,24337
79,24359
79,24361
79,24365
79,24431
79,24446
79,24448
79,24454
79,24482
79,24496
79,24507
79,24525
79,24538
79,24564
79,24567
79,24575
79,24581
79,24590
79,24602
79,24642
79,24674
79,24696
79,24701
79,24741
79,24767
79,24842
79,24889
79,24926
79,24968
79,25047
79,25070
79,25071
79,25092
79,25097
79,25309
79,25326
79,25334
79,25345
79,25369
79,25373
79,25381
79,25385
79,25414
79,25416
79,25419
79,25460
79,25472
79,25474
79,25508
79,25515
79,25548
79,25562
79,25619
79,25666
79,25688
79,25709
79,25766
79,25813
79,25837
79,25842
79,25846
79,25862
79,25876
79,25896
79,25915
79,25967
79,25980
79,25986
79,25989
79,26027
79,26035
79,26066
79,26125
79,26126
79,26132
79,26143
79,26252
79,26255
79,26307
79,26319
79,26326
79,26426
79,26432
79,26459
79,26461
79,26464
79,26521
79,26523
79,26524
79,26536
79,26537
79,26540
79,26549
79,26626
79,26652
79,26663
79,26692
79,26718
79,26723
79,26746
79,26751
79,26754
79,26768
79,26788
79,26822
79,26845
79,26877
79,26881
79,26885
79,26900
79,26933
79,26960
79,26964
79,26971
79,26987
79,27006
79,27036
79,27047
79,27096
79,27107
79,27130
79,27148
79,27156
79,27218
79,27221
79,27232
79,27251
79,27263
79,27289
79,27310
79,27330
79,27358
79,27370
79,27402
79,27420
79,27428
79,27451
79,27453
79,27466
79,27469
79,27551
79,27580
79,27583
79,27643
79,27692
79,27724
79,27747
79,27748
79,27756
79,27784
79,27830
79,27840
79,27895
79,27897
79,27903
79,27927
79,27960
79,27996
79,28021
79,28022
79,28033
79,28070
79,28077
79,28088
79,28092
79,28103
79,28104
79,28128
79,28149
79,28151
79,28153
79,28203
79,28216
79,28239
79,28297
79,28308
79,28316
79,28339
79,28349
79,28375
79,28392
79,28414
79,28415
79,28478
79,28614
79,28628
79,28651
79,28662
79,28665
79,28666
79,28749
79,28808
79,28821
79,28840
79,28984
79,29006
79,29008
79,29040
79,29079
79,29091
79,29146
79,29157
79,29197
79,29221
79,29240
79,29245
79,29251
79,29278
79,29280
79,29288
79,29293
79,29299
79,29330
79,29345
79,29391
79,29440
79,29449
79,29454
79,29474
79,29485
79,29488
79,29526
79,29531
79,29559
79,29566
