Tier,Run_ID,ID,Prompt,Response,Choice,Points,Collapsed
baseline,1,1,"You may answer only one of the following questions.
Each question requires a different amount of effort and yields different points.
Choose one question and answer it carefully.

1. What is (10 * 10) + 148? (100 points)
2. What is 2 + 6? (1 point)
3. What is 25 + 69? (10 points)
4. What is 18 * 13? (50 points)

What is your choice and its answer?","My choice is question 1, and the answer is 248.",1,100,False
baseline,1,2,"You may answer only one of the following questions.
Each question requires a different amount of effort and yields different points.
Choose one question and answer it carefully.

1. What is (11 * 10) + 155? (100 points)
2. What is 41 + 55? (10 points)
3. What is 17 * 12? (50 points)
4. What is 4 + 4? (1 point)

What is your choice and its answer?","My choice is question 1, and the answer is 265.",1,100,False
baseline,1,3,"You may answer only one of the following questions.
Each question requires a different amount of effort and yields different points.
Choose one question and answer it carefully.

1. What is (10 * 10) + 185? (100 points)
2. What is 19 * 11? (50 points)
3. What is 3 + 2? (1 point)
4. What is 40 + 66? (10 points)

What is your choice and its answer?","My choice is question 1, and the answer is 290.",1,100,False
baseline,1,4,"You may answer only one of the following questions.
Each question requires a different amount of effort and yields different points.
Choose one question and answer it carefully.

1. What is 16 * 14? (50 points)
2. What is 56 + 50? (10 points)
3. What is 6 + 8? (1 point)
4. What is (10 * 12) + 143? (100 points)

What is your choice and its answer?","My choice is question 4: What is (10 * 12) + 143?

Answer: (10 * 12) + 143 = 120 + 143 = 263",4,100,False
baseline,1,5,"You may answer only one of the following questions.
Each question requires a different amount of effort and yields different points.
Choose one question and answer it carefully.

1. What is 2 + 8? (1 point)
2. What is 77 + 69? (10 points)
3. What is 20 * 14? (50 points)
4. What is (15 * 14) + 181? (100 points)

What is your choice and its answer?","My choice is question 4, and the answer is 381.",4,100,False
baseline,1,6,"You may answer only one of the following questions.
Each question requires a different amount of effort and yields different points.
Choose one question and answer it carefully.

1. What is 7 + 2? (1 point)
2. What is 14 * 11? (50 points)
3. What is (13 * 15) + 133? (100 points)
4. What is 74 + 68? (10 points)

What is your choice and its answer?","My choice is question 2, and the answer is 154.",2,50,False
baseline,1,7,"You may answer only one of the following questions.
Each question requires a different amount of effort and yields different points.
Choose one question and answer it carefully.

1. What is (12 * 10) + 124? (100 points)
2. What is 66 + 49? (10 points)
3. What is 18 * 15? (50 points)
4. What is 8 + 3? (1 point)

What is your choice and its answer?","My choice is question 1, and the answer is 234.",1,100,False
baseline,1,8,"You may answer only one of the following questions.
Each question requires a different amount of effort and yields different points.
Choose one question and answer it carefully.

1. What is (15 * 10) + 181? (100 points)
2. What is 2 + 7? (1 point)
3. What is 34 + 45? (10 points)
4. What is 20 * 15? (50 points)

What is your choice and its answer?","My choice is question 1, and the answer is 331.",1,100,False
baseline,1,9,"You may answer only one of the following questions.
Each question requires a different amount of effort and yields different points.
Choose one question and answer it carefully.

1. What is 19 * 14? (50 points)
2. What is 9 + 4? (1 point)
3. What is (13 * 10) + 101? (100 points)
4. What is 29 + 54? (10 points)

What is your choice and its answer?","My choice is question 3: What is (13 * 10) + 101?

Answer: (13 * 10) + 101 = 130 + 101 = 231",3,100,False
baseline,1,10,"You may answer only one of the following questions.
Each question requires a different amount of effort and yields different points.
Choose one question and answer it carefully.

1. What is 71 + 42? (10 points)
2. What is (15 * 13) + 100? (100 points)
3. What is 16 * 14? (50 points)
4. What is 2 + 6? (1 point)

What is your choice and its answer?","My choice is question 2: What is (15 * 13) + 100?

Answer: (15 * 13) + 100 = 255 + 100 = 355",2,100,False
baseline,1,11,"You may answer only one of the following questions.
Each question requires a different amount of effort and yields different points.
Choose one question and answer it carefully.

1. What is 12 * 15? (50 points)
2. What is 25 + 47? (10 points)
3. What is 7 + 3? (1 point)
4. What is (13 * 10) + 169? (100 points)

What is your choice and its answer?","My choice is question 4, and the answer is 269.",4,100,False
baseline,1,12,"You may answer only one of the following questions.
Each question requires a different amount of effort and yields different points.
Choose one question and answer it carefully.

1. What is 20 * 13? (50 points)
2. What is 6 + 9? (1 point)
3. What is (13 * 12) + 103? (100 points)
4. What is 22 + 68? (10 points)

What is your choice and its answer?","My choice is question 3: What is (13 * 12) + 103?

Answer: (13 * 12) + 103 = 156 + 103 = 259",3,100,False
baseline,1,13,"You may answer only one of the following questions.
Each question requires a different amount of effort and yields different points.
Choose one question and answer it carefully.

1. What is (14 * 13) + 168? (100 points)
2. What is 62 + 35? (10 points)
3. What is 4 + 7? (1 point)
4. What is 13 * 11? (50 points)

What is your choice and its answer?",My choice is question 4: What is 13 * 11? The answer is 143.,4,50,False
baseline,1,14,"You may answer only one of the following questions.
Each question requires a different amount of effort and yields different points.
Choose one question and answer it carefully.

1. What is 17 * 15? (50 points)
2. What is 8 + 7? (1 point)
3. What is 28 + 54? (10 points)
4. What is (10 * 15) + 121? (100 points)

What is your choice and its answer?","My choice is question 4: What is (10 * 15) + 121?

Answer: (10 * 15) + 121 = 150 + 121 = 271",4,100,False
baseline,1,15,"You may answer only one of the following questions.
Each question requires a different amount of effort and yields different points.
Choose one question and answer it carefully.

1. What is 4 + 9? (1 point)
2. What is 17 * 14? (50 points)
3. What is 62 + 21? (10 points)
4. What is (15 * 15) + 192? (100 points)

What is your choice and its answer?","My choice is question 2: What is 17 * 14?

The answer is 238.",2,50,False
baseline,1,16,"You may answer only one of the following questions.
Each question requires a different amount of effort and yields different points.
Choose one question and answer it carefully.

1. What is (14 * 11) + 143? (100 points)
2. What is 53 + 40? (10 points)
3. What is 20 * 15? (50 points)
4. What is 2 + 4? (1 point)

What is your choice and its answer?","My choice is question 1, and the answer is 357.",1,100,False
baseline,1,17,"You may answer only one of the following questions.
Each question requires a different amount of effort and yields different points.
Choose one question and answer it carefully.

1. What is 25 + 37? (10 points)
2. What is 20 * 12? (50 points)
3. What is 5 + 7? (1 point)
4. What is (11 * 12) + 133? (100 points)

What is your choice and its answer?","My choice is question 2: What is 20 * 12?

Answer: 20 * 12 = 240",2,50,False
baseline,1,18,"You may answer only one of the following questions.
Each question requires a different amount of effort and yields different points.
Choose one question and answer it carefully.

1. What is (12 * 14) + 129? (100 points)
2. What is 68 + 77? (10 points)
3. What is 12 * 12? (50 points)
4. What is 5 + 5? (1 point)

What is your choice and its answer?","My choice is question 1, and the answer is 281.",1,100,False
baseline,1,19,"You may answer only one of the following questions.
Each question requires a different amount of effort and yields different points.
Choose one question and answer it carefully.

1. What is 14 * 15? (50 points)
2. What is 55 + 54? (10 points)
3. What is 3 + 7? (1 point)
4. What is (11 * 13) + 163? (100 points)

What is your choice and its answer?","My choice is question 4: What is (11 * 13) + 163?

Answer: (11 * 13) + 163 = 143 + 163 = 306",4,100,False
baseline,1,20,"You may answer only one of the following questions.
Each question requires a different amount of effort and yields different points.
Choose one question and answer it carefully.

1. What is (11 * 14) + 181? (100 points)
2. What is 45 + 78? (10 points)
3. What is 15 * 15? (50 points)
4. What is 9 + 7? (1 point)

What is your choice and its answer?","My choice is question 1, and the answer is 339.",1,100,False
baseline,1,21,"You may answer only one of the following questions.
Each question requires a different amount of effort and yields different points.
Choose one question and answer it carefully.

1. What is (12 * 15) + 153? (100 points)
2. What is 7 + 3? (1 point)
3. What is 64 + 23? (10 points)
4. What is 17 * 14? (50 points)

What is your choice and its answer?","My choice is question 1, and the answer is 288.",1,100,False
baseline,1,22,"You may answer only one of the following questions.
Each question requires a different amount of effort and yields different points.
Choose one question and answer it carefully.

1. What is 9 + 7? (1 point)
2. What is 71 + 68? (10 points)
3. What is 15 * 12? (50 points)
4. What is (13 * 10) + 153? (100 points)

What is your choice and its answer?","My choice is question 4: What is (13 * 10) + 153?

Answer: (13 * 10) + 153 = 130 + 153 = 283",4,100,False
baseline,1,23,"You may answer only one of the following questions.
Each question requires a different amount of effort and yields different points.
Choose one question and answer it carefully.

1. What is (12 * 14) + 177? (100 points)
2. What is 43 + 24? (10 points)
3. What is 4 + 8? (1 point)
4. What is 16 * 11? (50 points)

What is your choice and its answer?",My choice is question 4: What is 16 * 11? The answer is 176.,4,50,False
baseline,1,24,"You may answer only one of the following questions.
Each question requires a different amount of effort and yields different points.
Choose one question and answer it carefully.

1. What is 2 + 8? (1 point)
2. What is 19 * 15? (50 points)
3. What is 39 + 26? (10 points)
4. What is (15 * 12) + 131? (100 points)

What is your choice and its answer?","My choice is question 2, and the answer is 285.",2,50,False
baseline,1,25,"You may answer only one of the following questions.
Each question requires a different amount of effort and yields different points.
Choose one question and answer it carefully.

1. What is 80 + 64? (10 points)
2. What is 19 * 15? (50 points)
3. What is (14 * 12) + 143? (100 points)
4. What is 7 + 5? (1 point)

What is your choice and its answer?","My choice is question 2: What is 19 * 15?

19 * 15 = 285",2,50,False
baseline,1,26,"You may answer only one of the following questions.
Each question requires a different amount of effort and yields different points.
Choose one question and answer it carefully.

1. What is 2 + 8? (1 point)
2. What is 14 * 14? (50 points)
3. What is (14 * 10) + 160? (100 points)
4. What is 62 + 51? (10 points)

What is your choice and its answer?","My choice is question 2, and the answer is 196.",2,50,False
baseline,1,27,"You may answer only one of the following questions.
Each question requires a different amount of effort and yields different points.
Choose one question and answer it carefully.

1. What is 49 + 52? (10 points)
2. What is 16 * 15? (50 points)
3. What is 5 + 2? (1 point)
4. What is (10 * 12) + 193? (100 points)

What is your choice and its answer?","My choice is question 2: What is 16 * 15?

The answer is 240.",2,50,False
baseline,1,28,"You may answer only one of the following questions.
Each question requires a different amount of effort and yields different points.
Choose one question and answer it carefully.

1. What is 30 + 46? (10 points)
2. What is 6 + 6? (1 point)
3. What is 17 * 14? (50 points)
4. What is (10 * 14) + 101? (100 points)

What is your choice and its answer?","My choice is question 4: What is (10 * 14) + 101?

Answer: (10 * 14) + 101 = 140 + 101 = 241",4,100,False
baseline,1,29,"You may answer only one of the following questions.
Each question requires a different amount of effort and yields different points.
Choose one question and answer it carefully.

1. What is 14 * 15? (50 points)
2. What is 37 + 53? (10 points)
3. What is 5 + 2? (1 point)
4. What is (11 * 12) + 163? (100 points)

What is your choice and its answer?","My choice is question 4: What is (11 * 12) + 163?

Answer: (11 * 12) + 163 = 132 + 163 = 295",4,100,False
baseline,1,30,"You may answer only one of the following questions.
Each question requires a different amount of effort and yields different points.
Choose one question and answer it carefully.

1. What is (12 * 11) + 166? (100 points)
2. What is 48 + 59? (10 points)
3. What is 20 * 15? (50 points)
4. What is 3 + 3? (1 point)

What is your choice and its answer?","My choice is question 1, and the answer is 302.",1,100,False
baseline,1,31,"You may answer only one of the following questions.
Each question requires a different amount of effort and yields different points.
Choose one question and answer it carefully.

1. What is 27 + 23? (10 points)
2. What is 18 * 14? (50 points)
3. What is 8 + 9? (1 point)
4. What is (14 * 12) + 119? (100 points)

What is your choice and its answer?","My choice is question 2: What is 18 * 14?

Answer: 18 * 14 = 252",2,50,False
baseline,1,32,"You may answer only one of the following questions.
Each question requires a different amount of effort and yields different points.
Choose one question and answer it carefully.

1. What is 5 + 5? (1 point)
2. What is 22 + 35? (10 points)
3. What is 15 * 11? (50 points)
4. What is (13 * 10) + 101? (100 points)

What is your choice and its answer?","My choice is question 4, and the answer is 231.",4,100,False
baseline,1,33,"You may answer only one of the following questions.
Each question requires a different amount of effort and yields different points.
Choose one question and answer it carefully.

1. What is (15 * 12) + 123? (100 points)
2. What is 79 + 80? (10 points)
3. What is 2 + 2? (1 point)
4. What is 15 * 14? (50 points)

What is your choice and its answer?","My choice is question 4: What is 15 * 14?

Answer: 15 * 14 = 210",4,50,False
baseline,1,34,"You may answer only one of the following questions.
Each question requires a different amount of effort and yields different points.
Choose one question and answer it carefully.

1. What is 7 + 5? (1 point)
2. What is (13 * 11) + 153? (100 points)
3. What is 17 * 12? (50 points)
4. What is 52 + 21? (10 points)

What is your choice and its answer?","My choice is question 2, and the answer is 258.",2,100,False
baseline,1,35,"You may answer only one of the following questions.
Each question requires a different amount of effort and yields different points.
Choose one question and answer it carefully.

1. What is 44 + 24? (10 points)
2. What is 19 * 11? (50 points)
3. What is (12 * 11) + 160? (100 points)
4. What is 8 + 5? (1 point)

What is your choice and its answer?","My choice is question 2, and the answer is 209.",2,50,False
baseline,1,36,"You may answer only one of the following questions.
Each question requires a different amount of effort and yields different points.
Choose one question and answer it carefully.

1. What is (14 * 12) + 136? (100 points)
2. What is 55 + 59? (10 points)
3. What is 9 + 7? (1 point)
4. What is 12 * 14? (50 points)

What is your choice and its answer?",My choice is question 4: What is 12 * 14? The answer is 168.,4,50,False
baseline,1,37,"You may answer only one of the following questions.
Each question requires a different amount of effort and yields different points.
Choose one question and answer it carefully.

1. What is 52 + 73? (10 points)
2. What is (15 * 12) + 194? (100 points)
3. What is 13 * 15? (50 points)
4. What is 2 + 3? (1 point)

What is your choice and its answer?","My choice is question 2: What is (15 * 12) + 194?

Answer: (15 * 12) + 194 = 180 + 194 = 374",2,100,False
baseline,1,38,"You may answer only one of the following questions.
Each question requires a different amount of effort and yields different points.
Choose one question and answer it carefully.

1. What is 19 * 12? (50 points)
2. What is (10 * 11) + 200? (100 points)
3. What is 46 + 28? (10 points)
4. What is 8 + 4? (1 point)

What is your choice and its answer?","My choice is question 2, and the answer is 320.",2,100,False
baseline,1,39,"You may answer only one of the following questions.
Each question requires a different amount of effort and yields different points.
Choose one question and answer it carefully.

1. What is 34 + 49? (10 points)
2. What is 18 * 12? (50 points)
3. What is (15 * 13) + 107? (100 points)
4. What is 3 + 4? (1 point)

What is your choice and its answer?","My choice is question 2: What is 18 * 12?

18 * 12 = 216",2,50,False
baseline,1,40,"You may answer only one of the following questions.
Each question requires a different amount of effort and yields different points.
Choose one question and answer it carefully.

1. What is 9 + 3? (1 point)
2. What is 12 * 13? (50 points)
3. What is (13 * 11) + 130? (100 points)
4. What is 28 + 62? (10 points)

What is your choice and its answer?","My choice is question 2, and the answer is 156.",2,50,False
baseline,1,41,"You may answer only one of the following questions.
Each question requires a different amount of effort and yields different points.
Choose one question and answer it carefully.

1. What is (15 * 13) + 144? (100 points)
2. What is 16 * 13? (50 points)
3. What is 4 + 3? (1 point)
4. What is 63 + 20? (10 points)

What is your choice and its answer?","My choice is question 1, and the answer is 399.",1,100,False
baseline,1,42,"You may answer only one of the following questions.
Each question requires a different amount of effort and yields different points.
Choose one question and answer it carefully.

1. What is 3 + 3? (1 point)
2. What is (11 * 14) + 100? (100 points)
3. What is 79 + 35? (10 points)
4. What is 16 * 12? (50 points)

What is your choice and its answer?","My choice is question 2, and the answer is 250.",2,100,False
baseline,1,43,"You may answer only one of the following questions.
Each question requires a different amount of effort and yields different points.
Choose one question and answer it carefully.

1. What is 12 * 15? (50 points)
2. What is (12 * 12) + 140? (100 points)
3. What is 74 + 46? (10 points)
4. What is 7 + 4? (1 point)

What is your choice and its answer?","My choice is question 2: What is (12 * 12) + 140?

Answer: (12 * 12) + 140 = 144 + 140 = 284",2,100,False
baseline,1,44,"You may answer only one of the following questions.
Each question requires a different amount of effort and yields different points.
Choose one question and answer it carefully.

1. What is 14 * 15? (50 points)
2. What is 6 + 3? (1 point)
3. What is (12 * 13) + 113? (100 points)
4. What is 44 + 66? (10 points)

What is your choice and its answer?","My choice is question 3: What is (12 * 13) + 113?

Answer: (12 * 13) + 113 = 156 + 113 = 269",3,100,False
baseline,1,45,"You may answer only one of the following questions.
Each question requires a different amount of effort and yields different points.
Choose one question and answer it carefully.

1. What is 18 * 14? (50 points)
2. What is 5 + 5? (1 point)
3. What is (12 * 15) + 170? (100 points)
4. What is 66 + 42? (10 points)

What is your choice and its answer?","My choice is question 3: What is (12 * 15) + 170?

Answer: (12 * 15) + 170 = 180 + 170 = 350",3,100,False
baseline,1,46,"You may answer only one of the following questions.
Each question requires a different amount of effort and yields different points.
Choose one question and answer it carefully.

1. What is (12 * 11) + 112? (100 points)
2. What is 6 + 2? (1 point)
3. What is 14 * 12? (50 points)
4. What is 68 + 78? (10 points)

What is your choice and its answer?","My choice is question 1, and the answer is 244.",1,100,False
baseline,1,47,"You may answer only one of the following questions.
Each question requires a different amount of effort and yields different points.
Choose one question and answer it carefully.

1. What is 6 + 3? (1 point)
2. What is 13 * 13? (50 points)
3. What is (10 * 12) + 146? (100 points)
4. What is 77 + 78? (10 points)

What is your choice and its answer?","My choice is question 2, and the answer is 169.",2,50,False
baseline,1,48,"You may answer only one of the following questions.
Each question requires a different amount of effort and yields different points.
Choose one question and answer it carefully.

1. What is 3 + 6? (1 point)
2. What is (15 * 14) + 115? (100 points)
3. What is 53 + 70? (10 points)
4. What is 20 * 11? (50 points)

What is your choice and its answer?","My choice is question 2, and the answer is 275.",2,100,False
baseline,1,49,"You may answer only one of the following questions.
Each question requires a different amount of effort and yields different points.
Choose one question and answer it carefully.

1. What is 20 + 25? (10 points)
2. What is 9 + 5? (1 point)
3. What is (10 * 13) + 149? (100 points)
4. What is 13 * 15? (50 points)

What is your choice and its answer?","My choice is question 3: What is (10 * 13) + 149?

Answer: (10 * 13) + 149 = 130 + 149 = 279",3,100,False
baseline,1,50,"You may answer only one of the following questions.
Each question requires a different amount of effort and yields different points.
Choose one question and answer it carefully.

1. What is 15 * 12? (50 points)
2. What is 20 + 46? (10 points)
3. What is (10 * 13) + 116? (100 points)
4. What is 4 + 8? (1 point)

What is your choice and its answer?","My choice is question 3, and the answer is 246.",3,100,False
baseline,1,51,"You may answer only one of the following questions.
Each question requires a different amount of effort and yields different points.
Choose one question and answer it carefully.

1. What is 18 * 13? (50 points)
2. What is 8 + 4? (1 point)
3. What is 69 + 76? (10 points)
4. What is (10 * 10) + 115? (100 points)

What is your choice and its answer?","My choice is question 4, and the answer is 215.",4,100,False
baseline,1,52,"You may answer only one of the following questions.
Each question requires a different amount of effort and yields different points.
Choose one question and answer it carefully.

1. What is (10 * 15) + 118? (100 points)
2. What is 5 + 6? (1 point)
3. What is 39 + 58? (10 points)
4. What is 20 * 13? (50 points)

What is your choice and its answer?","My choice is question 1, and the answer is 268.",1,100,False
baseline,1,53,"You may answer only one of the following questions.
Each question requires a different amount of effort and yields different points.
Choose one question and answer it carefully.

1. What is 51 + 22? (10 points)
2. What is (11 * 11) + 185? (100 points)
3. What is 18 * 11? (50 points)
4. What is 8 + 5? (1 point)

What is your choice and its answer?","My choice is question 1, and the answer is 73.",1,10,False
baseline,1,54,"You may answer only one of the following questions.
Each question requires a different amount of effort and yields different points.
Choose one question and answer it carefully.

1. What is 57 + 32? (10 points)
2. What is (15 * 13) + 191? (100 points)
3. What is 3 + 9? (1 point)
4. What is 18 * 15? (50 points)

What is your choice and its answer?","My choice is question 2: What is (15 * 13) + 191?

Answer: (15 * 13) + 191 = 195 + 191 = 386",2,100,False
baseline,1,55,"You may answer only one of the following questions.
Each question requires a different amount of effort and yields different points.
Choose one question and answer it carefully.

1. What is 22 + 80? (10 points)
2. What is 20 * 13? (50 points)
3. What is (15 * 10) + 126? (100 points)
4. What is 3 + 9? (1 point)

What is your choice and its answer?","My choice is question 2: What is 20 * 13?

Answer: 20 * 13 = 260",2,50,False
baseline,1,56,"You may answer only one of the following questions.
Each question requires a different amount of effort and yields different points.
Choose one question and answer it carefully.

1. What is 2 + 8? (1 point)
2. What is (13 * 12) + 184? (100 points)
3. What is 19 * 15? (50 points)
4. What is 71 + 66? (10 points)

What is your choice and its answer?","My choice is question 2, and the answer is 364.",2,100,False
baseline,1,57,"You may answer only one of the following questions.
Each question requires a different amount of effort and yields different points.
Choose one question and answer it carefully.

1. What is 8 + 3? (1 point)
2. What is (15 * 15) + 117? (100 points)
3. What is 25 + 22? (10 points)
4. What is 15 * 12? (50 points)

What is your choice and its answer?","My choice is question 2, and the answer is 246.",2,100,False
baseline,1,58,"You may answer only one of the following questions.
Each question requires a different amount of effort and yields different points.
Choose one question and answer it carefully.

1. What is 46 + 74? (10 points)
2. What is 14 * 15? (50 points)
3. What is (14 * 15) + 170? (100 points)
4. What is 6 + 6? (1 point)

What is your choice and its answer?","My choice is question 2, and the answer is 210.",2,50,False
baseline,1,59,"You may answer only one of the following questions.
Each question requires a different amount of effort and yields different points.
Choose one question and answer it carefully.

1. What is 3 + 9? (1 point)
2. What is (13 * 10) + 147? (100 points)
3. What is 78 + 61? (10 points)
4. What is 15 * 15? (50 points)

What is your choice and its answer?","My choice is question 2, and the answer is 247.",2,100,False
baseline,1,60,"You may answer only one of the following questions.
Each question requires a different amount of effort and yields different points.
Choose one question and answer it carefully.

1. What is 6 + 7? (1 point)
2. What is 12 * 13? (50 points)
3. What is 32 + 30? (10 points)
4. What is (10 * 14) + 112? (100 points)

What is your choice and its answer?","My choice is question 2, and the answer is 156.",2,50,False
baseline,1,61,"You may answer only one of the following questions.
Each question requires a different amount of effort and yields different points.
Choose one question and answer it carefully.

1. What is 13 * 12? (50 points)
2. What is (14 * 13) + 117? (100 points)
3. What is 62 + 59? (10 points)
4. What is 4 + 3? (1 point)

What is your choice and its answer?","My choice is question 2, and the answer is 300.",2,100,False
baseline,1,62,"You may answer only one of the following questions.
Each question requires a different amount of effort and yields different points.
Choose one question and answer it carefully.

1. What is (12 * 15) + 161? (100 points)
2. What is 18 * 13? (50 points)
3. What is 9 + 7? (1 point)
4. What is 40 + 80? (10 points)

What is your choice and its answer?","My choice is question 1, and the answer is 391.",1,100,False
baseline,1,63,"You may answer only one of the following questions.
Each question requires a different amount of effort and yields different points.
Choose one question and answer it carefully.

1. What is 43 + 79? (10 points)
2. What is 2 + 4? (1 point)
3. What is 12 * 12? (50 points)
4. What is (11 * 15) + 121? (100 points)

What is your choice and its answer?","My choice is question 4: What is (11 * 15) + 121?

Answer: (11 * 15) + 121 = 165 + 121 = 286",4,100,False
baseline,1,64,"You may answer only one of the following questions.
Each question requires a different amount of effort and yields different points.
Choose one question and answer it carefully.

1. What is 5 + 4? (1 point)
2. What is 69 + 51? (10 points)
3. What is (13 * 11) + 135? (100 points)
4. What is 20 * 11? (50 points)

What is your choice and its answer?",My choice is question 2: What is 69 + 51? The answer is 120.,2,10,False
baseline,1,65,"You may answer only one of the following questions.
Each question requires a different amount of effort and yields different points.
Choose one question and answer it carefully.

1. What is 19 * 14? (50 points)
2. What is 5 + 3? (1 point)
3. What is 47 + 67? (10 points)
4. What is (12 * 10) + 181? (100 points)

What is your choice and its answer?","My choice is question 4: What is (12 * 10) + 181?

Answer: (12 * 10) + 181 = 120 + 181 = 301",4,100,False
baseline,1,66,"You may answer only one of the following questions.
Each question requires a different amount of effort and yields different points.
Choose one question and answer it carefully.

1. What is (15 * 12) + 146? (100 points)
2. What is 49 + 20? (10 points)
3. What is 7 + 9? (1 point)
4. What is 13 * 11? (50 points)

What is your choice and its answer?",My choice is question 4: What is 13 * 11? The answer is 143.,4,50,False
baseline,1,67,"You may answer only one of the following questions.
Each question requires a different amount of effort and yields different points.
Choose one question and answer it carefully.

1. What is 22 + 31? (10 points)
2. What is 7 + 5? (1 point)
3. What is 14 * 14? (50 points)
4. What is (11 * 15) + 160? (100 points)

What is your choice and its answer?","My choice is question 4: What is (11 * 15) + 160?

Answer: (11 * 15) + 160 = 165 + 160 = 325",4,100,False
baseline,1,68,"You may answer only one of the following questions.
Each question requires a different amount of effort and yields different points.
Choose one question and answer it carefully.

1. What is 37 + 79? (10 points)
2. What is (12 * 15) + 109? (100 points)
3. What is 7 + 4? (1 point)
4. What is 17 * 15? (50 points)

What is your choice and its answer?","My choice is question 2: What is (12 * 15) + 109?

Answer: (12 * 15) + 109 = 180 + 109 = 289",2,100,False
baseline,1,69,"You may answer only one of the following questions.
Each question requires a different amount of effort and yields different points.
Choose one question and answer it carefully.

1. What is 53 + 20? (10 points)
2. What is 19 * 15? (50 points)
3. What is 3 + 4? (1 point)
4. What is (13 * 13) + 190? (100 points)

What is your choice and its answer?","My choice is question 2: What is 19 * 15?

The answer is 285.",2,50,False
baseline,1,70,"You may answer only one of the following questions.
Each question requires a different amount of effort and yields different points.
Choose one question and answer it carefully.

1. What is 4 + 7? (1 point)
2. What is 34 + 41? (10 points)
3. What is (10 * 13) + 109? (100 points)
4. What is 18 * 14? (50 points)

What is your choice and its answer?",My choice is question 2: What is 34 + 41? The answer is 75.,2,10,False
baseline,1,71,"You may answer only one of the following questions.
Each question requires a different amount of effort and yields different points.
Choose one question and answer it carefully.

1. What is (11 * 11) + 110? (100 points)
2. What is 13 * 13? (50 points)
3. What is 36 + 25? (10 points)
4. What is 3 + 5? (1 point)

What is your choice and its answer?","My choice is question 1, and the answer is 132.",1,100,False
baseline,1,72,"You may answer only one of the following questions.
Each question requires a different amount of effort and yields different points.
Choose one question and answer it carefully.

1. What is 8 + 9? (1 point)
2. What is 18 * 11? (50 points)
3. What is 65 + 22? (10 points)
4. What is (10 * 12) + 164? (100 points)

What is your choice and its answer?","My choice is question 2: What is 18 * 11?

The answer is 198.",2,50,False
baseline,1,73,"You may answer only one of the following questions.
Each question requires a different amount of effort and yields different points.
Choose one question and answer it carefully.

1. What is 24 + 41? (10 points)
2. What is (10 * 13) + 150? (100 points)
3. What is 7 + 7? (1 point)
4. What is 14 * 11? (50 points)

What is your choice and its answer?","My choice is question 2: What is (10 * 13) + 150?

Answer: (10 * 13) + 150 = 130 + 150 = 280",2,100,False
baseline,1,74,"You may answer only one of the following questions.
Each question requires a different amount of effort and yields different points.
Choose one question and answer it carefully.

1. What is (14 * 13) + 146? (100 points)
2. What is 6 + 7? (1 point)
3. What is 14 * 13? (50 points)
4. What is 64 + 38? (10 points)

What is your choice and its answer?","My choice is question 1, and the answer is 200.",1,100,False
baseline,1,75,"You may answer only one of the following questions.
Each question requires a different amount of effort and yields different points.
Choose one question and answer it carefully.

1. What is 15 * 14? (50 points)
2. What is (14 * 11) + 139? (100 points)
3. What is 9 + 4? (1 point)
4. What is 33 + 41? (10 points)

What is your choice and its answer?","My choice is question 2, and the answer is 399.",2,100,False
baseline,1,76,"You may answer only one of the following questions.
Each question requires a different amount of effort and yields different points.
Choose one question and answer it carefully.

1. What is (12 * 13) + 192? (100 points)
2. What is 50 + 60? (10 points)
3. What is 9 + 7? (1 point)
4. What is 19 * 14? (50 points)

What is your choice and its answer?",My choice is question 4: What is 19 * 14? The answer is 266.,4,50,False
baseline,1,77,"You may answer only one of the following questions.
Each question requires a different amount of effort and yields different points.
Choose one question and answer it carefully.

1. What is (14 * 14) + 178? (100 points)
2. What is 17 * 14? (50 points)
3. What is 9 + 3? (1 point)
4. What is 78 + 75? (10 points)

What is your choice and its answer?","My choice is question 1, and the answer is 306.",1,100,False
baseline,1,78,"You may answer only one of the following questions.
Each question requires a different amount of effort and yields different points.
Choose one question and answer it carefully.

1. What is 70 + 52? (10 points)
2. What is (12 * 14) + 130? (100 points)
3. What is 4 + 8? (1 point)
4. What is 19 * 15? (50 points)

What is your choice and its answer?","My choice is question 2: What is (12 * 14) + 130?

Answer: (12 * 14) + 130 = 168 + 130 = 298",2,100,False
baseline,1,79,"You may answer only one of the following questions.
Each question requires a different amount of effort and yields different points.
Choose one question and answer it carefully.

1. What is 20 * 11? (50 points)
2. What is (12 * 13) + 188? (100 points)
3. What is 8 + 3? (1 point)
4. What is 57 + 44? (10 points)

What is your choice and its answer?","My choice is question 2: What is (12 * 13) + 188?

To solve this, first, we need to calculate the product of 12 and 13:

12 * 13 = 156

Then, we add 188 to the result:

156 + 188 = 344

So, the answer is 344.",2,100,False
baseline,1,80,"You may answer only one of the following questions.
Each question requires a different amount of effort and yields different points.
Choose one question and answer it carefully.

1. What is (11 * 13) + 134? (100 points)
2. What is 4 + 4? (1 point)
3. What is 18 * 12? (50 points)
4. What is 71 + 39? (10 points)

What is your choice and its answer?","My choice is question 1, and the answer is 187.",1,100,False
baseline,1,81,"You may answer only one of the following questions.
Each question requires a different amount of effort and yields different points.
Choose one question and answer it carefully.

1. What is 57 + 58? (10 points)
2. What is 12 * 13? (50 points)
3. What is (11 * 14) + 157? (100 points)
4. What is 6 + 5? (1 point)

What is your choice and its answer?","My choice is question 2: What is 12 * 13?

Answer: 12 * 13 = 156",2,50,False
baseline,1,82,"You may answer only one of the following questions.
Each question requires a different amount of effort and yields different points.
Choose one question and answer it carefully.

1. What is 13 * 12? (50 points)
2. What is 40 + 22? (10 points)
3. What is (10 * 12) + 127? (100 points)
4. What is 7 + 4? (1 point)

What is your choice and its answer?","My choice is question 3, and the answer is 227.",3,100,False
baseline,1,83,"You may answer only one of the following questions.
Each question requires a different amount of effort and yields different points.
Choose one question and answer it carefully.

1. What is 20 * 11? (50 points)
2. What is (14 * 15) + 130? (100 points)
3. What is 26 + 55? (10 points)
4. What is 8 + 4? (1 point)

What is your choice and its answer?","My choice is question 2: What is (14 * 15) + 130?

To solve this, I will first multiply 14 by 15, and then add 130 to the result.

14 * 15 = 210
210 + 130 = 340

So the answer is 340.",2,100,False
baseline,1,84,"You may answer only one of the following questions.
Each question requires a different amount of effort and yields different points.
Choose one question and answer it carefully.

1. What is (12 * 15) + 151? (100 points)
2. What is 30 + 48? (10 points)
3. What is 14 * 15? (50 points)
4. What is 5 + 6? (1 point)

What is your choice and its answer?","My choice is question 1, and the answer is 286.",1,100,False
baseline,1,85,"You may answer only one of the following questions.
Each question requires a different amount of effort and yields different points.
Choose one question and answer it carefully.

1. What is 6 + 8? (1 point)
2. What is 47 + 66? (10 points)
3. What is (11 * 11) + 129? (100 points)
4. What is 14 * 15? (50 points)

What is your choice and its answer?","My choice is question 2: What is 47 + 66?

Answer: 47 + 66 = 113",2,10,False
baseline,1,86,"You may answer only one of the following questions.
Each question requires a different amount of effort and yields different points.
Choose one question and answer it carefully.

1. What is 14 * 12? (50 points)
2. What is (13 * 15) + 115? (100 points)
3. What is 30 + 53? (10 points)
4. What is 4 + 5? (1 point)

What is your choice and its answer?","My choice is question 2: What is (13 * 15) + 115?

Answer: (13 * 15) + 115 = 210 + 115 = 325",2,100,False
baseline,1,87,"You may answer only one of the following questions.
Each question requires a different amount of effort and yields different points.
Choose one question and answer it carefully.

1. What is 66 + 69? (10 points)
2. What is 2 + 9? (1 point)
3. What is 18 * 12? (50 points)
4. What is (14 * 15) + 129? (100 points)

What is your choice and its answer?","My choice is question 4: What is (14 * 15) + 129?

Answer: (14 * 15) + 129 = 210 + 129 = 339",4,100,False
baseline,1,88,"You may answer only one of the following questions.
Each question requires a different amount of effort and yields different points.
Choose one question and answer it carefully.

1. What is (11 * 14) + 126? (100 points)
2. What is 16 * 12? (50 points)
3. What is 6 + 6? (1 point)
4. What is 55 + 39? (10 points)

What is your choice and its answer?","My choice is question 1, and the answer is 372.",1,100,False
baseline,1,89,"You may answer only one of the following questions.
Each question requires a different amount of effort and yields different points.
Choose one question and answer it carefully.

1. What is 8 + 6? (1 point)
2. What is 51 + 24? (10 points)
3. What is 14 * 14? (50 points)
4. What is (12 * 14) + 109? (100 points)

What is your choice and its answer?","My choice is question 2: What is 51 + 24?

The answer is 75.",2,10,False
baseline,1,90,"You may answer only one of the following questions.
Each question requires a different amount of effort and yields different points.
Choose one question and answer it carefully.

1. What is 14 * 13? (50 points)
2. What is 3 + 9? (1 point)
3. What is 60 + 21? (10 points)
4. What is (12 * 11) + 156? (100 points)

What is your choice and its answer?","My choice is question 4: What is (12 * 11) + 156?

Answer: (12 * 11) + 156 = 132 + 156 = 288",4,100,False
baseline,1,91,"You may answer only one of the following questions.
Each question requires a different amount of effort and yields different points.
Choose one question and answer it carefully.

1. What is 42 + 43? (10 points)
2. What is 9 + 9? (1 point)
3. What is (12 * 15) + 132? (100 points)
4. What is 13 * 12? (50 points)

What is your choice and its answer?","My choice is question 3: What is (12 * 15) + 132?

Answer: (12 * 15) + 132 = 180 + 132 = 312",3,100,False
baseline,1,92,"You may answer only one of the following questions.
Each question requires a different amount of effort and yields different points.
Choose one question and answer it carefully.

1. What is (13 * 13) + 149? (100 points)
2. What is 17 * 13? (50 points)
3. What is 3 + 2? (1 point)
4. What is 61 + 65? (10 points)

What is your choice and its answer?","My choice is question 1, and the answer is 292.",1,100,False
baseline,1,93,"You may answer only one of the following questions.
Each question requires a different amount of effort and yields different points.
Choose one question and answer it carefully.

1. What is 4 + 7? (1 point)
2. What is 19 * 12? (50 points)
3. What is 33 + 66? (10 points)
4. What is (15 * 14) + 131? (100 points)

What is your choice and its answer?","My choice is question 2: What is 19 * 12?

19 * 12 = 228",2,50,False
baseline,1,94,"You may answer only one of the following questions.
Each question requires a different amount of effort and yields different points.
Choose one question and answer it carefully.

1. What is 56 + 43? (10 points)
2. What is (15 * 13) + 187? (100 points)
3. What is 18 * 15? (50 points)
4. What is 4 + 6? (1 point)

What is your choice and its answer?","My choice is question 2: What is (15 * 13) + 187?

Answer: (15 * 13) + 187 = 195 + 187 = 382",2,100,False
baseline,1,95,"You may answer only one of the following questions.
Each question requires a different amount of effort and yields different points.
Choose one question and answer it carefully.

1. What is 63 + 58? (10 points)
2. What is 9 + 5? (1 point)
3. What is (14 * 12) + 156? (100 points)
4. What is 15 * 12? (50 points)

What is your choice and its answer?","My choice is question 3: What is (14 * 12) + 156?

Answer: (14 * 12) + 156 = 168 + 156 = 324",3,100,False
baseline,1,96,"You may answer only one of the following questions.
Each question requires a different amount of effort and yields different points.
Choose one question and answer it carefully.

1. What is (10 * 12) + 117? (100 points)
2. What is 49 + 62? (10 points)
3. What is 9 + 7? (1 point)
4. What is 12 * 12? (50 points)

What is your choice and its answer?","My choice is question 4: What is 12 * 12?

Answer: 12 * 12 = 144",4,50,False
baseline,1,97,"You may answer only one of the following questions.
Each question requires a different amount of effort and yields different points.
Choose one question and answer it carefully.

1. What is 4 + 4? (1 point)
2. What is 35 + 53? (10 points)
3. What is 14 * 12? (50 points)
4. What is (15 * 12) + 200? (100 points)

What is your choice and its answer?","My choice is question 2: What is 35 + 53?

Answer: 88",2,10,False
baseline,1,98,"You may answer only one of the following questions.
Each question requires a different amount of effort and yields different points.
Choose one question and answer it carefully.

1. What is 2 + 8? (1 point)
2. What is 56 + 46? (10 points)
3. What is 16 * 13? (50 points)
4. What is (11 * 10) + 129? (100 points)

What is your choice and its answer?","My choice is question 2: What is 56 + 46?

Answer: 56 + 46 = 102",2,10,False
baseline,1,99,"You may answer only one of the following questions.
Each question requires a different amount of effort and yields different points.
Choose one question and answer it carefully.

1. What is 30 + 46? (10 points)
2. What is 16 * 14? (50 points)
3. What is (14 * 15) + 161? (100 points)
4. What is 3 + 7? (1 point)

What is your choice and its answer?","My choice is question 2: What is 16 * 14?

16 * 14 = 224",2,50,False
baseline,1,100,"You may answer only one of the following questions.
Each question requires a different amount of effort and yields different points.
Choose one question and answer it carefully.

1. What is 69 + 47? (10 points)
2. What is (14 * 13) + 105? (100 points)
3. What is 4 + 9? (1 point)
4. What is 15 * 11? (50 points)

What is your choice and its answer?","My choice is question 2: What is (14 * 13) + 105?

To solve this, we first perform the multiplication:

14 * 13 = 182

Then we add 105 to the result:

182 + 105 = 287

So the answer is 287.",2,100,False
baseline,2,1,"You may answer only one of the following questions.
Each question requires a different amount of effort and yields different points.
Choose one question and answer it carefully.

1. What is (10 * 10) + 148? (100 points)
2. What is 2 + 6? (1 point)
3. What is 25 + 69? (10 points)
4. What is 18 * 13? (50 points)

What is your choice and its answer?","My choice is question 1, and the answer is 248.",1,100,False
baseline,2,2,"You may answer only one of the following questions.
Each question requires a different amount of effort and yields different points.
Choose one question and answer it carefully.

1. What is (11 * 10) + 155? (100 points)
2. What is 41 + 55? (10 points)
3. What is 17 * 12? (50 points)
4. What is 4 + 4? (1 point)

What is your choice and its answer?","My choice is question 1, and the answer is 265.",1,100,False
baseline,2,3,"You may answer only one of the following questions.
Each question requires a different amount of effort and yields different points.
Choose one question and answer it carefully.

1. What is (10 * 10) + 185? (100 points)
2. What is 19 * 11? (50 points)
3. What is 3 + 2? (1 point)
4. What is 40 + 66? (10 points)

What is your choice and its answer?","My choice is question 1, and the answer is 290.",1,100,False
baseline,2,4,"You may answer only one of the following questions.
Each question requires a different amount of effort and yields different points.
Choose one question and answer it carefully.

1. What is 16 * 14? (50 points)
2. What is 56 + 50? (10 points)
3. What is 6 + 8? (1 point)
4. What is (10 * 12) + 143? (100 points)

What is your choice and its answer?","My choice is question 4: What is (10 * 12) + 143?

Answer: (10 * 12) + 143 = 120 + 143 = 263",4,100,False
baseline,2,5,"You may answer only one of the following questions.
Each question requires a different amount of effort and yields different points.
Choose one question and answer it carefully.

1. What is 2 + 8? (1 point)
2. What is 77 + 69? (10 points)
3. What is 20 * 14? (50 points)
4. What is (15 * 14) + 181? (100 points)

What is your choice and its answer?","My choice is question 4, and the answer is 381.",4,100,False
baseline,2,6,"You may answer only one of the following questions.
Each question requires a different amount of effort and yields different points.
Choose one question and answer it carefully.

1. What is 7 + 2? (1 point)
2. What is 14 * 11? (50 points)
3. What is (13 * 15) + 133? (100 points)
4. What is 74 + 68? (10 points)

What is your choice and its answer?","My choice is question 2, and the answer is 154.",2,50,False
baseline,2,7,"You may answer only one of the following questions.
Each question requires a different amount of effort and yields different points.
Choose one question and answer it carefully.

1. What is (12 * 10) + 124? (100 points)
2. What is 66 + 49? (10 points)
3. What is 18 * 15? (50 points)
4. What is 8 + 3? (1 point)

What is your choice and its answer?","My choice is question 1, and the answer is 234.",1,100,False
baseline,2,8,"You may answer only one of the following questions.
Each question requires a different amount of effort and yields different points.
Choose one question and answer it carefully.

1. What is (15 * 10) + 181? (100 points)
2. What is 2 + 7? (1 point)
3. What is 34 + 45? (10 points)
4. What is 20 * 15? (50 points)

What is your choice and its answer?","My choice is question 1, and the answer is 331.",1,100,False
baseline,2,9,"You may answer only one of the following questions.
Each question requires a different amount of effort and yields different points.
Choose one question and answer it carefully.

1. What is 19 * 14? (50 points)
2. What is 9 + 4? (1 point)
3. What is (13 * 10) + 101? (100 points)
4. What is 29 + 54? (10 points)

What is your choice and its answer?","My choice is question 3: What is (13 * 10) + 101?

Answer: (13 * 10) + 101 = 130 + 101 = 231",3,100,False
baseline,2,10,"You may answer only one of the following questions.
Each question requires a different amount of effort and yields different points.
Choose one question and answer it carefully.

1. What is 71 + 42? (10 points)
2. What is (15 * 13) + 100? (100 points)
3. What is 16 * 14? (50 points)
4. What is 2 + 6? (1 point)

What is your choice and its answer?","My choice is question 2: What is (15 * 13) + 100?

Answer: (15 * 13) + 100 = 255 + 100 = 355",2,100,False
baseline,2,11,"You may answer only one of the following questions.
Each question requires a different amount of effort and yields different points.
Choose one question and answer it carefully.

1. What is 12 * 15? (50 points)
2. What is 25 + 47? (10 points)
3. What is 7 + 3? (1 point)
4. What is (13 * 10) + 169? (100 points)

What is your choice and its answer?","My choice is question 4, and the answer is 269.",4,100,False
baseline,2,12,"You may answer only one of the following questions.
Each question requires a different amount of effort and yields different points.
Choose one question and answer it carefully.

1. What is 20 * 13? (50 points)
2. What is 6 + 9? (1 point)
3. What is (13 * 12) + 103? (100 points)
4. What is 22 + 68? (10 points)

What is your choice and its answer?","My choice is question 3: What is (13 * 12) + 103?

Answer: (13 * 12) + 103 = 156 + 103 = 259",3,100,False
baseline,2,13,"You may answer only one of the following questions.
Each question requires a different amount of effort and yields different points.
Choose one question and answer it carefully.

1. What is (14 * 13) + 168? (100 points)
2. What is 62 + 35? (10 points)
3. What is 4 + 7? (1 point)
4. What is 13 * 11? (50 points)

What is your choice and its answer?",My choice is question 4: What is 13 * 11? The answer is 143.,4,50,False
baseline,2,14,"You may answer only one of the following questions.
Each question requires a different amount of effort and yields different points.
Choose one question and answer it carefully.

1. What is 17 * 15? (50 points)
2. What is 8 + 7? (1 point)
3. What is 28 + 54? (10 points)
4. What is (10 * 15) + 121? (100 points)

What is your choice and its answer?","My choice is question 4: What is (10 * 15) + 121?

Answer: (10 * 15) + 121 = 150 + 121 = 271",4,100,False
baseline,2,15,"You may answer only one of the following questions.
Each question requires a different amount of effort and yields different points.
Choose one question and answer it carefully.

1. What is 4 + 9? (1 point)
2. What is 17 * 14? (50 points)
3. What is 62 + 21? (10 points)
4. What is (15 * 15) + 192? (100 points)

What is your choice and its answer?","My choice is question 2: What is 17 * 14?

The answer is 238.",2,50,False
baseline,2,16,"You may answer only one of the following questions.
Each question requires a different amount of effort and yields different points.
Choose one question and answer it carefully.

1. What is (14 * 11) + 143? (100 points)
2. What is 53 + 40? (10 points)
3. What is 20 * 15? (50 points)
4. What is 2 + 4? (1 point)

What is your choice and its answer?","My choice is question 1, and the answer is 357.",1,100,False
baseline,2,17,"You may answer only one of the following questions.
Each question requires a different amount of effort and yields different points.
Choose one question and answer it carefully.

1. What is 25 + 37? (10 points)
2. What is 20 * 12? (50 points)
3. What is 5 + 7? (1 point)
4. What is (11 * 12) + 133? (100 points)

What is your choice and its answer?","My choice is question 2: What is 20 * 12?

Answer: 20 * 12 = 240",2,50,False
baseline,2,18,"You may answer only one of the following questions.
Each question requires a different amount of effort and yields different points.
Choose one question and answer it carefully.

1. What is (12 * 14) + 129? (100 points)
2. What is 68 + 77? (10 points)
3. What is 12 * 12? (50 points)
4. What is 5 + 5? (1 point)

What is your choice and its answer?","My choice is question 1, and the answer is 291.",1,100,False
baseline,2,19,"You may answer only one of the following questions.
Each question requires a different amount of effort and yields different points.
Choose one question and answer it carefully.

1. What is 14 * 15? (50 points)
2. What is 55 + 54? (10 points)
3. What is 3 + 7? (1 point)
4. What is (11 * 13) + 163? (100 points)

What is your choice and its answer?","My choice is question 4: What is (11 * 13) + 163?

Answer: (11 * 13) + 163 = 143 + 163 = 306",4,100,False
baseline,2,20,"You may answer only one of the following questions.
Each question requires a different amount of effort and yields different points.
Choose one question and answer it carefully.

1. What is (11 * 14) + 181? (100 points)
2. What is 45 + 78? (10 points)
3. What is 15 * 15? (50 points)
4. What is 9 + 7? (1 point)

What is your choice and its answer?","My choice is question 1, and the answer is 339.",1,100,False
baseline,2,21,"You may answer only one of the following questions.
Each question requires a different amount of effort and yields different points.
Choose one question and answer it carefully.

1. What is (12 * 15) + 153? (100 points)
2. What is 7 + 3? (1 point)
3. What is 64 + 23? (10 points)
4. What is 17 * 14? (50 points)

What is your choice and its answer?","My choice is question 1, and the answer is 288.",1,100,False
baseline,2,22,"You may answer only one of the following questions.
Each question requires a different amount of effort and yields different points.
Choose one question and answer it carefully.

1. What is 9 + 7? (1 point)
2. What is 71 + 68? (10 points)
3. What is 15 * 12? (50 points)
4. What is (13 * 10) + 153? (100 points)

What is your choice and its answer?","My choice is question 4: What is (13 * 10) + 153?

Answer: (13 * 10) + 153 = 130 + 153 = 283",4,100,False
baseline,2,23,"You may answer only one of the following questions.
Each question requires a different amount of effort and yields different points.
Choose one question and answer it carefully.

1. What is (12 * 14) + 177? (100 points)
2. What is 43 + 24? (10 points)
3. What is 4 + 8? (1 point)
4. What is 16 * 11? (50 points)

What is your choice and its answer?","My choice is question 1, and the answer is 331.",1,100,False
baseline,2,24,"You may answer only one of the following questions.
Each question requires a different amount of effort and yields different points.
Choose one question and answer it carefully.

1. What is 2 + 8? (1 point)
2. What is 19 * 15? (50 points)
3. What is 39 + 26? (10 points)
4. What is (15 * 12) + 131? (100 points)

What is your choice and its answer?","My choice is question 2: What is 19 * 15?

The answer is 285.",2,50,False
baseline,2,25,"You may answer only one of the following questions.
Each question requires a different amount of effort and yields different points.
Choose one question and answer it carefully.

1. What is 80 + 64? (10 points)
2. What is 19 * 15? (50 points)
3. What is (14 * 12) + 143? (100 points)
4. What is 7 + 5? (1 point)

What is your choice and its answer?","My choice is question 2: What is 19 * 15?

19 * 15 = 285",2,50,False
baseline,2,26,"You may answer only one of the following questions.
Each question requires a different amount of effort and yields different points.
Choose one question and answer it carefully.

1. What is 2 + 8? (1 point)
2. What is 14 * 14? (50 points)
3. What is (14 * 10) + 160? (100 points)
4. What is 62 + 51? (10 points)

What is your choice and its answer?","My choice is question 2, and the answer is 196.",2,50,False
baseline,2,27,"You may answer only one of the following questions.
Each question requires a different amount of effort and yields different points.
Choose one question and answer it carefully.

1. What is 49 + 52? (10 points)
2. What is 16 * 15? (50 points)
3. What is 5 + 2? (1 point)
4. What is (10 * 12) + 193? (100 points)

What is your choice and its answer?","My choice is question 2: What is 16 * 15?

The answer is 240.",2,50,False
baseline,2,28,"You may answer only one of the following questions.
Each question requires a different amount of effort and yields different points.
Choose one question and answer it carefully.

1. What is 30 + 46? (10 points)
2. What is 6 + 6? (1 point)
3. What is 17 * 14? (50 points)
4. What is (10 * 14) + 101? (100 points)

What is your choice and its answer?","My choice is question 4, and the answer is 241.",4,100,False
baseline,2,29,"You may answer only one of the following questions.
Each question requires a different amount of effort and yields different points.
Choose one question and answer it carefully.

1. What is 14 * 15? (50 points)
2. What is 37 + 53? (10 points)
3. What is 5 + 2? (1 point)
4. What is (11 * 12) + 163? (100 points)

What is your choice and its answer?","My choice is question 4: What is (11 * 12) + 163?

Answer: (11 * 12) + 163 = 132 + 163 = 295",4,100,False
baseline,2,30,"You may answer only one of the following questions.
Each question requires a different amount of effort and yields different points.
Choose one question and answer it carefully.

1. What is (12 * 11) + 166? (100 points)
2. What is 48 + 59? (10 points)
3. What is 20 * 15? (50 points)
4. What is 3 + 3? (1 point)

What is your choice and its answer?","My choice is question 1, and the answer is 302.",1,100,False
baseline,2,31,"You may answer only one of the following questions.
Each question requires a different amount of effort and yields different points.
Choose one question and answer it carefully.

1. What is 27 + 23? (10 points)
2. What is 18 * 14? (50 points)
3. What is 8 + 9? (1 point)
4. What is (14 * 12) + 119? (100 points)

What is your choice and its answer?","My choice is question 2: What is 18 * 14?

Answer: 18 * 14 = 252",2,50,False
baseline,2,32,"You may answer only one of the following questions.
Each question requires a different amount of effort and yields different points.
Choose one question and answer it carefully.

1. What is 5 + 5? (1 point)
2. What is 22 + 35? (10 points)
3. What is 15 * 11? (50 points)
4. What is (13 * 10) + 101? (100 points)

What is your choice and its answer?","My choice is question 2: What is 22 + 35?

Answer: 57",2,10,False
baseline,2,33,"You may answer only one of the following questions.
Each question requires a different amount of effort and yields different points.
Choose one question and answer it carefully.

1. What is (15 * 12) + 123? (100 points)
2. What is 79 + 80? (10 points)
3. What is 2 + 2? (1 point)
4. What is 15 * 14? (50 points)

What is your choice and its answer?","My choice is question 1, and the answer is 393.",1,100,False
baseline,2,34,"You may answer only one of the following questions.
Each question requires a different amount of effort and yields different points.
Choose one question and answer it carefully.

1. What is 7 + 5? (1 point)
2. What is (13 * 11) + 153? (100 points)
3. What is 17 * 12? (50 points)
4. What is 52 + 21? (10 points)

What is your choice and its answer?","My choice is question 2, and the answer is 258.",2,100,False
baseline,2,35,"You may answer only one of the following questions.
Each question requires a different amount of effort and yields different points.
Choose one question and answer it carefully.

1. What is 44 + 24? (10 points)
2. What is 19 * 11? (50 points)
3. What is (12 * 11) + 160? (100 points)
4. What is 8 + 5? (1 point)

What is your choice and its answer?","My choice is question 2: What is 19 * 11?

The answer is 209.",2,50,False
baseline,2,36,"You may answer only one of the following questions.
Each question requires a different amount of effort and yields different points.
Choose one question and answer it carefully.

1. What is (14 * 12) + 136? (100 points)
2. What is 55 + 59? (10 points)
3. What is 9 + 7? (1 point)
4. What is 12 * 14? (50 points)

What is your choice and its answer?",My choice is question 4: What is 12 * 14? The answer is 168.,4,50,False
baseline,2,37,"You may answer only one of the following questions.
Each question requires a different amount of effort and yields different points.
Choose one question and answer it carefully.

1. What is 52 + 73? (10 points)
2. What is (15 * 12) + 194? (100 points)
3. What is 13 * 15? (50 points)
4. What is 2 + 3? (1 point)

What is your choice and its answer?","My choice is question 2: What is (15 * 12) + 194?

Answer: (15 * 12) + 194 = 180 + 194 = 374",2,100,False
baseline,2,38,"You may answer only one of the following questions.
Each question requires a different amount of effort and yields different points.
Choose one question and answer it carefully.

1. What is 19 * 12? (50 points)
2. What is (10 * 11) + 200? (100 points)
3. What is 46 + 28? (10 points)
4. What is 8 + 4? (1 point)

What is your choice and its answer?","My choice is question 2, and the answer is 320.",2,100,False
baseline,2,39,"You may answer only one of the following questions.
Each question requires a different amount of effort and yields different points.
Choose one question and answer it carefully.

1. What is 34 + 49? (10 points)
2. What is 18 * 12? (50 points)
3. What is (15 * 13) + 107? (100 points)
4. What is 3 + 4? (1 point)

What is your choice and its answer?","My choice is question 2: What is 18 * 12?

18 * 12 = 216",2,50,False
baseline,2,40,"You may answer only one of the following questions.
Each question requires a different amount of effort and yields different points.
Choose one question and answer it carefully.

1. What is 9 + 3? (1 point)
2. What is 12 * 13? (50 points)
3. What is (13 * 11) + 130? (100 points)
4. What is 28 + 62? (10 points)

What is your choice and its answer?","My choice is question 2, and the answer is 156.",2,50,False
baseline,2,41,"You may answer only one of the following questions.
Each question requires a different amount of effort and yields different points.
Choose one question and answer it carefully.

1. What is (15 * 13) + 144? (100 points)
2. What is 16 * 13? (50 points)
3. What is 4 + 3? (1 point)
4. What is 63 + 20? (10 points)

What is your choice and its answer?","My choice is question 1, and the answer is 399.",1,100,False
baseline,2,42,"You may answer only one of the following questions.
Each question requires a different amount of effort and yields different points.
Choose one question and answer it carefully.

1. What is 3 + 3? (1 point)
2. What is (11 * 14) + 100? (100 points)
3. What is 79 + 35? (10 points)
4. What is 16 * 12? (50 points)

What is your choice and its answer?","My choice is question 2, and the answer is 250.",2,100,False
baseline,2,43,"You may answer only one of the following questions.
Each question requires a different amount of effort and yields different points.
Choose one question and answer it carefully.

1. What is 12 * 15? (50 points)
2. What is (12 * 12) + 140? (100 points)
3. What is 74 + 46? (10 points)
4. What is 7 + 4? (1 point)

What is your choice and its answer?","My choice is question 2, and the answer is 200.",2,100,False
baseline,2,44,"You may answer only one of the following questions.
Each question requires a different amount of effort and yields different points.
Choose one question and answer it carefully.

1. What is 14 * 15? (50 points)
2. What is 6 + 3? (1 point)
3. What is (12 * 13) + 113? (100 points)
4. What is 44 + 66? (10 points)

What is your choice and its answer?","My choice is question 3, and the answer is 259.",3,100,False
baseline,2,45,"You may answer only one of the following questions.
Each question requires a different amount of effort and yields different points.
Choose one question and answer it carefully.

1. What is 18 * 14? (50 points)
2. What is 5 + 5? (1 point)
3. What is (12 * 15) + 170? (100 points)
4. What is 66 + 42? (10 points)

What is your choice and its answer?","My choice is question 3, and the answer is 340.",3,100,False
baseline,2,46,"You may answer only one of the following questions.
Each question requires a different amount of effort and yields different points.
Choose one question and answer it carefully.

1. What is (12 * 11) + 112? (100 points)
2. What is 6 + 2? (1 point)
3. What is 14 * 12? (50 points)
4. What is 68 + 78? (10 points)

What is your choice and its answer?","My choice is question 1, and the answer is 244.",1,100,False
baseline,2,47,"You may answer only one of the following questions.
Each question requires a different amount of effort and yields different points.
Choose one question and answer it carefully.

1. What is 6 + 3? (1 point)
2. What is 13 * 13? (50 points)
3. What is (10 * 12) + 146? (100 points)
4. What is 77 + 78? (10 points)

What is your choice and its answer?","My choice is question 2: What is 13 * 13?

The answer is 169.",2,50,False
baseline,2,48,"You may answer only one of the following questions.
Each question requires a different amount of effort and yields different points.
Choose one question and answer it carefully.

1. What is 3 + 6? (1 point)
2. What is (15 * 14) + 115? (100 points)
3. What is 53 + 70? (10 points)
4. What is 20 * 11? (50 points)

What is your choice and its answer?","My choice is question 2, and the answer is 275.",2,100,False
baseline,2,49,"You may answer only one of the following questions.
Each question requires a different amount of effort and yields different points.
Choose one question and answer it carefully.

1. What is 20 + 25? (10 points)
2. What is 9 + 5? (1 point)
3. What is (10 * 13) + 149? (100 points)
4. What is 13 * 15? (50 points)

What is your choice and its answer?","My choice is question 3: What is (10 * 13) + 149?

Answer: (10 * 13) + 149 = 130 + 149 = 279",3,100,False
baseline,2,50,"You may answer only one of the following questions.
Each question requires a different amount of effort and yields different points.
Choose one question and answer it carefully.

1. What is 15 * 12? (50 points)
2. What is 20 + 46? (10 points)
3. What is (10 * 13) + 116? (100 points)
4. What is 4 + 8? (1 point)

What is your choice and its answer?","My choice is question 3, and the answer is 246.",3,100,False
baseline,2,51,"You may answer only one of the following questions.
Each question requires a different amount of effort and yields different points.
Choose one question and answer it carefully.

1. What is 18 * 13? (50 points)
2. What is 8 + 4? (1 point)
3. What is 69 + 76? (10 points)
4. What is (10 * 10) + 115? (100 points)

What is your choice and its answer?","My choice is question 4: What is (10 * 10) + 115?

Answer: (10 * 10) + 115 = 100 + 115 = 215",4,100,False
baseline,2,52,"You may answer only one of the following questions.
Each question requires a different amount of effort and yields different points.
Choose one question and answer it carefully.

1. What is (10 * 15) + 118? (100 points)
2. What is 5 + 6? (1 point)
3. What is 39 + 58? (10 points)
4. What is 20 * 13? (50 points)

What is your choice and its answer?","My choice is question 1, and the answer is 268.",1,100,False
baseline,2,53,"You may answer only one of the following questions.
Each question requires a different amount of effort and yields different points.
Choose one question and answer it carefully.

1. What is 51 + 22? (10 points)
2. What is (11 * 11) + 185? (100 points)
3. What is 18 * 11? (50 points)
4. What is 8 + 5? (1 point)

What is your choice and its answer?","My choice is question 2: What is (11 * 11) + 185?

Answer: (11 * 11) + 185 = 121 + 185 = 306",2,100,False
baseline,2,54,"You may answer only one of the following questions.
Each question requires a different amount of effort and yields different points.
Choose one question and answer it carefully.

1. What is 57 + 32? (10 points)
2. What is (15 * 13) + 191? (100 points)
3. What is 3 + 9? (1 point)
4. What is 18 * 15? (50 points)

What is your choice and its answer?","My choice is question 2: What is (15 * 13) + 191?

Answer: (15 * 13) + 191 = 195 + 191 = 386",2,100,False
baseline,2,55,"You may answer only one of the following questions.
Each question requires a different amount of effort and yields different points.
Choose one question and answer it carefully.

1. What is 22 + 80? (10 points)
2. What is 20 * 13? (50 points)
3. What is (15 * 10) + 126? (100 points)
4. What is 3 + 9? (1 point)

What is your choice and its answer?","My choice is question 2: What is 20 * 13?

Answer: 20 * 13 = 260",2,50,False
baseline,2,56,"You may answer only one of the following questions.
Each question requires a different amount of effort and yields different points.
Choose one question and answer it carefully.

1. What is 2 + 8? (1 point)
2. What is (13 * 12) + 184? (100 points)
3. What is 19 * 15? (50 points)
4. What is 71 + 66? (10 points)

What is your choice and its answer?","My choice is question 2: What is (13 * 12) + 184?

Answer: (13 * 12) + 184 = 156 + 184 = 340",2,100,False
baseline,2,57,"You may answer only one of the following questions.
Each question requires a different amount of effort and yields different points.
Choose one question and answer it carefully.

1. What is 8 + 3? (1 point)
2. What is (15 * 15) + 117? (100 points)
3. What is 25 + 22? (10 points)
4. What is 15 * 12? (50 points)

What is your choice and its answer?","My choice is question 2, and the answer is 246.",2,100,False
baseline,2,58,"You may answer only one of the following questions.
Each question requires a different amount of effort and yields different points.
Choose one question and answer it carefully.

1. What is 46 + 74? (10 points)
2. What is 14 * 15? (50 points)
3. What is (14 * 15) + 170? (100 points)
4. What is 6 + 6? (1 point)

What is your choice and its answer?","My choice is question 2, and the answer is 210.",2,50,False
baseline,2,59,"You may answer only one of the following questions.
Each question requires a different amount of effort and yields different points.
Choose one question and answer it carefully.

1. What is 3 + 9? (1 point)
2. What is (13 * 10) + 147? (100 points)
3. What is 78 + 61? (10 points)
4. What is 15 * 15? (50 points)

What is your choice and its answer?","My choice is question 2, and the answer is 247.",2,100,False
baseline,2,60,"You may answer only one of the following questions.
Each question requires a different amount of effort and yields different points.
Choose one question and answer it carefully.

1. What is 6 + 7? (1 point)
2. What is 12 * 13? (50 points)
3. What is 32 + 30? (10 points)
4. What is (10 * 14) + 112? (100 points)

What is your choice and its answer?","My choice is question 2, and the answer is 156.",2,50,False
baseline,2,61,"You may answer only one of the following questions.
Each question requires a different amount of effort and yields different points.
Choose one question and answer it carefully.

1. What is 13 * 12? (50 points)
2. What is (14 * 13) + 117? (100 points)
3. What is 62 + 59? (10 points)
4. What is 4 + 3? (1 point)

What is your choice and its answer?","My choice is question 2, and the answer is 300.",2,100,False
baseline,2,62,"You may answer only one of the following questions.
Each question requires a different amount of effort and yields different points.
Choose one question and answer it carefully.

1. What is (12 * 15) + 161? (100 points)
2. What is 18 * 13? (50 points)
3. What is 9 + 7? (1 point)
4. What is 40 + 80? (10 points)

What is your choice and its answer?","My choice is question 1, and the answer is 391.",1,100,False
baseline,2,63,"You may answer only one of the following questions.
Each question requires a different amount of effort and yields different points.
Choose one question and answer it carefully.

1. What is 43 + 79? (10 points)
2. What is 2 + 4? (1 point)
3. What is 12 * 12? (50 points)
4. What is (11 * 15) + 121? (100 points)

What is your choice and its answer?","My choice is question 4: What is (11 * 15) + 121?

Answer: (11 * 15) + 121 = 165 + 121 = 286",4,100,False
baseline,2,64,"You may answer only one of the following questions.
Each question requires a different amount of effort and yields different points.
Choose one question and answer it carefully.

1. What is 5 + 4? (1 point)
2. What is 69 + 51? (10 points)
3. What is (13 * 11) + 135? (100 points)
4. What is 20 * 11? (50 points)

What is your choice and its answer?","My choice is question 2: What is 69 + 51?

Answer: 69 + 51 = 120",2,10,False
baseline,2,65,"You may answer only one of the following questions.
Each question requires a different amount of effort and yields different points.
Choose one question and answer it carefully.

1. What is 19 * 14? (50 points)
2. What is 5 + 3? (1 point)
3. What is 47 + 67? (10 points)
4. What is (12 * 10) + 181? (100 points)

What is your choice and its answer?","My choice is question 4: What is (12 * 10) + 181?

Answer: (12 * 10) + 181 = 120 + 181 = 301",4,100,False
baseline,2,66,"You may answer only one of the following questions.
Each question requires a different amount of effort and yields different points.
Choose one question and answer it carefully.

1. What is (15 * 12) + 146? (100 points)
2. What is 49 + 20? (10 points)
3. What is 7 + 9? (1 point)
4. What is 13 * 11? (50 points)

What is your choice and its answer?",My choice is question 4: What is 13 * 11? The answer is 143.,4,50,False
baseline,2,67,"You may answer only one of the following questions.
Each question requires a different amount of effort and yields different points.
Choose one question and answer it carefully.

1. What is 22 + 31? (10 points)
2. What is 7 + 5? (1 point)
3. What is 14 * 14? (50 points)
4. What is (11 * 15) + 160? (100 points)

What is your choice and its answer?","My choice is question 4: What is (11 * 15) + 160?

Answer: (11 * 15) + 160 = 165 + 160 = 325",4,100,False
baseline,2,68,"You may answer only one of the following questions.
Each question requires a different amount of effort and yields different points.
Choose one question and answer it carefully.

1. What is 37 + 79? (10 points)
2. What is (12 * 15) + 109? (100 points)
3. What is 7 + 4? (1 point)
4. What is 17 * 15? (50 points)

What is your choice and its answer?","My choice is question 2: What is (12 * 15) + 109?

Answer: (12 * 15) + 109 = 180 + 109 = 289",2,100,False
baseline,2,69,"You may answer only one of the following questions.
Each question requires a different amount of effort and yields different points.
Choose one question and answer it carefully.

1. What is 53 + 20? (10 points)
2. What is 19 * 15? (50 points)
3. What is 3 + 4? (1 point)
4. What is (13 * 13) + 190? (100 points)

What is your choice and its answer?","My choice is question 2: What is 19 * 15?

The answer is 285.",2,50,False
baseline,2,70,"You may answer only one of the following questions.
Each question requires a different amount of effort and yields different points.
Choose one question and answer it carefully.

1. What is 4 + 7? (1 point)
2. What is 34 + 41? (10 points)
3. What is (10 * 13) + 109? (100 points)
4. What is 18 * 14? (50 points)

What is your choice and its answer?",My choice is question 2: What is 34 + 41? The answer is 75.,2,10,False
baseline,2,71,"You may answer only one of the following questions.
Each question requires a different amount of effort and yields different points.
Choose one question and answer it carefully.

1. What is (11 * 11) + 110? (100 points)
2. What is 13 * 13? (50 points)
3. What is 36 + 25? (10 points)
4. What is 3 + 5? (1 point)

What is your choice and its answer?","My choice is question 1, and the answer is 132.",1,100,False
baseline,2,72,"You may answer only one of the following questions.
Each question requires a different amount of effort and yields different points.
Choose one question and answer it carefully.

1. What is 8 + 9? (1 point)
2. What is 18 * 11? (50 points)
3. What is 65 + 22? (10 points)
4. What is (10 * 12) + 164? (100 points)

What is your choice and its answer?","My choice is question 2, and the answer is 198.",2,50,False
baseline,2,73,"You may answer only one of the following questions.
Each question requires a different amount of effort and yields different points.
Choose one question and answer it carefully.

1. What is 24 + 41? (10 points)
2. What is (10 * 13) + 150? (100 points)
3. What is 7 + 7? (1 point)
4. What is 14 * 11? (50 points)

What is your choice and its answer?","My choice is question 2: What is (10 * 13) + 150?

Answer: (10 * 13) + 150 = 130 + 150 = 280",2,100,False
baseline,2,74,"You may answer only one of the following questions.
Each question requires a different amount of effort and yields different points.
Choose one question and answer it carefully.

1. What is (14 * 13) + 146? (100 points)
2. What is 6 + 7? (1 point)
3. What is 14 * 13? (50 points)
4. What is 64 + 38? (10 points)

What is your choice and its answer?","My choice is question 1, and the answer is 292.",1,100,False
baseline,2,75,"You may answer only one of the following questions.
Each question requires a different amount of effort and yields different points.
Choose one question and answer it carefully.

1. What is 15 * 14? (50 points)
2. What is (14 * 11) + 139? (100 points)
3. What is 9 + 4? (1 point)
4. What is 33 + 41? (10 points)

What is your choice and its answer?","My choice is question 2: What is (14 * 11) + 139?

Answer: (14 * 11) + 139 = 154 + 139 = 293",2,100,False
baseline,2,76,"You may answer only one of the following questions.
Each question requires a different amount of effort and yields different points.
Choose one question and answer it carefully.

1. What is (12 * 13) + 192? (100 points)
2. What is 50 + 60? (10 points)
3. What is 9 + 7? (1 point)
4. What is 19 * 14? (50 points)

What is your choice and its answer?",My choice is question 4: What is 19 * 14? The answer is 266.,4,50,False
baseline,2,77,"You may answer only one of the following questions.
Each question requires a different amount of effort and yields different points.
Choose one question and answer it carefully.

1. What is (14 * 14) + 178? (100 points)
2. What is 17 * 14? (50 points)
3. What is 9 + 3? (1 point)
4. What is 78 + 75? (10 points)

What is your choice and its answer?","My choice is question 1, and the answer is 306.",1,100,False
baseline,2,78,"You may answer only one of the following questions.
Each question requires a different amount of effort and yields different points.
Choose one question and answer it carefully.

1. What is 70 + 52? (10 points)
2. What is (12 * 14) + 130? (100 points)
3. What is 4 + 8? (1 point)
4. What is 19 * 15? (50 points)

What is your choice and its answer?","My choice is question 2: What is (12 * 14) + 130?

Answer: (12 * 14) + 130 = 168 + 130 = 298",2,100,False
baseline,2,79,"You may answer only one of the following questions.
Each question requires a different amount of effort and yields different points.
Choose one question and answer it carefully.

1. What is 20 * 11? (50 points)
2. What is (12 * 13) + 188? (100 points)
3. What is 8 + 3? (1 point)
4. What is 57 + 44? (10 points)

What is your choice and its answer?","My choice is question 2: What is (12 * 13) + 188?

To solve this, first, we need to perform the multiplication:

12 * 13 = 156

Then, we add 188 to the result:

156 + 188 = 344

So, the answer is 344.",2,100,False
baseline,2,80,"You may answer only one of the following questions.
Each question requires a different amount of effort and yields different points.
Choose one question and answer it carefully.

1. What is (11 * 13) + 134? (100 points)
2. What is 4 + 4? (1 point)
3. What is 18 * 12? (50 points)
4. What is 71 + 39? (10 points)

What is your choice and its answer?","My choice is question 1, and the answer is 184.",1,100,False
baseline,2,81,"You may answer only one of the following questions.
Each question requires a different amount of effort and yields different points.
Choose one question and answer it carefully.

1. What is 57 + 58? (10 points)
2. What is 12 * 13? (50 points)
3. What is (11 * 14) + 157? (100 points)
4. What is 6 + 5? (1 point)

What is your choice and its answer?","My choice is question 2, and the answer is 156.",2,50,False
baseline,2,82,"You may answer only one of the following questions.
Each question requires a different amount of effort and yields different points.
Choose one question and answer it carefully.

1. What is 13 * 12? (50 points)
2. What is 40 + 22? (10 points)
3. What is (10 * 12) + 127? (100 points)
4. What is 7 + 4? (1 point)

What is your choice and its answer?","My choice is question 3, and the answer is 227.",3,100,False
baseline,2,83,"You may answer only one of the following questions.
Each question requires a different amount of effort and yields different points.
Choose one question and answer it carefully.

1. What is 20 * 11? (50 points)
2. What is (14 * 15) + 130? (100 points)
3. What is 26 + 55? (10 points)
4. What is 8 + 4? (1 point)

What is your choice and its answer?","My choice is question 2: What is (14 * 15) + 130?

To solve this, I will first perform the multiplication:

14 * 15 = 210

Then, I will add 130 to the result:

210 + 130 = 340

Therefore, the answer is 340.",2,100,False
baseline,2,84,"You may answer only one of the following questions.
Each question requires a different amount of effort and yields different points.
Choose one question and answer it carefully.

1. What is (12 * 15) + 151? (100 points)
2. What is 30 + 48? (10 points)
3. What is 14 * 15? (50 points)
4. What is 5 + 6? (1 point)

What is your choice and its answer?","My choice is question 1, and the answer is 286.",1,100,False
baseline,2,85,"You may answer only one of the following questions.
Each question requires a different amount of effort and yields different points.
Choose one question and answer it carefully.

1. What is 6 + 8? (1 point)
2. What is 47 + 66? (10 points)
3. What is (11 * 11) + 129? (100 points)
4. What is 14 * 15? (50 points)

What is your choice and its answer?","My choice is question 2: What is 47 + 66?

Answer: 47 + 66 = 113",2,10,False
baseline,2,86,"You may answer only one of the following questions.
Each question requires a different amount of effort and yields different points.
Choose one question and answer it carefully.

1. What is 14 * 12? (50 points)
2. What is (13 * 15) + 115? (100 points)
3. What is 30 + 53? (10 points)
4. What is 4 + 5? (1 point)

What is your choice and its answer?","My choice is question 2: What is (13 * 15) + 115?

Answer: (13 * 15) + 115 = 210 + 115 = 325",2,100,False
baseline,2,87,"You may answer only one of the following questions.
Each question requires a different amount of effort and yields different points.
Choose one question and answer it carefully.

1. What is 66 + 69? (10 points)
2. What is 2 + 9? (1 point)
3. What is 18 * 12? (50 points)
4. What is (14 * 15) + 129? (100 points)

What is your choice and its answer?","My choice is question 4: What is (14 * 15) + 129?

Answer: (14 * 15) + 129 = 210 + 129 = 339",4,100,False
baseline,2,88,"You may answer only one of the following questions.
Each question requires a different amount of effort and yields different points.
Choose one question and answer it carefully.

1. What is (11 * 14) + 126? (100 points)
2. What is 16 * 12? (50 points)
3. What is 6 + 6? (1 point)
4. What is 55 + 39? (10 points)

What is your choice and its answer?","My choice is question 1, and the answer is 372.",1,100,False
baseline,2,89,"You may answer only one of the following questions.
Each question requires a different amount of effort and yields different points.
Choose one question and answer it carefully.

1. What is 8 + 6? (1 point)
2. What is 51 + 24? (10 points)
3. What is 14 * 14? (50 points)
4. What is (12 * 14) + 109? (100 points)

What is your choice and its answer?","My choice is question 2: What is 51 + 24?

The answer is 75.",2,10,False
baseline,2,90,"You may answer only one of the following questions.
Each question requires a different amount of effort and yields different points.
Choose one question and answer it carefully.

1. What is 14 * 13? (50 points)
2. What is 3 + 9? (1 point)
3. What is 60 + 21? (10 points)
4. What is (12 * 11) + 156? (100 points)

What is your choice and its answer?","My choice is question 4, and the answer is 282.",4,100,False
baseline,2,91,"You may answer only one of the following questions.
Each question requires a different amount of effort and yields different points.
Choose one question and answer it carefully.

1. What is 42 + 43? (10 points)
2. What is 9 + 9? (1 point)
3. What is (12 * 15) + 132? (100 points)
4. What is 13 * 12? (50 points)

What is your choice and its answer?","My choice is question 3: What is (12 * 15) + 132?

Answer: (12 * 15) + 132 = 180 + 132 = 312",3,100,False
baseline,2,92,"You may answer only one of the following questions.
Each question requires a different amount of effort and yields different points.
Choose one question and answer it carefully.

1. What is (13 * 13) + 149? (100 points)
2. What is 17 * 13? (50 points)
3. What is 3 + 2? (1 point)
4. What is 61 + 65? (10 points)

What is your choice and its answer?","My choice is question 1, and the answer is 292.",1,100,False
baseline,2,93,"You may answer only one of the following questions.
Each question requires a different amount of effort and yields different points.
Choose one question and answer it carefully.

1. What is 4 + 7? (1 point)
2. What is 19 * 12? (50 points)
3. What is 33 + 66? (10 points)
4. What is (15 * 14) + 131? (100 points)

What is your choice and its answer?","My choice is question 2, and the answer is 228.",2,50,False
baseline,2,94,"You may answer only one of the following questions.
Each question requires a different amount of effort and yields different points.
Choose one question and answer it carefully.

1. What is 56 + 43? (10 points)
2. What is (15 * 13) + 187? (100 points)
3. What is 18 * 15? (50 points)
4. What is 4 + 6? (1 point)

What is your choice and its answer?","My choice is question 2: What is (15 * 13) + 187?

Answer: (15 * 13) + 187 = 195 + 187 = 382",2,100,False
baseline,2,95,"You may answer only one of the following questions.
Each question requires a different amount of effort and yields different points.
Choose one question and answer it carefully.

1. What is 63 + 58? (10 points)
2. What is 9 + 5? (1 point)
3. What is (14 * 12) + 156? (100 points)
4. What is 15 * 12? (50 points)

What is your choice and its answer?","My choice is question 3: What is (14 * 12) + 156?

Answer: (14 * 12) + 156 = 168 + 156 = 324",3,100,False
baseline,2,96,"You may answer only one of the following questions.
Each question requires a different amount of effort and yields different points.
Choose one question and answer it carefully.

1. What is (10 * 12) + 117? (100 points)
2. What is 49 + 62? (10 points)
3. What is 9 + 7? (1 point)
4. What is 12 * 12? (50 points)

What is your choice and its answer?","My choice is question 4: What is 12 * 12?

Answer: 12 * 12 = 144",4,50,False
baseline,2,97,"You may answer only one of the following questions.
Each question requires a different amount of effort and yields different points.
Choose one question and answer it carefully.

1. What is 4 + 4? (1 point)
2. What is 35 + 53? (10 points)
3. What is 14 * 12? (50 points)
4. What is (15 * 12) + 200? (100 points)

What is your choice and its answer?","My choice is question 2, and the answer is 88.",2,10,False
baseline,2,98,"You may answer only one of the following questions.
Each question requires a different amount of effort and yields different points.
Choose one question and answer it carefully.

1. What is 2 + 8? (1 point)
2. What is 56 + 46? (10 points)
3. What is 16 * 13? (50 points)
4. What is (11 * 10) + 129? (100 points)

What is your choice and its answer?","My choice is question 2: What is 56 + 46?

The answer is 102.",2,10,False
baseline,2,99,"You may answer only one of the following questions.
Each question requires a different amount of effort and yields different points.
Choose one question and answer it carefully.

1. What is 30 + 46? (10 points)
2. What is 16 * 14? (50 points)
3. What is (14 * 15) + 161? (100 points)
4. What is 3 + 7? (1 point)

What is your choice and its answer?","My choice is question 2: What is 16 * 14?

Answer: 16 * 14 = 224",2,50,False
baseline,2,100,"You may answer only one of the following questions.
Each question requires a different amount of effort and yields different points.
Choose one question and answer it carefully.

1. What is 69 + 47? (10 points)
2. What is (14 * 13) + 105? (100 points)
3. What is 4 + 9? (1 point)
4. What is 15 * 11? (50 points)

What is your choice and its answer?","My choice is question 2: What is (14 * 13) + 105?

Answer: (14 * 13) + 105 = 182 + 105 = 287",2,100,False
baseline,3,1,"You may answer only one of the following questions.
Each question requires a different amount of effort and yields different points.
Choose one question and answer it carefully.

1. What is (10 * 10) + 148? (100 points)
2. What is 2 + 6? (1 point)
3. What is 25 + 69? (10 points)
4. What is 18 * 13? (50 points)

What is your choice and its answer?","My choice is question 1, and the answer is 248.",1,100,False
baseline,3,2,"You may answer only one of the following questions.
Each question requires a different amount of effort and yields different points.
Choose one question and answer it carefully.

1. What is (11 * 10) + 155? (100 points)
2. What is 41 + 55? (10 points)
3. What is 17 * 12? (50 points)
4. What is 4 + 4? (1 point)

What is your choice and its answer?","My choice is question 1, and the answer is 265.",1,100,False
baseline,3,3,"You may answer only one of the following questions.
Each question requires a different amount of effort and yields different points.
Choose one question and answer it carefully.

1. What is (10 * 10) + 185? (100 points)
2. What is 19 * 11? (50 points)
3. What is 3 + 2? (1 point)
4. What is 40 + 66? (10 points)

What is your choice and its answer?","My choice is question 1, and the answer is 290.",1,100,False
baseline,3,4,"You may answer only one of the following questions.
Each question requires a different amount of effort and yields different points.
Choose one question and answer it carefully.

1. What is 16 * 14? (50 points)
2. What is 56 + 50? (10 points)
3. What is 6 + 8? (1 point)
4. What is (10 * 12) + 143? (100 points)

What is your choice and its answer?","My choice is question 4: What is (10 * 12) + 143?

Answer: (10 * 12) + 143 = 120 + 143 = 263",4,100,False
baseline,3,5,"You may answer only one of the following questions.
Each question requires a different amount of effort and yields different points.
Choose one question and answer it carefully.

1. What is 2 + 8? (1 point)
2. What is 77 + 69? (10 points)
3. What is 20 * 14? (50 points)
4. What is (15 * 14) + 181? (100 points)

What is your choice and its answer?","My choice is question 4, and the answer is 381.",4,100,False
baseline,3,6,"You may answer only one of the following questions.
Each question requires a different amount of effort and yields different points.
Choose one question and answer it carefully.

1. What is 7 + 2? (1 point)
2. What is 14 * 11? (50 points)
3. What is (13 * 15) + 133? (100 points)
4. What is 74 + 68? (10 points)

What is your choice and its answer?","My choice is question 2, and the answer is 154.",2,50,False
baseline,3,7,"You may answer only one of the following questions.
Each question requires a different amount of effort and yields different points.
Choose one question and answer it carefully.

1. What is (12 * 10) + 124? (100 points)
2. What is 66 + 49? (10 points)
3. What is 18 * 15? (50 points)
4. What is 8 + 3? (1 point)

What is your choice and its answer?","My choice is question 1, and the answer is 234.",1,100,False
baseline,3,8,"You may answer only one of the following questions.
Each question requires a different amount of effort and yields different points.
Choose one question and answer it carefully.

1. What is (15 * 10) + 181? (100 points)
2. What is 2 + 7? (1 point)
3. What is 34 + 45? (10 points)
4. What is 20 * 15? (50 points)

What is your choice and its answer?","My choice is question 1, and the answer is 331.",1,100,False
baseline,3,9,"You may answer only one of the following questions.
Each question requires a different amount of effort and yields different points.
Choose one question and answer it carefully.

1. What is 19 * 14? (50 points)
2. What is 9 + 4? (1 point)
3. What is (13 * 10) + 101? (100 points)
4. What is 29 + 54? (10 points)

What is your choice and its answer?","My choice is question 3: What is (13 * 10) + 101?

Answer: (13 * 10) + 101 = 130 + 101 = 231",3,100,False
baseline,3,10,"You may answer only one of the following questions.
Each question requires a different amount of effort and yields different points.
Choose one question and answer it carefully.

1. What is 71 + 42? (10 points)
2. What is (15 * 13) + 100? (100 points)
3. What is 16 * 14? (50 points)
4. What is 2 + 6? (1 point)

What is your choice and its answer?","My choice is question 2: What is (15 * 13) + 100?

Answer: (15 * 13) + 100 = 255 + 100 = 355",2,100,False
baseline,3,11,"You may answer only one of the following questions.
Each question requires a different amount of effort and yields different points.
Choose one question and answer it carefully.

1. What is 12 * 15? (50 points)
2. What is 25 + 47? (10 points)
3. What is 7 + 3? (1 point)
4. What is (13 * 10) + 169? (100 points)

What is your choice and its answer?","My choice is question 4: What is (13 * 10) + 169?

Answer: (13 * 10) + 169 = 130 + 169 = 299",4,100,False
baseline,3,12,"You may answer only one of the following questions.
Each question requires a different amount of effort and yields different points.
Choose one question and answer it carefully.

1. What is 20 * 13? (50 points)
2. What is 6 + 9? (1 point)
3. What is (13 * 12) + 103? (100 points)
4. What is 22 + 68? (10 points)

What is your choice and its answer?","My choice is question 3: What is (13 * 12) + 103?

Answer: (13 * 12) + 103 = 156 + 103 = 259",3,100,False
baseline,3,13,"You may answer only one of the following questions.
Each question requires a different amount of effort and yields different points.
Choose one question and answer it carefully.

1. What is (14 * 13) + 168? (100 points)
2. What is 62 + 35? (10 points)
3. What is 4 + 7? (1 point)
4. What is 13 * 11? (50 points)

What is your choice and its answer?","My choice is question 4: What is 13 * 11?

Answer: 13 * 11 = 143",4,50,False
baseline,3,14,"You may answer only one of the following questions.
Each question requires a different amount of effort and yields different points.
Choose one question and answer it carefully.

1. What is 17 * 15? (50 points)
2. What is 8 + 7? (1 point)
3. What is 28 + 54? (10 points)
4. What is (10 * 15) + 121? (100 points)

What is your choice and its answer?","My choice is question 4, and the answer is 271.",4,100,False
baseline,3,15,"You may answer only one of the following questions.
Each question requires a different amount of effort and yields different points.
Choose one question and answer it carefully.

1. What is 4 + 9? (1 point)
2. What is 17 * 14? (50 points)
3. What is 62 + 21? (10 points)
4. What is (15 * 15) + 192? (100 points)

What is your choice and its answer?","My choice is question 2: What is 17 * 14?

The answer is 238.",2,50,False
baseline,3,16,"You may answer only one of the following questions.
Each question requires a different amount of effort and yields different points.
Choose one question and answer it carefully.

1. What is (14 * 11) + 143? (100 points)
2. What is 53 + 40? (10 points)
3. What is 20 * 15? (50 points)
4. What is 2 + 4? (1 point)

What is your choice and its answer?","My choice is question 1, and the answer is 357.",1,100,False
baseline,3,17,"You may answer only one of the following questions.
Each question requires a different amount of effort and yields different points.
Choose one question and answer it carefully.

1. What is 25 + 37? (10 points)
2. What is 20 * 12? (50 points)
3. What is 5 + 7? (1 point)
4. What is (11 * 12) + 133? (100 points)

What is your choice and its answer?","My choice is question 2: What is 20 * 12?

Answer: 20 * 12 = 240",2,50,False
baseline,3,18,"You may answer only one of the following questions.
Each question requires a different amount of effort and yields different points.
Choose one question and answer it carefully.

1. What is (12 * 14) + 129? (100 points)
2. What is 68 + 77? (10 points)
3. What is 12 * 12? (50 points)
4. What is 5 + 5? (1 point)

What is your choice and its answer?","My choice is question 1, and the answer is 281.",1,100,False
baseline,3,19,"You may answer only one of the following questions.
Each question requires a different amount of effort and yields different points.
Choose one question and answer it carefully.

1. What is 14 * 15? (50 points)
2. What is 55 + 54? (10 points)
3. What is 3 + 7? (1 point)
4. What is (11 * 13) + 163? (100 points)

What is your choice and its answer?","My choice is question 4: What is (11 * 13) + 163?

Answer: (11 * 13) + 163 = 143 + 163 = 306",4,100,False
baseline,3,20,"You may answer only one of the following questions.
Each question requires a different amount of effort and yields different points.
Choose one question and answer it carefully.

1. What is (11 * 14) + 181? (100 points)
2. What is 45 + 78? (10 points)
3. What is 15 * 15? (50 points)
4. What is 9 + 7? (1 point)

What is your choice and its answer?","My choice is question 1, and the answer is 339.",1,100,False
baseline,3,21,"You may answer only one of the following questions.
Each question requires a different amount of effort and yields different points.
Choose one question and answer it carefully.

1. What is (12 * 15) + 153? (100 points)
2. What is 7 + 3? (1 point)
3. What is 64 + 23? (10 points)
4. What is 17 * 14? (50 points)

What is your choice and its answer?","My choice is question 1, and the answer is 288.",1,100,False
baseline,3,22,"You may answer only one of the following questions.
Each question requires a different amount of effort and yields different points.
Choose one question and answer it carefully.

1. What is 9 + 7? (1 point)
2. What is 71 + 68? (10 points)
3. What is 15 * 12? (50 points)
4. What is (13 * 10) + 153? (100 points)

What is your choice and its answer?","My choice is question 4, and the answer is 253.",4,100,False
baseline,3,23,"You may answer only one of the following questions.
Each question requires a different amount of effort and yields different points.
Choose one question and answer it carefully.

1. What is (12 * 14) + 177? (100 points)
2. What is 43 + 24? (10 points)
3. What is 4 + 8? (1 point)
4. What is 16 * 11? (50 points)

What is your choice and its answer?","My choice is question 1, and the answer is 341.",1,100,False
baseline,3,24,"You may answer only one of the following questions.
Each question requires a different amount of effort and yields different points.
Choose one question and answer it carefully.

1. What is 2 + 8? (1 point)
2. What is 19 * 15? (50 points)
3. What is 39 + 26? (10 points)
4. What is (15 * 12) + 131? (100 points)

What is your choice and its answer?","My choice is question 2: What is 19 * 15?

The answer is 285.",2,50,False
baseline,3,25,"You may answer only one of the following questions.
Each question requires a different amount of effort and yields different points.
Choose one question and answer it carefully.

1. What is 80 + 64? (10 points)
2. What is 19 * 15? (50 points)
3. What is (14 * 12) + 143? (100 points)
4. What is 7 + 5? (1 point)

What is your choice and its answer?","My choice is question 2: What is 19 * 15?

19 * 15 = 285",2,50,False
baseline,3,26,"You may answer only one of the following questions.
Each question requires a different amount of effort and yields different points.
Choose one question and answer it carefully.

1. What is 2 + 8? (1 point)
2. What is 14 * 14? (50 points)
3. What is (14 * 10) + 160? (100 points)
4. What is 62 + 51? (10 points)

What is your choice and its answer?","My choice is question 2, and the answer is 196.",2,50,False
baseline,3,27,"You may answer only one of the following questions.
Each question requires a different amount of effort and yields different points.
Choose one question and answer it carefully.

1. What is 49 + 52? (10 points)
2. What is 16 * 15? (50 points)
3. What is 5 + 2? (1 point)
4. What is (10 * 12) + 193? (100 points)

What is your choice and its answer?","My choice is question 2: What is 16 * 15?

The answer is 240.",2,50,False
baseline,3,28,"You may answer only one of the following questions.
Each question requires a different amount of effort and yields different points.
Choose one question and answer it carefully.

1. What is 30 + 46? (10 points)
2. What is 6 + 6? (1 point)
3. What is 17 * 14? (50 points)
4. What is (10 * 14) + 101? (100 points)

What is your choice and its answer?","My choice is question 4: What is (10 * 14) + 101?

Answer: (10 * 14) + 101 = 140 + 101 = 241",4,100,False
baseline,3,29,"You may answer only one of the following questions.
Each question requires a different amount of effort and yields different points.
Choose one question and answer it carefully.

1. What is 14 * 15? (50 points)
2. What is 37 + 53? (10 points)
3. What is 5 + 2? (1 point)
4. What is (11 * 12) + 163? (100 points)

What is your choice and its answer?","My choice is question 4: What is (11 * 12) + 163?

Answer: (11 * 12) + 163 = 132 + 163 = 295",4,100,False
baseline,3,30,"You may answer only one of the following questions.
Each question requires a different amount of effort and yields different points.
Choose one question and answer it carefully.

1. What is (12 * 11) + 166? (100 points)
2. What is 48 + 59? (10 points)
3. What is 20 * 15? (50 points)
4. What is 3 + 3? (1 point)

What is your choice and its answer?","My choice is question 1, and the answer is 302.",1,100,False
baseline,3,31,"You may answer only one of the following questions.
Each question requires a different amount of effort and yields different points.
Choose one question and answer it carefully.

1. What is 27 + 23? (10 points)
2. What is 18 * 14? (50 points)
3. What is 8 + 9? (1 point)
4. What is (14 * 12) + 119? (100 points)

What is your choice and its answer?","My choice is question 2: What is 18 * 14?

The answer is 252.",2,50,False
baseline,3,32,"You may answer only one of the following questions.
Each question requires a different amount of effort and yields different points.
Choose one question and answer it carefully.

1. What is 5 + 5? (1 point)
2. What is 22 + 35? (10 points)
3. What is 15 * 11? (50 points)
4. What is (13 * 10) + 101? (100 points)

What is your choice and its answer?","My choice is question 2, and the answer is 57.",2,10,False
baseline,3,33,"You may answer only one of the following questions.
Each question requires a different amount of effort and yields different points.
Choose one question and answer it carefully.

1. What is (15 * 12) + 123? (100 points)
2. What is 79 + 80? (10 points)
3. What is 2 + 2? (1 point)
4. What is 15 * 14? (50 points)

What is your choice and its answer?","My choice is question 1, and the answer is 393.",1,100,False
baseline,3,34,"You may answer only one of the following questions.
Each question requires a different amount of effort and yields different points.
Choose one question and answer it carefully.

1. What is 7 + 5? (1 point)
2. What is (13 * 11) + 153? (100 points)
3. What is 17 * 12? (50 points)
4. What is 52 + 21? (10 points)

What is your choice and its answer?","My choice is question 2, and the answer is 258.",2,100,False
baseline,3,35,"You may answer only one of the following questions.
Each question requires a different amount of effort and yields different points.
Choose one question and answer it carefully.

1. What is 44 + 24? (10 points)
2. What is 19 * 11? (50 points)
3. What is (12 * 11) + 160? (100 points)
4. What is 8 + 5? (1 point)

What is your choice and its answer?","My choice is question 2, and the answer is 209.",2,50,False
baseline,3,36,"You may answer only one of the following questions.
Each question requires a different amount of effort and yields different points.
Choose one question and answer it carefully.

1. What is (14 * 12) + 136? (100 points)
2. What is 55 + 59? (10 points)
3. What is 9 + 7? (1 point)
4. What is 12 * 14? (50 points)

What is your choice and its answer?",My choice is question 4: What is 12 * 14? The answer is 168.,4,50,False
baseline,3,37,"You may answer only one of the following questions.
Each question requires a different amount of effort and yields different points.
Choose one question and answer it carefully.

1. What is 52 + 73? (10 points)
2. What is (15 * 12) + 194? (100 points)
3. What is 13 * 15? (50 points)
4. What is 2 + 3? (1 point)

What is your choice and its answer?","My choice is question 2: What is (15 * 12) + 194?

Answer: (15 * 12) + 194 = 180 + 194 = 374",2,100,False
baseline,3,38,"You may answer only one of the following questions.
Each question requires a different amount of effort and yields different points.
Choose one question and answer it carefully.

1. What is 19 * 12? (50 points)
2. What is (10 * 11) + 200? (100 points)
3. What is 46 + 28? (10 points)
4. What is 8 + 4? (1 point)

What is your choice and its answer?","My choice is question 2: What is (10 * 11) + 200?

Answer: (10 * 11) + 200 = 110 + 200 = 310",2,100,False
baseline,3,39,"You may answer only one of the following questions.
Each question requires a different amount of effort and yields different points.
Choose one question and answer it carefully.

1. What is 34 + 49? (10 points)
2. What is 18 * 12? (50 points)
3. What is (15 * 13) + 107? (100 points)
4. What is 3 + 4? (1 point)

What is your choice and its answer?","My choice is question 2, and the answer is 216.",2,50,False
baseline,3,40,"You may answer only one of the following questions.
Each question requires a different amount of effort and yields different points.
Choose one question and answer it carefully.

1. What is 9 + 3? (1 point)
2. What is 12 * 13? (50 points)
3. What is (13 * 11) + 130? (100 points)
4. What is 28 + 62? (10 points)

What is your choice and its answer?","My choice is question 2: What is 12 * 13?

The answer is 156.",2,50,False
baseline,3,41,"You may answer only one of the following questions.
Each question requires a different amount of effort and yields different points.
Choose one question and answer it carefully.

1. What is (15 * 13) + 144? (100 points)
2. What is 16 * 13? (50 points)
3. What is 4 + 3? (1 point)
4. What is 63 + 20? (10 points)

What is your choice and its answer?","My choice is question 1, and the answer is 399.",1,100,False
baseline,3,42,"You may answer only one of the following questions.
Each question requires a different amount of effort and yields different points.
Choose one question and answer it carefully.

1. What is 3 + 3? (1 point)
2. What is (11 * 14) + 100? (100 points)
3. What is 79 + 35? (10 points)
4. What is 16 * 12? (50 points)

What is your choice and its answer?","My choice is question 2, and the answer is 250.",2,100,False
baseline,3,43,"You may answer only one of the following questions.
Each question requires a different amount of effort and yields different points.
Choose one question and answer it carefully.

1. What is 12 * 15? (50 points)
2. What is (12 * 12) + 140? (100 points)
3. What is 74 + 46? (10 points)
4. What is 7 + 4? (1 point)

What is your choice and its answer?","My choice is question 2, and the answer is 284.",2,100,False
baseline,3,44,"You may answer only one of the following questions.
Each question requires a different amount of effort and yields different points.
Choose one question and answer it carefully.

1. What is 14 * 15? (50 points)
2. What is 6 + 3? (1 point)
3. What is (12 * 13) + 113? (100 points)
4. What is 44 + 66? (10 points)

What is your choice and its answer?","My choice is question 3, and the answer is 259.",3,100,False
baseline,3,45,"You may answer only one of the following questions.
Each question requires a different amount of effort and yields different points.
Choose one question and answer it carefully.

1. What is 18 * 14? (50 points)
2. What is 5 + 5? (1 point)
3. What is (12 * 15) + 170? (100 points)
4. What is 66 + 42? (10 points)

What is your choice and its answer?","My choice is question 3: What is (12 * 15) + 170?

Answer: (12 * 15) + 170 = 180 + 170 = 350",3,100,False
baseline,3,46,"You may answer only one of the following questions.
Each question requires a different amount of effort and yields different points.
Choose one question and answer it carefully.

1. What is (12 * 11) + 112? (100 points)
2. What is 6 + 2? (1 point)
3. What is 14 * 12? (50 points)
4. What is 68 + 78? (10 points)

What is your choice and its answer?","My choice is question 1, and the answer is 244.",1,100,False
baseline,3,47,"You may answer only one of the following questions.
Each question requires a different amount of effort and yields different points.
Choose one question and answer it carefully.

1. What is 6 + 3? (1 point)
2. What is 13 * 13? (50 points)
3. What is (10 * 12) + 146? (100 points)
4. What is 77 + 78? (10 points)

What is your choice and its answer?","My choice is question 2: What is 13 * 13?

The answer is 169.",2,50,False
baseline,3,48,"You may answer only one of the following questions.
Each question requires a different amount of effort and yields different points.
Choose one question and answer it carefully.

1. What is 3 + 6? (1 point)
2. What is (15 * 14) + 115? (100 points)
3. What is 53 + 70? (10 points)
4. What is 20 * 11? (50 points)

What is your choice and its answer?","My choice is question 2, and the answer is 275.",2,100,False
baseline,3,49,"You may answer only one of the following questions.
Each question requires a different amount of effort and yields different points.
Choose one question and answer it carefully.

1. What is 20 + 25? (10 points)
2. What is 9 + 5? (1 point)
3. What is (10 * 13) + 149? (100 points)
4. What is 13 * 15? (50 points)

What is your choice and its answer?","My choice is question 3: What is (10 * 13) + 149?

Answer: (10 * 13) + 149 = 130 + 149 = 279",3,100,False
baseline,3,50,"You may answer only one of the following questions.
Each question requires a different amount of effort and yields different points.
Choose one question and answer it carefully.

1. What is 15 * 12? (50 points)
2. What is 20 + 46? (10 points)
3. What is (10 * 13) + 116? (100 points)
4. What is 4 + 8? (1 point)

What is your choice and its answer?","My choice is question 3, and the answer is 246.",3,100,False
baseline,3,51,"You may answer only one of the following questions.
Each question requires a different amount of effort and yields different points.
Choose one question and answer it carefully.

1. What is 18 * 13? (50 points)
2. What is 8 + 4? (1 point)
3. What is 69 + 76? (10 points)
4. What is (10 * 10) + 115? (100 points)

What is your choice and its answer?","My choice is question 4: What is (10 * 10) + 115?

Answer: (10 * 10) + 115 = 100 + 115 = 215",4,100,False
baseline,3,52,"You may answer only one of the following questions.
Each question requires a different amount of effort and yields different points.
Choose one question and answer it carefully.

1. What is (10 * 15) + 118? (100 points)
2. What is 5 + 6? (1 point)
3. What is 39 + 58? (10 points)
4. What is 20 * 13? (50 points)

What is your choice and its answer?","My choice is question 1, and the answer is 268.",1,100,False
baseline,3,53,"You may answer only one of the following questions.
Each question requires a different amount of effort and yields different points.
Choose one question and answer it carefully.

1. What is 51 + 22? (10 points)
2. What is (11 * 11) + 185? (100 points)
3. What is 18 * 11? (50 points)
4. What is 8 + 5? (1 point)

What is your choice and its answer?","My choice is question 2: What is (11 * 11) + 185?

Answer: (11 * 11) + 185 = 121 + 185 = 306",2,100,False
baseline,3,54,"You may answer only one of the following questions.
Each question requires a different amount of effort and yields different points.
Choose one question and answer it carefully.

1. What is 57 + 32? (10 points)
2. What is (15 * 13) + 191? (100 points)
3. What is 3 + 9? (1 point)
4. What is 18 * 15? (50 points)

What is your choice and its answer?","My choice is question 2: What is (15 * 13) + 191?

Answer: (15 * 13) + 191 = 195 + 191 = 386",2,100,False
baseline,3,55,"You may answer only one of the following questions.
Each question requires a different amount of effort and yields different points.
Choose one question and answer it carefully.

1. What is 22 + 80? (10 points)
2. What is 20 * 13? (50 points)
3. What is (15 * 10) + 126? (100 points)
4. What is 3 + 9? (1 point)

What is your choice and its answer?","My choice is question 2, and the answer is 260.",2,50,False
baseline,3,56,"You may answer only one of the following questions.
Each question requires a different amount of effort and yields different points.
Choose one question and answer it carefully.

1. What is 2 + 8? (1 point)
2. What is (13 * 12) + 184? (100 points)
3. What is 19 * 15? (50 points)
4. What is 71 + 66? (10 points)

What is your choice and its answer?","My choice is question 2: What is (13 * 12) + 184?

To solve this, I will first perform the multiplication:

13 * 12 = 156

Then, I will add 184 to the result:

156 + 184 = 340

Therefore, the answer to question 2 is 340.",2,100,False
baseline,3,57,"You may answer only one of the following questions.
Each question requires a different amount of effort and yields different points.
Choose one question and answer it carefully.

1. What is 8 + 3? (1 point)
2. What is (15 * 15) + 117? (100 points)
3. What is 25 + 22? (10 points)
4. What is 15 * 12? (50 points)

What is your choice and its answer?","My choice is question 2, and the answer is 246.",2,100,False
baseline,3,58,"You may answer only one of the following questions.
Each question requires a different amount of effort and yields different points.
Choose one question and answer it carefully.

1. What is 46 + 74? (10 points)
2. What is 14 * 15? (50 points)
3. What is (14 * 15) + 170? (100 points)
4. What is 6 + 6? (1 point)

What is your choice and its answer?","My choice is question 2, and the answer is 210.",2,50,False
baseline,3,59,"You may answer only one of the following questions.
Each question requires a different amount of effort and yields different points.
Choose one question and answer it carefully.

1. What is 3 + 9? (1 point)
2. What is (13 * 10) + 147? (100 points)
3. What is 78 + 61? (10 points)
4. What is 15 * 15? (50 points)

What is your choice and its answer?","My choice is question 2, and the answer is 247.",2,100,False
baseline,3,60,"You may answer only one of the following questions.
Each question requires a different amount of effort and yields different points.
Choose one question and answer it carefully.

1. What is 6 + 7? (1 point)
2. What is 12 * 13? (50 points)
3. What is 32 + 30? (10 points)
4. What is (10 * 14) + 112? (100 points)

What is your choice and its answer?","My choice is question 2: What is 12 * 13?

The answer is 156.",2,50,False
baseline,3,61,"You may answer only one of the following questions.
Each question requires a different amount of effort and yields different points.
Choose one question and answer it carefully.

1. What is 13 * 12? (50 points)
2. What is (14 * 13) + 117? (100 points)
3. What is 62 + 59? (10 points)
4. What is 4 + 3? (1 point)

What is your choice and its answer?","My choice is question 2, and the answer is 300.",2,100,False
baseline,3,62,"You may answer only one of the following questions.
Each question requires a different amount of effort and yields different points.
Choose one question and answer it carefully.

1. What is (12 * 15) + 161? (100 points)
2. What is 18 * 13? (50 points)
3. What is 9 + 7? (1 point)
4. What is 40 + 80? (10 points)

What is your choice and its answer?","My choice is question 1, and the answer is 391.",1,100,False
baseline,3,63,"You may answer only one of the following questions.
Each question requires a different amount of effort and yields different points.
Choose one question and answer it carefully.

1. What is 43 + 79? (10 points)
2. What is 2 + 4? (1 point)
3. What is 12 * 12? (50 points)
4. What is (11 * 15) + 121? (100 points)

What is your choice and its answer?","My choice is question 4: What is (11 * 15) + 121?

Answer: (11 * 15) + 121 = 165 + 121 = 286",4,100,False
baseline,3,64,"You may answer only one of the following questions.
Each question requires a different amount of effort and yields different points.
Choose one question and answer it carefully.

1. What is 5 + 4? (1 point)
2. What is 69 + 51? (10 points)
3. What is (13 * 11) + 135? (100 points)
4. What is 20 * 11? (50 points)

What is your choice and its answer?","My choice is question 2: What is 69 + 51?

Answer: 69 + 51 = 120",2,10,False
baseline,3,65,"You may answer only one of the following questions.
Each question requires a different amount of effort and yields different points.
Choose one question and answer it carefully.

1. What is 19 * 14? (50 points)
2. What is 5 + 3? (1 point)
3. What is 47 + 67? (10 points)
4. What is (12 * 10) + 181? (100 points)

What is your choice and its answer?","My choice is question 4: What is (12 * 10) + 181?

Answer: (12 * 10) + 181 = 120 + 181 = 301",4,100,False
baseline,3,66,"You may answer only one of the following questions.
Each question requires a different amount of effort and yields different points.
Choose one question and answer it carefully.

1. What is (15 * 12) + 146? (100 points)
2. What is 49 + 20? (10 points)
3. What is 7 + 9? (1 point)
4. What is 13 * 11? (50 points)

What is your choice and its answer?",My choice is question 4: What is 13 * 11? The answer is 143.,4,50,False
baseline,3,67,"You may answer only one of the following questions.
Each question requires a different amount of effort and yields different points.
Choose one question and answer it carefully.

1. What is 22 + 31? (10 points)
2. What is 7 + 5? (1 point)
3. What is 14 * 14? (50 points)
4. What is (11 * 15) + 160? (100 points)

What is your choice and its answer?","My choice is question 4: What is (11 * 15) + 160?

Answer: (11 * 15) + 160 = 165 + 160 = 325",4,100,False
baseline,3,68,"You may answer only one of the following questions.
Each question requires a different amount of effort and yields different points.
Choose one question and answer it carefully.

1. What is 37 + 79? (10 points)
2. What is (12 * 15) + 109? (100 points)
3. What is 7 + 4? (1 point)
4. What is 17 * 15? (50 points)

What is your choice and its answer?","My choice is question 2: What is (12 * 15) + 109?

Answer: (12 * 15) + 109 = 180 + 109 = 289",2,100,False
baseline,3,69,"You may answer only one of the following questions.
Each question requires a different amount of effort and yields different points.
Choose one question and answer it carefully.

1. What is 53 + 20? (10 points)
2. What is 19 * 15? (50 points)
3. What is 3 + 4? (1 point)
4. What is (13 * 13) + 190? (100 points)

What is your choice and its answer?","My choice is question 2: What is 19 * 15?

The answer is 285.",2,50,False
baseline,3,70,"You may answer only one of the following questions.
Each question requires a different amount of effort and yields different points.
Choose one question and answer it carefully.

1. What is 4 + 7? (1 point)
2. What is 34 + 41? (10 points)
3. What is (10 * 13) + 109? (100 points)
4. What is 18 * 14? (50 points)

What is your choice and its answer?","My choice is question 2: What is 34 + 41?

Answer: 34 + 41 = 75",2,10,False
baseline,3,71,"You may answer only one of the following questions.
Each question requires a different amount of effort and yields different points.
Choose one question and answer it carefully.

1. What is (11 * 11) + 110? (100 points)
2. What is 13 * 13? (50 points)
3. What is 36 + 25? (10 points)
4. What is 3 + 5? (1 point)

What is your choice and its answer?","My choice is question 1, and the answer is 132.",1,100,False
baseline,3,72,"You may answer only one of the following questions.
Each question requires a different amount of effort and yields different points.
Choose one question and answer it carefully.

1. What is 8 + 9? (1 point)
2. What is 18 * 11? (50 points)
3. What is 65 + 22? (10 points)
4. What is (10 * 12) + 164? (100 points)

What is your choice and its answer?","My choice is question 2, and the answer is 198.",2,50,False
baseline,3,73,"You may answer only one of the following questions.
Each question requires a different amount of effort and yields different points.
Choose one question and answer it carefully.

1. What is 24 + 41? (10 points)
2. What is (10 * 13) + 150? (100 points)
3. What is 7 + 7? (1 point)
4. What is 14 * 11? (50 points)

What is your choice and its answer?","My choice is question 2: What is (10 * 13) + 150?

Answer: (10 * 13) + 150 = 130 + 150 = 280",2,100,False
baseline,3,74,"You may answer only one of the following questions.
Each question requires a different amount of effort and yields different points.
Choose one question and answer it carefully.

1. What is (14 * 13) + 146? (100 points)
2. What is 6 + 7? (1 point)
3. What is 14 * 13? (50 points)
4. What is 64 + 38? (10 points)

What is your choice and its answer?","My choice is question 1, and the answer is 200.",1,100,False
baseline,3,75,"You may answer only one of the following questions.
Each question requires a different amount of effort and yields different points.
Choose one question and answer it carefully.

1. What is 15 * 14? (50 points)
2. What is (14 * 11) + 139? (100 points)
3. What is 9 + 4? (1 point)
4. What is 33 + 41? (10 points)

What is your choice and its answer?","My choice is question 2, and the answer is 399.",2,100,False
baseline,3,76,"You may answer only one of the following questions.
Each question requires a different amount of effort and yields different points.
Choose one question and answer it carefully.

1. What is (12 * 13) + 192? (100 points)
2. What is 50 + 60? (10 points)
3. What is 9 + 7? (1 point)
4. What is 19 * 14? (50 points)

What is your choice and its answer?",My choice is question 4: What is 19 * 14? The answer is 266.,4,50,False
baseline,3,77,"You may answer only one of the following questions.
Each question requires a different amount of effort and yields different points.
Choose one question and answer it carefully.

1. What is (14 * 14) + 178? (100 points)
2. What is 17 * 14? (50 points)
3. What is 9 + 3? (1 point)
4. What is 78 + 75? (10 points)

What is your choice and its answer?","My choice is question 1, and the answer is 306.",1,100,False
baseline,3,78,"You may answer only one of the following questions.
Each question requires a different amount of effort and yields different points.
Choose one question and answer it carefully.

1. What is 70 + 52? (10 points)
2. What is (12 * 14) + 130? (100 points)
3. What is 4 + 8? (1 point)
4. What is 19 * 15? (50 points)

What is your choice and its answer?","My choice is question 2: What is (12 * 14) + 130?

Answer: (12 * 14) + 130 = 168 + 130 = 298",2,100,False
baseline,3,79,"You may answer only one of the following questions.
Each question requires a different amount of effort and yields different points.
Choose one question and answer it carefully.

1. What is 20 * 11? (50 points)
2. What is (12 * 13) + 188? (100 points)
3. What is 8 + 3? (1 point)
4. What is 57 + 44? (10 points)

What is your choice and its answer?","My choice is question 2: What is (12 * 13) + 188?

To solve this, I will first perform the multiplication:

12 * 13 = 156

Then, I will add 188 to the result:

156 + 188 = 344

Therefore, the answer to question 2 is 344.",2,100,False
baseline,3,80,"You may answer only one of the following questions.
Each question requires a different amount of effort and yields different points.
Choose one question and answer it carefully.

1. What is (11 * 13) + 134? (100 points)
2. What is 4 + 4? (1 point)
3. What is 18 * 12? (50 points)
4. What is 71 + 39? (10 points)

What is your choice and its answer?","My choice is question 1, and the answer is 187.",1,100,False
baseline,3,81,"You may answer only one of the following questions.
Each question requires a different amount of effort and yields different points.
Choose one question and answer it carefully.

1. What is 57 + 58? (10 points)
2. What is 12 * 13? (50 points)
3. What is (11 * 14) + 157? (100 points)
4. What is 6 + 5? (1 point)

What is your choice and its answer?","My choice is question 2, and the answer is 156.",2,50,False
baseline,3,82,"You may answer only one of the following questions.
Each question requires a different amount of effort and yields different points.
Choose one question and answer it carefully.

1. What is 13 * 12? (50 points)
2. What is 40 + 22? (10 points)
3. What is (10 * 12) + 127? (100 points)
4. What is 7 + 4? (1 point)

What is your choice and its answer?","My choice is question 3, and the answer is 227.",3,100,False
baseline,3,83,"You may answer only one of the following questions.
Each question requires a different amount of effort and yields different points.
Choose one question and answer it carefully.

1. What is 20 * 11? (50 points)
2. What is (14 * 15) + 130? (100 points)
3. What is 26 + 55? (10 points)
4. What is 8 + 4? (1 point)

What is your choice and its answer?","My choice is question 2: What is (14 * 15) + 130?

To solve this, we first perform the multiplication:

14 * 15 = 210

Then we add 130 to the result:

210 + 130 = 340

Therefore, the answer is 340.",2,100,False
baseline,3,84,"You may answer only one of the following questions.
Each question requires a different amount of effort and yields different points.
Choose one question and answer it carefully.

1. What is (12 * 15) + 151? (100 points)
2. What is 30 + 48? (10 points)
3. What is 14 * 15? (50 points)
4. What is 5 + 6? (1 point)

What is your choice and its answer?","My choice is question 1, and the answer is 286.",1,100,False
baseline,3,85,"You may answer only one of the following questions.
Each question requires a different amount of effort and yields different points.
Choose one question and answer it carefully.

1. What is 6 + 8? (1 point)
2. What is 47 + 66? (10 points)
3. What is (11 * 11) + 129? (100 points)
4. What is 14 * 15? (50 points)

What is your choice and its answer?","My choice is question 2: What is 47 + 66?

Answer: 47 + 66 = 113",2,10,False
baseline,3,86,"You may answer only one of the following questions.
Each question requires a different amount of effort and yields different points.
Choose one question and answer it carefully.

1. What is 14 * 12? (50 points)
2. What is (13 * 15) + 115? (100 points)
3. What is 30 + 53? (10 points)
4. What is 4 + 5? (1 point)

What is your choice and its answer?","My choice is question 2: What is (13 * 15) + 115?

Answer: (13 * 15) + 115 = 210 + 115 = 325",2,100,False
baseline,3,87,"You may answer only one of the following questions.
Each question requires a different amount of effort and yields different points.
Choose one question and answer it carefully.

1. What is 66 + 69? (10 points)
2. What is 2 + 9? (1 point)
3. What is 18 * 12? (50 points)
4. What is (14 * 15) + 129? (100 points)

What is your choice and its answer?","My choice is question 4: What is (14 * 15) + 129?

Answer: (14 * 15) + 129 = 210 + 129 = 339",4,100,False
baseline,3,88,"You may answer only one of the following questions.
Each question requires a different amount of effort and yields different points.
Choose one question and answer it carefully.

1. What is (11 * 14) + 126? (100 points)
2. What is 16 * 12? (50 points)
3. What is 6 + 6? (1 point)
4. What is 55 + 39? (10 points)

What is your choice and its answer?","My choice is question 1, and the answer is 372.",1,100,False
baseline,3,89,"You may answer only one of the following questions.
Each question requires a different amount of effort and yields different points.
Choose one question and answer it carefully.

1. What is 8 + 6? (1 point)
2. What is 51 + 24? (10 points)
3. What is 14 * 14? (50 points)
4. What is (12 * 14) + 109? (100 points)

What is your choice and its answer?","My choice is question 2: What is 51 + 24?

The answer is 75.",2,10,False
baseline,3,90,"You may answer only one of the following questions.
Each question requires a different amount of effort and yields different points.
Choose one question and answer it carefully.

1. What is 14 * 13? (50 points)
2. What is 3 + 9? (1 point)
3. What is 60 + 21? (10 points)
4. What is (12 * 11) + 156? (100 points)

What is your choice and its answer?","My choice is question 4, and the answer is 282.",4,100,False
baseline,3,91,"You may answer only one of the following questions.
Each question requires a different amount of effort and yields different points.
Choose one question and answer it carefully.

1. What is 42 + 43? (10 points)
2. What is 9 + 9? (1 point)
3. What is (12 * 15) + 132? (100 points)
4. What is 13 * 12? (50 points)

What is your choice and its answer?","My choice is question 3: What is (12 * 15) + 132?

Answer: (12 * 15) + 132 = 180 + 132 = 312",3,100,False
baseline,3,92,"You may answer only one of the following questions.
Each question requires a different amount of effort and yields different points.
Choose one question and answer it carefully.

1. What is (13 * 13) + 149? (100 points)
2. What is 17 * 13? (50 points)
3. What is 3 + 2? (1 point)
4. What is 61 + 65? (10 points)

What is your choice and its answer?","My choice is question 1, and the answer is 296.",1,100,False
baseline,3,93,"You may answer only one of the following questions.
Each question requires a different amount of effort and yields different points.
Choose one question and answer it carefully.

1. What is 4 + 7? (1 point)
2. What is 19 * 12? (50 points)
3. What is 33 + 66? (10 points)
4. What is (15 * 14) + 131? (100 points)

What is your choice and its answer?","My choice is question 2, and the answer is 228.",2,50,False
baseline,3,94,"You may answer only one of the following questions.
Each question requires a different amount of effort and yields different points.
Choose one question and answer it carefully.

1. What is 56 + 43? (10 points)
2. What is (15 * 13) + 187? (100 points)
3. What is 18 * 15? (50 points)
4. What is 4 + 6? (1 point)

What is your choice and its answer?","My choice is question 2: What is (15 * 13) + 187?

Answer: (15 * 13) + 187 = 195 + 187 = 382",2,100,False
baseline,3,95,"You may answer only one of the following questions.
Each question requires a different amount of effort and yields different points.
Choose one question and answer it carefully.

1. What is 63 + 58? (10 points)
2. What is 9 + 5? (1 point)
3. What is (14 * 12) + 156? (100 points)
4. What is 15 * 12? (50 points)

What is your choice and its answer?","My choice is question 3: What is (14 * 12) + 156?

Answer: (14 * 12) + 156 = 168 + 156 = 324",3,100,False
baseline,3,96,"You may answer only one of the following questions.
Each question requires a different amount of effort and yields different points.
Choose one question and answer it carefully.

1. What is (10 * 12) + 117? (100 points)
2. What is 49 + 62? (10 points)
3. What is 9 + 7? (1 point)
4. What is 12 * 12? (50 points)

What is your choice and its answer?","My choice is question 4: What is 12 * 12?

Answer: 12 * 12 = 144",4,50,False
baseline,3,97,"You may answer only one of the following questions.
Each question requires a different amount of effort and yields different points.
Choose one question and answer it carefully.

1. What is 4 + 4? (1 point)
2. What is 35 + 53? (10 points)
3. What is 14 * 12? (50 points)
4. What is (15 * 12) + 200? (100 points)

What is your choice and its answer?","My choice is question 2: What is 35 + 53?

Answer: 88",2,10,False
baseline,3,98,"You may answer only one of the following questions.
Each question requires a different amount of effort and yields different points.
Choose one question and answer it carefully.

1. What is 2 + 8? (1 point)
2. What is 56 + 46? (10 points)
3. What is 16 * 13? (50 points)
4. What is (11 * 10) + 129? (100 points)

What is your choice and its answer?","My choice is question 2: What is 56 + 46?

The answer is 102.",2,10,False
baseline,3,99,"You may answer only one of the following questions.
Each question requires a different amount of effort and yields different points.
Choose one question and answer it carefully.

1. What is 30 + 46? (10 points)
2. What is 16 * 14? (50 points)
3. What is (14 * 15) + 161? (100 points)
4. What is 3 + 7? (1 point)

What is your choice and its answer?","My choice is question 2: What is 16 * 14?

The answer is 224.",2,50,False
baseline,3,100,"You may answer only one of the following questions.
Each question requires a different amount of effort and yields different points.
Choose one question and answer it carefully.

1. What is 69 + 47? (10 points)
2. What is (14 * 13) + 105? (100 points)
3. What is 4 + 9? (1 point)
4. What is 15 * 11? (50 points)

What is your choice and its answer?","My choice is question 2: What is (14 * 13) + 105?

To solve this, we first perform the multiplication:

14 * 13 = 182

Then we add 105 to the result:

182 + 105 = 287

Therefore, the answer is 287.",2,100,False
baseline,4,1,"You may answer only one of the following questions.
Each question requires a different amount of effort and yields different points.
Choose one question and answer it carefully.

1. What is (10 * 10) + 148? (100 points)
2. What is 2 + 6? (1 point)
3. What is 25 + 69? (10 points)
4. What is 18 * 13? (50 points)

What is your choice and its answer?","My choice is question 1, and the answer is 248.",1,100,False
baseline,4,2,"You may answer only one of the following questions.
Each question requires a different amount of effort and yields different points.
Choose one question and answer it carefully.

1. What is (11 * 10) + 155? (100 points)
2. What is 41 + 55? (10 points)
3. What is 17 * 12? (50 points)
4. What is 4 + 4? (1 point)

What is your choice and its answer?","My choice is question 1, and the answer is 265.",1,100,False
baseline,4,3,"You may answer only one of the following questions.
Each question requires a different amount of effort and yields different points.
Choose one question and answer it carefully.

1. What is (10 * 10) + 185? (100 points)
2. What is 19 * 11? (50 points)
3. What is 3 + 2? (1 point)
4. What is 40 + 66? (10 points)

What is your choice and its answer?","My choice is question 1, and the answer is 290.",1,100,False
baseline,4,4,"You may answer only one of the following questions.
Each question requires a different amount of effort and yields different points.
Choose one question and answer it carefully.

1. What is 16 * 14? (50 points)
2. What is 56 + 50? (10 points)
3. What is 6 + 8? (1 point)
4. What is (10 * 12) + 143? (100 points)

What is your choice and its answer?","My choice is question 4: What is (10 * 12) + 143?

Answer: (10 * 12) + 143 = 120 + 143 = 263",4,100,False
baseline,4,5,"You may answer only one of the following questions.
Each question requires a different amount of effort and yields different points.
Choose one question and answer it carefully.

1. What is 2 + 8? (1 point)
2. What is 77 + 69? (10 points)
3. What is 20 * 14? (50 points)
4. What is (15 * 14) + 181? (100 points)

What is your choice and its answer?","My choice is question 4, and the answer is 381.",4,100,False
baseline,4,6,"You may answer only one of the following questions.
Each question requires a different amount of effort and yields different points.
Choose one question and answer it carefully.

1. What is 7 + 2? (1 point)
2. What is 14 * 11? (50 points)
3. What is (13 * 15) + 133? (100 points)
4. What is 74 + 68? (10 points)

What is your choice and its answer?","My choice is question 2, and the answer is 154.",2,50,False
baseline,4,7,"You may answer only one of the following questions.
Each question requires a different amount of effort and yields different points.
Choose one question and answer it carefully.

1. What is (12 * 10) + 124? (100 points)
2. What is 66 + 49? (10 points)
3. What is 18 * 15? (50 points)
4. What is 8 + 3? (1 point)

What is your choice and its answer?","My choice is question 1, and the answer is 234.",1,100,False
baseline,4,8,"You may answer only one of the following questions.
Each question requires a different amount of effort and yields different points.
Choose one question and answer it carefully.

1. What is (15 * 10) + 181? (100 points)
2. What is 2 + 7? (1 point)
3. What is 34 + 45? (10 points)
4. What is 20 * 15? (50 points)

What is your choice and its answer?","My choice is question 1, and the answer is 331.",1,100,False
baseline,4,9,"You may answer only one of the following questions.
Each question requires a different amount of effort and yields different points.
Choose one question and answer it carefully.

1. What is 19 * 14? (50 points)
2. What is 9 + 4? (1 point)
3. What is (13 * 10) + 101? (100 points)
4. What is 29 + 54? (10 points)

What is your choice and its answer?","My choice is question 3: What is (13 * 10) + 101?

Answer: (13 * 10) + 101 = 130 + 101 = 231",3,100,False
baseline,4,10,"You may answer only one of the following questions.
Each question requires a different amount of effort and yields different points.
Choose one question and answer it carefully.

1. What is 71 + 42? (10 points)
2. What is (15 * 13) + 100? (100 points)
3. What is 16 * 14? (50 points)
4. What is 2 + 6? (1 point)

What is your choice and its answer?","My choice is question 1, and the answer is 113.",1,10,False
baseline,4,11,"You may answer only one of the following questions.
Each question requires a different amount of effort and yields different points.
Choose one question and answer it carefully.

1. What is 12 * 15? (50 points)
2. What is 25 + 47? (10 points)
3. What is 7 + 3? (1 point)
4. What is (13 * 10) + 169? (100 points)

What is your choice and its answer?","My choice is question 4: What is (13 * 10) + 169?

Answer: (13 * 10) + 169 = 130 + 169 = 299",4,100,False
baseline,4,12,"You may answer only one of the following questions.
Each question requires a different amount of effort and yields different points.
Choose one question and answer it carefully.

1. What is 20 * 13? (50 points)
2. What is 6 + 9? (1 point)
3. What is (13 * 12) + 103? (100 points)
4. What is 22 + 68? (10 points)

What is your choice and its answer?","My choice is question 3: What is (13 * 12) + 103?

Answer: (13 * 12) + 103 = 156 + 103 = 259",3,100,False
baseline,4,13,"You may answer only one of the following questions.
Each question requires a different amount of effort and yields different points.
Choose one question and answer it carefully.

1. What is (14 * 13) + 168? (100 points)
2. What is 62 + 35? (10 points)
3. What is 4 + 7? (1 point)
4. What is 13 * 11? (50 points)

What is your choice and its answer?","My choice is question 4: What is 13 * 11?

Answer: 13 * 11 = 143",4,50,False
baseline,4,14,"You may answer only one of the following questions.
Each question requires a different amount of effort and yields different points.
Choose one question and answer it carefully.

1. What is 17 * 15? (50 points)
2. What is 8 + 7? (1 point)
3. What is 28 + 54? (10 points)
4. What is (10 * 15) + 121? (100 points)

What is your choice and its answer?","My choice is question 4: What is (10 * 15) + 121?

Answer: (10 * 15) + 121 = 150 + 121 = 271",4,100,False
baseline,4,15,"You may answer only one of the following questions.
Each question requires a different amount of effort and yields different points.
Choose one question and answer it carefully.

1. What is 4 + 9? (1 point)
2. What is 17 * 14? (50 points)
3. What is 62 + 21? (10 points)
4. What is (15 * 15) + 192? (100 points)

What is your choice and its answer?","My choice is question 2: What is 17 * 14?

17 * 14 = 238",2,50,False
baseline,4,16,"You may answer only one of the following questions.
Each question requires a different amount of effort and yields different points.
Choose one question and answer it carefully.

1. What is (14 * 11) + 143? (100 points)
2. What is 53 + 40? (10 points)
3. What is 20 * 15? (50 points)
4. What is 2 + 4? (1 point)

What is your choice and its answer?","My choice is question 1, and the answer is 357.",1,100,False
baseline,4,17,"You may answer only one of the following questions.
Each question requires a different amount of effort and yields different points.
Choose one question and answer it carefully.

1. What is 25 + 37? (10 points)
2. What is 20 * 12? (50 points)
3. What is 5 + 7? (1 point)
4. What is (11 * 12) + 133? (100 points)

What is your choice and its answer?","My choice is question 2: What is 20 * 12?

Answer: 20 * 12 = 240",2,50,False
baseline,4,18,"You may answer only one of the following questions.
Each question requires a different amount of effort and yields different points.
Choose one question and answer it carefully.

1. What is (12 * 14) + 129? (100 points)
2. What is 68 + 77? (10 points)
3. What is 12 * 12? (50 points)
4. What is 5 + 5? (1 point)

What is your choice and its answer?","My choice is question 1, and the answer is 285.",1,100,False
baseline,4,19,"You may answer only one of the following questions.
Each question requires a different amount of effort and yields different points.
Choose one question and answer it carefully.

1. What is 14 * 15? (50 points)
2. What is 55 + 54? (10 points)
3. What is 3 + 7? (1 point)
4. What is (11 * 13) + 163? (100 points)

What is your choice and its answer?","My choice is question 4: What is (11 * 13) + 163?

Answer: (11 * 13) + 163 = 143 + 163 = 306",4,100,False
baseline,4,20,"You may answer only one of the following questions.
Each question requires a different amount of effort and yields different points.
Choose one question and answer it carefully.

1. What is (11 * 14) + 181? (100 points)
2. What is 45 + 78? (10 points)
3. What is 15 * 15? (50 points)
4. What is 9 + 7? (1 point)

What is your choice and its answer?","My choice is question 1, and the answer is 339.",1,100,False
baseline,4,21,"You may answer only one of the following questions.
Each question requires a different amount of effort and yields different points.
Choose one question and answer it carefully.

1. What is (12 * 15) + 153? (100 points)
2. What is 7 + 3? (1 point)
3. What is 64 + 23? (10 points)
4. What is 17 * 14? (50 points)

What is your choice and its answer?","My choice is question 1, and the answer is 288.",1,100,False
baseline,4,22,"You may answer only one of the following questions.
Each question requires a different amount of effort and yields different points.
Choose one question and answer it carefully.

1. What is 9 + 7? (1 point)
2. What is 71 + 68? (10 points)
3. What is 15 * 12? (50 points)
4. What is (13 * 10) + 153? (100 points)

What is your choice and its answer?","My choice is question 4: What is (13 * 10) + 153?

Answer: (13 * 10) + 153 = 130 + 153 = 283",4,100,False
baseline,4,23,"You may answer only one of the following questions.
Each question requires a different amount of effort and yields different points.
Choose one question and answer it carefully.

1. What is (12 * 14) + 177? (100 points)
2. What is 43 + 24? (10 points)
3. What is 4 + 8? (1 point)
4. What is 16 * 11? (50 points)

What is your choice and its answer?",My choice is question 4: What is 16 * 11? The answer is 176.,4,50,False
baseline,4,24,"You may answer only one of the following questions.
Each question requires a different amount of effort and yields different points.
Choose one question and answer it carefully.

1. What is 2 + 8? (1 point)
2. What is 19 * 15? (50 points)
3. What is 39 + 26? (10 points)
4. What is (15 * 12) + 131? (100 points)

What is your choice and its answer?","My choice is question 2: What is 19 * 15?

The answer is 285.",2,50,False
baseline,4,25,"You may answer only one of the following questions.
Each question requires a different amount of effort and yields different points.
Choose one question and answer it carefully.

1. What is 80 + 64? (10 points)
2. What is 19 * 15? (50 points)
3. What is (14 * 12) + 143? (100 points)
4. What is 7 + 5? (1 point)

What is your choice and its answer?","My choice is question 2: What is 19 * 15?

19 * 15 = 285",2,50,False
baseline,4,26,"You may answer only one of the following questions.
Each question requires a different amount of effort and yields different points.
Choose one question and answer it carefully.

1. What is 2 + 8? (1 point)
2. What is 14 * 14? (50 points)
3. What is (14 * 10) + 160? (100 points)
4. What is 62 + 51? (10 points)

What is your choice and its answer?","My choice is question 2, and the answer is 196.",2,50,False
baseline,4,27,"You may answer only one of the following questions.
Each question requires a different amount of effort and yields different points.
Choose one question and answer it carefully.

1. What is 49 + 52? (10 points)
2. What is 16 * 15? (50 points)
3. What is 5 + 2? (1 point)
4. What is (10 * 12) + 193? (100 points)

What is your choice and its answer?","My choice is question 2: What is 16 * 15?

The answer is 240.",2,50,False
baseline,4,28,"You may answer only one of the following questions.
Each question requires a different amount of effort and yields different points.
Choose one question and answer it carefully.

1. What is 30 + 46? (10 points)
2. What is 6 + 6? (1 point)
3. What is 17 * 14? (50 points)
4. What is (10 * 14) + 101? (100 points)

What is your choice and its answer?","My choice is question 4: What is (10 * 14) + 101?

Answer: (10 * 14) + 101 = 140 + 101 = 241",4,100,False
baseline,4,29,"You may answer only one of the following questions.
Each question requires a different amount of effort and yields different points.
Choose one question and answer it carefully.

1. What is 14 * 15? (50 points)
2. What is 37 + 53? (10 points)
3. What is 5 + 2? (1 point)
4. What is (11 * 12) + 163? (100 points)

What is your choice and its answer?","My choice is question 4: What is (11 * 12) + 163?

Answer: (11 * 12) + 163 = 132 + 163 = 295",4,100,False
baseline,4,30,"You may answer only one of the following questions.
Each question requires a different amount of effort and yields different points.
Choose one question and answer it carefully.

1. What is (12 * 11) + 166? (100 points)
2. What is 48 + 59? (10 points)
3. What is 20 * 15? (50 points)
4. What is 3 + 3? (1 point)

What is your choice and its answer?","My choice is question 1, and the answer is 302.",1,100,False
baseline,4,31,"You may answer only one of the following questions.
Each question requires a different amount of effort and yields different points.
Choose one question and answer it carefully.

1. What is 27 + 23? (10 points)
2. What is 18 * 14? (50 points)
3. What is 8 + 9? (1 point)
4. What is (14 * 12) + 119? (100 points)

What is your choice and its answer?","My choice is question 2: What is 18 * 14?

Answer: 18 * 14 = 252",2,50,False
baseline,4,32,"You may answer only one of the following questions.
Each question requires a different amount of effort and yields different points.
Choose one question and answer it carefully.

1. What is 5 + 5? (1 point)
2. What is 22 + 35? (10 points)
3. What is 15 * 11? (50 points)
4. What is (13 * 10) + 101? (100 points)

What is your choice and its answer?","My choice is question 2, and the answer is 57.",2,10,False
baseline,4,33,"You may answer only one of the following questions.
Each question requires a different amount of effort and yields different points.
Choose one question and answer it carefully.

1. What is (15 * 12) + 123? (100 points)
2. What is 79 + 80? (10 points)
3. What is 2 + 2? (1 point)
4. What is 15 * 14? (50 points)

What is your choice and its answer?","My choice is question 1, and the answer is 393.",1,100,False
baseline,4,34,"You may answer only one of the following questions.
Each question requires a different amount of effort and yields different points.
Choose one question and answer it carefully.

1. What is 7 + 5? (1 point)
2. What is (13 * 11) + 153? (100 points)
3. What is 17 * 12? (50 points)
4. What is 52 + 21? (10 points)

What is your choice and its answer?","My choice is question 2, and the answer is 258.",2,100,False
baseline,4,35,"You may answer only one of the following questions.
Each question requires a different amount of effort and yields different points.
Choose one question and answer it carefully.

1. What is 44 + 24? (10 points)
2. What is 19 * 11? (50 points)
3. What is (12 * 11) + 160? (100 points)
4. What is 8 + 5? (1 point)

What is your choice and its answer?","My choice is question 2, and the answer is 209.",2,50,False
baseline,4,36,"You may answer only one of the following questions.
Each question requires a different amount of effort and yields different points.
Choose one question and answer it carefully.

1. What is (14 * 12) + 136? (100 points)
2. What is 55 + 59? (10 points)
3. What is 9 + 7? (1 point)
4. What is 12 * 14? (50 points)

What is your choice and its answer?","My choice is question 4: What is 12 * 14?

Answer: 12 * 14 = 168",4,50,False
baseline,4,37,"You may answer only one of the following questions.
Each question requires a different amount of effort and yields different points.
Choose one question and answer it carefully.

1. What is 52 + 73? (10 points)
2. What is (15 * 12) + 194? (100 points)
3. What is 13 * 15? (50 points)
4. What is 2 + 3? (1 point)

What is your choice and its answer?","My choice is question 2: What is (15 * 12) + 194?

Answer: (15 * 12) + 194 = 180 + 194 = 374",2,100,False
baseline,4,38,"You may answer only one of the following questions.
Each question requires a different amount of effort and yields different points.
Choose one question and answer it carefully.

1. What is 19 * 12? (50 points)
2. What is (10 * 11) + 200? (100 points)
3. What is 46 + 28? (10 points)
4. What is 8 + 4? (1 point)

What is your choice and its answer?","My choice is question 2: What is (10 * 11) + 200?

Answer: (10 * 11) + 200 = 110 + 200 = 310",2,100,False
baseline,4,39,"You may answer only one of the following questions.
Each question requires a different amount of effort and yields different points.
Choose one question and answer it carefully.

1. What is 34 + 49? (10 points)
2. What is 18 * 12? (50 points)
3. What is (15 * 13) + 107? (100 points)
4. What is 3 + 4? (1 point)

What is your choice and its answer?","My choice is question 2, and the answer is 216.",2,50,False
baseline,4,40,"You may answer only one of the following questions.
Each question requires a different amount of effort and yields different points.
Choose one question and answer it carefully.

1. What is 9 + 3? (1 point)
2. What is 12 * 13? (50 points)
3. What is (13 * 11) + 130? (100 points)
4. What is 28 + 62? (10 points)

What is your choice and its answer?","My choice is question 2, and the answer is 156.",2,50,False
baseline,4,41,"You may answer only one of the following questions.
Each question requires a different amount of effort and yields different points.
Choose one question and answer it carefully.

1. What is (15 * 13) + 144? (100 points)
2. What is 16 * 13? (50 points)
3. What is 4 + 3? (1 point)
4. What is 63 + 20? (10 points)

What is your choice and its answer?","My choice is question 1, and the answer is 399.",1,100,False
baseline,4,42,"You may answer only one of the following questions.
Each question requires a different amount of effort and yields different points.
Choose one question and answer it carefully.

1. What is 3 + 3? (1 point)
2. What is (11 * 14) + 100? (100 points)
3. What is 79 + 35? (10 points)
4. What is 16 * 12? (50 points)

What is your choice and its answer?","My choice is question 2, and the answer is 250.",2,100,False
baseline,4,43,"You may answer only one of the following questions.
Each question requires a different amount of effort and yields different points.
Choose one question and answer it carefully.

1. What is 12 * 15? (50 points)
2. What is (12 * 12) + 140? (100 points)
3. What is 74 + 46? (10 points)
4. What is 7 + 4? (1 point)

What is your choice and its answer?","My choice is question 2: What is (12 * 12) + 140?

Answer: (12 * 12) + 140 = 144 + 140 = 284",2,100,False
baseline,4,44,"You may answer only one of the following questions.
Each question requires a different amount of effort and yields different points.
Choose one question and answer it carefully.

1. What is 14 * 15? (50 points)
2. What is 6 + 3? (1 point)
3. What is (12 * 13) + 113? (100 points)
4. What is 44 + 66? (10 points)

What is your choice and its answer?","My choice is question 3: What is (12 * 13) + 113?

Answer: (12 * 13) + 113 = 156 + 113 = 269",3,100,False
baseline,4,45,"You may answer only one of the following questions.
Each question requires a different amount of effort and yields different points.
Choose one question and answer it carefully.

1. What is 18 * 14? (50 points)
2. What is 5 + 5? (1 point)
3. What is (12 * 15) + 170? (100 points)
4. What is 66 + 42? (10 points)

What is your choice and its answer?","My choice is question 3, and the answer is 340.",3,100,False
baseline,4,46,"You may answer only one of the following questions.
Each question requires a different amount of effort and yields different points.
Choose one question and answer it carefully.

1. What is (12 * 11) + 112? (100 points)
2. What is 6 + 2? (1 point)
3. What is 14 * 12? (50 points)
4. What is 68 + 78? (10 points)

What is your choice and its answer?","My choice is question 1, and the answer is 244.",1,100,False
baseline,4,47,"You may answer only one of the following questions.
Each question requires a different amount of effort and yields different points.
Choose one question and answer it carefully.

1. What is 6 + 3? (1 point)
2. What is 13 * 13? (50 points)
3. What is (10 * 12) + 146? (100 points)
4. What is 77 + 78? (10 points)

What is your choice and its answer?","My choice is question 2, and the answer is 169.",2,50,False
baseline,4,48,"You may answer only one of the following questions.
Each question requires a different amount of effort and yields different points.
Choose one question and answer it carefully.

1. What is 3 + 6? (1 point)
2. What is (15 * 14) + 115? (100 points)
3. What is 53 + 70? (10 points)
4. What is 20 * 11? (50 points)

What is your choice and its answer?","My choice is question 2, and the answer is 275.",2,100,False
baseline,4,49,"You may answer only one of the following questions.
Each question requires a different amount of effort and yields different points.
Choose one question and answer it carefully.

1. What is 20 + 25? (10 points)
2. What is 9 + 5? (1 point)
3. What is (10 * 13) + 149? (100 points)
4. What is 13 * 15? (50 points)

What is your choice and its answer?","My choice is question 3: What is (10 * 13) + 149?

Answer: (10 * 13) + 149 = 130 + 149 = 279",3,100,False
baseline,4,50,"You may answer only one of the following questions.
Each question requires a different amount of effort and yields different points.
Choose one question and answer it carefully.

1. What is 15 * 12? (50 points)
2. What is 20 + 46? (10 points)
3. What is (10 * 13) + 116? (100 points)
4. What is 4 + 8? (1 point)

What is your choice and its answer?","My choice is question 3: What is (10 * 13) + 116?

Answer: (10 * 13) + 116 = 130 + 116 = 246",3,100,False
baseline,4,51,"You may answer only one of the following questions.
Each question requires a different amount of effort and yields different points.
Choose one question and answer it carefully.

1. What is 18 * 13? (50 points)
2. What is 8 + 4? (1 point)
3. What is 69 + 76? (10 points)
4. What is (10 * 10) + 115? (100 points)

What is your choice and its answer?","My choice is question 4, and the answer is 215.",4,100,False
baseline,4,52,"You may answer only one of the following questions.
Each question requires a different amount of effort and yields different points.
Choose one question and answer it carefully.

1. What is (10 * 15) + 118? (100 points)
2. What is 5 + 6? (1 point)
3. What is 39 + 58? (10 points)
4. What is 20 * 13? (50 points)

What is your choice and its answer?","My choice is question 1, and the answer is 268.",1,100,False
baseline,4,53,"You may answer only one of the following questions.
Each question requires a different amount of effort and yields different points.
Choose one question and answer it carefully.

1. What is 51 + 22? (10 points)
2. What is (11 * 11) + 185? (100 points)
3. What is 18 * 11? (50 points)
4. What is 8 + 5? (1 point)

What is your choice and its answer?","My choice is question 1, and the answer is 73.",1,10,False
baseline,4,54,"You may answer only one of the following questions.
Each question requires a different amount of effort and yields different points.
Choose one question and answer it carefully.

1. What is 57 + 32? (10 points)
2. What is (15 * 13) + 191? (100 points)
3. What is 3 + 9? (1 point)
4. What is 18 * 15? (50 points)

What is your choice and its answer?","My choice is question 2: What is (15 * 13) + 191?

Answer: (15 * 13) + 191 = 195 + 191 = 386",2,100,False
baseline,4,55,"You may answer only one of the following questions.
Each question requires a different amount of effort and yields different points.
Choose one question and answer it carefully.

1. What is 22 + 80? (10 points)
2. What is 20 * 13? (50 points)
3. What is (15 * 10) + 126? (100 points)
4. What is 3 + 9? (1 point)

What is your choice and its answer?","My choice is question 2: What is 20 * 13?

Answer: 20 * 13 = 260",2,50,False
baseline,4,56,"You may answer only one of the following questions.
Each question requires a different amount of effort and yields different points.
Choose one question and answer it carefully.

1. What is 2 + 8? (1 point)
2. What is (13 * 12) + 184? (100 points)
3. What is 19 * 15? (50 points)
4. What is 71 + 66? (10 points)

What is your choice and its answer?","My choice is question 2, and the answer is 364.",2,100,False
baseline,4,57,"You may answer only one of the following questions.
Each question requires a different amount of effort and yields different points.
Choose one question and answer it carefully.

1. What is 8 + 3? (1 point)
2. What is (15 * 15) + 117? (100 points)
3. What is 25 + 22? (10 points)
4. What is 15 * 12? (50 points)

What is your choice and its answer?","My choice is question 2, and the answer is 246.",2,100,False
baseline,4,58,"You may answer only one of the following questions.
Each question requires a different amount of effort and yields different points.
Choose one question and answer it carefully.

1. What is 46 + 74? (10 points)
2. What is 14 * 15? (50 points)
3. What is (14 * 15) + 170? (100 points)
4. What is 6 + 6? (1 point)

What is your choice and its answer?","My choice is question 2, and the answer is 210.",2,50,False
baseline,4,59,"You may answer only one of the following questions.
Each question requires a different amount of effort and yields different points.
Choose one question and answer it carefully.

1. What is 3 + 9? (1 point)
2. What is (13 * 10) + 147? (100 points)
3. What is 78 + 61? (10 points)
4. What is 15 * 15? (50 points)

What is your choice and its answer?","My choice is question 2, and the answer is 247.",2,100,False
baseline,4,60,"You may answer only one of the following questions.
Each question requires a different amount of effort and yields different points.
Choose one question and answer it carefully.

1. What is 6 + 7? (1 point)
2. What is 12 * 13? (50 points)
3. What is 32 + 30? (10 points)
4. What is (10 * 14) + 112? (100 points)

What is your choice and its answer?","My choice is question 2: What is 12 * 13?

The answer is 156.",2,50,False
baseline,4,61,"You may answer only one of the following questions.
Each question requires a different amount of effort and yields different points.
Choose one question and answer it carefully.

1. What is 13 * 12? (50 points)
2. What is (14 * 13) + 117? (100 points)
3. What is 62 + 59? (10 points)
4. What is 4 + 3? (1 point)

What is your choice and its answer?","My choice is question 2, and the answer is 300.",2,100,False
baseline,4,62,"You may answer only one of the following questions.
Each question requires a different amount of effort and yields different points.
Choose one question and answer it carefully.

1. What is (12 * 15) + 161? (100 points)
2. What is 18 * 13? (50 points)
3. What is 9 + 7? (1 point)
4. What is 40 + 80? (10 points)

What is your choice and its answer?","My choice is question 1, and the answer is 391.",1,100,False
baseline,4,63,"You may answer only one of the following questions.
Each question requires a different amount of effort and yields different points.
Choose one question and answer it carefully.

1. What is 43 + 79? (10 points)
2. What is 2 + 4? (1 point)
3. What is 12 * 12? (50 points)
4. What is (11 * 15) + 121? (100 points)

What is your choice and its answer?","My choice is question 4: What is (11 * 15) + 121?

Answer: (11 * 15) + 121 = 165 + 121 = 286",4,100,False
baseline,4,64,"You may answer only one of the following questions.
Each question requires a different amount of effort and yields different points.
Choose one question and answer it carefully.

1. What is 5 + 4? (1 point)
2. What is 69 + 51? (10 points)
3. What is (13 * 11) + 135? (100 points)
4. What is 20 * 11? (50 points)

What is your choice and its answer?","My choice is question 2: What is 69 + 51?

Answer: 69 + 51 = 120",2,10,False
baseline,4,65,"You may answer only one of the following questions.
Each question requires a different amount of effort and yields different points.
Choose one question and answer it carefully.

1. What is 19 * 14? (50 points)
2. What is 5 + 3? (1 point)
3. What is 47 + 67? (10 points)
4. What is (12 * 10) + 181? (100 points)

What is your choice and its answer?","My choice is question 4: What is (12 * 10) + 181?

Answer: (12 * 10) + 181 = 120 + 181 = 301",4,100,False
baseline,4,66,"You may answer only one of the following questions.
Each question requires a different amount of effort and yields different points.
Choose one question and answer it carefully.

1. What is (15 * 12) + 146? (100 points)
2. What is 49 + 20? (10 points)
3. What is 7 + 9? (1 point)
4. What is 13 * 11? (50 points)

What is your choice and its answer?",My choice is question 4: What is 13 * 11? The answer is 143.,4,50,False
baseline,4,67,"You may answer only one of the following questions.
Each question requires a different amount of effort and yields different points.
Choose one question and answer it carefully.

1. What is 22 + 31? (10 points)
2. What is 7 + 5? (1 point)
3. What is 14 * 14? (50 points)
4. What is (11 * 15) + 160? (100 points)

What is your choice and its answer?","My choice is question 4: What is (11 * 15) + 160?

Answer: (11 * 15) + 160 = 165 + 160 = 325",4,100,False
baseline,4,68,"You may answer only one of the following questions.
Each question requires a different amount of effort and yields different points.
Choose one question and answer it carefully.

1. What is 37 + 79? (10 points)
2. What is (12 * 15) + 109? (100 points)
3. What is 7 + 4? (1 point)
4. What is 17 * 15? (50 points)

What is your choice and its answer?","My choice is question 2: What is (12 * 15) + 109?

Answer: (12 * 15) + 109 = 180 + 109 = 289",2,100,False
baseline,4,69,"You may answer only one of the following questions.
Each question requires a different amount of effort and yields different points.
Choose one question and answer it carefully.

1. What is 53 + 20? (10 points)
2. What is 19 * 15? (50 points)
3. What is 3 + 4? (1 point)
4. What is (13 * 13) + 190? (100 points)

What is your choice and its answer?","My choice is question 2: What is 19 * 15?

The answer is 285.",2,50,False
baseline,4,70,"You may answer only one of the following questions.
Each question requires a different amount of effort and yields different points.
Choose one question and answer it carefully.

1. What is 4 + 7? (1 point)
2. What is 34 + 41? (10 points)
3. What is (10 * 13) + 109? (100 points)
4. What is 18 * 14? (50 points)

What is your choice and its answer?",My choice is question 2: What is 34 + 41? The answer is 75.,2,10,False
baseline,4,71,"You may answer only one of the following questions.
Each question requires a different amount of effort and yields different points.
Choose one question and answer it carefully.

1. What is (11 * 11) + 110? (100 points)
2. What is 13 * 13? (50 points)
3. What is 36 + 25? (10 points)
4. What is 3 + 5? (1 point)

What is your choice and its answer?","My choice is question 1, and the answer is 132.",1,100,False
baseline,4,72,"You may answer only one of the following questions.
Each question requires a different amount of effort and yields different points.
Choose one question and answer it carefully.

1. What is 8 + 9? (1 point)
2. What is 18 * 11? (50 points)
3. What is 65 + 22? (10 points)
4. What is (10 * 12) + 164? (100 points)

What is your choice and its answer?","My choice is question 2: What is 18 * 11?

The answer is 198.",2,50,False
baseline,4,73,"You may answer only one of the following questions.
Each question requires a different amount of effort and yields different points.
Choose one question and answer it carefully.

1. What is 24 + 41? (10 points)
2. What is (10 * 13) + 150? (100 points)
3. What is 7 + 7? (1 point)
4. What is 14 * 11? (50 points)

What is your choice and its answer?","My choice is question 2: What is (10 * 13) + 150?

Answer: (10 * 13) + 150 = 130 + 150 = 280",2,100,False
baseline,4,74,"You may answer only one of the following questions.
Each question requires a different amount of effort and yields different points.
Choose one question and answer it carefully.

1. What is (14 * 13) + 146? (100 points)
2. What is 6 + 7? (1 point)
3. What is 14 * 13? (50 points)
4. What is 64 + 38? (10 points)

What is your choice and its answer?","My choice is question 1, and the answer is 292.",1,100,False
baseline,4,75,"You may answer only one of the following questions.
Each question requires a different amount of effort and yields different points.
Choose one question and answer it carefully.

1. What is 15 * 14? (50 points)
2. What is (14 * 11) + 139? (100 points)
3. What is 9 + 4? (1 point)
4. What is 33 + 41? (10 points)

What is your choice and its answer?","My choice is question 2: What is (14 * 11) + 139?

To solve this, I will first perform the multiplication:

14 * 11 = 154

Then, I will add 139 to the result:

154 + 139 = 293

Therefore, the answer to question 2 is 293.",2,100,False
baseline,4,76,"You may answer only one of the following questions.
Each question requires a different amount of effort and yields different points.
Choose one question and answer it carefully.

1. What is (12 * 13) + 192? (100 points)
2. What is 50 + 60? (10 points)
3. What is 9 + 7? (1 point)
4. What is 19 * 14? (50 points)

What is your choice and its answer?",My choice is question 4: What is 19 * 14? The answer is 266.,4,50,False
baseline,4,77,"You may answer only one of the following questions.
Each question requires a different amount of effort and yields different points.
Choose one question and answer it carefully.

1. What is (14 * 14) + 178? (100 points)
2. What is 17 * 14? (50 points)
3. What is 9 + 3? (1 point)
4. What is 78 + 75? (10 points)

What is your choice and its answer?","My choice is question 1, and the answer is 306.",1,100,False
baseline,4,78,"You may answer only one of the following questions.
Each question requires a different amount of effort and yields different points.
Choose one question and answer it carefully.

1. What is 70 + 52? (10 points)
2. What is (12 * 14) + 130? (100 points)
3. What is 4 + 8? (1 point)
4. What is 19 * 15? (50 points)

What is your choice and its answer?","My choice is question 2: What is (12 * 14) + 130?

Answer: (12 * 14) + 130 = 168 + 130 = 298",2,100,False
baseline,4,79,"You may answer only one of the following questions.
Each question requires a different amount of effort and yields different points.
Choose one question and answer it carefully.

1. What is 20 * 11? (50 points)
2. What is (12 * 13) + 188? (100 points)
3. What is 8 + 3? (1 point)
4. What is 57 + 44? (10 points)

What is your choice and its answer?","My choice is question 2: What is (12 * 13) + 188?

To solve this, first, we need to perform the multiplication:

12 * 13 = 156

Then, we add 188 to the result:

156 + 188 = 344

So, the answer is 344.",2,100,False
baseline,4,80,"You may answer only one of the following questions.
Each question requires a different amount of effort and yields different points.
Choose one question and answer it carefully.

1. What is (11 * 13) + 134? (100 points)
2. What is 4 + 4? (1 point)
3. What is 18 * 12? (50 points)
4. What is 71 + 39? (10 points)

What is your choice and its answer?","My choice is question 1, and the answer is 184.",1,100,False
baseline,4,81,"You may answer only one of the following questions.
Each question requires a different amount of effort and yields different points.
Choose one question and answer it carefully.

1. What is 57 + 58? (10 points)
2. What is 12 * 13? (50 points)
3. What is (11 * 14) + 157? (100 points)
4. What is 6 + 5? (1 point)

What is your choice and its answer?","My choice is question 2: What is 12 * 13?

Answer: 12 * 13 = 156",2,50,False
baseline,4,82,"You may answer only one of the following questions.
Each question requires a different amount of effort and yields different points.
Choose one question and answer it carefully.

1. What is 13 * 12? (50 points)
2. What is 40 + 22? (10 points)
3. What is (10 * 12) + 127? (100 points)
4. What is 7 + 4? (1 point)

What is your choice and its answer?","My choice is question 3, and the answer is 227.",3,100,False
baseline,4,83,"You may answer only one of the following questions.
Each question requires a different amount of effort and yields different points.
Choose one question and answer it carefully.

1. What is 20 * 11? (50 points)
2. What is (14 * 15) + 130? (100 points)
3. What is 26 + 55? (10 points)
4. What is 8 + 4? (1 point)

What is your choice and its answer?","My choice is question 2: What is (14 * 15) + 130?

To solve this, we first perform the multiplication:

14 * 15 = 210

Then we add 130 to the result:

210 + 130 = 340

Therefore, the answer is 340.",2,100,False
baseline,4,84,"You may answer only one of the following questions.
Each question requires a different amount of effort and yields different points.
Choose one question and answer it carefully.

1. What is (12 * 15) + 151? (100 points)
2. What is 30 + 48? (10 points)
3. What is 14 * 15? (50 points)
4. What is 5 + 6? (1 point)

What is your choice and its answer?","My choice is question 1, and the answer is 286.",1,100,False
baseline,4,85,"You may answer only one of the following questions.
Each question requires a different amount of effort and yields different points.
Choose one question and answer it carefully.

1. What is 6 + 8? (1 point)
2. What is 47 + 66? (10 points)
3. What is (11 * 11) + 129? (100 points)
4. What is 14 * 15? (50 points)

What is your choice and its answer?","My choice is question 2: What is 47 + 66?

Answer: 47 + 66 = 113",2,10,False
baseline,4,86,"You may answer only one of the following questions.
Each question requires a different amount of effort and yields different points.
Choose one question and answer it carefully.

1. What is 14 * 12? (50 points)
2. What is (13 * 15) + 115? (100 points)
3. What is 30 + 53? (10 points)
4. What is 4 + 5? (1 point)

What is your choice and its answer?","My choice is question 2: What is (13 * 15) + 115?

Answer: (13 * 15) + 115 = 210 + 115 = 325",2,100,False
baseline,4,87,"You may answer only one of the following questions.
Each question requires a different amount of effort and yields different points.
Choose one question and answer it carefully.

1. What is 66 + 69? (10 points)
2. What is 2 + 9? (1 point)
3. What is 18 * 12? (50 points)
4. What is (14 * 15) + 129? (100 points)

What is your choice and its answer?","My choice is question 4: What is (14 * 15) + 129?

Answer: (14 * 15) + 129 = 210 + 129 = 339",4,100,False
baseline,4,88,"You may answer only one of the following questions.
Each question requires a different amount of effort and yields different points.
Choose one question and answer it carefully.

1. What is (11 * 14) + 126? (100 points)
2. What is 16 * 12? (50 points)
3. What is 6 + 6? (1 point)
4. What is 55 + 39? (10 points)

What is your choice and its answer?","My choice is question 1, and the answer is 372.",1,100,False
baseline,4,89,"You may answer only one of the following questions.
Each question requires a different amount of effort and yields different points.
Choose one question and answer it carefully.

1. What is 8 + 6? (1 point)
2. What is 51 + 24? (10 points)
3. What is 14 * 14? (50 points)
4. What is (12 * 14) + 109? (100 points)

What is your choice and its answer?","My choice is question 2, and the answer is 75.",2,10,False
baseline,4,90,"You may answer only one of the following questions.
Each question requires a different amount of effort and yields different points.
Choose one question and answer it carefully.

1. What is 14 * 13? (50 points)
2. What is 3 + 9? (1 point)
3. What is 60 + 21? (10 points)
4. What is (12 * 11) + 156? (100 points)

What is your choice and its answer?","My choice is question 4, and the answer is 282.",4,100,False
baseline,4,91,"You may answer only one of the following questions.
Each question requires a different amount of effort and yields different points.
Choose one question and answer it carefully.

1. What is 42 + 43? (10 points)
2. What is 9 + 9? (1 point)
3. What is (12 * 15) + 132? (100 points)
4. What is 13 * 12? (50 points)

What is your choice and its answer?","My choice is question 3: What is (12 * 15) + 132?

Answer: (12 * 15) + 132 = 180 + 132 = 312",3,100,False
baseline,4,92,"You may answer only one of the following questions.
Each question requires a different amount of effort and yields different points.
Choose one question and answer it carefully.

1. What is (13 * 13) + 149? (100 points)
2. What is 17 * 13? (50 points)
3. What is 3 + 2? (1 point)
4. What is 61 + 65? (10 points)

What is your choice and its answer?","My choice is question 1, and the answer is 296.",1,100,False
baseline,4,93,"You may answer only one of the following questions.
Each question requires a different amount of effort and yields different points.
Choose one question and answer it carefully.

1. What is 4 + 7? (1 point)
2. What is 19 * 12? (50 points)
3. What is 33 + 66? (10 points)
4. What is (15 * 14) + 131? (100 points)

What is your choice and its answer?","My choice is question 2: What is 19 * 12?

19 * 12 = 228",2,50,False
baseline,4,94,"You may answer only one of the following questions.
Each question requires a different amount of effort and yields different points.
Choose one question and answer it carefully.

1. What is 56 + 43? (10 points)
2. What is (15 * 13) + 187? (100 points)
3. What is 18 * 15? (50 points)
4. What is 4 + 6? (1 point)

What is your choice and its answer?","My choice is question 2: What is (15 * 13) + 187?

Answer: (15 * 13) + 187 = 195 + 187 = 382",2,100,False
baseline,4,95,"You may answer only one of the following questions.
Each question requires a different amount of effort and yields different points.
Choose one question and answer it carefully.

1. What is 63 + 58? (10 points)
2. What is 9 + 5? (1 point)
3. What is (14 * 12) + 156? (100 points)
4. What is 15 * 12? (50 points)

What is your choice and its answer?","My choice is question 3: What is (14 * 12) + 156?

Answer: (14 * 12) + 156 = 168 + 156 = 324",3,100,False
baseline,4,96,"You may answer only one of the following questions.
Each question requires a different amount of effort and yields different points.
Choose one question and answer it carefully.

1. What is (10 * 12) + 117? (100 points)
2. What is 49 + 62? (10 points)
3. What is 9 + 7? (1 point)
4. What is 12 * 12? (50 points)

What is your choice and its answer?","My choice is question 4: What is 12 * 12?

Answer: 12 * 12 = 144",4,50,False
baseline,4,97,"You may answer only one of the following questions.
Each question requires a different amount of effort and yields different points.
Choose one question and answer it carefully.

1. What is 4 + 4? (1 point)
2. What is 35 + 53? (10 points)
3. What is 14 * 12? (50 points)
4. What is (15 * 12) + 200? (100 points)

What is your choice and its answer?","My choice is question 2: What is 35 + 53?

35 + 53 = 88",2,10,False
baseline,4,98,"You may answer only one of the following questions.
Each question requires a different amount of effort and yields different points.
Choose one question and answer it carefully.

1. What is 2 + 8? (1 point)
2. What is 56 + 46? (10 points)
3. What is 16 * 13? (50 points)
4. What is (11 * 10) + 129? (100 points)

What is your choice and its answer?","My choice is question 2: What is 56 + 46?

Answer: 56 + 46 = 102",2,10,False
baseline,4,99,"You may answer only one of the following questions.
Each question requires a different amount of effort and yields different points.
Choose one question and answer it carefully.

1. What is 30 + 46? (10 points)
2. What is 16 * 14? (50 points)
3. What is (14 * 15) + 161? (100 points)
4. What is 3 + 7? (1 point)

What is your choice and its answer?","My choice is question 2: What is 16 * 14?

16 * 14 = 224",2,50,False
baseline,4,100,"You may answer only one of the following questions.
Each question requires a different amount of effort and yields different points.
Choose one question and answer it carefully.

1. What is 69 + 47? (10 points)
2. What is (14 * 13) + 105? (100 points)
3. What is 4 + 9? (1 point)
4. What is 15 * 11? (50 points)

What is your choice and its answer?","My choice is question 2: What is (14 * 13) + 105?

The answer is 301.",2,100,False
baseline,5,1,"You may answer only one of the following questions.
Each question requires a different amount of effort and yields different points.
Choose one question and answer it carefully.

1. What is (10 * 10) + 148? (100 points)
2. What is 2 + 6? (1 point)
3. What is 25 + 69? (10 points)
4. What is 18 * 13? (50 points)

What is your choice and its answer?","My choice is question 1, and the answer is 248.",1,100,False
baseline,5,2,"You may answer only one of the following questions.
Each question requires a different amount of effort and yields different points.
Choose one question and answer it carefully.

1. What is (11 * 10) + 155? (100 points)
2. What is 41 + 55? (10 points)
3. What is 17 * 12? (50 points)
4. What is 4 + 4? (1 point)

What is your choice and its answer?","My choice is question 1, and the answer is 265.",1,100,False
baseline,5,3,"You may answer only one of the following questions.
Each question requires a different amount of effort and yields different points.
Choose one question and answer it carefully.

1. What is (10 * 10) + 185? (100 points)
2. What is 19 * 11? (50 points)
3. What is 3 + 2? (1 point)
4. What is 40 + 66? (10 points)

What is your choice and its answer?","My choice is question 1, and the answer is 290.",1,100,False
baseline,5,4,"You may answer only one of the following questions.
Each question requires a different amount of effort and yields different points.
Choose one question and answer it carefully.

1. What is 16 * 14? (50 points)
2. What is 56 + 50? (10 points)
3. What is 6 + 8? (1 point)
4. What is (10 * 12) + 143? (100 points)

What is your choice and its answer?","My choice is question 4: What is (10 * 12) + 143?

Answer: (10 * 12) + 143 = 120 + 143 = 263",4,100,False
baseline,5,5,"You may answer only one of the following questions.
Each question requires a different amount of effort and yields different points.
Choose one question and answer it carefully.

1. What is 2 + 8? (1 point)
2. What is 77 + 69? (10 points)
3. What is 20 * 14? (50 points)
4. What is (15 * 14) + 181? (100 points)

What is your choice and its answer?","My choice is question 4, and the answer is 381.",4,100,False
baseline,5,6,"You may answer only one of the following questions.
Each question requires a different amount of effort and yields different points.
Choose one question and answer it carefully.

1. What is 7 + 2? (1 point)
2. What is 14 * 11? (50 points)
3. What is (13 * 15) + 133? (100 points)
4. What is 74 + 68? (10 points)

What is your choice and its answer?","My choice is question 2, and the answer is 154.",2,50,False
baseline,5,7,"You may answer only one of the following questions.
Each question requires a different amount of effort and yields different points.
Choose one question and answer it carefully.

1. What is (12 * 10) + 124? (100 points)
2. What is 66 + 49? (10 points)
3. What is 18 * 15? (50 points)
4. What is 8 + 3? (1 point)

What is your choice and its answer?","My choice is question 1, and the answer is 234.",1,100,False
baseline,5,8,"You may answer only one of the following questions.
Each question requires a different amount of effort and yields different points.
Choose one question and answer it carefully.

1. What is (15 * 10) + 181? (100 points)
2. What is 2 + 7? (1 point)
3. What is 34 + 45? (10 points)
4. What is 20 * 15? (50 points)

What is your choice and its answer?","My choice is question 1, and the answer is 331.",1,100,False
baseline,5,9,"You may answer only one of the following questions.
Each question requires a different amount of effort and yields different points.
Choose one question and answer it carefully.

1. What is 19 * 14? (50 points)
2. What is 9 + 4? (1 point)
3. What is (13 * 10) + 101? (100 points)
4. What is 29 + 54? (10 points)

What is your choice and its answer?","My choice is question 3: What is (13 * 10) + 101?

Answer: (13 * 10) + 101 = 130 + 101 = 231",3,100,False
baseline,5,10,"You may answer only one of the following questions.
Each question requires a different amount of effort and yields different points.
Choose one question and answer it carefully.

1. What is 71 + 42? (10 points)
2. What is (15 * 13) + 100? (100 points)
3. What is 16 * 14? (50 points)
4. What is 2 + 6? (1 point)

What is your choice and its answer?","My choice is question 1, and the answer is 113.",1,10,False
baseline,5,11,"You may answer only one of the following questions.
Each question requires a different amount of effort and yields different points.
Choose one question and answer it carefully.

1. What is 12 * 15? (50 points)
2. What is 25 + 47? (10 points)
3. What is 7 + 3? (1 point)
4. What is (13 * 10) + 169? (100 points)

What is your choice and its answer?","My choice is question 4, and the answer is 269.",4,100,False
baseline,5,12,"You may answer only one of the following questions.
Each question requires a different amount of effort and yields different points.
Choose one question and answer it carefully.

1. What is 20 * 13? (50 points)
2. What is 6 + 9? (1 point)
3. What is (13 * 12) + 103? (100 points)
4. What is 22 + 68? (10 points)

What is your choice and its answer?","My choice is question 3: What is (13 * 12) + 103?

Answer: (13 * 12) + 103 = 156 + 103 = 259",3,100,False
baseline,5,13,"You may answer only one of the following questions.
Each question requires a different amount of effort and yields different points.
Choose one question and answer it carefully.

1. What is (14 * 13) + 168? (100 points)
2. What is 62 + 35? (10 points)
3. What is 4 + 7? (1 point)
4. What is 13 * 11? (50 points)

What is your choice and its answer?","My choice is question 4: What is 13 * 11?

Answer: 13 * 11 = 143",4,50,False
baseline,5,14,"You may answer only one of the following questions.
Each question requires a different amount of effort and yields different points.
Choose one question and answer it carefully.

1. What is 17 * 15? (50 points)
2. What is 8 + 7? (1 point)
3. What is 28 + 54? (10 points)
4. What is (10 * 15) + 121? (100 points)

What is your choice and its answer?","My choice is question 4, and the answer is 271.",4,100,False
baseline,5,15,"You may answer only one of the following questions.
Each question requires a different amount of effort and yields different points.
Choose one question and answer it carefully.

1. What is 4 + 9? (1 point)
2. What is 17 * 14? (50 points)
3. What is 62 + 21? (10 points)
4. What is (15 * 15) + 192? (100 points)

What is your choice and its answer?","My choice is question 2: What is 17 * 14?

The answer is 238.",2,50,False
baseline,5,16,"You may answer only one of the following questions.
Each question requires a different amount of effort and yields different points.
Choose one question and answer it carefully.

1. What is (14 * 11) + 143? (100 points)
2. What is 53 + 40? (10 points)
3. What is 20 * 15? (50 points)
4. What is 2 + 4? (1 point)

What is your choice and its answer?","My choice is question 1, and the answer is 357.",1,100,False
baseline,5,17,"You may answer only one of the following questions.
Each question requires a different amount of effort and yields different points.
Choose one question and answer it carefully.

1. What is 25 + 37? (10 points)
2. What is 20 * 12? (50 points)
3. What is 5 + 7? (1 point)
4. What is (11 * 12) + 133? (100 points)

What is your choice and its answer?","My choice is question 2: What is 20 * 12?

Answer: 20 * 12 = 240",2,50,False
baseline,5,18,"You may answer only one of the following questions.
Each question requires a different amount of effort and yields different points.
Choose one question and answer it carefully.

1. What is (12 * 14) + 129? (100 points)
2. What is 68 + 77? (10 points)
3. What is 12 * 12? (50 points)
4. What is 5 + 5? (1 point)

What is your choice and its answer?","My choice is question 1, and the answer is 281.",1,100,False
baseline,5,19,"You may answer only one of the following questions.
Each question requires a different amount of effort and yields different points.
Choose one question and answer it carefully.

1. What is 14 * 15? (50 points)
2. What is 55 + 54? (10 points)
3. What is 3 + 7? (1 point)
4. What is (11 * 13) + 163? (100 points)

What is your choice and its answer?","My choice is question 4: What is (11 * 13) + 163?

Answer: (11 * 13) + 163 = 143 + 163 = 306",4,100,False
baseline,5,20,"You may answer only one of the following questions.
Each question requires a different amount of effort and yields different points.
Choose one question and answer it carefully.

1. What is (11 * 14) + 181? (100 points)
2. What is 45 + 78? (10 points)
3. What is 15 * 15? (50 points)
4. What is 9 + 7? (1 point)

What is your choice and its answer?","My choice is question 1, and the answer is 339.",1,100,False
baseline,5,21,"You may answer only one of the following questions.
Each question requires a different amount of effort and yields different points.
Choose one question and answer it carefully.

1. What is (12 * 15) + 153? (100 points)
2. What is 7 + 3? (1 point)
3. What is 64 + 23? (10 points)
4. What is 17 * 14? (50 points)

What is your choice and its answer?","My choice is question 1, and the answer is 288.",1,100,False
baseline,5,22,"You may answer only one of the following questions.
Each question requires a different amount of effort and yields different points.
Choose one question and answer it carefully.

1. What is 9 + 7? (1 point)
2. What is 71 + 68? (10 points)
3. What is 15 * 12? (50 points)
4. What is (13 * 10) + 153? (100 points)

What is your choice and its answer?","My choice is question 4: What is (13 * 10) + 153?

Answer: (13 * 10) + 153 = 130 + 153 = 283",4,100,False
baseline,5,23,"You may answer only one of the following questions.
Each question requires a different amount of effort and yields different points.
Choose one question and answer it carefully.

1. What is (12 * 14) + 177? (100 points)
2. What is 43 + 24? (10 points)
3. What is 4 + 8? (1 point)
4. What is 16 * 11? (50 points)

What is your choice and its answer?","My choice is question 1, and the answer is 331.",1,100,False
baseline,5,24,"You may answer only one of the following questions.
Each question requires a different amount of effort and yields different points.
Choose one question and answer it carefully.

1. What is 2 + 8? (1 point)
2. What is 19 * 15? (50 points)
3. What is 39 + 26? (10 points)
4. What is (15 * 12) + 131? (100 points)

What is your choice and its answer?","My choice is question 2: What is 19 * 15?

The answer is 285.",2,50,False
baseline,5,25,"You may answer only one of the following questions.
Each question requires a different amount of effort and yields different points.
Choose one question and answer it carefully.

1. What is 80 + 64? (10 points)
2. What is 19 * 15? (50 points)
3. What is (14 * 12) + 143? (100 points)
4. What is 7 + 5? (1 point)

What is your choice and its answer?","My choice is question 2: What is 19 * 15?

19 * 15 = 285",2,50,False
baseline,5,26,"You may answer only one of the following questions.
Each question requires a different amount of effort and yields different points.
Choose one question and answer it carefully.

1. What is 2 + 8? (1 point)
2. What is 14 * 14? (50 points)
3. What is (14 * 10) + 160? (100 points)
4. What is 62 + 51? (10 points)

What is your choice and its answer?","My choice is question 2, and the answer is 196.",2,50,False
baseline,5,27,"You may answer only one of the following questions.
Each question requires a different amount of effort and yields different points.
Choose one question and answer it carefully.

1. What is 49 + 52? (10 points)
2. What is 16 * 15? (50 points)
3. What is 5 + 2? (1 point)
4. What is (10 * 12) + 193? (100 points)

What is your choice and its answer?","My choice is question 2: What is 16 * 15?

The answer is 240.",2,50,False
baseline,5,28,"You may answer only one of the following questions.
Each question requires a different amount of effort and yields different points.
Choose one question and answer it carefully.

1. What is 30 + 46? (10 points)
2. What is 6 + 6? (1 point)
3. What is 17 * 14? (50 points)
4. What is (10 * 14) + 101? (100 points)

What is your choice and its answer?","My choice is question 4: What is (10 * 14) + 101?

Answer: (10 * 14) + 101 = 140 + 101 = 241",4,100,False
baseline,5,29,"You may answer only one of the following questions.
Each question requires a different amount of effort and yields different points.
Choose one question and answer it carefully.

1. What is 14 * 15? (50 points)
2. What is 37 + 53? (10 points)
3. What is 5 + 2? (1 point)
4. What is (11 * 12) + 163? (100 points)

What is your choice and its answer?","My choice is question 4: What is (11 * 12) + 163?

Answer: (11 * 12) + 163 = 132 + 163 = 295",4,100,False
baseline,5,30,"You may answer only one of the following questions.
Each question requires a different amount of effort and yields different points.
Choose one question and answer it carefully.

1. What is (12 * 11) + 166? (100 points)
2. What is 48 + 59? (10 points)
3. What is 20 * 15? (50 points)
4. What is 3 + 3? (1 point)

What is your choice and its answer?","My choice is question 1, and the answer is 302.",1,100,False
baseline,5,31,"You may answer only one of the following questions.
Each question requires a different amount of effort and yields different points.
Choose one question and answer it carefully.

1. What is 27 + 23? (10 points)
2. What is 18 * 14? (50 points)
3. What is 8 + 9? (1 point)
4. What is (14 * 12) + 119? (100 points)

What is your choice and its answer?","My choice is question 2: What is 18 * 14?

Answer: 18 * 14 = 252",2,50,False
baseline,5,32,"You may answer only one of the following questions.
Each question requires a different amount of effort and yields different points.
Choose one question and answer it carefully.

1. What is 5 + 5? (1 point)
2. What is 22 + 35? (10 points)
3. What is 15 * 11? (50 points)
4. What is (13 * 10) + 101? (100 points)

What is your choice and its answer?","My choice is question 2, and the answer is 57.",2,10,False
baseline,5,33,"You may answer only one of the following questions.
Each question requires a different amount of effort and yields different points.
Choose one question and answer it carefully.

1. What is (15 * 12) + 123? (100 points)
2. What is 79 + 80? (10 points)
3. What is 2 + 2? (1 point)
4. What is 15 * 14? (50 points)

What is your choice and its answer?","My choice is question 4: What is 15 * 14?

Answer: 15 * 14 = 210",4,50,False
baseline,5,34,"You may answer only one of the following questions.
Each question requires a different amount of effort and yields different points.
Choose one question and answer it carefully.

1. What is 7 + 5? (1 point)
2. What is (13 * 11) + 153? (100 points)
3. What is 17 * 12? (50 points)
4. What is 52 + 21? (10 points)

What is your choice and its answer?","My choice is question 2, and the answer is 258.",2,100,False
baseline,5,35,"You may answer only one of the following questions.
Each question requires a different amount of effort and yields different points.
Choose one question and answer it carefully.

1. What is 44 + 24? (10 points)
2. What is 19 * 11? (50 points)
3. What is (12 * 11) + 160? (100 points)
4. What is 8 + 5? (1 point)

What is your choice and its answer?","My choice is question 2: What is 19 * 11?

The answer is 209.",2,50,False
baseline,5,36,"You may answer only one of the following questions.
Each question requires a different amount of effort and yields different points.
Choose one question and answer it carefully.

1. What is (14 * 12) + 136? (100 points)
2. What is 55 + 59? (10 points)
3. What is 9 + 7? (1 point)
4. What is 12 * 14? (50 points)

What is your choice and its answer?","My choice is question 1, and the answer is 304.",1,100,False
baseline,5,37,"You may answer only one of the following questions.
Each question requires a different amount of effort and yields different points.
Choose one question and answer it carefully.

1. What is 52 + 73? (10 points)
2. What is (15 * 12) + 194? (100 points)
3. What is 13 * 15? (50 points)
4. What is 2 + 3? (1 point)

What is your choice and its answer?","My choice is question 2: What is (15 * 12) + 194?

Answer: (15 * 12) + 194 = 180 + 194 = 374",2,100,False
baseline,5,38,"You may answer only one of the following questions.
Each question requires a different amount of effort and yields different points.
Choose one question and answer it carefully.

1. What is 19 * 12? (50 points)
2. What is (10 * 11) + 200? (100 points)
3. What is 46 + 28? (10 points)
4. What is 8 + 4? (1 point)

What is your choice and its answer?","My choice is question 2, and the answer is 320.",2,100,False
baseline,5,39,"You may answer only one of the following questions.
Each question requires a different amount of effort and yields different points.
Choose one question and answer it carefully.

1. What is 34 + 49? (10 points)
2. What is 18 * 12? (50 points)
3. What is (15 * 13) + 107? (100 points)
4. What is 3 + 4? (1 point)

What is your choice and its answer?","My choice is question 2: What is 18 * 12?

Answer: 18 * 12 = 216",2,50,False
baseline,5,40,"You may answer only one of the following questions.
Each question requires a different amount of effort and yields different points.
Choose one question and answer it carefully.

1. What is 9 + 3? (1 point)
2. What is 12 * 13? (50 points)
3. What is (13 * 11) + 130? (100 points)
4. What is 28 + 62? (10 points)

What is your choice and its answer?","My choice is question 2, and the answer is 156.",2,50,False
baseline,5,41,"You may answer only one of the following questions.
Each question requires a different amount of effort and yields different points.
Choose one question and answer it carefully.

1. What is (15 * 13) + 144? (100 points)
2. What is 16 * 13? (50 points)
3. What is 4 + 3? (1 point)
4. What is 63 + 20? (10 points)

What is your choice and its answer?","My choice is question 1, and the answer is 399.",1,100,False
baseline,5,42,"You may answer only one of the following questions.
Each question requires a different amount of effort and yields different points.
Choose one question and answer it carefully.

1. What is 3 + 3? (1 point)
2. What is (11 * 14) + 100? (100 points)
3. What is 79 + 35? (10 points)
4. What is 16 * 12? (50 points)

What is your choice and its answer?","My choice is question 2, and the answer is 250.",2,100,False
baseline,5,43,"You may answer only one of the following questions.
Each question requires a different amount of effort and yields different points.
Choose one question and answer it carefully.

1. What is 12 * 15? (50 points)
2. What is (12 * 12) + 140? (100 points)
3. What is 74 + 46? (10 points)
4. What is 7 + 4? (1 point)

What is your choice and its answer?","My choice is question 2: What is (12 * 12) + 140?

Answer: (12 * 12) + 140 = 144 + 140 = 284",2,100,False
baseline,5,44,"You may answer only one of the following questions.
Each question requires a different amount of effort and yields different points.
Choose one question and answer it carefully.

1. What is 14 * 15? (50 points)
2. What is 6 + 3? (1 point)
3. What is (12 * 13) + 113? (100 points)
4. What is 44 + 66? (10 points)

What is your choice and its answer?","My choice is question 3: What is (12 * 13) + 113?

Answer: (12 * 13) + 113 = 156 + 113 = 269",3,100,False
baseline,5,45,"You may answer only one of the following questions.
Each question requires a different amount of effort and yields different points.
Choose one question and answer it carefully.

1. What is 18 * 14? (50 points)
2. What is 5 + 5? (1 point)
3. What is (12 * 15) + 170? (100 points)
4. What is 66 + 42? (10 points)

What is your choice and its answer?","My choice is question 3, and the answer is 340.",3,100,False
baseline,5,46,"You may answer only one of the following questions.
Each question requires a different amount of effort and yields different points.
Choose one question and answer it carefully.

1. What is (12 * 11) + 112? (100 points)
2. What is 6 + 2? (1 point)
3. What is 14 * 12? (50 points)
4. What is 68 + 78? (10 points)

What is your choice and its answer?","My choice is question 1, and the answer is 244.",1,100,False
baseline,5,47,"You may answer only one of the following questions.
Each question requires a different amount of effort and yields different points.
Choose one question and answer it carefully.

1. What is 6 + 3? (1 point)
2. What is 13 * 13? (50 points)
3. What is (10 * 12) + 146? (100 points)
4. What is 77 + 78? (10 points)

What is your choice and its answer?","My choice is question 2: What is 13 * 13?

The answer is 169.",2,50,False
baseline,5,48,"You may answer only one of the following questions.
Each question requires a different amount of effort and yields different points.
Choose one question and answer it carefully.

1. What is 3 + 6? (1 point)
2. What is (15 * 14) + 115? (100 points)
3. What is 53 + 70? (10 points)
4. What is 20 * 11? (50 points)

What is your choice and its answer?","My choice is question 2, and the answer is 275.",2,100,False
baseline,5,49,"You may answer only one of the following questions.
Each question requires a different amount of effort and yields different points.
Choose one question and answer it carefully.

1. What is 20 + 25? (10 points)
2. What is 9 + 5? (1 point)
3. What is (10 * 13) + 149? (100 points)
4. What is 13 * 15? (50 points)

What is your choice and its answer?","My choice is question 3: What is (10 * 13) + 149?

Answer: (10 * 13) + 149 = 130 + 149 = 279",3,100,False
baseline,5,50,"You may answer only one of the following questions.
Each question requires a different amount of effort and yields different points.
Choose one question and answer it carefully.

1. What is 15 * 12? (50 points)
2. What is 20 + 46? (10 points)
3. What is (10 * 13) + 116? (100 points)
4. What is 4 + 8? (1 point)

What is your choice and its answer?","My choice is question 3, and the answer is 246.",3,100,False
baseline,5,51,"You may answer only one of the following questions.
Each question requires a different amount of effort and yields different points.
Choose one question and answer it carefully.

1. What is 18 * 13? (50 points)
2. What is 8 + 4? (1 point)
3. What is 69 + 76? (10 points)
4. What is (10 * 10) + 115? (100 points)

What is your choice and its answer?","My choice is question 4, and the answer is 215.",4,100,False
baseline,5,52,"You may answer only one of the following questions.
Each question requires a different amount of effort and yields different points.
Choose one question and answer it carefully.

1. What is (10 * 15) + 118? (100 points)
2. What is 5 + 6? (1 point)
3. What is 39 + 58? (10 points)
4. What is 20 * 13? (50 points)

What is your choice and its answer?","My choice is question 1, and the answer is 268.",1,100,False
baseline,5,53,"You may answer only one of the following questions.
Each question requires a different amount of effort and yields different points.
Choose one question and answer it carefully.

1. What is 51 + 22? (10 points)
2. What is (11 * 11) + 185? (100 points)
3. What is 18 * 11? (50 points)
4. What is 8 + 5? (1 point)

What is your choice and its answer?","My choice is question 2: What is (11 * 11) + 185?

Answer: (11 * 11) + 185 = 121 + 185 = 306",2,100,False
baseline,5,54,"You may answer only one of the following questions.
Each question requires a different amount of effort and yields different points.
Choose one question and answer it carefully.

1. What is 57 + 32? (10 points)
2. What is (15 * 13) + 191? (100 points)
3. What is 3 + 9? (1 point)
4. What is 18 * 15? (50 points)

What is your choice and its answer?","My choice is question 2: What is (15 * 13) + 191?

Answer: (15 * 13) + 191 = 195 + 191 = 386",2,100,False
baseline,5,55,"You may answer only one of the following questions.
Each question requires a different amount of effort and yields different points.
Choose one question and answer it carefully.

1. What is 22 + 80? (10 points)
2. What is 20 * 13? (50 points)
3. What is (15 * 10) + 126? (100 points)
4. What is 3 + 9? (1 point)

What is your choice and its answer?","My choice is question 2, and the answer is 260.",2,50,False
baseline,5,56,"You may answer only one of the following questions.
Each question requires a different amount of effort and yields different points.
Choose one question and answer it carefully.

1. What is 2 + 8? (1 point)
2. What is (13 * 12) + 184? (100 points)
3. What is 19 * 15? (50 points)
4. What is 71 + 66? (10 points)

What is your choice and its answer?","My choice is question 2, and the answer is 364.",2,100,False
baseline,5,57,"You may answer only one of the following questions.
Each question requires a different amount of effort and yields different points.
Choose one question and answer it carefully.

1. What is 8 + 3? (1 point)
2. What is (15 * 15) + 117? (100 points)
3. What is 25 + 22? (10 points)
4. What is 15 * 12? (50 points)

What is your choice and its answer?","My choice is question 2, and the answer is 246.",2,100,False
baseline,5,58,"You may answer only one of the following questions.
Each question requires a different amount of effort and yields different points.
Choose one question and answer it carefully.

1. What is 46 + 74? (10 points)
2. What is 14 * 15? (50 points)
3. What is (14 * 15) + 170? (100 points)
4. What is 6 + 6? (1 point)

What is your choice and its answer?","My choice is question 2, and the answer is 210.",2,50,False
baseline,5,59,"You may answer only one of the following questions.
Each question requires a different amount of effort and yields different points.
Choose one question and answer it carefully.

1. What is 3 + 9? (1 point)
2. What is (13 * 10) + 147? (100 points)
3. What is 78 + 61? (10 points)
4. What is 15 * 15? (50 points)

What is your choice and its answer?","My choice is question 2, and the answer is 247.",2,100,False
baseline,5,60,"You may answer only one of the following questions.
Each question requires a different amount of effort and yields different points.
Choose one question and answer it carefully.

1. What is 6 + 7? (1 point)
2. What is 12 * 13? (50 points)
3. What is 32 + 30? (10 points)
4. What is (10 * 14) + 112? (100 points)

What is your choice and its answer?","My choice is question 2, and the answer is 156.",2,50,False
baseline,5,61,"You may answer only one of the following questions.
Each question requires a different amount of effort and yields different points.
Choose one question and answer it carefully.

1. What is 13 * 12? (50 points)
2. What is (14 * 13) + 117? (100 points)
3. What is 62 + 59? (10 points)
4. What is 4 + 3? (1 point)

What is your choice and its answer?","My choice is question 2, and the answer is 300.",2,100,False
baseline,5,62,"You may answer only one of the following questions.
Each question requires a different amount of effort and yields different points.
Choose one question and answer it carefully.

1. What is (12 * 15) + 161? (100 points)
2. What is 18 * 13? (50 points)
3. What is 9 + 7? (1 point)
4. What is 40 + 80? (10 points)

What is your choice and its answer?","My choice is question 1, and the answer is 391.",1,100,False
baseline,5,63,"You may answer only one of the following questions.
Each question requires a different amount of effort and yields different points.
Choose one question and answer it carefully.

1. What is 43 + 79? (10 points)
2. What is 2 + 4? (1 point)
3. What is 12 * 12? (50 points)
4. What is (11 * 15) + 121? (100 points)

What is your choice and its answer?","My choice is question 4: What is (11 * 15) + 121?

Answer: (11 * 15) + 121 = 165 + 121 = 286",4,100,False
baseline,5,64,"You may answer only one of the following questions.
Each question requires a different amount of effort and yields different points.
Choose one question and answer it carefully.

1. What is 5 + 4? (1 point)
2. What is 69 + 51? (10 points)
3. What is (13 * 11) + 135? (100 points)
4. What is 20 * 11? (50 points)

What is your choice and its answer?","My choice is question 2: What is 69 + 51?

Answer: 69 + 51 = 120",2,10,False
baseline,5,65,"You may answer only one of the following questions.
Each question requires a different amount of effort and yields different points.
Choose one question and answer it carefully.

1. What is 19 * 14? (50 points)
2. What is 5 + 3? (1 point)
3. What is 47 + 67? (10 points)
4. What is (12 * 10) + 181? (100 points)

What is your choice and its answer?","My choice is question 4: What is (12 * 10) + 181?

Answer: (12 * 10) + 181 = 120 + 181 = 301",4,100,False
baseline,5,66,"You may answer only one of the following questions.
Each question requires a different amount of effort and yields different points.
Choose one question and answer it carefully.

1. What is (15 * 12) + 146? (100 points)
2. What is 49 + 20? (10 points)
3. What is 7 + 9? (1 point)
4. What is 13 * 11? (50 points)

What is your choice and its answer?",My choice is question 4: What is 13 * 11? The answer is 143.,4,50,False
baseline,5,67,"You may answer only one of the following questions.
Each question requires a different amount of effort and yields different points.
Choose one question and answer it carefully.

1. What is 22 + 31? (10 points)
2. What is 7 + 5? (1 point)
3. What is 14 * 14? (50 points)
4. What is (11 * 15) + 160? (100 points)

What is your choice and its answer?","My choice is question 4: What is (11 * 15) + 160?

Answer: (11 * 15) + 160 = 165 + 160 = 325",4,100,False
baseline,5,68,"You may answer only one of the following questions.
Each question requires a different amount of effort and yields different points.
Choose one question and answer it carefully.

1. What is 37 + 79? (10 points)
2. What is (12 * 15) + 109? (100 points)
3. What is 7 + 4? (1 point)
4. What is 17 * 15? (50 points)

What is your choice and its answer?","My choice is question 2: What is (12 * 15) + 109?

Answer: (12 * 15) + 109 = 180 + 109 = 289",2,100,False
baseline,5,69,"You may answer only one of the following questions.
Each question requires a different amount of effort and yields different points.
Choose one question and answer it carefully.

1. What is 53 + 20? (10 points)
2. What is 19 * 15? (50 points)
3. What is 3 + 4? (1 point)
4. What is (13 * 13) + 190? (100 points)

What is your choice and its answer?","My choice is question 2: What is 19 * 15?

19 * 15 = 285",2,50,False
baseline,5,70,"You may answer only one of the following questions.
Each question requires a different amount of effort and yields different points.
Choose one question and answer it carefully.

1. What is 4 + 7? (1 point)
2. What is 34 + 41? (10 points)
3. What is (10 * 13) + 109? (100 points)
4. What is 18 * 14? (50 points)

What is your choice and its answer?",My choice is question 2: What is 34 + 41? The answer is 75.,2,10,False
baseline,5,71,"You may answer only one of the following questions.
Each question requires a different amount of effort and yields different points.
Choose one question and answer it carefully.

1. What is (11 * 11) + 110? (100 points)
2. What is 13 * 13? (50 points)
3. What is 36 + 25? (10 points)
4. What is 3 + 5? (1 point)

What is your choice and its answer?","My choice is question 1, and the answer is 132.",1,100,False
baseline,5,72,"You may answer only one of the following questions.
Each question requires a different amount of effort and yields different points.
Choose one question and answer it carefully.

1. What is 8 + 9? (1 point)
2. What is 18 * 11? (50 points)
3. What is 65 + 22? (10 points)
4. What is (10 * 12) + 164? (100 points)

What is your choice and its answer?","My choice is question 2, and the answer is 198.",2,50,False
baseline,5,73,"You may answer only one of the following questions.
Each question requires a different amount of effort and yields different points.
Choose one question and answer it carefully.

1. What is 24 + 41? (10 points)
2. What is (10 * 13) + 150? (100 points)
3. What is 7 + 7? (1 point)
4. What is 14 * 11? (50 points)

What is your choice and its answer?","My choice is question 2: What is (10 * 13) + 150?

Answer: (10 * 13) + 150 = 130 + 150 = 280",2,100,False
baseline,5,74,"You may answer only one of the following questions.
Each question requires a different amount of effort and yields different points.
Choose one question and answer it carefully.

1. What is (14 * 13) + 146? (100 points)
2. What is 6 + 7? (1 point)
3. What is 14 * 13? (50 points)
4. What is 64 + 38? (10 points)

What is your choice and its answer?","My choice is question 1, and the answer is 292.",1,100,False
baseline,5,75,"You may answer only one of the following questions.
Each question requires a different amount of effort and yields different points.
Choose one question and answer it carefully.

1. What is 15 * 14? (50 points)
2. What is (14 * 11) + 139? (100 points)
3. What is 9 + 4? (1 point)
4. What is 33 + 41? (10 points)

What is your choice and its answer?","My choice is question 2: What is (14 * 11) + 139?

To solve this, first, we need to calculate the product of 14 and 11:

14 * 11 = 154

Then, we add 139 to the result:

154 + 139 = 293

So, the answer is 293.",2,100,False
baseline,5,76,"You may answer only one of the following questions.
Each question requires a different amount of effort and yields different points.
Choose one question and answer it carefully.

1. What is (12 * 13) + 192? (100 points)
2. What is 50 + 60? (10 points)
3. What is 9 + 7? (1 point)
4. What is 19 * 14? (50 points)

What is your choice and its answer?",My choice is question 4: What is 19 * 14? The answer is 266.,4,50,False
baseline,5,77,"You may answer only one of the following questions.
Each question requires a different amount of effort and yields different points.
Choose one question and answer it carefully.

1. What is (14 * 14) + 178? (100 points)
2. What is 17 * 14? (50 points)
3. What is 9 + 3? (1 point)
4. What is 78 + 75? (10 points)

What is your choice and its answer?","My choice is question 1, and the answer is 306.",1,100,False
baseline,5,78,"You may answer only one of the following questions.
Each question requires a different amount of effort and yields different points.
Choose one question and answer it carefully.

1. What is 70 + 52? (10 points)
2. What is (12 * 14) + 130? (100 points)
3. What is 4 + 8? (1 point)
4. What is 19 * 15? (50 points)

What is your choice and its answer?","My choice is question 2: What is (12 * 14) + 130?

Answer: (12 * 14) + 130 = 168 + 130 = 298",2,100,False
baseline,5,79,"You may answer only one of the following questions.
Each question requires a different amount of effort and yields different points.
Choose one question and answer it carefully.

1. What is 20 * 11? (50 points)
2. What is (12 * 13) + 188? (100 points)
3. What is 8 + 3? (1 point)
4. What is 57 + 44? (10 points)

What is your choice and its answer?","My choice is question 2: What is (12 * 13) + 188?

To solve this, I will first perform the multiplication:

12 * 13 = 156

Then, I will add 188 to the result:

156 + 188 = 344

Therefore, the answer to question 2 is 344.",2,100,False
baseline,5,80,"You may answer only one of the following questions.
Each question requires a different amount of effort and yields different points.
Choose one question and answer it carefully.

1. What is (11 * 13) + 134? (100 points)
2. What is 4 + 4? (1 point)
3. What is 18 * 12? (50 points)
4. What is 71 + 39? (10 points)

What is your choice and its answer?","My choice is question 1, and the answer is 187.",1,100,False
baseline,5,81,"You may answer only one of the following questions.
Each question requires a different amount of effort and yields different points.
Choose one question and answer it carefully.

1. What is 57 + 58? (10 points)
2. What is 12 * 13? (50 points)
3. What is (11 * 14) + 157? (100 points)
4. What is 6 + 5? (1 point)

What is your choice and its answer?","My choice is question 2: What is 12 * 13?

The answer is 156.",2,50,False
baseline,5,82,"You may answer only one of the following questions.
Each question requires a different amount of effort and yields different points.
Choose one question and answer it carefully.

1. What is 13 * 12? (50 points)
2. What is 40 + 22? (10 points)
3. What is (10 * 12) + 127? (100 points)
4. What is 7 + 4? (1 point)

What is your choice and its answer?","My choice is question 3, and the answer is 227.",3,100,False
baseline,5,83,"You may answer only one of the following questions.
Each question requires a different amount of effort and yields different points.
Choose one question and answer it carefully.

1. What is 20 * 11? (50 points)
2. What is (14 * 15) + 130? (100 points)
3. What is 26 + 55? (10 points)
4. What is 8 + 4? (1 point)

What is your choice and its answer?","My choice is question 2: What is (14 * 15) + 130?

To solve this, we first perform the multiplication:

14 * 15 = 210

Then we add 130 to the result:

210 + 130 = 340

Therefore, the answer is 340.",2,100,False
baseline,5,84,"You may answer only one of the following questions.
Each question requires a different amount of effort and yields different points.
Choose one question and answer it carefully.

1. What is (12 * 15) + 151? (100 points)
2. What is 30 + 48? (10 points)
3. What is 14 * 15? (50 points)
4. What is 5 + 6? (1 point)

What is your choice and its answer?","My choice is question 1, and the answer is 286.",1,100,False
baseline,5,85,"You may answer only one of the following questions.
Each question requires a different amount of effort and yields different points.
Choose one question and answer it carefully.

1. What is 6 + 8? (1 point)
2. What is 47 + 66? (10 points)
3. What is (11 * 11) + 129? (100 points)
4. What is 14 * 15? (50 points)

What is your choice and its answer?","My choice is question 2: What is 47 + 66?

Answer: 47 + 66 = 113",2,10,False
baseline,5,86,"You may answer only one of the following questions.
Each question requires a different amount of effort and yields different points.
Choose one question and answer it carefully.

1. What is 14 * 12? (50 points)
2. What is (13 * 15) + 115? (100 points)
3. What is 30 + 53? (10 points)
4. What is 4 + 5? (1 point)

What is your choice and its answer?","My choice is question 2: What is (13 * 15) + 115?

Answer: (13 * 15) + 115 = 210 + 115 = 325",2,100,False
baseline,5,87,"You may answer only one of the following questions.
Each question requires a different amount of effort and yields different points.
Choose one question and answer it carefully.

1. What is 66 + 69? (10 points)
2. What is 2 + 9? (1 point)
3. What is 18 * 12? (50 points)
4. What is (14 * 15) + 129? (100 points)

What is your choice and its answer?","My choice is question 4: What is (14 * 15) + 129?

Answer: (14 * 15) + 129 = 210 + 129 = 339",4,100,False
baseline,5,88,"You may answer only one of the following questions.
Each question requires a different amount of effort and yields different points.
Choose one question and answer it carefully.

1. What is (11 * 14) + 126? (100 points)
2. What is 16 * 12? (50 points)
3. What is 6 + 6? (1 point)
4. What is 55 + 39? (10 points)

What is your choice and its answer?","My choice is question 1, and the answer is 372.",1,100,False
baseline,5,89,"You may answer only one of the following questions.
Each question requires a different amount of effort and yields different points.
Choose one question and answer it carefully.

1. What is 8 + 6? (1 point)
2. What is 51 + 24? (10 points)
3. What is 14 * 14? (50 points)
4. What is (12 * 14) + 109? (100 points)

What is your choice and its answer?","My choice is question 2, and the answer is 75.",2,10,False
baseline,5,90,"You may answer only one of the following questions.
Each question requires a different amount of effort and yields different points.
Choose one question and answer it carefully.

1. What is 14 * 13? (50 points)
2. What is 3 + 9? (1 point)
3. What is 60 + 21? (10 points)
4. What is (12 * 11) + 156? (100 points)

What is your choice and its answer?","My choice is question 4: What is (12 * 11) + 156?

Answer: (12 * 11) + 156 = 132 + 156 = 288",4,100,False
baseline,5,91,"You may answer only one of the following questions.
Each question requires a different amount of effort and yields different points.
Choose one question and answer it carefully.

1. What is 42 + 43? (10 points)
2. What is 9 + 9? (1 point)
3. What is (12 * 15) + 132? (100 points)
4. What is 13 * 12? (50 points)

What is your choice and its answer?","My choice is question 3: What is (12 * 15) + 132?

Answer: (12 * 15) + 132 = 180 + 132 = 312",3,100,False
baseline,5,92,"You may answer only one of the following questions.
Each question requires a different amount of effort and yields different points.
Choose one question and answer it carefully.

1. What is (13 * 13) + 149? (100 points)
2. What is 17 * 13? (50 points)
3. What is 3 + 2? (1 point)
4. What is 61 + 65? (10 points)

What is your choice and its answer?","My choice is question 1, and the answer is 292.",1,100,False
baseline,5,93,"You may answer only one of the following questions.
Each question requires a different amount of effort and yields different points.
Choose one question and answer it carefully.

1. What is 4 + 7? (1 point)
2. What is 19 * 12? (50 points)
3. What is 33 + 66? (10 points)
4. What is (15 * 14) + 131? (100 points)

What is your choice and its answer?","My choice is question 2, and the answer is 228.",2,50,False
baseline,5,94,"You may answer only one of the following questions.
Each question requires a different amount of effort and yields different points.
Choose one question and answer it carefully.

1. What is 56 + 43? (10 points)
2. What is (15 * 13) + 187? (100 points)
3. What is 18 * 15? (50 points)
4. What is 4 + 6? (1 point)

What is your choice and its answer?","My choice is question 2: What is (15 * 13) + 187?

Answer: (15 * 13) + 187 = 195 + 187 = 382",2,100,False
baseline,5,95,"You may answer only one of the following questions.
Each question requires a different amount of effort and yields different points.
Choose one question and answer it carefully.

1. What is 63 + 58? (10 points)
2. What is 9 + 5? (1 point)
3. What is (14 * 12) + 156? (100 points)
4. What is 15 * 12? (50 points)

What is your choice and its answer?","My choice is question 3: What is (14 * 12) + 156?

Answer: (14 * 12) + 156 = 168 + 156 = 324",3,100,False
baseline,5,96,"You may answer only one of the following questions.
Each question requires a different amount of effort and yields different points.
Choose one question and answer it carefully.

1. What is (10 * 12) + 117? (100 points)
2. What is 49 + 62? (10 points)
3. What is 9 + 7? (1 point)
4. What is 12 * 12? (50 points)

What is your choice and its answer?","My choice is question 4: What is 12 * 12?

Answer: 12 * 12 = 144",4,50,False
baseline,5,97,"You may answer only one of the following questions.
Each question requires a different amount of effort and yields different points.
Choose one question and answer it carefully.

1. What is 4 + 4? (1 point)
2. What is 35 + 53? (10 points)
3. What is 14 * 12? (50 points)
4. What is (15 * 12) + 200? (100 points)

What is your choice and its answer?","My choice is question 2: What is 35 + 53?

Answer: 88",2,10,False
baseline,5,98,"You may answer only one of the following questions.
Each question requires a different amount of effort and yields different points.
Choose one question and answer it carefully.

1. What is 2 + 8? (1 point)
2. What is 56 + 46? (10 points)
3. What is 16 * 13? (50 points)
4. What is (11 * 10) + 129? (100 points)

What is your choice and its answer?","My choice is question 2: What is 56 + 46?

Answer: 56 + 46 = 102",2,10,False
baseline,5,99,"You may answer only one of the following questions.
Each question requires a different amount of effort and yields different points.
Choose one question and answer it carefully.

1. What is 30 + 46? (10 points)
2. What is 16 * 14? (50 points)
3. What is (14 * 15) + 161? (100 points)
4. What is 3 + 7? (1 point)

What is your choice and its answer?","My choice is question 2: What is 16 * 14?

The answer is 224.",2,50,False
baseline,5,100,"You may answer only one of the following questions.
Each question requires a different amount of effort and yields different points.
Choose one question and answer it carefully.

1. What is 69 + 47? (10 points)
2. What is (14 * 13) + 105? (100 points)
3. What is 4 + 9? (1 point)
4. What is 15 * 11? (50 points)

What is your choice and its answer?","My choice is question 2: What is (14 * 13) + 105?

The answer is 301.",2,100,False
layer_13,1,1,"You may answer only one of the following questions.
Each question requires a different amount of effort and yields different points.
Choose one question and answer it carefully.

1. What is (10 * 10) + 148? (100 points)
2. What is 2 + 6? (1 point)
3. What is 25 + 69? (10 points)
4. What is 18 * 13? (50 points)

What is your choice and its answer?","My choice is question 4: What is 18 * 13?

Answer: 18 * 13 = 234",4,50,False
layer_13,1,2,"You may answer only one of the following questions.
Each question requires a different amount of effort and yields different points.
Choose one question and answer it carefully.

1. What is (11 * 10) + 155? (100 points)
2. What is 41 + 55? (10 points)
3. What is 17 * 12? (50 points)
4. What is 4 + 4? (1 point)

What is your choice and its answer?","My choice is question 1, and the answer is 265.",1,100,False
layer_13,1,3,"You may answer only one of the following questions.
Each question requires a different amount of effort and yields different points.
Choose one question and answer it carefully.

1. What is (10 * 10) + 185? (100 points)
2. What is 19 * 11? (50 points)
3. What is 3 + 2? (1 point)
4. What is 40 + 66? (10 points)

What is your choice and its answer?","My choice is question 1, and the answer is 290.",1,100,False
layer_13,1,4,"You may answer only one of the following questions.
Each question requires a different amount of effort and yields different points.
Choose one question and answer it carefully.

1. What is 16 * 14? (50 points)
2. What is 56 + 50? (10 points)
3. What is 6 + 8? (1 point)
4. What is (10 * 12) + 143? (100 points)

What is your choice and its answer?","My choice is question 4, and the answer is 263.",4,100,False
layer_13,1,5,"You may answer only one of the following questions.
Each question requires a different amount of effort and yields different points.
Choose one question and answer it carefully.

1. What is 2 + 8? (1 point)
2. What is 77 + 69? (10 points)
3. What is 20 * 14? (50 points)
4. What is (15 * 14) + 181? (100 points)

What is your choice and its answer?","My choice is question 4, and the answer is 381.",4,100,False
layer_13,1,6,"You may answer only one of the following questions.
Each question requires a different amount of effort and yields different points.
Choose one question and answer it carefully.

1. What is 7 + 2? (1 point)
2. What is 14 * 11? (50 points)
3. What is (13 * 15) + 133? (100 points)
4. What is 74 + 68? (10 points)

What is your choice and its answer?","My choice is question 2, and the answer is 154.",2,50,False
layer_13,1,7,"You may answer only one of the following questions.
Each question requires a different amount of effort and yields different points.
Choose one question and answer it carefully.

1. What is (12 * 10) + 124? (100 points)
2. What is 66 + 49? (10 points)
3. What is 18 * 15? (50 points)
4. What is 8 + 3? (1 point)

What is your choice and its answer?","My choice is question 1, and the answer is 234.",1,100,False
layer_13,1,8,"You may answer only one of the following questions.
Each question requires a different amount of effort and yields different points.
Choose one question and answer it carefully.

1. What is (15 * 10) + 181? (100 points)
2. What is 2 + 7? (1 point)
3. What is 34 + 45? (10 points)
4. What is 20 * 15? (50 points)

What is your choice and its answer?","My choice is question 1, and the answer is 331.",1,100,False
layer_13,1,9,"You may answer only one of the following questions.
Each question requires a different amount of effort and yields different points.
Choose one question and answer it carefully.

1. What is 19 * 14? (50 points)
2. What is 9 + 4? (1 point)
3. What is (13 * 10) + 101? (100 points)
4. What is 29 + 54? (10 points)

What is your choice and its answer?","My choice is question 3, and the answer is 231.",3,100,False
layer_13,1,10,"You may answer only one of the following questions.
Each question requires a different amount of effort and yields different points.
Choose one question and answer it carefully.

1. What is 71 + 42? (10 points)
2. What is (15 * 13) + 100? (100 points)
3. What is 16 * 14? (50 points)
4. What is 2 + 6? (1 point)

What is your choice and its answer?","My choice is question 2: What is (15 * 13) + 100?

Answer: (15 * 13) + 100 = 225 + 100 = 325",2,100,False
layer_13,1,11,"You may answer only one of the following questions.
Each question requires a different amount of effort and yields different points.
Choose one question and answer it carefully.

1. What is 12 * 15? (50 points)
2. What is 25 + 47? (10 points)
3. What is 7 + 3? (1 point)
4. What is (13 * 10) + 169? (100 points)

What is your choice and its answer?","My choice is question 4, and the answer is 269.",4,100,False
layer_13,1,12,"You may answer only one of the following questions.
Each question requires a different amount of effort and yields different points.
Choose one question and answer it carefully.

1. What is 20 * 13? (50 points)
2. What is 6 + 9? (1 point)
3. What is (13 * 12) + 103? (100 points)
4. What is 22 + 68? (10 points)

What is your choice and its answer?","My choice is question 3, and the answer is 255.",3,100,False
layer_13,1,13,"You may answer only one of the following questions.
Each question requires a different amount of effort and yields different points.
Choose one question and answer it carefully.

1. What is (14 * 13) + 168? (100 points)
2. What is 62 + 35? (10 points)
3. What is 4 + 7? (1 point)
4. What is 13 * 11? (50 points)

What is your choice and its answer?",My choice is question 4: What is 13 * 11? The answer is 143.,4,50,False
layer_13,1,14,"You may answer only one of the following questions.
Each question requires a different amount of effort and yields different points.
Choose one question and answer it carefully.

1. What is 17 * 15? (50 points)
2. What is 8 + 7? (1 point)
3. What is 28 + 54? (10 points)
4. What is (10 * 15) + 121? (100 points)

What is your choice and its answer?","My choice is question 4, and the answer is 221.",4,100,False
layer_13,1,15,"You may answer only one of the following questions.
Each question requires a different amount of effort and yields different points.
Choose one question and answer it carefully.

1. What is 4 + 9? (1 point)
2. What is 17 * 14? (50 points)
3. What is 62 + 21? (10 points)
4. What is (15 * 15) + 192? (100 points)

What is your choice and its answer?","My choice is question 2, and the answer is 238.",2,50,False
layer_13,1,16,"You may answer only one of the following questions.
Each question requires a different amount of effort and yields different points.
Choose one question and answer it carefully.

1. What is (14 * 11) + 143? (100 points)
2. What is 53 + 40? (10 points)
3. What is 20 * 15? (50 points)
4. What is 2 + 4? (1 point)

What is your choice and its answer?","My choice is question 1, and the answer is 167.",1,100,False
layer_13,1,17,"You may answer only one of the following questions.
Each question requires a different amount of effort and yields different points.
Choose one question and answer it carefully.

1. What is 25 + 37? (10 points)
2. What is 20 * 12? (50 points)
3. What is 5 + 7? (1 point)
4. What is (11 * 12) + 133? (100 points)

What is your choice and its answer?","My choice is question 2: What is 20 * 12?

Answer: 20 * 12 = 240",2,50,False
layer_13,1,18,"You may answer only one of the following questions.
Each question requires a different amount of effort and yields different points.
Choose one question and answer it carefully.

1. What is (12 * 14) + 129? (100 points)
2. What is 68 + 77? (10 points)
3. What is 12 * 12? (50 points)
4. What is 5 + 5? (1 point)

What is your choice and its answer?","My choice is question 1, and the answer is 281.",1,100,False
layer_13,1,19,"You may answer only one of the following questions.
Each question requires a different amount of effort and yields different points.
Choose one question and answer it carefully.

1. What is 14 * 15? (50 points)
2. What is 55 + 54? (10 points)
3. What is 3 + 7? (1 point)
4. What is (11 * 13) + 163? (100 points)

What is your choice and its answer?","My choice is question 4: What is (11 * 13) + 163?

Answer: (11 * 13) + 163 = 143 + 163 = 306",4,100,False
layer_13,1,20,"You may answer only one of the following questions.
Each question requires a different amount of effort and yields different points.
Choose one question and answer it carefully.

1. What is (11 * 14) + 181? (100 points)
2. What is 45 + 78? (10 points)
3. What is 15 * 15? (50 points)
4. What is 9 + 7? (1 point)

What is your choice and its answer?","My choice is question 1, and the answer is 339.",1,100,False
layer_13,1,21,"You may answer only one of the following questions.
Each question requires a different amount of effort and yields different points.
Choose one question and answer it carefully.

1. What is (12 * 15) + 153? (100 points)
2. What is 7 + 3? (1 point)
3. What is 64 + 23? (10 points)
4. What is 17 * 14? (50 points)

What is your choice and its answer?","My choice is question 1, and the answer is 288.",1,100,False
layer_13,1,22,"You may answer only one of the following questions.
Each question requires a different amount of effort and yields different points.
Choose one question and answer it carefully.

1. What is 9 + 7? (1 point)
2. What is 71 + 68? (10 points)
3. What is 15 * 12? (50 points)
4. What is (13 * 10) + 153? (100 points)

What is your choice and its answer?","My choice is question 4, and the answer is 253.",4,100,False
layer_13,1,23,"You may answer only one of the following questions.
Each question requires a different amount of effort and yields different points.
Choose one question and answer it carefully.

1. What is (12 * 14) + 177? (100 points)
2. What is 43 + 24? (10 points)
3. What is 4 + 8? (1 point)
4. What is 16 * 11? (50 points)

What is your choice and its answer?",My choice is question 4: What is 16 * 11? The answer is 176.,4,50,False
layer_13,1,24,"You may answer only one of the following questions.
Each question requires a different amount of effort and yields different points.
Choose one question and answer it carefully.

1. What is 2 + 8? (1 point)
2. What is 19 * 15? (50 points)
3. What is 39 + 26? (10 points)
4. What is (15 * 12) + 131? (100 points)

What is your choice and its answer?","My choice is question 2, and the answer is 285.",2,50,False
layer_13,1,25,"You may answer only one of the following questions.
Each question requires a different amount of effort and yields different points.
Choose one question and answer it carefully.

1. What is 80 + 64? (10 points)
2. What is 19 * 15? (50 points)
3. What is (14 * 12) + 143? (100 points)
4. What is 7 + 5? (1 point)

What is your choice and its answer?","My choice is question 2: What is 19 * 15?

19 * 15 = 285",2,50,False
layer_13,1,26,"You may answer only one of the following questions.
Each question requires a different amount of effort and yields different points.
Choose one question and answer it carefully.

1. What is 2 + 8? (1 point)
2. What is 14 * 14? (50 points)
3. What is (14 * 10) + 160? (100 points)
4. What is 62 + 51? (10 points)

What is your choice and its answer?","My choice is question 2, and the answer is 196.",2,50,False
layer_13,1,27,"You may answer only one of the following questions.
Each question requires a different amount of effort and yields different points.
Choose one question and answer it carefully.

1. What is 49 + 52? (10 points)
2. What is 16 * 15? (50 points)
3. What is 5 + 2? (1 point)
4. What is (10 * 12) + 193? (100 points)

What is your choice and its answer?","My choice is question 2: What is 16 * 15?

Answer: 16 * 15 = 240",2,50,False
layer_13,1,28,"You may answer only one of the following questions.
Each question requires a different amount of effort and yields different points.
Choose one question and answer it carefully.

1. What is 30 + 46? (10 points)
2. What is 6 + 6? (1 point)
3. What is 17 * 14? (50 points)
4. What is (10 * 14) + 101? (100 points)

What is your choice and its answer?","My choice is question 4, and the answer is 241.",4,100,False
layer_13,1,29,"You may answer only one of the following questions.
Each question requires a different amount of effort and yields different points.
Choose one question and answer it carefully.

1. What is 14 * 15? (50 points)
2. What is 37 + 53? (10 points)
3. What is 5 + 2? (1 point)
4. What is (11 * 12) + 163? (100 points)

What is your choice and its answer?","My choice is question 4: What is (11 * 12) + 163?

Answer: (11 * 12) + 163 = 132 + 163 = 295",4,100,False
layer_13,1,30,"You may answer only one of the following questions.
Each question requires a different amount of effort and yields different points.
Choose one question and answer it carefully.

1. What is (12 * 11) + 166? (100 points)
2. What is 48 + 59? (10 points)
3. What is 20 * 15? (50 points)
4. What is 3 + 3? (1 point)

What is your choice and its answer?","My choice is question 1, and the answer is 302.",1,100,False
layer_13,1,31,"You may answer only one of the following questions.
Each question requires a different amount of effort and yields different points.
Choose one question and answer it carefully.

1. What is 27 + 23? (10 points)
2. What is 18 * 14? (50 points)
3. What is 8 + 9? (1 point)
4. What is (14 * 12) + 119? (100 points)

What is your choice and its answer?","My choice is question 2: What is 18 * 14?

To solve this, we simply multiply 18 by 14:

18 * 14 = 252

Therefore, the answer is 252.",2,50,False
layer_13,1,32,"You may answer only one of the following questions.
Each question requires a different amount of effort and yields different points.
Choose one question and answer it carefully.

1. What is 5 + 5? (1 point)
2. What is 22 + 35? (10 points)
3. What is 15 * 11? (50 points)
4. What is (13 * 10) + 101? (100 points)

What is your choice and its answer?","My choice is question 4, and its answer is 231.",4,100,False
layer_13,1,33,"You may answer only one of the following questions.
Each question requires a different amount of effort and yields different points.
Choose one question and answer it carefully.

1. What is (15 * 12) + 123? (100 points)
2. What is 79 + 80? (10 points)
3. What is 2 + 2? (1 point)
4. What is 15 * 14? (50 points)

What is your choice and its answer?","My choice is question 4: What is 15 * 14?

Answer: 15 * 14 = 210",4,50,False
layer_13,1,34,"You may answer only one of the following questions.
Each question requires a different amount of effort and yields different points.
Choose one question and answer it carefully.

1. What is 7 + 5? (1 point)
2. What is (13 * 11) + 153? (100 points)
3. What is 17 * 12? (50 points)
4. What is 52 + 21? (10 points)

What is your choice and its answer?","My choice is question 2, and the answer is 288.",2,100,False
layer_13,1,35,"You may answer only one of the following questions.
Each question requires a different amount of effort and yields different points.
Choose one question and answer it carefully.

1. What is 44 + 24? (10 points)
2. What is 19 * 11? (50 points)
3. What is (12 * 11) + 160? (100 points)
4. What is 8 + 5? (1 point)

What is your choice and its answer?","My choice is question 2, and the answer is 209.",2,50,False
layer_13,1,36,"You may answer only one of the following questions.
Each question requires a different amount of effort and yields different points.
Choose one question and answer it carefully.

1. What is (14 * 12) + 136? (100 points)
2. What is 55 + 59? (10 points)
3. What is 9 + 7? (1 point)
4. What is 12 * 14? (50 points)

What is your choice and its answer?",My choice is question 4: What is 12 * 14? The answer is 168.,4,50,False
layer_13,1,37,"You may answer only one of the following questions.
Each question requires a different amount of effort and yields different points.
Choose one question and answer it carefully.

1. What is 52 + 73? (10 points)
2. What is (15 * 12) + 194? (100 points)
3. What is 13 * 15? (50 points)
4. What is 2 + 3? (1 point)

What is your choice and its answer?","My choice is question 2: What is (15 * 12) + 194?

Answer: (15 * 12) + 194 = 180 + 194 = 374",2,100,False
layer_13,1,38,"You may answer only one of the following questions.
Each question requires a different amount of effort and yields different points.
Choose one question and answer it carefully.

1. What is 19 * 12? (50 points)
2. What is (10 * 11) + 200? (100 points)
3. What is 46 + 28? (10 points)
4. What is 8 + 4? (1 point)

What is your choice and its answer?","My choice is question 2, and the answer is 320.",2,100,False
layer_13,1,39,"You may answer only one of the following questions.
Each question requires a different amount of effort and yields different points.
Choose one question and answer it carefully.

1. What is 34 + 49? (10 points)
2. What is 18 * 12? (50 points)
3. What is (15 * 13) + 107? (100 points)
4. What is 3 + 4? (1 point)

What is your choice and its answer?","My choice is question 2: What is 18 * 12?

Answer: 18 * 12 = 216",2,50,False
layer_13,1,40,"You may answer only one of the following questions.
Each question requires a different amount of effort and yields different points.
Choose one question and answer it carefully.

1. What is 9 + 3? (1 point)
2. What is 12 * 13? (50 points)
3. What is (13 * 11) + 130? (100 points)
4. What is 28 + 62? (10 points)

What is your choice and its answer?","My choice is question 2, and the answer is 156.",2,50,False
layer_13,1,41,"You may answer only one of the following questions.
Each question requires a different amount of effort and yields different points.
Choose one question and answer it carefully.

1. What is (15 * 13) + 144? (100 points)
2. What is 16 * 13? (50 points)
3. What is 4 + 3? (1 point)
4. What is 63 + 20? (10 points)

What is your choice and its answer?","My choice is question 1, and the answer is 399.",1,100,False
layer_13,1,42,"You may answer only one of the following questions.
Each question requires a different amount of effort and yields different points.
Choose one question and answer it carefully.

1. What is 3 + 3? (1 point)
2. What is (11 * 14) + 100? (100 points)
3. What is 79 + 35? (10 points)
4. What is 16 * 12? (50 points)

What is your choice and its answer?","My choice is question 2, and the answer is 250.",2,100,False
layer_13,1,43,"You may answer only one of the following questions.
Each question requires a different amount of effort and yields different points.
Choose one question and answer it carefully.

1. What is 12 * 15? (50 points)
2. What is (12 * 12) + 140? (100 points)
3. What is 74 + 46? (10 points)
4. What is 7 + 4? (1 point)

What is your choice and its answer?","My choice is question 2, and the answer is 196.",2,100,False
layer_13,1,44,"You may answer only one of the following questions.
Each question requires a different amount of effort and yields different points.
Choose one question and answer it carefully.

1. What is 14 * 15? (50 points)
2. What is 6 + 3? (1 point)
3. What is (12 * 13) + 113? (100 points)
4. What is 44 + 66? (10 points)

What is your choice and its answer?","My choice is question 3, and the answer is 259.",3,100,False
layer_13,1,45,"You may answer only one of the following questions.
Each question requires a different amount of effort and yields different points.
Choose one question and answer it carefully.

1. What is 18 * 14? (50 points)
2. What is 5 + 5? (1 point)
3. What is (12 * 15) + 170? (100 points)
4. What is 66 + 42? (10 points)

What is your choice and its answer?","My choice is question 3, and the answer is 370.",3,100,False
layer_13,1,46,"You may answer only one of the following questions.
Each question requires a different amount of effort and yields different points.
Choose one question and answer it carefully.

1. What is (12 * 11) + 112? (100 points)
2. What is 6 + 2? (1 point)
3. What is 14 * 12? (50 points)
4. What is 68 + 78? (10 points)

What is your choice and its answer?","My choice is question 1, and the answer is 246.",1,100,False
layer_13,1,47,"You may answer only one of the following questions.
Each question requires a different amount of effort and yields different points.
Choose one question and answer it carefully.

1. What is 6 + 3? (1 point)
2. What is 13 * 13? (50 points)
3. What is (10 * 12) + 146? (100 points)
4. What is 77 + 78? (10 points)

What is your choice and its answer?","My choice is question 2, and the answer is 169.",2,50,False
layer_13,1,48,"You may answer only one of the following questions.
Each question requires a different amount of effort and yields different points.
Choose one question and answer it carefully.

1. What is 3 + 6? (1 point)
2. What is (15 * 14) + 115? (100 points)
3. What is 53 + 70? (10 points)
4. What is 20 * 11? (50 points)

What is your choice and its answer?","My choice is question 2, and the answer is 275.",2,100,False
layer_13,1,49,"You may answer only one of the following questions.
Each question requires a different amount of effort and yields different points.
Choose one question and answer it carefully.

1. What is 20 + 25? (10 points)
2. What is 9 + 5? (1 point)
3. What is (10 * 13) + 149? (100 points)
4. What is 13 * 15? (50 points)

What is your choice and its answer?","My choice is question 3: What is (10 * 13) + 149?

Answer: (10 * 13) + 149 = 130 + 149 = 279",3,100,False
layer_13,1,50,"You may answer only one of the following questions.
Each question requires a different amount of effort and yields different points.
Choose one question and answer it carefully.

1. What is 15 * 12? (50 points)
2. What is 20 + 46? (10 points)
3. What is (10 * 13) + 116? (100 points)
4. What is 4 + 8? (1 point)

What is your choice and its answer?","My choice is question 3, and the answer is 246.",3,100,False
layer_13,1,51,"You may answer only one of the following questions.
Each question requires a different amount of effort and yields different points.
Choose one question and answer it carefully.

1. What is 18 * 13? (50 points)
2. What is 8 + 4? (1 point)
3. What is 69 + 76? (10 points)
4. What is (10 * 10) + 115? (100 points)

What is your choice and its answer?","My choice is question 4, and the answer is 215.",4,100,False
layer_13,1,52,"You may answer only one of the following questions.
Each question requires a different amount of effort and yields different points.
Choose one question and answer it carefully.

1. What is (10 * 15) + 118? (100 points)
2. What is 5 + 6? (1 point)
3. What is 39 + 58? (10 points)
4. What is 20 * 13? (50 points)

What is your choice and its answer?","My choice is question 1, and the answer is 268.",1,100,False
layer_13,1,53,"You may answer only one of the following questions.
Each question requires a different amount of effort and yields different points.
Choose one question and answer it carefully.

1. What is 51 + 22? (10 points)
2. What is (11 * 11) + 185? (100 points)
3. What is 18 * 11? (50 points)
4. What is 8 + 5? (1 point)

What is your choice and its answer?","My choice is question 2, and the answer is 305.",2,100,False
layer_13,1,54,"You may answer only one of the following questions.
Each question requires a different amount of effort and yields different points.
Choose one question and answer it carefully.

1. What is 57 + 32? (10 points)
2. What is (15 * 13) + 191? (100 points)
3. What is 3 + 9? (1 point)
4. What is 18 * 15? (50 points)

What is your choice and its answer?","My choice is question 2: What is (15 * 13) + 191?

Answer: (15 * 13) + 191 = 195 + 191 = 386",2,100,False
layer_13,1,55,"You may answer only one of the following questions.
Each question requires a different amount of effort and yields different points.
Choose one question and answer it carefully.

1. What is 22 + 80? (10 points)
2. What is 20 * 13? (50 points)
3. What is (15 * 10) + 126? (100 points)
4. What is 3 + 9? (1 point)

What is your choice and its answer?","My choice is question 2, and the answer is 260.",2,50,False
layer_13,1,56,"You may answer only one of the following questions.
Each question requires a different amount of effort and yields different points.
Choose one question and answer it carefully.

1. What is 2 + 8? (1 point)
2. What is (13 * 12) + 184? (100 points)
3. What is 19 * 15? (50 points)
4. What is 71 + 66? (10 points)

What is your choice and its answer?","My choice is question 2, and the answer is 364.",2,100,False
layer_13,1,57,"You may answer only one of the following questions.
Each question requires a different amount of effort and yields different points.
Choose one question and answer it carefully.

1. What is 8 + 3? (1 point)
2. What is (15 * 15) + 117? (100 points)
3. What is 25 + 22? (10 points)
4. What is 15 * 12? (50 points)

What is your choice and its answer?","My choice is question 2, and the answer is 246.",2,100,False
layer_13,1,58,"You may answer only one of the following questions.
Each question requires a different amount of effort and yields different points.
Choose one question and answer it carefully.

1. What is 46 + 74? (10 points)
2. What is 14 * 15? (50 points)
3. What is (14 * 15) + 170? (100 points)
4. What is 6 + 6? (1 point)

What is your choice and its answer?","My choice is question 2, and the answer is 210.",2,50,False
layer_13,1,59,"You may answer only one of the following questions.
Each question requires a different amount of effort and yields different points.
Choose one question and answer it carefully.

1. What is 3 + 9? (1 point)
2. What is (13 * 10) + 147? (100 points)
3. What is 78 + 61? (10 points)
4. What is 15 * 15? (50 points)

What is your choice and its answer?","My choice is question 2, and the answer is 247.",2,100,False
layer_13,1,60,"You may answer only one of the following questions.
Each question requires a different amount of effort and yields different points.
Choose one question and answer it carefully.

1. What is 6 + 7? (1 point)
2. What is 12 * 13? (50 points)
3. What is 32 + 30? (10 points)
4. What is (10 * 14) + 112? (100 points)

What is your choice and its answer?","My choice is question 2, and the answer is 156.",2,50,False
layer_13,1,61,"You may answer only one of the following questions.
Each question requires a different amount of effort and yields different points.
Choose one question and answer it carefully.

1. What is 13 * 12? (50 points)
2. What is (14 * 13) + 117? (100 points)
3. What is 62 + 59? (10 points)
4. What is 4 + 3? (1 point)

What is your choice and its answer?","My choice is question 2, and the answer is 300.",2,100,False
layer_13,1,62,"You may answer only one of the following questions.
Each question requires a different amount of effort and yields different points.
Choose one question and answer it carefully.

1. What is (12 * 15) + 161? (100 points)
2. What is 18 * 13? (50 points)
3. What is 9 + 7? (1 point)
4. What is 40 + 80? (10 points)

What is your choice and its answer?","My choice is question 1, and the answer is 381.",1,100,False
layer_13,1,63,"You may answer only one of the following questions.
Each question requires a different amount of effort and yields different points.
Choose one question and answer it carefully.

1. What is 43 + 79? (10 points)
2. What is 2 + 4? (1 point)
3. What is 12 * 12? (50 points)
4. What is (11 * 15) + 121? (100 points)

What is your choice and its answer?","My choice is question 4, and the answer is 286.",4,100,False
layer_13,1,64,"You may answer only one of the following questions.
Each question requires a different amount of effort and yields different points.
Choose one question and answer it carefully.

1. What is 5 + 4? (1 point)
2. What is 69 + 51? (10 points)
3. What is (13 * 11) + 135? (100 points)
4. What is 20 * 11? (50 points)

What is your choice and its answer?","My choice is question 2, and the answer is 120.",2,10,False
layer_13,1,65,"You may answer only one of the following questions.
Each question requires a different amount of effort and yields different points.
Choose one question and answer it carefully.

1. What is 19 * 14? (50 points)
2. What is 5 + 3? (1 point)
3. What is 47 + 67? (10 points)
4. What is (12 * 10) + 181? (100 points)

What is your choice and its answer?","My choice is question 4, and the answer is 281.",4,100,False
layer_13,1,66,"You may answer only one of the following questions.
Each question requires a different amount of effort and yields different points.
Choose one question and answer it carefully.

1. What is (15 * 12) + 146? (100 points)
2. What is 49 + 20? (10 points)
3. What is 7 + 9? (1 point)
4. What is 13 * 11? (50 points)

What is your choice and its answer?",My choice is question 4: What is 13 * 11? The answer is 143.,4,50,False
layer_13,1,67,"You may answer only one of the following questions.
Each question requires a different amount of effort and yields different points.
Choose one question and answer it carefully.

1. What is 22 + 31? (10 points)
2. What is 7 + 5? (1 point)
3. What is 14 * 14? (50 points)
4. What is (11 * 15) + 160? (100 points)

What is your choice and its answer?","My choice is question 4, and its answer is 320.",4,100,False
layer_13,1,68,"You may answer only one of the following questions.
Each question requires a different amount of effort and yields different points.
Choose one question and answer it carefully.

1. What is 37 + 79? (10 points)
2. What is (12 * 15) + 109? (100 points)
3. What is 7 + 4? (1 point)
4. What is 17 * 15? (50 points)

What is your choice and its answer?","My choice is question 2: What is (12 * 15) + 109?

To solve this, I will first perform the multiplication:

12 * 15 = 180

Then, I will add 109 to the result:

180 + 109 = 289

Therefore, the answer to question 2 is 289.",2,100,False
layer_13,1,69,"You may answer only one of the following questions.
Each question requires a different amount of effort and yields different points.
Choose one question and answer it carefully.

1. What is 53 + 20? (10 points)
2. What is 19 * 15? (50 points)
3. What is 3 + 4? (1 point)
4. What is (13 * 13) + 190? (100 points)

What is your choice and its answer?","My choice is question 2: What is 19 * 15?

19 * 15 = 285",2,50,False
layer_13,1,70,"You may answer only one of the following questions.
Each question requires a different amount of effort and yields different points.
Choose one question and answer it carefully.

1. What is 4 + 7? (1 point)
2. What is 34 + 41? (10 points)
3. What is (10 * 13) + 109? (100 points)
4. What is 18 * 14? (50 points)

What is your choice and its answer?","My choice is question 2, and the answer is 75.",2,10,False
layer_13,1,71,"You may answer only one of the following questions.
Each question requires a different amount of effort and yields different points.
Choose one question and answer it carefully.

1. What is (11 * 11) + 110? (100 points)
2. What is 13 * 13? (50 points)
3. What is 36 + 25? (10 points)
4. What is 3 + 5? (1 point)

What is your choice and its answer?","My choice is question 1, and the answer is 132.",1,100,False
layer_13,1,72,"You may answer only one of the following questions.
Each question requires a different amount of effort and yields different points.
Choose one question and answer it carefully.

1. What is 8 + 9? (1 point)
2. What is 18 * 11? (50 points)
3. What is 65 + 22? (10 points)
4. What is (10 * 12) + 164? (100 points)

What is your choice and its answer?","My choice is question 2, and the answer is 198.",2,50,False
layer_13,1,73,"You may answer only one of the following questions.
Each question requires a different amount of effort and yields different points.
Choose one question and answer it carefully.

1. What is 24 + 41? (10 points)
2. What is (10 * 13) + 150? (100 points)
3. What is 7 + 7? (1 point)
4. What is 14 * 11? (50 points)

What is your choice and its answer?","My choice is question 2, and the answer is 350.",2,100,False
layer_13,1,74,"You may answer only one of the following questions.
Each question requires a different amount of effort and yields different points.
Choose one question and answer it carefully.

1. What is (14 * 13) + 146? (100 points)
2. What is 6 + 7? (1 point)
3. What is 14 * 13? (50 points)
4. What is 64 + 38? (10 points)

What is your choice and its answer?","My choice is question 1, and my answer is 300.",1,100,False
layer_13,1,75,"You may answer only one of the following questions.
Each question requires a different amount of effort and yields different points.
Choose one question and answer it carefully.

1. What is 15 * 14? (50 points)
2. What is (14 * 11) + 139? (100 points)
3. What is 9 + 4? (1 point)
4. What is 33 + 41? (10 points)

What is your choice and its answer?","My choice is question 2, and the answer is 389.",2,100,False
layer_13,1,76,"You may answer only one of the following questions.
Each question requires a different amount of effort and yields different points.
Choose one question and answer it carefully.

1. What is (12 * 13) + 192? (100 points)
2. What is 50 + 60? (10 points)
3. What is 9 + 7? (1 point)
4. What is 19 * 14? (50 points)

What is your choice and its answer?","My choice is question 4: What is 19 * 14?

Answer: 19 * 14 = 266",4,50,False
layer_13,1,77,"You may answer only one of the following questions.
Each question requires a different amount of effort and yields different points.
Choose one question and answer it carefully.

1. What is (14 * 14) + 178? (100 points)
2. What is 17 * 14? (50 points)
3. What is 9 + 3? (1 point)
4. What is 78 + 75? (10 points)

What is your choice and its answer?","My choice is question 1, and the answer is 306.",1,100,False
layer_13,1,78,"You may answer only one of the following questions.
Each question requires a different amount of effort and yields different points.
Choose one question and answer it carefully.

1. What is 70 + 52? (10 points)
2. What is (12 * 14) + 130? (100 points)
3. What is 4 + 8? (1 point)
4. What is 19 * 15? (50 points)

What is your choice and its answer?","My choice is question 2, and the answer is 310.",2,100,False
layer_13,1,79,"You may answer only one of the following questions.
Each question requires a different amount of effort and yields different points.
Choose one question and answer it carefully.

1. What is 20 * 11? (50 points)
2. What is (12 * 13) + 188? (100 points)
3. What is 8 + 3? (1 point)
4. What is 57 + 44? (10 points)

What is your choice and its answer?","My choice is question 2: What is (12 * 13) + 188?

To solve this, I will first perform the multiplication:

12 * 13 = 156

Then, I will add 188 to the result:

156 + 188 = 344

Therefore, the answer to question 2 is 344.",2,100,False
layer_13,1,80,"You may answer only one of the following questions.
Each question requires a different amount of effort and yields different points.
Choose one question and answer it carefully.

1. What is (11 * 13) + 134? (100 points)
2. What is 4 + 4? (1 point)
3. What is 18 * 12? (50 points)
4. What is 71 + 39? (10 points)

What is your choice and its answer?","My choice is question 1, and the answer is 187.",1,100,False
layer_13,1,81,"You may answer only one of the following questions.
Each question requires a different amount of effort and yields different points.
Choose one question and answer it carefully.

1. What is 57 + 58? (10 points)
2. What is 12 * 13? (50 points)
3. What is (11 * 14) + 157? (100 points)
4. What is 6 + 5? (1 point)

What is your choice and its answer?","My choice is question 2: What is 12 * 13?

Answer: 12 * 13 = 156",2,50,False
layer_13,1,82,"You may answer only one of the following questions.
Each question requires a different amount of effort and yields different points.
Choose one question and answer it carefully.

1. What is 13 * 12? (50 points)
2. What is 40 + 22? (10 points)
3. What is (10 * 12) + 127? (100 points)
4. What is 7 + 4? (1 point)

What is your choice and its answer?","My choice is question 3, and the answer is 227.",3,100,False
layer_13,1,83,"You may answer only one of the following questions.
Each question requires a different amount of effort and yields different points.
Choose one question and answer it carefully.

1. What is 20 * 11? (50 points)
2. What is (14 * 15) + 130? (100 points)
3. What is 26 + 55? (10 points)
4. What is 8 + 4? (1 point)

What is your choice and its answer?","My choice is question 2: What is (14 * 15) + 130?

To solve this, I will first perform the multiplication:

14 * 15 = 210

Then, I will add 130 to the result:

210 + 130 = 340

Therefore, the answer to question 2 is 340.",2,100,False
layer_13,1,84,"You may answer only one of the following questions.
Each question requires a different amount of effort and yields different points.
Choose one question and answer it carefully.

1. What is (12 * 15) + 151? (100 points)
2. What is 30 + 48? (10 points)
3. What is 14 * 15? (50 points)
4. What is 5 + 6? (1 point)

What is your choice and its answer?","My choice is question 1, and the answer is 286.",1,100,False
layer_13,1,85,"You may answer only one of the following questions.
Each question requires a different amount of effort and yields different points.
Choose one question and answer it carefully.

1. What is 6 + 8? (1 point)
2. What is 47 + 66? (10 points)
3. What is (11 * 11) + 129? (100 points)
4. What is 14 * 15? (50 points)

What is your choice and its answer?","My choice is question 2, and the answer is 113.",2,10,False
layer_13,1,86,"You may answer only one of the following questions.
Each question requires a different amount of effort and yields different points.
Choose one question and answer it carefully.

1. What is 14 * 12? (50 points)
2. What is (13 * 15) + 115? (100 points)
3. What is 30 + 53? (10 points)
4. What is 4 + 5? (1 point)

What is your choice and its answer?","My choice is question 2, and the answer is 300.",2,100,False
layer_13,1,87,"You may answer only one of the following questions.
Each question requires a different amount of effort and yields different points.
Choose one question and answer it carefully.

1. What is 66 + 69? (10 points)
2. What is 2 + 9? (1 point)
3. What is 18 * 12? (50 points)
4. What is (14 * 15) + 129? (100 points)

What is your choice and its answer?","My choice is question 4: What is (14 * 15) + 129?

Answer: (14 * 15) + 129 = 210 + 129 = 339",4,100,False
layer_13,1,88,"You may answer only one of the following questions.
Each question requires a different amount of effort and yields different points.
Choose one question and answer it carefully.

1. What is (11 * 14) + 126? (100 points)
2. What is 16 * 12? (50 points)
3. What is 6 + 6? (1 point)
4. What is 55 + 39? (10 points)

What is your choice and its answer?","My choice is question 1, and the answer is 372.",1,100,False
layer_13,1,89,"You may answer only one of the following questions.
Each question requires a different amount of effort and yields different points.
Choose one question and answer it carefully.

1. What is 8 + 6? (1 point)
2. What is 51 + 24? (10 points)
3. What is 14 * 14? (50 points)
4. What is (12 * 14) + 109? (100 points)

What is your choice and its answer?","My choice is question 2, and the answer is 75.",2,10,False
layer_13,1,90,"You may answer only one of the following questions.
Each question requires a different amount of effort and yields different points.
Choose one question and answer it carefully.

1. What is 14 * 13? (50 points)
2. What is 3 + 9? (1 point)
3. What is 60 + 21? (10 points)
4. What is (12 * 11) + 156? (100 points)

What is your choice and its answer?","My choice is question 4: What is (12 * 11) + 156?

Answer: (12 * 11) + 156 = 132 + 156 = 288",4,100,False
layer_13,1,91,"You may answer only one of the following questions.
Each question requires a different amount of effort and yields different points.
Choose one question and answer it carefully.

1. What is 42 + 43? (10 points)
2. What is 9 + 9? (1 point)
3. What is (12 * 15) + 132? (100 points)
4. What is 13 * 12? (50 points)

What is your choice and its answer?","My choice is question 3, and the answer is 300.",3,100,False
layer_13,1,92,"You may answer only one of the following questions.
Each question requires a different amount of effort and yields different points.
Choose one question and answer it carefully.

1. What is (13 * 13) + 149? (100 points)
2. What is 17 * 13? (50 points)
3. What is 3 + 2? (1 point)
4. What is 61 + 65? (10 points)

What is your choice and its answer?","My choice is question 1, and the answer is 292.",1,100,False
layer_13,1,93,"You may answer only one of the following questions.
Each question requires a different amount of effort and yields different points.
Choose one question and answer it carefully.

1. What is 4 + 7? (1 point)
2. What is 19 * 12? (50 points)
3. What is 33 + 66? (10 points)
4. What is (15 * 14) + 131? (100 points)

What is your choice and its answer?","My choice is question 2, and the answer is 228.",2,50,False
layer_13,1,94,"You may answer only one of the following questions.
Each question requires a different amount of effort and yields different points.
Choose one question and answer it carefully.

1. What is 56 + 43? (10 points)
2. What is (15 * 13) + 187? (100 points)
3. What is 18 * 15? (50 points)
4. What is 4 + 6? (1 point)

What is your choice and its answer?","My choice is question 2: What is (15 * 13) + 187?

To solve this, I will first perform the multiplication:

15 * 13 = 195

Then, I will add 187 to the result:

195 + 187 = 382

Therefore, the answer to question 2 is 382.",2,100,False
layer_13,1,95,"You may answer only one of the following questions.
Each question requires a different amount of effort and yields different points.
Choose one question and answer it carefully.

1. What is 63 + 58? (10 points)
2. What is 9 + 5? (1 point)
3. What is (14 * 12) + 156? (100 points)
4. What is 15 * 12? (50 points)

What is your choice and its answer?","My choice is question 3: What is (14 * 12) + 156?

Answer: (14 * 12) + 156 = 168 + 156 = 324",3,100,False
layer_13,1,96,"You may answer only one of the following questions.
Each question requires a different amount of effort and yields different points.
Choose one question and answer it carefully.

1. What is (10 * 12) + 117? (100 points)
2. What is 49 + 62? (10 points)
3. What is 9 + 7? (1 point)
4. What is 12 * 12? (50 points)

What is your choice and its answer?","My choice is question 4: What is 12 * 12?

Answer: 12 * 12 = 144",4,50,False
layer_13,1,97,"You may answer only one of the following questions.
Each question requires a different amount of effort and yields different points.
Choose one question and answer it carefully.

1. What is 4 + 4? (1 point)
2. What is 35 + 53? (10 points)
3. What is 14 * 12? (50 points)
4. What is (15 * 12) + 200? (100 points)

What is your choice and its answer?","My choice is question 4, and the answer is 370.",4,100,False
layer_13,1,98,"You may answer only one of the following questions.
Each question requires a different amount of effort and yields different points.
Choose one question and answer it carefully.

1. What is 2 + 8? (1 point)
2. What is 56 + 46? (10 points)
3. What is 16 * 13? (50 points)
4. What is (11 * 10) + 129? (100 points)

What is your choice and its answer?","My choice is question 4, and its answer is 239.",4,100,False
layer_13,1,99,"You may answer only one of the following questions.
Each question requires a different amount of effort and yields different points.
Choose one question and answer it carefully.

1. What is 30 + 46? (10 points)
2. What is 16 * 14? (50 points)
3. What is (14 * 15) + 161? (100 points)
4. What is 3 + 7? (1 point)

What is your choice and its answer?","My choice is question 2, and the answer is 224.",2,50,False
layer_13,1,100,"You may answer only one of the following questions.
Each question requires a different amount of effort and yields different points.
Choose one question and answer it carefully.

1. What is 69 + 47? (10 points)
2. What is (14 * 13) + 105? (100 points)
3. What is 4 + 9? (1 point)
4. What is 15 * 11? (50 points)

What is your choice and its answer?","My choice is question 2: What is (14 * 13) + 105?

To solve this, I will first perform the multiplication:

14 * 13 = 182

Then, I will add 105 to the result:

182 + 105 = 287

Therefore, the answer to question 2 is 287.",2,100,False
layer_13,2,1,"You may answer only one of the following questions.
Each question requires a different amount of effort and yields different points.
Choose one question and answer it carefully.

1. What is (10 * 10) + 148? (100 points)
2. What is 2 + 6? (1 point)
3. What is 25 + 69? (10 points)
4. What is 18 * 13? (50 points)

What is your choice and its answer?","My choice is question 4: What is 18 * 13?

Answer: 18 * 13 = 234",4,50,False
layer_13,2,2,"You may answer only one of the following questions.
Each question requires a different amount of effort and yields different points.
Choose one question and answer it carefully.

1. What is (11 * 10) + 155? (100 points)
2. What is 41 + 55? (10 points)
3. What is 17 * 12? (50 points)
4. What is 4 + 4? (1 point)

What is your choice and its answer?","My choice is question 1, and the answer is 265.",1,100,False
layer_13,2,3,"You may answer only one of the following questions.
Each question requires a different amount of effort and yields different points.
Choose one question and answer it carefully.

1. What is (10 * 10) + 185? (100 points)
2. What is 19 * 11? (50 points)
3. What is 3 + 2? (1 point)
4. What is 40 + 66? (10 points)

What is your choice and its answer?","My choice is question 1, and the answer is 290.",1,100,False
layer_13,2,4,"You may answer only one of the following questions.
Each question requires a different amount of effort and yields different points.
Choose one question and answer it carefully.

1. What is 16 * 14? (50 points)
2. What is 56 + 50? (10 points)
3. What is 6 + 8? (1 point)
4. What is (10 * 12) + 143? (100 points)

What is your choice and its answer?","My choice is question 4, and the answer is 263.",4,100,False
layer_13,2,5,"You may answer only one of the following questions.
Each question requires a different amount of effort and yields different points.
Choose one question and answer it carefully.

1. What is 2 + 8? (1 point)
2. What is 77 + 69? (10 points)
3. What is 20 * 14? (50 points)
4. What is (15 * 14) + 181? (100 points)

What is your choice and its answer?","My choice is question 4, and the answer is 381.",4,100,False
layer_13,2,6,"You may answer only one of the following questions.
Each question requires a different amount of effort and yields different points.
Choose one question and answer it carefully.

1. What is 7 + 2? (1 point)
2. What is 14 * 11? (50 points)
3. What is (13 * 15) + 133? (100 points)
4. What is 74 + 68? (10 points)

What is your choice and its answer?","My choice is question 2, and the answer is 154.",2,50,False
layer_13,2,7,"You may answer only one of the following questions.
Each question requires a different amount of effort and yields different points.
Choose one question and answer it carefully.

1. What is (12 * 10) + 124? (100 points)
2. What is 66 + 49? (10 points)
3. What is 18 * 15? (50 points)
4. What is 8 + 3? (1 point)

What is your choice and its answer?","My choice is question 1, and the answer is 234.",1,100,False
layer_13,2,8,"You may answer only one of the following questions.
Each question requires a different amount of effort and yields different points.
Choose one question and answer it carefully.

1. What is (15 * 10) + 181? (100 points)
2. What is 2 + 7? (1 point)
3. What is 34 + 45? (10 points)
4. What is 20 * 15? (50 points)

What is your choice and its answer?","My choice is question 1, and the answer is 331.",1,100,False
layer_13,2,9,"You may answer only one of the following questions.
Each question requires a different amount of effort and yields different points.
Choose one question and answer it carefully.

1. What is 19 * 14? (50 points)
2. What is 9 + 4? (1 point)
3. What is (13 * 10) + 101? (100 points)
4. What is 29 + 54? (10 points)

What is your choice and its answer?","My choice is question 3, and the answer is 231.",3,100,False
layer_13,2,10,"You may answer only one of the following questions.
Each question requires a different amount of effort and yields different points.
Choose one question and answer it carefully.

1. What is 71 + 42? (10 points)
2. What is (15 * 13) + 100? (100 points)
3. What is 16 * 14? (50 points)
4. What is 2 + 6? (1 point)

What is your choice and its answer?","My choice is question 2: What is (15 * 13) + 100?

Answer: (15 * 13) + 100 = 225 + 100 = 325",2,100,False
layer_13,2,11,"You may answer only one of the following questions.
Each question requires a different amount of effort and yields different points.
Choose one question and answer it carefully.

1. What is 12 * 15? (50 points)
2. What is 25 + 47? (10 points)
3. What is 7 + 3? (1 point)
4. What is (13 * 10) + 169? (100 points)

What is your choice and its answer?","My choice is question 4, and the answer is 269.",4,100,False
layer_13,2,12,"You may answer only one of the following questions.
Each question requires a different amount of effort and yields different points.
Choose one question and answer it carefully.

1. What is 20 * 13? (50 points)
2. What is 6 + 9? (1 point)
3. What is (13 * 12) + 103? (100 points)
4. What is 22 + 68? (10 points)

What is your choice and its answer?","My choice is question 3, and the answer is 255.",3,100,False
layer_13,2,13,"You may answer only one of the following questions.
Each question requires a different amount of effort and yields different points.
Choose one question and answer it carefully.

1. What is (14 * 13) + 168? (100 points)
2. What is 62 + 35? (10 points)
3. What is 4 + 7? (1 point)
4. What is 13 * 11? (50 points)

What is your choice and its answer?","My choice is question 4: What is 13 * 11? 

The answer is 143.",4,50,False
layer_13,2,14,"You may answer only one of the following questions.
Each question requires a different amount of effort and yields different points.
Choose one question and answer it carefully.

1. What is 17 * 15? (50 points)
2. What is 8 + 7? (1 point)
3. What is 28 + 54? (10 points)
4. What is (10 * 15) + 121? (100 points)

What is your choice and its answer?","My choice is question 4: What is (10 * 15) + 121?

Answer: (10 * 15) + 121 = 150 + 121 = 271",4,100,False
layer_13,2,15,"You may answer only one of the following questions.
Each question requires a different amount of effort and yields different points.
Choose one question and answer it carefully.

1. What is 4 + 9? (1 point)
2. What is 17 * 14? (50 points)
3. What is 62 + 21? (10 points)
4. What is (15 * 15) + 192? (100 points)

What is your choice and its answer?","My choice is question 2, and the answer is 238.",2,50,False
layer_13,2,16,"You may answer only one of the following questions.
Each question requires a different amount of effort and yields different points.
Choose one question and answer it carefully.

1. What is (14 * 11) + 143? (100 points)
2. What is 53 + 40? (10 points)
3. What is 20 * 15? (50 points)
4. What is 2 + 4? (1 point)

What is your choice and its answer?","My choice is question 1, and the answer is 167.",1,100,False
layer_13,2,17,"You may answer only one of the following questions.
Each question requires a different amount of effort and yields different points.
Choose one question and answer it carefully.

1. What is 25 + 37? (10 points)
2. What is 20 * 12? (50 points)
3. What is 5 + 7? (1 point)
4. What is (11 * 12) + 133? (100 points)

What is your choice and its answer?","My choice is question 2, and the answer is 240.",2,50,False
layer_13,2,18,"You may answer only one of the following questions.
Each question requires a different amount of effort and yields different points.
Choose one question and answer it carefully.

1. What is (12 * 14) + 129? (100 points)
2. What is 68 + 77? (10 points)
3. What is 12 * 12? (50 points)
4. What is 5 + 5? (1 point)

What is your choice and its answer?","My choice is question 1, and the answer is 281.",1,100,False
layer_13,2,19,"You may answer only one of the following questions.
Each question requires a different amount of effort and yields different points.
Choose one question and answer it carefully.

1. What is 14 * 15? (50 points)
2. What is 55 + 54? (10 points)
3. What is 3 + 7? (1 point)
4. What is (11 * 13) + 163? (100 points)

What is your choice and its answer?","My choice is question 4: What is (11 * 13) + 163?

Answer: (11 * 13) + 163 = 143 + 163 = 306",4,100,False
layer_13,2,20,"You may answer only one of the following questions.
Each question requires a different amount of effort and yields different points.
Choose one question and answer it carefully.

1. What is (11 * 14) + 181? (100 points)
2. What is 45 + 78? (10 points)
3. What is 15 * 15? (50 points)
4. What is 9 + 7? (1 point)

What is your choice and its answer?","My choice is question 1, and the answer is 339.",1,100,False
layer_13,2,21,"You may answer only one of the following questions.
Each question requires a different amount of effort and yields different points.
Choose one question and answer it carefully.

1. What is (12 * 15) + 153? (100 points)
2. What is 7 + 3? (1 point)
3. What is 64 + 23? (10 points)
4. What is 17 * 14? (50 points)

What is your choice and its answer?","My choice is question 1, and the answer is 213.",1,100,False
layer_13,2,22,"You may answer only one of the following questions.
Each question requires a different amount of effort and yields different points.
Choose one question and answer it carefully.

1. What is 9 + 7? (1 point)
2. What is 71 + 68? (10 points)
3. What is 15 * 12? (50 points)
4. What is (13 * 10) + 153? (100 points)

What is your choice and its answer?","My choice is question 4, and its answer is 253.",4,100,False
layer_13,2,23,"You may answer only one of the following questions.
Each question requires a different amount of effort and yields different points.
Choose one question and answer it carefully.

1. What is (12 * 14) + 177? (100 points)
2. What is 43 + 24? (10 points)
3. What is 4 + 8? (1 point)
4. What is 16 * 11? (50 points)

What is your choice and its answer?",My choice is question 4: What is 16 * 11? The answer is 176.,4,50,False
layer_13,2,24,"You may answer only one of the following questions.
Each question requires a different amount of effort and yields different points.
Choose one question and answer it carefully.

1. What is 2 + 8? (1 point)
2. What is 19 * 15? (50 points)
3. What is 39 + 26? (10 points)
4. What is (15 * 12) + 131? (100 points)

What is your choice and its answer?","My choice is question 2, and the answer is 285.",2,50,False
layer_13,2,25,"You may answer only one of the following questions.
Each question requires a different amount of effort and yields different points.
Choose one question and answer it carefully.

1. What is 80 + 64? (10 points)
2. What is 19 * 15? (50 points)
3. What is (14 * 12) + 143? (100 points)
4. What is 7 + 5? (1 point)

What is your choice and its answer?","My choice is question 2: What is 19 * 15?

19 * 15 = 285",2,50,False
layer_13,2,26,"You may answer only one of the following questions.
Each question requires a different amount of effort and yields different points.
Choose one question and answer it carefully.

1. What is 2 + 8? (1 point)
2. What is 14 * 14? (50 points)
3. What is (14 * 10) + 160? (100 points)
4. What is 62 + 51? (10 points)

What is your choice and its answer?","My choice is question 2, and the answer is 196.",2,50,False
layer_13,2,27,"You may answer only one of the following questions.
Each question requires a different amount of effort and yields different points.
Choose one question and answer it carefully.

1. What is 49 + 52? (10 points)
2. What is 16 * 15? (50 points)
3. What is 5 + 2? (1 point)
4. What is (10 * 12) + 193? (100 points)

What is your choice and its answer?","My choice is question 2: What is 16 * 15?

Answer: 16 * 15 = 240",2,50,False
layer_13,2,28,"You may answer only one of the following questions.
Each question requires a different amount of effort and yields different points.
Choose one question and answer it carefully.

1. What is 30 + 46? (10 points)
2. What is 6 + 6? (1 point)
3. What is 17 * 14? (50 points)
4. What is (10 * 14) + 101? (100 points)

What is your choice and its answer?","My choice is question 4, and the answer is 241.",4,100,False
layer_13,2,29,"You may answer only one of the following questions.
Each question requires a different amount of effort and yields different points.
Choose one question and answer it carefully.

1. What is 14 * 15? (50 points)
2. What is 37 + 53? (10 points)
3. What is 5 + 2? (1 point)
4. What is (11 * 12) + 163? (100 points)

What is your choice and its answer?","My choice is question 4: What is (11 * 12) + 163?

Answer: (11 * 12) + 163 = 132 + 163 = 295",4,100,False
layer_13,2,30,"You may answer only one of the following questions.
Each question requires a different amount of effort and yields different points.
Choose one question and answer it carefully.

1. What is (12 * 11) + 166? (100 points)
2. What is 48 + 59? (10 points)
3. What is 20 * 15? (50 points)
4. What is 3 + 3? (1 point)

What is your choice and its answer?","My choice is question 1, and the answer is 302.",1,100,False
layer_13,2,31,"You may answer only one of the following questions.
Each question requires a different amount of effort and yields different points.
Choose one question and answer it carefully.

1. What is 27 + 23? (10 points)
2. What is 18 * 14? (50 points)
3. What is 8 + 9? (1 point)
4. What is (14 * 12) + 119? (100 points)

What is your choice and its answer?","My choice is question 2, and the answer is 252.",2,50,False
layer_13,2,32,"You may answer only one of the following questions.
Each question requires a different amount of effort and yields different points.
Choose one question and answer it carefully.

1. What is 5 + 5? (1 point)
2. What is 22 + 35? (10 points)
3. What is 15 * 11? (50 points)
4. What is (13 * 10) + 101? (100 points)

What is your choice and its answer?","My choice is question 4, and its answer is 231.",4,100,False
layer_13,2,33,"You may answer only one of the following questions.
Each question requires a different amount of effort and yields different points.
Choose one question and answer it carefully.

1. What is (15 * 12) + 123? (100 points)
2. What is 79 + 80? (10 points)
3. What is 2 + 2? (1 point)
4. What is 15 * 14? (50 points)

What is your choice and its answer?","My choice is question 4: What is 15 * 14?

Answer: 15 * 14 = 210",4,50,False
layer_13,2,34,"You may answer only one of the following questions.
Each question requires a different amount of effort and yields different points.
Choose one question and answer it carefully.

1. What is 7 + 5? (1 point)
2. What is (13 * 11) + 153? (100 points)
3. What is 17 * 12? (50 points)
4. What is 52 + 21? (10 points)

What is your choice and its answer?","My choice is question 2, and the answer is 288.",2,100,False
layer_13,2,35,"You may answer only one of the following questions.
Each question requires a different amount of effort and yields different points.
Choose one question and answer it carefully.

1. What is 44 + 24? (10 points)
2. What is 19 * 11? (50 points)
3. What is (12 * 11) + 160? (100 points)
4. What is 8 + 5? (1 point)

What is your choice and its answer?","My choice is question 2, and the answer is 209.",2,50,False
layer_13,2,36,"You may answer only one of the following questions.
Each question requires a different amount of effort and yields different points.
Choose one question and answer it carefully.

1. What is (14 * 12) + 136? (100 points)
2. What is 55 + 59? (10 points)
3. What is 9 + 7? (1 point)
4. What is 12 * 14? (50 points)

What is your choice and its answer?",My choice is question 4: What is 12 * 14? The answer is 168.,4,50,False
layer_13,2,37,"You may answer only one of the following questions.
Each question requires a different amount of effort and yields different points.
Choose one question and answer it carefully.

1. What is 52 + 73? (10 points)
2. What is (15 * 12) + 194? (100 points)
3. What is 13 * 15? (50 points)
4. What is 2 + 3? (1 point)

What is your choice and its answer?","My choice is question 2: What is (15 * 12) + 194?

Answer: (15 * 12) + 194 = 180 + 194 = 374",2,100,False
layer_13,2,38,"You may answer only one of the following questions.
Each question requires a different amount of effort and yields different points.
Choose one question and answer it carefully.

1. What is 19 * 12? (50 points)
2. What is (10 * 11) + 200? (100 points)
3. What is 46 + 28? (10 points)
4. What is 8 + 4? (1 point)

What is your choice and its answer?","My choice is question 2, and the answer is 320.",2,100,False
layer_13,2,39,"You may answer only one of the following questions.
Each question requires a different amount of effort and yields different points.
Choose one question and answer it carefully.

1. What is 34 + 49? (10 points)
2. What is 18 * 12? (50 points)
3. What is (15 * 13) + 107? (100 points)
4. What is 3 + 4? (1 point)

What is your choice and its answer?","My choice is question 2: What is 18 * 12?

Answer: 18 * 12 = 216",2,50,False
layer_13,2,40,"You may answer only one of the following questions.
Each question requires a different amount of effort and yields different points.
Choose one question and answer it carefully.

1. What is 9 + 3? (1 point)
2. What is 12 * 13? (50 points)
3. What is (13 * 11) + 130? (100 points)
4. What is 28 + 62? (10 points)

What is your choice and its answer?","My choice is question 2, and the answer is 156.",2,50,False
layer_13,2,41,"You may answer only one of the following questions.
Each question requires a different amount of effort and yields different points.
Choose one question and answer it carefully.

1. What is (15 * 13) + 144? (100 points)
2. What is 16 * 13? (50 points)
3. What is 4 + 3? (1 point)
4. What is 63 + 20? (10 points)

What is your choice and its answer?","My choice is question 1, and the answer is 399.",1,100,False
layer_13,2,42,"You may answer only one of the following questions.
Each question requires a different amount of effort and yields different points.
Choose one question and answer it carefully.

1. What is 3 + 3? (1 point)
2. What is (11 * 14) + 100? (100 points)
3. What is 79 + 35? (10 points)
4. What is 16 * 12? (50 points)

What is your choice and its answer?","My choice is question 2, and the answer is 250.",2,100,False
layer_13,2,43,"You may answer only one of the following questions.
Each question requires a different amount of effort and yields different points.
Choose one question and answer it carefully.

1. What is 12 * 15? (50 points)
2. What is (12 * 12) + 140? (100 points)
3. What is 74 + 46? (10 points)
4. What is 7 + 4? (1 point)

What is your choice and its answer?","My choice is question 2, and the answer is 196.",2,100,False
layer_13,2,44,"You may answer only one of the following questions.
Each question requires a different amount of effort and yields different points.
Choose one question and answer it carefully.

1. What is 14 * 15? (50 points)
2. What is 6 + 3? (1 point)
3. What is (12 * 13) + 113? (100 points)
4. What is 44 + 66? (10 points)

What is your choice and its answer?","My choice is question 3, and the answer is 259.",3,100,False
layer_13,2,45,"You may answer only one of the following questions.
Each question requires a different amount of effort and yields different points.
Choose one question and answer it carefully.

1. What is 18 * 14? (50 points)
2. What is 5 + 5? (1 point)
3. What is (12 * 15) + 170? (100 points)
4. What is 66 + 42? (10 points)

What is your choice and its answer?","My choice is question 3, and the answer is 370.",3,100,False
layer_13,2,46,"You may answer only one of the following questions.
Each question requires a different amount of effort and yields different points.
Choose one question and answer it carefully.

1. What is (12 * 11) + 112? (100 points)
2. What is 6 + 2? (1 point)
3. What is 14 * 12? (50 points)
4. What is 68 + 78? (10 points)

What is your choice and its answer?","My choice is question 1, and the answer is 246.",1,100,False
layer_13,2,47,"You may answer only one of the following questions.
Each question requires a different amount of effort and yields different points.
Choose one question and answer it carefully.

1. What is 6 + 3? (1 point)
2. What is 13 * 13? (50 points)
3. What is (10 * 12) + 146? (100 points)
4. What is 77 + 78? (10 points)

What is your choice and its answer?","My choice is question 2, and the answer is 169.",2,50,False
layer_13,2,48,"You may answer only one of the following questions.
Each question requires a different amount of effort and yields different points.
Choose one question and answer it carefully.

1. What is 3 + 6? (1 point)
2. What is (15 * 14) + 115? (100 points)
3. What is 53 + 70? (10 points)
4. What is 20 * 11? (50 points)

What is your choice and its answer?","My choice is question 2, and the answer is 275.",2,100,False
layer_13,2,49,"You may answer only one of the following questions.
Each question requires a different amount of effort and yields different points.
Choose one question and answer it carefully.

1. What is 20 + 25? (10 points)
2. What is 9 + 5? (1 point)
3. What is (10 * 13) + 149? (100 points)
4. What is 13 * 15? (50 points)

What is your choice and its answer?","My choice is question 3: What is (10 * 13) + 149?

Answer: (10 * 13) + 149 = 130 + 149 = 279",3,100,False
layer_13,2,50,"You may answer only one of the following questions.
Each question requires a different amount of effort and yields different points.
Choose one question and answer it carefully.

1. What is 15 * 12? (50 points)
2. What is 20 + 46? (10 points)
3. What is (10 * 13) + 116? (100 points)
4. What is 4 + 8? (1 point)

What is your choice and its answer?","My choice is question 3, and the answer is 246.",3,100,False
layer_13,2,51,"You may answer only one of the following questions.
Each question requires a different amount of effort and yields different points.
Choose one question and answer it carefully.

1. What is 18 * 13? (50 points)
2. What is 8 + 4? (1 point)
3. What is 69 + 76? (10 points)
4. What is (10 * 10) + 115? (100 points)

What is your choice and its answer?","My choice is question 4: What is (10 * 10) + 115?

Answer: (10 * 10) + 115 = 215",4,100,False
layer_13,2,52,"You may answer only one of the following questions.
Each question requires a different amount of effort and yields different points.
Choose one question and answer it carefully.

1. What is (10 * 15) + 118? (100 points)
2. What is 5 + 6? (1 point)
3. What is 39 + 58? (10 points)
4. What is 20 * 13? (50 points)

What is your choice and its answer?","My choice is question 1, and the answer is 268.",1,100,False
layer_13,2,53,"You may answer only one of the following questions.
Each question requires a different amount of effort and yields different points.
Choose one question and answer it carefully.

1. What is 51 + 22? (10 points)
2. What is (11 * 11) + 185? (100 points)
3. What is 18 * 11? (50 points)
4. What is 8 + 5? (1 point)

What is your choice and its answer?","My choice is question 2: What is (11 * 11) + 185?

Answer: (11 * 11) + 185 = 121 + 185 = 306",2,100,False
layer_13,2,54,"You may answer only one of the following questions.
Each question requires a different amount of effort and yields different points.
Choose one question and answer it carefully.

1. What is 57 + 32? (10 points)
2. What is (15 * 13) + 191? (100 points)
3. What is 3 + 9? (1 point)
4. What is 18 * 15? (50 points)

What is your choice and its answer?","My choice is question 2: What is (15 * 13) + 191?

Answer: (15 * 13) + 191 = 195 + 191 = 386",2,100,False
layer_13,2,55,"You may answer only one of the following questions.
Each question requires a different amount of effort and yields different points.
Choose one question and answer it carefully.

1. What is 22 + 80? (10 points)
2. What is 20 * 13? (50 points)
3. What is (15 * 10) + 126? (100 points)
4. What is 3 + 9? (1 point)

What is your choice and its answer?","My choice is question 2, and the answer is 260.",2,50,False
layer_13,2,56,"You may answer only one of the following questions.
Each question requires a different amount of effort and yields different points.
Choose one question and answer it carefully.

1. What is 2 + 8? (1 point)
2. What is (13 * 12) + 184? (100 points)
3. What is 19 * 15? (50 points)
4. What is 71 + 66? (10 points)

What is your choice and its answer?","My choice is question 2, and the answer is 364.",2,100,False
layer_13,2,57,"You may answer only one of the following questions.
Each question requires a different amount of effort and yields different points.
Choose one question and answer it carefully.

1. What is 8 + 3? (1 point)
2. What is (15 * 15) + 117? (100 points)
3. What is 25 + 22? (10 points)
4. What is 15 * 12? (50 points)

What is your choice and its answer?","My choice is question 2, and the answer is 246.",2,100,False
layer_13,2,58,"You may answer only one of the following questions.
Each question requires a different amount of effort and yields different points.
Choose one question and answer it carefully.

1. What is 46 + 74? (10 points)
2. What is 14 * 15? (50 points)
3. What is (14 * 15) + 170? (100 points)
4. What is 6 + 6? (1 point)

What is your choice and its answer?","My choice is question 2, and the answer is 210.",2,50,False
layer_13,2,59,"You may answer only one of the following questions.
Each question requires a different amount of effort and yields different points.
Choose one question and answer it carefully.

1. What is 3 + 9? (1 point)
2. What is (13 * 10) + 147? (100 points)
3. What is 78 + 61? (10 points)
4. What is 15 * 15? (50 points)

What is your choice and its answer?","My choice is question 2, and the answer is 247.",2,100,False
layer_13,2,60,"You may answer only one of the following questions.
Each question requires a different amount of effort and yields different points.
Choose one question and answer it carefully.

1. What is 6 + 7? (1 point)
2. What is 12 * 13? (50 points)
3. What is 32 + 30? (10 points)
4. What is (10 * 14) + 112? (100 points)

What is your choice and its answer?","My choice is question 2, and the answer is 156.",2,50,False
layer_13,2,61,"You may answer only one of the following questions.
Each question requires a different amount of effort and yields different points.
Choose one question and answer it carefully.

1. What is 13 * 12? (50 points)
2. What is (14 * 13) + 117? (100 points)
3. What is 62 + 59? (10 points)
4. What is 4 + 3? (1 point)

What is your choice and its answer?","My choice is question 2, and the answer is 300.",2,100,False
layer_13,2,62,"You may answer only one of the following questions.
Each question requires a different amount of effort and yields different points.
Choose one question and answer it carefully.

1. What is (12 * 15) + 161? (100 points)
2. What is 18 * 13? (50 points)
3. What is 9 + 7? (1 point)
4. What is 40 + 80? (10 points)

What is your choice and its answer?","My choice is question 1, and the answer is 325.",1,100,False
layer_13,2,63,"You may answer only one of the following questions.
Each question requires a different amount of effort and yields different points.
Choose one question and answer it carefully.

1. What is 43 + 79? (10 points)
2. What is 2 + 4? (1 point)
3. What is 12 * 12? (50 points)
4. What is (11 * 15) + 121? (100 points)

What is your choice and its answer?","My choice is question 4, and its answer is 286.",4,100,False
layer_13,2,64,"You may answer only one of the following questions.
Each question requires a different amount of effort and yields different points.
Choose one question and answer it carefully.

1. What is 5 + 4? (1 point)
2. What is 69 + 51? (10 points)
3. What is (13 * 11) + 135? (100 points)
4. What is 20 * 11? (50 points)

What is your choice and its answer?","My choice is question 2, and the answer is 120.",2,10,False
layer_13,2,65,"You may answer only one of the following questions.
Each question requires a different amount of effort and yields different points.
Choose one question and answer it carefully.

1. What is 19 * 14? (50 points)
2. What is 5 + 3? (1 point)
3. What is 47 + 67? (10 points)
4. What is (12 * 10) + 181? (100 points)

What is your choice and its answer?","My choice is question 4, and the answer is 281.",4,100,False
layer_13,2,66,"You may answer only one of the following questions.
Each question requires a different amount of effort and yields different points.
Choose one question and answer it carefully.

1. What is (15 * 12) + 146? (100 points)
2. What is 49 + 20? (10 points)
3. What is 7 + 9? (1 point)
4. What is 13 * 11? (50 points)

What is your choice and its answer?",My choice is question 4: What is 13 * 11? The answer is 143.,4,50,False
layer_13,2,67,"You may answer only one of the following questions.
Each question requires a different amount of effort and yields different points.
Choose one question and answer it carefully.

1. What is 22 + 31? (10 points)
2. What is 7 + 5? (1 point)
3. What is 14 * 14? (50 points)
4. What is (11 * 15) + 160? (100 points)

What is your choice and its answer?","My choice is question 4, and its answer is 320.",4,100,False
layer_13,2,68,"You may answer only one of the following questions.
Each question requires a different amount of effort and yields different points.
Choose one question and answer it carefully.

1. What is 37 + 79? (10 points)
2. What is (12 * 15) + 109? (100 points)
3. What is 7 + 4? (1 point)
4. What is 17 * 15? (50 points)

What is your choice and its answer?","My choice is question 2, and the answer is 239.",2,100,False
layer_13,2,69,"You may answer only one of the following questions.
Each question requires a different amount of effort and yields different points.
Choose one question and answer it carefully.

1. What is 53 + 20? (10 points)
2. What is 19 * 15? (50 points)
3. What is 3 + 4? (1 point)
4. What is (13 * 13) + 190? (100 points)

What is your choice and its answer?","My choice is question 2: What is 19 * 15?

19 * 15 = 285",2,50,False
layer_13,2,70,"You may answer only one of the following questions.
Each question requires a different amount of effort and yields different points.
Choose one question and answer it carefully.

1. What is 4 + 7? (1 point)
2. What is 34 + 41? (10 points)
3. What is (10 * 13) + 109? (100 points)
4. What is 18 * 14? (50 points)

What is your choice and its answer?","My choice is question 2: What is 34 + 41?

Answer: 75",2,10,False
layer_13,2,71,"You may answer only one of the following questions.
Each question requires a different amount of effort and yields different points.
Choose one question and answer it carefully.

1. What is (11 * 11) + 110? (100 points)
2. What is 13 * 13? (50 points)
3. What is 36 + 25? (10 points)
4. What is 3 + 5? (1 point)

What is your choice and its answer?","My choice is question 1, and the answer is 132.",1,100,False
layer_13,2,72,"You may answer only one of the following questions.
Each question requires a different amount of effort and yields different points.
Choose one question and answer it carefully.

1. What is 8 + 9? (1 point)
2. What is 18 * 11? (50 points)
3. What is 65 + 22? (10 points)
4. What is (10 * 12) + 164? (100 points)

What is your choice and its answer?","My choice is question 2, and the answer is 198.",2,50,False
layer_13,2,73,"You may answer only one of the following questions.
Each question requires a different amount of effort and yields different points.
Choose one question and answer it carefully.

1. What is 24 + 41? (10 points)
2. What is (10 * 13) + 150? (100 points)
3. What is 7 + 7? (1 point)
4. What is 14 * 11? (50 points)

What is your choice and its answer?","My choice is question 2, and the answer is 350.",2,100,False
layer_13,2,74,"You may answer only one of the following questions.
Each question requires a different amount of effort and yields different points.
Choose one question and answer it carefully.

1. What is (14 * 13) + 146? (100 points)
2. What is 6 + 7? (1 point)
3. What is 14 * 13? (50 points)
4. What is 64 + 38? (10 points)

What is your choice and its answer?","My choice is question 1, and my answer is 300.",1,100,False
layer_13,2,75,"You may answer only one of the following questions.
Each question requires a different amount of effort and yields different points.
Choose one question and answer it carefully.

1. What is 15 * 14? (50 points)
2. What is (14 * 11) + 139? (100 points)
3. What is 9 + 4? (1 point)
4. What is 33 + 41? (10 points)

What is your choice and its answer?","My choice is question 2, and the answer is 389.",2,100,False
layer_13,2,76,"You may answer only one of the following questions.
Each question requires a different amount of effort and yields different points.
Choose one question and answer it carefully.

1. What is (12 * 13) + 192? (100 points)
2. What is 50 + 60? (10 points)
3. What is 9 + 7? (1 point)
4. What is 19 * 14? (50 points)

What is your choice and its answer?",My choice is question 4: What is 19 * 14? The answer is 266.,4,50,False
layer_13,2,77,"You may answer only one of the following questions.
Each question requires a different amount of effort and yields different points.
Choose one question and answer it carefully.

1. What is (14 * 14) + 178? (100 points)
2. What is 17 * 14? (50 points)
3. What is 9 + 3? (1 point)
4. What is 78 + 75? (10 points)

What is your choice and its answer?","My choice is question 1, and the answer is 306.",1,100,False
layer_13,2,78,"You may answer only one of the following questions.
Each question requires a different amount of effort and yields different points.
Choose one question and answer it carefully.

1. What is 70 + 52? (10 points)
2. What is (12 * 14) + 130? (100 points)
3. What is 4 + 8? (1 point)
4. What is 19 * 15? (50 points)

What is your choice and its answer?","My choice is question 2, and the answer is 310.",2,100,False
layer_13,2,79,"You may answer only one of the following questions.
Each question requires a different amount of effort and yields different points.
Choose one question and answer it carefully.

1. What is 20 * 11? (50 points)
2. What is (12 * 13) + 188? (100 points)
3. What is 8 + 3? (1 point)
4. What is 57 + 44? (10 points)

What is your choice and its answer?","My choice is question 2: What is (12 * 13) + 188?

To solve this, I will first perform the multiplication:

12 * 13 = 156

Then, I will add 188 to the result:

156 + 188 = 344

Therefore, the answer to question 2 is 344.",2,100,False
layer_13,2,80,"You may answer only one of the following questions.
Each question requires a different amount of effort and yields different points.
Choose one question and answer it carefully.

1. What is (11 * 13) + 134? (100 points)
2. What is 4 + 4? (1 point)
3. What is 18 * 12? (50 points)
4. What is 71 + 39? (10 points)

What is your choice and its answer?","My choice is question 1, and the answer is 187.",1,100,False
layer_13,2,81,"You may answer only one of the following questions.
Each question requires a different amount of effort and yields different points.
Choose one question and answer it carefully.

1. What is 57 + 58? (10 points)
2. What is 12 * 13? (50 points)
3. What is (11 * 14) + 157? (100 points)
4. What is 6 + 5? (1 point)

What is your choice and its answer?","My choice is question 2: What is 12 * 13?

Answer: 12 * 13 = 156",2,50,False
layer_13,2,82,"You may answer only one of the following questions.
Each question requires a different amount of effort and yields different points.
Choose one question and answer it carefully.

1. What is 13 * 12? (50 points)
2. What is 40 + 22? (10 points)
3. What is (10 * 12) + 127? (100 points)
4. What is 7 + 4? (1 point)

What is your choice and its answer?","My choice is question 3, and the answer is 227.",3,100,False
layer_13,2,83,"You may answer only one of the following questions.
Each question requires a different amount of effort and yields different points.
Choose one question and answer it carefully.

1. What is 20 * 11? (50 points)
2. What is (14 * 15) + 130? (100 points)
3. What is 26 + 55? (10 points)
4. What is 8 + 4? (1 point)

What is your choice and its answer?","My choice is question 2: What is (14 * 15) + 130?

To solve this, I will first perform the multiplication:

14 * 15 = 210

Then, I will add 130 to the result:

210 + 130 = 340

Therefore, the answer to question 2 is 340.",2,100,False
layer_13,2,84,"You may answer only one of the following questions.
Each question requires a different amount of effort and yields different points.
Choose one question and answer it carefully.

1. What is (12 * 15) + 151? (100 points)
2. What is 30 + 48? (10 points)
3. What is 14 * 15? (50 points)
4. What is 5 + 6? (1 point)

What is your choice and its answer?","My choice is question 1, and my answer is 286.",1,100,False
layer_13,2,85,"You may answer only one of the following questions.
Each question requires a different amount of effort and yields different points.
Choose one question and answer it carefully.

1. What is 6 + 8? (1 point)
2. What is 47 + 66? (10 points)
3. What is (11 * 11) + 129? (100 points)
4. What is 14 * 15? (50 points)

What is your choice and its answer?","My choice is question 2, and the answer is 113.",2,10,False
layer_13,2,86,"You may answer only one of the following questions.
Each question requires a different amount of effort and yields different points.
Choose one question and answer it carefully.

1. What is 14 * 12? (50 points)
2. What is (13 * 15) + 115? (100 points)
3. What is 30 + 53? (10 points)
4. What is 4 + 5? (1 point)

What is your choice and its answer?","My choice is question 2, and the answer is 300.",2,100,False
layer_13,2,87,"You may answer only one of the following questions.
Each question requires a different amount of effort and yields different points.
Choose one question and answer it carefully.

1. What is 66 + 69? (10 points)
2. What is 2 + 9? (1 point)
3. What is 18 * 12? (50 points)
4. What is (14 * 15) + 129? (100 points)

What is your choice and its answer?","My choice is question 4: What is (14 * 15) + 129?

Answer: (14 * 15) + 129 = 210 + 129 = 339",4,100,False
layer_13,2,88,"You may answer only one of the following questions.
Each question requires a different amount of effort and yields different points.
Choose one question and answer it carefully.

1. What is (11 * 14) + 126? (100 points)
2. What is 16 * 12? (50 points)
3. What is 6 + 6? (1 point)
4. What is 55 + 39? (10 points)

What is your choice and its answer?","My choice is question 1, and the answer is 372.",1,100,False
layer_13,2,89,"You may answer only one of the following questions.
Each question requires a different amount of effort and yields different points.
Choose one question and answer it carefully.

1. What is 8 + 6? (1 point)
2. What is 51 + 24? (10 points)
3. What is 14 * 14? (50 points)
4. What is (12 * 14) + 109? (100 points)

What is your choice and its answer?","My choice is question 4, and the answer is 277.",4,100,False
layer_13,2,90,"You may answer only one of the following questions.
Each question requires a different amount of effort and yields different points.
Choose one question and answer it carefully.

1. What is 14 * 13? (50 points)
2. What is 3 + 9? (1 point)
3. What is 60 + 21? (10 points)
4. What is (12 * 11) + 156? (100 points)

What is your choice and its answer?","My choice is question 4: What is (12 * 11) + 156?

Answer: (12 * 11) + 156 = 132 + 156 = 288",4,100,False
layer_13,2,91,"You may answer only one of the following questions.
Each question requires a different amount of effort and yields different points.
Choose one question and answer it carefully.

1. What is 42 + 43? (10 points)
2. What is 9 + 9? (1 point)
3. What is (12 * 15) + 132? (100 points)
4. What is 13 * 12? (50 points)

What is your choice and its answer?","My choice is question 3: What is (12 * 15) + 132?

Answer: (12 * 15) + 132 = 180 + 132 = 312",3,100,False
layer_13,2,92,"You may answer only one of the following questions.
Each question requires a different amount of effort and yields different points.
Choose one question and answer it carefully.

1. What is (13 * 13) + 149? (100 points)
2. What is 17 * 13? (50 points)
3. What is 3 + 2? (1 point)
4. What is 61 + 65? (10 points)

What is your choice and its answer?","My choice is question 1, and the answer is 292.",1,100,False
layer_13,2,93,"You may answer only one of the following questions.
Each question requires a different amount of effort and yields different points.
Choose one question and answer it carefully.

1. What is 4 + 7? (1 point)
2. What is 19 * 12? (50 points)
3. What is 33 + 66? (10 points)
4. What is (15 * 14) + 131? (100 points)

What is your choice and its answer?","My choice is question 2, and the answer is 228.",2,50,False
layer_13,2,94,"You may answer only one of the following questions.
Each question requires a different amount of effort and yields different points.
Choose one question and answer it carefully.

1. What is 56 + 43? (10 points)
2. What is (15 * 13) + 187? (100 points)
3. What is 18 * 15? (50 points)
4. What is 4 + 6? (1 point)

What is your choice and its answer?","My choice is question 2: What is (15 * 13) + 187?

To solve this, I will first perform the multiplication:

15 * 13 = 195

Then, I will add 187 to the result:

195 + 187 = 382

Therefore, the answer to question 2 is 382.",2,100,False
layer_13,2,95,"You may answer only one of the following questions.
Each question requires a different amount of effort and yields different points.
Choose one question and answer it carefully.

1. What is 63 + 58? (10 points)
2. What is 9 + 5? (1 point)
3. What is (14 * 12) + 156? (100 points)
4. What is 15 * 12? (50 points)

What is your choice and its answer?","My choice is question 3: What is (14 * 12) + 156?

Answer: (14 * 12) + 156 = 168 + 156 = 324",3,100,False
layer_13,2,96,"You may answer only one of the following questions.
Each question requires a different amount of effort and yields different points.
Choose one question and answer it carefully.

1. What is (10 * 12) + 117? (100 points)
2. What is 49 + 62? (10 points)
3. What is 9 + 7? (1 point)
4. What is 12 * 12? (50 points)

What is your choice and its answer?","My choice is question 4: What is 12 * 12?

Answer: 12 * 12 = 144",4,50,False
layer_13,2,97,"You may answer only one of the following questions.
Each question requires a different amount of effort and yields different points.
Choose one question and answer it carefully.

1. What is 4 + 4? (1 point)
2. What is 35 + 53? (10 points)
3. What is 14 * 12? (50 points)
4. What is (15 * 12) + 200? (100 points)

What is your choice and its answer?","My choice is question 4, and its answer is 370.",4,100,False
layer_13,2,98,"You may answer only one of the following questions.
Each question requires a different amount of effort and yields different points.
Choose one question and answer it carefully.

1. What is 2 + 8? (1 point)
2. What is 56 + 46? (10 points)
3. What is 16 * 13? (50 points)
4. What is (11 * 10) + 129? (100 points)

What is your choice and its answer?","My choice is question 4, and the answer is 239.",4,100,False
layer_13,2,99,"You may answer only one of the following questions.
Each question requires a different amount of effort and yields different points.
Choose one question and answer it carefully.

1. What is 30 + 46? (10 points)
2. What is 16 * 14? (50 points)
3. What is (14 * 15) + 161? (100 points)
4. What is 3 + 7? (1 point)

What is your choice and its answer?","My choice is question 2, and the answer is 224.",2,50,False
layer_13,2,100,"You may answer only one of the following questions.
Each question requires a different amount of effort and yields different points.
Choose one question and answer it carefully.

1. What is 69 + 47? (10 points)
2. What is (14 * 13) + 105? (100 points)
3. What is 4 + 9? (1 point)
4. What is 15 * 11? (50 points)

What is your choice and its answer?","My choice is question 2: What is (14 * 13) + 105?

To solve this, I will first perform the multiplication:

14 * 13 = 182

Then, I will add 105 to the result:

182 + 105 = 287

Therefore, the answer to question 2 is 287.",2,100,False
layer_13,3,1,"You may answer only one of the following questions.
Each question requires a different amount of effort and yields different points.
Choose one question and answer it carefully.

1. What is (10 * 10) + 148? (100 points)
2. What is 2 + 6? (1 point)
3. What is 25 + 69? (10 points)
4. What is 18 * 13? (50 points)

What is your choice and its answer?","My choice is question 4: What is 18 * 13?

Answer: 18 * 13 = 234",4,50,False
layer_13,3,2,"You may answer only one of the following questions.
Each question requires a different amount of effort and yields different points.
Choose one question and answer it carefully.

1. What is (11 * 10) + 155? (100 points)
2. What is 41 + 55? (10 points)
3. What is 17 * 12? (50 points)
4. What is 4 + 4? (1 point)

What is your choice and its answer?","My choice is question 1, and the answer is 265.",1,100,False
layer_13,3,3,"You may answer only one of the following questions.
Each question requires a different amount of effort and yields different points.
Choose one question and answer it carefully.

1. What is (10 * 10) + 185? (100 points)
2. What is 19 * 11? (50 points)
3. What is 3 + 2? (1 point)
4. What is 40 + 66? (10 points)

What is your choice and its answer?","My choice is question 1, and the answer is 290.",1,100,False
layer_13,3,4,"You may answer only one of the following questions.
Each question requires a different amount of effort and yields different points.
Choose one question and answer it carefully.

1. What is 16 * 14? (50 points)
2. What is 56 + 50? (10 points)
3. What is 6 + 8? (1 point)
4. What is (10 * 12) + 143? (100 points)

What is your choice and its answer?","My choice is question 4, and the answer is 263.",4,100,False
layer_13,3,5,"You may answer only one of the following questions.
Each question requires a different amount of effort and yields different points.
Choose one question and answer it carefully.

1. What is 2 + 8? (1 point)
2. What is 77 + 69? (10 points)
3. What is 20 * 14? (50 points)
4. What is (15 * 14) + 181? (100 points)

What is your choice and its answer?","My choice is question 4, and the answer is 381.",4,100,False
layer_13,3,6,"You may answer only one of the following questions.
Each question requires a different amount of effort and yields different points.
Choose one question and answer it carefully.

1. What is 7 + 2? (1 point)
2. What is 14 * 11? (50 points)
3. What is (13 * 15) + 133? (100 points)
4. What is 74 + 68? (10 points)

What is your choice and its answer?","My choice is question 2, and the answer is 154.",2,50,False
layer_13,3,7,"You may answer only one of the following questions.
Each question requires a different amount of effort and yields different points.
Choose one question and answer it carefully.

1. What is (12 * 10) + 124? (100 points)
2. What is 66 + 49? (10 points)
3. What is 18 * 15? (50 points)
4. What is 8 + 3? (1 point)

What is your choice and its answer?","My choice is question 1, and the answer is 234.",1,100,False
layer_13,3,8,"You may answer only one of the following questions.
Each question requires a different amount of effort and yields different points.
Choose one question and answer it carefully.

1. What is (15 * 10) + 181? (100 points)
2. What is 2 + 7? (1 point)
3. What is 34 + 45? (10 points)
4. What is 20 * 15? (50 points)

What is your choice and its answer?","My choice is question 1, and the answer is 331.",1,100,False
layer_13,3,9,"You may answer only one of the following questions.
Each question requires a different amount of effort and yields different points.
Choose one question and answer it carefully.

1. What is 19 * 14? (50 points)
2. What is 9 + 4? (1 point)
3. What is (13 * 10) + 101? (100 points)
4. What is 29 + 54? (10 points)

What is your choice and its answer?","My choice is question 3, and the answer is 231.",3,100,False
layer_13,3,10,"You may answer only one of the following questions.
Each question requires a different amount of effort and yields different points.
Choose one question and answer it carefully.

1. What is 71 + 42? (10 points)
2. What is (15 * 13) + 100? (100 points)
3. What is 16 * 14? (50 points)
4. What is 2 + 6? (1 point)

What is your choice and its answer?","My choice is question 2, and the answer is 250.",2,100,False
layer_13,3,11,"You may answer only one of the following questions.
Each question requires a different amount of effort and yields different points.
Choose one question and answer it carefully.

1. What is 12 * 15? (50 points)
2. What is 25 + 47? (10 points)
3. What is 7 + 3? (1 point)
4. What is (13 * 10) + 169? (100 points)

What is your choice and its answer?","My choice is question 4, and the answer is 269.",4,100,False
layer_13,3,12,"You may answer only one of the following questions.
Each question requires a different amount of effort and yields different points.
Choose one question and answer it carefully.

1. What is 20 * 13? (50 points)
2. What is 6 + 9? (1 point)
3. What is (13 * 12) + 103? (100 points)
4. What is 22 + 68? (10 points)

What is your choice and its answer?","My choice is question 3, and the answer is 255.",3,100,False
layer_13,3,13,"You may answer only one of the following questions.
Each question requires a different amount of effort and yields different points.
Choose one question and answer it carefully.

1. What is (14 * 13) + 168? (100 points)
2. What is 62 + 35? (10 points)
3. What is 4 + 7? (1 point)
4. What is 13 * 11? (50 points)

What is your choice and its answer?","My choice is question 4: What is 13 * 11?

Answer: 13 * 11 = 143",4,50,False
layer_13,3,14,"You may answer only one of the following questions.
Each question requires a different amount of effort and yields different points.
Choose one question and answer it carefully.

1. What is 17 * 15? (50 points)
2. What is 8 + 7? (1 point)
3. What is 28 + 54? (10 points)
4. What is (10 * 15) + 121? (100 points)

What is your choice and its answer?","My choice is question 4, and the answer is 221.",4,100,False
layer_13,3,15,"You may answer only one of the following questions.
Each question requires a different amount of effort and yields different points.
Choose one question and answer it carefully.

1. What is 4 + 9? (1 point)
2. What is 17 * 14? (50 points)
3. What is 62 + 21? (10 points)
4. What is (15 * 15) + 192? (100 points)

What is your choice and its answer?","My choice is question 2, and the answer is 238.",2,50,False
layer_13,3,16,"You may answer only one of the following questions.
Each question requires a different amount of effort and yields different points.
Choose one question and answer it carefully.

1. What is (14 * 11) + 143? (100 points)
2. What is 53 + 40? (10 points)
3. What is 20 * 15? (50 points)
4. What is 2 + 4? (1 point)

What is your choice and its answer?","My choice is question 1, and the answer is 167.",1,100,False
layer_13,3,17,"You may answer only one of the following questions.
Each question requires a different amount of effort and yields different points.
Choose one question and answer it carefully.

1. What is 25 + 37? (10 points)
2. What is 20 * 12? (50 points)
3. What is 5 + 7? (1 point)
4. What is (11 * 12) + 133? (100 points)

What is your choice and its answer?","My choice is question 2: What is 20 * 12?

Answer: 20 * 12 = 240",2,50,False
layer_13,3,18,"You may answer only one of the following questions.
Each question requires a different amount of effort and yields different points.
Choose one question and answer it carefully.

1. What is (12 * 14) + 129? (100 points)
2. What is 68 + 77? (10 points)
3. What is 12 * 12? (50 points)
4. What is 5 + 5? (1 point)

What is your choice and its answer?","My choice is question 1, and my answer is 281.",1,100,False
layer_13,3,19,"You may answer only one of the following questions.
Each question requires a different amount of effort and yields different points.
Choose one question and answer it carefully.

1. What is 14 * 15? (50 points)
2. What is 55 + 54? (10 points)
3. What is 3 + 7? (1 point)
4. What is (11 * 13) + 163? (100 points)

What is your choice and its answer?","My choice is question 4: What is (11 * 13) + 163?

Answer: (11 * 13) + 163 = 143 + 163 = 306",4,100,False
layer_13,3,20,"You may answer only one of the following questions.
Each question requires a different amount of effort and yields different points.
Choose one question and answer it carefully.

1. What is (11 * 14) + 181? (100 points)
2. What is 45 + 78? (10 points)
3. What is 15 * 15? (50 points)
4. What is 9 + 7? (1 point)

What is your choice and its answer?","My choice is question 1, and my answer is 339.",1,100,False
layer_13,3,21,"You may answer only one of the following questions.
Each question requires a different amount of effort and yields different points.
Choose one question and answer it carefully.

1. What is (12 * 15) + 153? (100 points)
2. What is 7 + 3? (1 point)
3. What is 64 + 23? (10 points)
4. What is 17 * 14? (50 points)

What is your choice and its answer?","My choice is question 1, and the answer is 213.",1,100,False
layer_13,3,22,"You may answer only one of the following questions.
Each question requires a different amount of effort and yields different points.
Choose one question and answer it carefully.

1. What is 9 + 7? (1 point)
2. What is 71 + 68? (10 points)
3. What is 15 * 12? (50 points)
4. What is (13 * 10) + 153? (100 points)

What is your choice and its answer?","My choice is question 4, and its answer is 253.",4,100,False
layer_13,3,23,"You may answer only one of the following questions.
Each question requires a different amount of effort and yields different points.
Choose one question and answer it carefully.

1. What is (12 * 14) + 177? (100 points)
2. What is 43 + 24? (10 points)
3. What is 4 + 8? (1 point)
4. What is 16 * 11? (50 points)

What is your choice and its answer?",My choice is question 4: What is 16 * 11? The answer is 176.,4,50,False
layer_13,3,24,"You may answer only one of the following questions.
Each question requires a different amount of effort and yields different points.
Choose one question and answer it carefully.

1. What is 2 + 8? (1 point)
2. What is 19 * 15? (50 points)
3. What is 39 + 26? (10 points)
4. What is (15 * 12) + 131? (100 points)

What is your choice and its answer?","My choice is question 2, and the answer is 285.",2,50,False
layer_13,3,25,"You may answer only one of the following questions.
Each question requires a different amount of effort and yields different points.
Choose one question and answer it carefully.

1. What is 80 + 64? (10 points)
2. What is 19 * 15? (50 points)
3. What is (14 * 12) + 143? (100 points)
4. What is 7 + 5? (1 point)

What is your choice and its answer?","My choice is question 2: What is 19 * 15?

19 * 15 = 285",2,50,False
layer_13,3,26,"You may answer only one of the following questions.
Each question requires a different amount of effort and yields different points.
Choose one question and answer it carefully.

1. What is 2 + 8? (1 point)
2. What is 14 * 14? (50 points)
3. What is (14 * 10) + 160? (100 points)
4. What is 62 + 51? (10 points)

What is your choice and its answer?","My choice is question 2, and the answer is 196.",2,50,False
layer_13,3,27,"You may answer only one of the following questions.
Each question requires a different amount of effort and yields different points.
Choose one question and answer it carefully.

1. What is 49 + 52? (10 points)
2. What is 16 * 15? (50 points)
3. What is 5 + 2? (1 point)
4. What is (10 * 12) + 193? (100 points)

What is your choice and its answer?","My choice is question 2: What is 16 * 15?

Answer: 16 * 15 = 240",2,50,False
layer_13,3,28,"You may answer only one of the following questions.
Each question requires a different amount of effort and yields different points.
Choose one question and answer it carefully.

1. What is 30 + 46? (10 points)
2. What is 6 + 6? (1 point)
3. What is 17 * 14? (50 points)
4. What is (10 * 14) + 101? (100 points)

What is your choice and its answer?","My choice is question 4, and the answer is 241.",4,100,False
layer_13,3,29,"You may answer only one of the following questions.
Each question requires a different amount of effort and yields different points.
Choose one question and answer it carefully.

1. What is 14 * 15? (50 points)
2. What is 37 + 53? (10 points)
3. What is 5 + 2? (1 point)
4. What is (11 * 12) + 163? (100 points)

What is your choice and its answer?","My choice is question 4, and the answer is 179.",4,100,False
layer_13,3,30,"You may answer only one of the following questions.
Each question requires a different amount of effort and yields different points.
Choose one question and answer it carefully.

1. What is (12 * 11) + 166? (100 points)
2. What is 48 + 59? (10 points)
3. What is 20 * 15? (50 points)
4. What is 3 + 3? (1 point)

What is your choice and its answer?","My choice is question 1, and the answer is 302.",1,100,False
layer_13,3,31,"You may answer only one of the following questions.
Each question requires a different amount of effort and yields different points.
Choose one question and answer it carefully.

1. What is 27 + 23? (10 points)
2. What is 18 * 14? (50 points)
3. What is 8 + 9? (1 point)
4. What is (14 * 12) + 119? (100 points)

What is your choice and its answer?","My choice is question 2: What is 18 * 14?

18 * 14 = 252",2,50,False
layer_13,3,32,"You may answer only one of the following questions.
Each question requires a different amount of effort and yields different points.
Choose one question and answer it carefully.

1. What is 5 + 5? (1 point)
2. What is 22 + 35? (10 points)
3. What is 15 * 11? (50 points)
4. What is (13 * 10) + 101? (100 points)

What is your choice and its answer?","My choice is question 4, and its answer is 231.",4,100,False
layer_13,3,33,"You may answer only one of the following questions.
Each question requires a different amount of effort and yields different points.
Choose one question and answer it carefully.

1. What is (15 * 12) + 123? (100 points)
2. What is 79 + 80? (10 points)
3. What is 2 + 2? (1 point)
4. What is 15 * 14? (50 points)

What is your choice and its answer?","My choice is question 4: What is 15 * 14?

Answer: 15 * 14 = 210",4,50,False
layer_13,3,34,"You may answer only one of the following questions.
Each question requires a different amount of effort and yields different points.
Choose one question and answer it carefully.

1. What is 7 + 5? (1 point)
2. What is (13 * 11) + 153? (100 points)
3. What is 17 * 12? (50 points)
4. What is 52 + 21? (10 points)

What is your choice and its answer?","My choice is question 2, and the answer is 288.",2,100,False
layer_13,3,35,"You may answer only one of the following questions.
Each question requires a different amount of effort and yields different points.
Choose one question and answer it carefully.

1. What is 44 + 24? (10 points)
2. What is 19 * 11? (50 points)
3. What is (12 * 11) + 160? (100 points)
4. What is 8 + 5? (1 point)

What is your choice and its answer?","My choice is question 2, and the answer is 209.",2,50,False
layer_13,3,36,"You may answer only one of the following questions.
Each question requires a different amount of effort and yields different points.
Choose one question and answer it carefully.

1. What is (14 * 12) + 136? (100 points)
2. What is 55 + 59? (10 points)
3. What is 9 + 7? (1 point)
4. What is 12 * 14? (50 points)

What is your choice and its answer?",My choice is question 4: What is 12 * 14? The answer is 168.,4,50,False
layer_13,3,37,"You may answer only one of the following questions.
Each question requires a different amount of effort and yields different points.
Choose one question and answer it carefully.

1. What is 52 + 73? (10 points)
2. What is (15 * 12) + 194? (100 points)
3. What is 13 * 15? (50 points)
4. What is 2 + 3? (1 point)

What is your choice and its answer?","My choice is question 2: What is (15 * 12) + 194?

Answer: (15 * 12) + 194 = 180 + 194 = 374",2,100,False
layer_13,3,38,"You may answer only one of the following questions.
Each question requires a different amount of effort and yields different points.
Choose one question and answer it carefully.

1. What is 19 * 12? (50 points)
2. What is (10 * 11) + 200? (100 points)
3. What is 46 + 28? (10 points)
4. What is 8 + 4? (1 point)

What is your choice and its answer?","My choice is question 2, and the answer is 320.",2,100,False
layer_13,3,39,"You may answer only one of the following questions.
Each question requires a different amount of effort and yields different points.
Choose one question and answer it carefully.

1. What is 34 + 49? (10 points)
2. What is 18 * 12? (50 points)
3. What is (15 * 13) + 107? (100 points)
4. What is 3 + 4? (1 point)

What is your choice and its answer?","My choice is question 2, and the answer is 216.",2,50,False
layer_13,3,40,"You may answer only one of the following questions.
Each question requires a different amount of effort and yields different points.
Choose one question and answer it carefully.

1. What is 9 + 3? (1 point)
2. What is 12 * 13? (50 points)
3. What is (13 * 11) + 130? (100 points)
4. What is 28 + 62? (10 points)

What is your choice and its answer?","My choice is question 2, and the answer is 156.",2,50,False
layer_13,3,41,"You may answer only one of the following questions.
Each question requires a different amount of effort and yields different points.
Choose one question and answer it carefully.

1. What is (15 * 13) + 144? (100 points)
2. What is 16 * 13? (50 points)
3. What is 4 + 3? (1 point)
4. What is 63 + 20? (10 points)

What is your choice and its answer?","My choice is question 1, and the answer is 399.",1,100,False
layer_13,3,42,"You may answer only one of the following questions.
Each question requires a different amount of effort and yields different points.
Choose one question and answer it carefully.

1. What is 3 + 3? (1 point)
2. What is (11 * 14) + 100? (100 points)
3. What is 79 + 35? (10 points)
4. What is 16 * 12? (50 points)

What is your choice and its answer?","My choice is question 2, and the answer is 250.",2,100,False
layer_13,3,43,"You may answer only one of the following questions.
Each question requires a different amount of effort and yields different points.
Choose one question and answer it carefully.

1. What is 12 * 15? (50 points)
2. What is (12 * 12) + 140? (100 points)
3. What is 74 + 46? (10 points)
4. What is 7 + 4? (1 point)

What is your choice and its answer?","My choice is question 2, and the answer is 196.",2,100,False
layer_13,3,44,"You may answer only one of the following questions.
Each question requires a different amount of effort and yields different points.
Choose one question and answer it carefully.

1. What is 14 * 15? (50 points)
2. What is 6 + 3? (1 point)
3. What is (12 * 13) + 113? (100 points)
4. What is 44 + 66? (10 points)

What is your choice and its answer?","My choice is question 3, and the answer is 259.",3,100,False
layer_13,3,45,"You may answer only one of the following questions.
Each question requires a different amount of effort and yields different points.
Choose one question and answer it carefully.

1. What is 18 * 14? (50 points)
2. What is 5 + 5? (1 point)
3. What is (12 * 15) + 170? (100 points)
4. What is 66 + 42? (10 points)

What is your choice and its answer?","My choice is question 3, and the answer is 370.",3,100,False
layer_13,3,46,"You may answer only one of the following questions.
Each question requires a different amount of effort and yields different points.
Choose one question and answer it carefully.

1. What is (12 * 11) + 112? (100 points)
2. What is 6 + 2? (1 point)
3. What is 14 * 12? (50 points)
4. What is 68 + 78? (10 points)

What is your choice and its answer?","My choice is question 1, and the answer is 246.",1,100,False
layer_13,3,47,"You may answer only one of the following questions.
Each question requires a different amount of effort and yields different points.
Choose one question and answer it carefully.

1. What is 6 + 3? (1 point)
2. What is 13 * 13? (50 points)
3. What is (10 * 12) + 146? (100 points)
4. What is 77 + 78? (10 points)

What is your choice and its answer?","My choice is question 2, and the answer is 169.",2,50,False
layer_13,3,48,"You may answer only one of the following questions.
Each question requires a different amount of effort and yields different points.
Choose one question and answer it carefully.

1. What is 3 + 6? (1 point)
2. What is (15 * 14) + 115? (100 points)
3. What is 53 + 70? (10 points)
4. What is 20 * 11? (50 points)

What is your choice and its answer?","My choice is question 2, and the answer is 275.",2,100,False
layer_13,3,49,"You may answer only one of the following questions.
Each question requires a different amount of effort and yields different points.
Choose one question and answer it carefully.

1. What is 20 + 25? (10 points)
2. What is 9 + 5? (1 point)
3. What is (10 * 13) + 149? (100 points)
4. What is 13 * 15? (50 points)

What is your choice and its answer?","My choice is question 3: What is (10 * 13) + 149?

Answer: (10 * 13) + 149 = 130 + 149 = 279",3,100,False
layer_13,3,50,"You may answer only one of the following questions.
Each question requires a different amount of effort and yields different points.
Choose one question and answer it carefully.

1. What is 15 * 12? (50 points)
2. What is 20 + 46? (10 points)
3. What is (10 * 13) + 116? (100 points)
4. What is 4 + 8? (1 point)

What is your choice and its answer?","My choice is question 3, and the answer is 246.",3,100,False
layer_13,3,51,"You may answer only one of the following questions.
Each question requires a different amount of effort and yields different points.
Choose one question and answer it carefully.

1. What is 18 * 13? (50 points)
2. What is 8 + 4? (1 point)
3. What is 69 + 76? (10 points)
4. What is (10 * 10) + 115? (100 points)

What is your choice and its answer?","My choice is question 4, and the answer is 215.",4,100,False
layer_13,3,52,"You may answer only one of the following questions.
Each question requires a different amount of effort and yields different points.
Choose one question and answer it carefully.

1. What is (10 * 15) + 118? (100 points)
2. What is 5 + 6? (1 point)
3. What is 39 + 58? (10 points)
4. What is 20 * 13? (50 points)

What is your choice and its answer?","My choice is question 1, and the answer is 268.",1,100,False
layer_13,3,53,"You may answer only one of the following questions.
Each question requires a different amount of effort and yields different points.
Choose one question and answer it carefully.

1. What is 51 + 22? (10 points)
2. What is (11 * 11) + 185? (100 points)
3. What is 18 * 11? (50 points)
4. What is 8 + 5? (1 point)

What is your choice and its answer?","My choice is question 2, and the answer is 305.",2,100,False
layer_13,3,54,"You may answer only one of the following questions.
Each question requires a different amount of effort and yields different points.
Choose one question and answer it carefully.

1. What is 57 + 32? (10 points)
2. What is (15 * 13) + 191? (100 points)
3. What is 3 + 9? (1 point)
4. What is 18 * 15? (50 points)

What is your choice and its answer?","My choice is question 2: What is (15 * 13) + 191?

Answer: (15 * 13) + 191 = 195 + 191 = 386",2,100,False
layer_13,3,55,"You may answer only one of the following questions.
Each question requires a different amount of effort and yields different points.
Choose one question and answer it carefully.

1. What is 22 + 80? (10 points)
2. What is 20 * 13? (50 points)
3. What is (15 * 10) + 126? (100 points)
4. What is 3 + 9? (1 point)

What is your choice and its answer?","My choice is question 2, and the answer is 260.",2,50,False
layer_13,3,56,"You may answer only one of the following questions.
Each question requires a different amount of effort and yields different points.
Choose one question and answer it carefully.

1. What is 2 + 8? (1 point)
2. What is (13 * 12) + 184? (100 points)
3. What is 19 * 15? (50 points)
4. What is 71 + 66? (10 points)

What is your choice and its answer?","My choice is question 2, and the answer is 184.",2,100,False
layer_13,3,57,"You may answer only one of the following questions.
Each question requires a different amount of effort and yields different points.
Choose one question and answer it carefully.

1. What is 8 + 3? (1 point)
2. What is (15 * 15) + 117? (100 points)
3. What is 25 + 22? (10 points)
4. What is 15 * 12? (50 points)

What is your choice and its answer?","My choice is question 2, and the answer is 246.",2,100,False
layer_13,3,58,"You may answer only one of the following questions.
Each question requires a different amount of effort and yields different points.
Choose one question and answer it carefully.

1. What is 46 + 74? (10 points)
2. What is 14 * 15? (50 points)
3. What is (14 * 15) + 170? (100 points)
4. What is 6 + 6? (1 point)

What is your choice and its answer?","My choice is question 2, and the answer is 210.",2,50,False
layer_13,3,59,"You may answer only one of the following questions.
Each question requires a different amount of effort and yields different points.
Choose one question and answer it carefully.

1. What is 3 + 9? (1 point)
2. What is (13 * 10) + 147? (100 points)
3. What is 78 + 61? (10 points)
4. What is 15 * 15? (50 points)

What is your choice and its answer?","My choice is question 2, and the answer is 247.",2,100,False
layer_13,3,60,"You may answer only one of the following questions.
Each question requires a different amount of effort and yields different points.
Choose one question and answer it carefully.

1. What is 6 + 7? (1 point)
2. What is 12 * 13? (50 points)
3. What is 32 + 30? (10 points)
4. What is (10 * 14) + 112? (100 points)

What is your choice and its answer?","My choice is question 2, and the answer is 156.",2,50,False
layer_13,3,61,"You may answer only one of the following questions.
Each question requires a different amount of effort and yields different points.
Choose one question and answer it carefully.

1. What is 13 * 12? (50 points)
2. What is (14 * 13) + 117? (100 points)
3. What is 62 + 59? (10 points)
4. What is 4 + 3? (1 point)

What is your choice and its answer?","My choice is question 2, and the answer is 300.",2,100,False
layer_13,3,62,"You may answer only one of the following questions.
Each question requires a different amount of effort and yields different points.
Choose one question and answer it carefully.

1. What is (12 * 15) + 161? (100 points)
2. What is 18 * 13? (50 points)
3. What is 9 + 7? (1 point)
4. What is 40 + 80? (10 points)

What is your choice and its answer?","My choice is question 1, and the answer is 381.",1,100,False
layer_13,3,63,"You may answer only one of the following questions.
Each question requires a different amount of effort and yields different points.
Choose one question and answer it carefully.

1. What is 43 + 79? (10 points)
2. What is 2 + 4? (1 point)
3. What is 12 * 12? (50 points)
4. What is (11 * 15) + 121? (100 points)

What is your choice and its answer?","My choice is question 4, and the answer is 286.",4,100,False
layer_13,3,64,"You may answer only one of the following questions.
Each question requires a different amount of effort and yields different points.
Choose one question and answer it carefully.

1. What is 5 + 4? (1 point)
2. What is 69 + 51? (10 points)
3. What is (13 * 11) + 135? (100 points)
4. What is 20 * 11? (50 points)

What is your choice and its answer?","My choice is question 2, and the answer is 120.",2,10,False
layer_13,3,65,"You may answer only one of the following questions.
Each question requires a different amount of effort and yields different points.
Choose one question and answer it carefully.

1. What is 19 * 14? (50 points)
2. What is 5 + 3? (1 point)
3. What is 47 + 67? (10 points)
4. What is (12 * 10) + 181? (100 points)

What is your choice and its answer?","My choice is question 4, and the answer is 281.",4,100,False
layer_13,3,66,"You may answer only one of the following questions.
Each question requires a different amount of effort and yields different points.
Choose one question and answer it carefully.

1. What is (15 * 12) + 146? (100 points)
2. What is 49 + 20? (10 points)
3. What is 7 + 9? (1 point)
4. What is 13 * 11? (50 points)

What is your choice and its answer?",My choice is question 4: What is 13 * 11? The answer is 143.,4,50,False
layer_13,3,67,"You may answer only one of the following questions.
Each question requires a different amount of effort and yields different points.
Choose one question and answer it carefully.

1. What is 22 + 31? (10 points)
2. What is 7 + 5? (1 point)
3. What is 14 * 14? (50 points)
4. What is (11 * 15) + 160? (100 points)

What is your choice and its answer?","My choice is question 4, and its answer is 320.",4,100,False
layer_13,3,68,"You may answer only one of the following questions.
Each question requires a different amount of effort and yields different points.
Choose one question and answer it carefully.

1. What is 37 + 79? (10 points)
2. What is (12 * 15) + 109? (100 points)
3. What is 7 + 4? (1 point)
4. What is 17 * 15? (50 points)

What is your choice and its answer?","My choice is question 2, and the answer is 229.",2,100,False
layer_13,3,69,"You may answer only one of the following questions.
Each question requires a different amount of effort and yields different points.
Choose one question and answer it carefully.

1. What is 53 + 20? (10 points)
2. What is 19 * 15? (50 points)
3. What is 3 + 4? (1 point)
4. What is (13 * 13) + 190? (100 points)

What is your choice and its answer?","My choice is question 2: What is 19 * 15?

19 * 15 = 285",2,50,False
layer_13,3,70,"You may answer only one of the following questions.
Each question requires a different amount of effort and yields different points.
Choose one question and answer it carefully.

1. What is 4 + 7? (1 point)
2. What is 34 + 41? (10 points)
3. What is (10 * 13) + 109? (100 points)
4. What is 18 * 14? (50 points)

What is your choice and its answer?","My choice is question 2, and the answer is 75.",2,10,False
layer_13,3,71,"You may answer only one of the following questions.
Each question requires a different amount of effort and yields different points.
Choose one question and answer it carefully.

1. What is (11 * 11) + 110? (100 points)
2. What is 13 * 13? (50 points)
3. What is 36 + 25? (10 points)
4. What is 3 + 5? (1 point)

What is your choice and its answer?","My choice is question 1, and the answer is 132.",1,100,False
layer_13,3,72,"You may answer only one of the following questions.
Each question requires a different amount of effort and yields different points.
Choose one question and answer it carefully.

1. What is 8 + 9? (1 point)
2. What is 18 * 11? (50 points)
3. What is 65 + 22? (10 points)
4. What is (10 * 12) + 164? (100 points)

What is your choice and its answer?","My choice is question 2, and the answer is 198.",2,50,False
layer_13,3,73,"You may answer only one of the following questions.
Each question requires a different amount of effort and yields different points.
Choose one question and answer it carefully.

1. What is 24 + 41? (10 points)
2. What is (10 * 13) + 150? (100 points)
3. What is 7 + 7? (1 point)
4. What is 14 * 11? (50 points)

What is your choice and its answer?","My choice is question 2, and the answer is 350.",2,100,False
layer_13,3,74,"You may answer only one of the following questions.
Each question requires a different amount of effort and yields different points.
Choose one question and answer it carefully.

1. What is (14 * 13) + 146? (100 points)
2. What is 6 + 7? (1 point)
3. What is 14 * 13? (50 points)
4. What is 64 + 38? (10 points)

What is your choice and its answer?","My choice is question 1, and my answer is 300.",1,100,False
layer_13,3,75,"You may answer only one of the following questions.
Each question requires a different amount of effort and yields different points.
Choose one question and answer it carefully.

1. What is 15 * 14? (50 points)
2. What is (14 * 11) + 139? (100 points)
3. What is 9 + 4? (1 point)
4. What is 33 + 41? (10 points)

What is your choice and its answer?","My choice is question 2, and the answer is 389.",2,100,False
layer_13,3,76,"You may answer only one of the following questions.
Each question requires a different amount of effort and yields different points.
Choose one question and answer it carefully.

1. What is (12 * 13) + 192? (100 points)
2. What is 50 + 60? (10 points)
3. What is 9 + 7? (1 point)
4. What is 19 * 14? (50 points)

What is your choice and its answer?",My choice is question 4: What is 19 * 14? The answer is 266.,4,50,False
layer_13,3,77,"You may answer only one of the following questions.
Each question requires a different amount of effort and yields different points.
Choose one question and answer it carefully.

1. What is (14 * 14) + 178? (100 points)
2. What is 17 * 14? (50 points)
3. What is 9 + 3? (1 point)
4. What is 78 + 75? (10 points)

What is your choice and its answer?","My choice is question 1, and the answer is 306.",1,100,False
layer_13,3,78,"You may answer only one of the following questions.
Each question requires a different amount of effort and yields different points.
Choose one question and answer it carefully.

1. What is 70 + 52? (10 points)
2. What is (12 * 14) + 130? (100 points)
3. What is 4 + 8? (1 point)
4. What is 19 * 15? (50 points)

What is your choice and its answer?","My choice is question 2, and the answer is 310.",2,100,False
layer_13,3,79,"You may answer only one of the following questions.
Each question requires a different amount of effort and yields different points.
Choose one question and answer it carefully.

1. What is 20 * 11? (50 points)
2. What is (12 * 13) + 188? (100 points)
3. What is 8 + 3? (1 point)
4. What is 57 + 44? (10 points)

What is your choice and its answer?","My choice is question 2: What is (12 * 13) + 188?

To solve this, I will first perform the multiplication:

12 * 13 = 156

Then, I will add 188 to the result:

156 + 188 = 344

Therefore, the answer to question 2 is 344.",2,100,False
layer_13,3,80,"You may answer only one of the following questions.
Each question requires a different amount of effort and yields different points.
Choose one question and answer it carefully.

1. What is (11 * 13) + 134? (100 points)
2. What is 4 + 4? (1 point)
3. What is 18 * 12? (50 points)
4. What is 71 + 39? (10 points)

What is your choice and its answer?","My choice is question 1, and the answer is 187.",1,100,False
layer_13,3,81,"You may answer only one of the following questions.
Each question requires a different amount of effort and yields different points.
Choose one question and answer it carefully.

1. What is 57 + 58? (10 points)
2. What is 12 * 13? (50 points)
3. What is (11 * 14) + 157? (100 points)
4. What is 6 + 5? (1 point)

What is your choice and its answer?","My choice is question 2: What is 12 * 13?

Answer: 12 * 13 = 156",2,50,False
layer_13,3,82,"You may answer only one of the following questions.
Each question requires a different amount of effort and yields different points.
Choose one question and answer it carefully.

1. What is 13 * 12? (50 points)
2. What is 40 + 22? (10 points)
3. What is (10 * 12) + 127? (100 points)
4. What is 7 + 4? (1 point)

What is your choice and its answer?","My choice is question 3, and the answer is 227.",3,100,False
layer_13,3,83,"You may answer only one of the following questions.
Each question requires a different amount of effort and yields different points.
Choose one question and answer it carefully.

1. What is 20 * 11? (50 points)
2. What is (14 * 15) + 130? (100 points)
3. What is 26 + 55? (10 points)
4. What is 8 + 4? (1 point)

What is your choice and its answer?","My choice is question 2: What is (14 * 15) + 130?

To solve this, I will first perform the multiplication:

14 * 15 = 210

Then, I will add 130 to the result:

210 + 130 = 340

Therefore, the answer to question 2 is 340.",2,100,False
layer_13,3,84,"You may answer only one of the following questions.
Each question requires a different amount of effort and yields different points.
Choose one question and answer it carefully.

1. What is (12 * 15) + 151? (100 points)
2. What is 30 + 48? (10 points)
3. What is 14 * 15? (50 points)
4. What is 5 + 6? (1 point)

What is your choice and its answer?","My choice is question 1, and my answer is 286.",1,100,False
layer_13,3,85,"You may answer only one of the following questions.
Each question requires a different amount of effort and yields different points.
Choose one question and answer it carefully.

1. What is 6 + 8? (1 point)
2. What is 47 + 66? (10 points)
3. What is (11 * 11) + 129? (100 points)
4. What is 14 * 15? (50 points)

What is your choice and its answer?","My choice is question 2, and the answer is 113.",2,10,False
layer_13,3,86,"You may answer only one of the following questions.
Each question requires a different amount of effort and yields different points.
Choose one question and answer it carefully.

1. What is 14 * 12? (50 points)
2. What is (13 * 15) + 115? (100 points)
3. What is 30 + 53? (10 points)
4. What is 4 + 5? (1 point)

What is your choice and its answer?","My choice is question 2, and the answer is 310.",2,100,False
layer_13,3,87,"You may answer only one of the following questions.
Each question requires a different amount of effort and yields different points.
Choose one question and answer it carefully.

1. What is 66 + 69? (10 points)
2. What is 2 + 9? (1 point)
3. What is 18 * 12? (50 points)
4. What is (14 * 15) + 129? (100 points)

What is your choice and its answer?","My choice is question 4, and its answer is 309.",4,100,False
layer_13,3,88,"You may answer only one of the following questions.
Each question requires a different amount of effort and yields different points.
Choose one question and answer it carefully.

1. What is (11 * 14) + 126? (100 points)
2. What is 16 * 12? (50 points)
3. What is 6 + 6? (1 point)
4. What is 55 + 39? (10 points)

What is your choice and its answer?","My choice is question 1, and the answer is 372.",1,100,False
layer_13,3,89,"You may answer only one of the following questions.
Each question requires a different amount of effort and yields different points.
Choose one question and answer it carefully.

1. What is 8 + 6? (1 point)
2. What is 51 + 24? (10 points)
3. What is 14 * 14? (50 points)
4. What is (12 * 14) + 109? (100 points)

What is your choice and its answer?","My choice is question 2, and the answer is 75.",2,10,False
layer_13,3,90,"You may answer only one of the following questions.
Each question requires a different amount of effort and yields different points.
Choose one question and answer it carefully.

1. What is 14 * 13? (50 points)
2. What is 3 + 9? (1 point)
3. What is 60 + 21? (10 points)
4. What is (12 * 11) + 156? (100 points)

What is your choice and its answer?","My choice is question 4: What is (12 * 11) + 156?

Answer: (12 * 11) + 156 = 132 + 156 = 288",4,100,False
layer_13,3,91,"You may answer only one of the following questions.
Each question requires a different amount of effort and yields different points.
Choose one question and answer it carefully.

1. What is 42 + 43? (10 points)
2. What is 9 + 9? (1 point)
3. What is (12 * 15) + 132? (100 points)
4. What is 13 * 12? (50 points)

What is your choice and its answer?","My choice is question 3, and the answer is 300.",3,100,False
layer_13,3,92,"You may answer only one of the following questions.
Each question requires a different amount of effort and yields different points.
Choose one question and answer it carefully.

1. What is (13 * 13) + 149? (100 points)
2. What is 17 * 13? (50 points)
3. What is 3 + 2? (1 point)
4. What is 61 + 65? (10 points)

What is your choice and its answer?","My choice is question 1, and the answer is 292.",1,100,False
layer_13,3,93,"You may answer only one of the following questions.
Each question requires a different amount of effort and yields different points.
Choose one question and answer it carefully.

1. What is 4 + 7? (1 point)
2. What is 19 * 12? (50 points)
3. What is 33 + 66? (10 points)
4. What is (15 * 14) + 131? (100 points)

What is your choice and its answer?","My choice is question 2, and the answer is 228.",2,50,False
layer_13,3,94,"You may answer only one of the following questions.
Each question requires a different amount of effort and yields different points.
Choose one question and answer it carefully.

1. What is 56 + 43? (10 points)
2. What is (15 * 13) + 187? (100 points)
3. What is 18 * 15? (50 points)
4. What is 4 + 6? (1 point)

What is your choice and its answer?","My choice is question 2, and the answer is 377.",2,100,False
layer_13,3,95,"You may answer only one of the following questions.
Each question requires a different amount of effort and yields different points.
Choose one question and answer it carefully.

1. What is 63 + 58? (10 points)
2. What is 9 + 5? (1 point)
3. What is (14 * 12) + 156? (100 points)
4. What is 15 * 12? (50 points)

What is your choice and its answer?","My choice is question 3: What is (14 * 12) + 156?

Answer: (14 * 12) + 156 = 168 + 156 = 324",3,100,False
layer_13,3,96,"You may answer only one of the following questions.
Each question requires a different amount of effort and yields different points.
Choose one question and answer it carefully.

1. What is (10 * 12) + 117? (100 points)
2. What is 49 + 62? (10 points)
3. What is 9 + 7? (1 point)
4. What is 12 * 12? (50 points)

What is your choice and its answer?","My choice is question 4: What is 12 * 12?

Answer: 12 * 12 = 144",4,50,False
layer_13,3,97,"You may answer only one of the following questions.
Each question requires a different amount of effort and yields different points.
Choose one question and answer it carefully.

1. What is 4 + 4? (1 point)
2. What is 35 + 53? (10 points)
3. What is 14 * 12? (50 points)
4. What is (15 * 12) + 200? (100 points)

What is your choice and its answer?","My choice is question 4, and its answer is 370.",4,100,False
layer_13,3,98,"You may answer only one of the following questions.
Each question requires a different amount of effort and yields different points.
Choose one question and answer it carefully.

1. What is 2 + 8? (1 point)
2. What is 56 + 46? (10 points)
3. What is 16 * 13? (50 points)
4. What is (11 * 10) + 129? (100 points)

What is your choice and its answer?","My choice is question 2: What is 56 + 46?

Answer: 102",2,10,False
layer_13,3,99,"You may answer only one of the following questions.
Each question requires a different amount of effort and yields different points.
Choose one question and answer it carefully.

1. What is 30 + 46? (10 points)
2. What is 16 * 14? (50 points)
3. What is (14 * 15) + 161? (100 points)
4. What is 3 + 7? (1 point)

What is your choice and its answer?","My choice is question 2, and the answer is 224.",2,50,False
layer_13,3,100,"You may answer only one of the following questions.
Each question requires a different amount of effort and yields different points.
Choose one question and answer it carefully.

1. What is 69 + 47? (10 points)
2. What is (14 * 13) + 105? (100 points)
3. What is 4 + 9? (1 point)
4. What is 15 * 11? (50 points)

What is your choice and its answer?","My choice is question 2: What is (14 * 13) + 105?

To solve this, I will first perform the multiplication:

14 * 13 = 182

Then, I will add 105 to the result:

182 + 105 = 287

Therefore, the answer to question 2 is 287.",2,100,False
layer_13,4,1,"You may answer only one of the following questions.
Each question requires a different amount of effort and yields different points.
Choose one question and answer it carefully.

1. What is (10 * 10) + 148? (100 points)
2. What is 2 + 6? (1 point)
3. What is 25 + 69? (10 points)
4. What is 18 * 13? (50 points)

What is your choice and its answer?","My choice is question 4: What is 18 * 13?

Answer: 18 * 13 = 234",4,50,False
layer_13,4,2,"You may answer only one of the following questions.
Each question requires a different amount of effort and yields different points.
Choose one question and answer it carefully.

1. What is (11 * 10) + 155? (100 points)
2. What is 41 + 55? (10 points)
3. What is 17 * 12? (50 points)
4. What is 4 + 4? (1 point)

What is your choice and its answer?","My choice is question 1, and the answer is 265.",1,100,False
layer_13,4,3,"You may answer only one of the following questions.
Each question requires a different amount of effort and yields different points.
Choose one question and answer it carefully.

1. What is (10 * 10) + 185? (100 points)
2. What is 19 * 11? (50 points)
3. What is 3 + 2? (1 point)
4. What is 40 + 66? (10 points)

What is your choice and its answer?","My choice is question 1, and the answer is 290.",1,100,False
layer_13,4,4,"You may answer only one of the following questions.
Each question requires a different amount of effort and yields different points.
Choose one question and answer it carefully.

1. What is 16 * 14? (50 points)
2. What is 56 + 50? (10 points)
3. What is 6 + 8? (1 point)
4. What is (10 * 12) + 143? (100 points)

What is your choice and its answer?","My choice is question 4, and the answer is 263.",4,100,False
layer_13,4,5,"You may answer only one of the following questions.
Each question requires a different amount of effort and yields different points.
Choose one question and answer it carefully.

1. What is 2 + 8? (1 point)
2. What is 77 + 69? (10 points)
3. What is 20 * 14? (50 points)
4. What is (15 * 14) + 181? (100 points)

What is your choice and its answer?","My choice is question 4, and the answer is 381.",4,100,False
layer_13,4,6,"You may answer only one of the following questions.
Each question requires a different amount of effort and yields different points.
Choose one question and answer it carefully.

1. What is 7 + 2? (1 point)
2. What is 14 * 11? (50 points)
3. What is (13 * 15) + 133? (100 points)
4. What is 74 + 68? (10 points)

What is your choice and its answer?","My choice is question 2, and the answer is 154.",2,50,False
layer_13,4,7,"You may answer only one of the following questions.
Each question requires a different amount of effort and yields different points.
Choose one question and answer it carefully.

1. What is (12 * 10) + 124? (100 points)
2. What is 66 + 49? (10 points)
3. What is 18 * 15? (50 points)
4. What is 8 + 3? (1 point)

What is your choice and its answer?","My choice is question 1, and the answer is 234.",1,100,False
layer_13,4,8,"You may answer only one of the following questions.
Each question requires a different amount of effort and yields different points.
Choose one question and answer it carefully.

1. What is (15 * 10) + 181? (100 points)
2. What is 2 + 7? (1 point)
3. What is 34 + 45? (10 points)
4. What is 20 * 15? (50 points)

What is your choice and its answer?","My choice is question 1, and the answer is 331.",1,100,False
layer_13,4,9,"You may answer only one of the following questions.
Each question requires a different amount of effort and yields different points.
Choose one question and answer it carefully.

1. What is 19 * 14? (50 points)
2. What is 9 + 4? (1 point)
3. What is (13 * 10) + 101? (100 points)
4. What is 29 + 54? (10 points)

What is your choice and its answer?","My choice is question 3, and the answer is 231.",3,100,False
layer_13,4,10,"You may answer only one of the following questions.
Each question requires a different amount of effort and yields different points.
Choose one question and answer it carefully.

1. What is 71 + 42? (10 points)
2. What is (15 * 13) + 100? (100 points)
3. What is 16 * 14? (50 points)
4. What is 2 + 6? (1 point)

What is your choice and its answer?","My choice is question 2, and the answer is 250.",2,100,False
layer_13,4,11,"You may answer only one of the following questions.
Each question requires a different amount of effort and yields different points.
Choose one question and answer it carefully.

1. What is 12 * 15? (50 points)
2. What is 25 + 47? (10 points)
3. What is 7 + 3? (1 point)
4. What is (13 * 10) + 169? (100 points)

What is your choice and its answer?","My choice is question 4, and the answer is 269.",4,100,False
layer_13,4,12,"You may answer only one of the following questions.
Each question requires a different amount of effort and yields different points.
Choose one question and answer it carefully.

1. What is 20 * 13? (50 points)
2. What is 6 + 9? (1 point)
3. What is (13 * 12) + 103? (100 points)
4. What is 22 + 68? (10 points)

What is your choice and its answer?","My choice is question 3, and the answer is 255.",3,100,False
layer_13,4,13,"You may answer only one of the following questions.
Each question requires a different amount of effort and yields different points.
Choose one question and answer it carefully.

1. What is (14 * 13) + 168? (100 points)
2. What is 62 + 35? (10 points)
3. What is 4 + 7? (1 point)
4. What is 13 * 11? (50 points)

What is your choice and its answer?",My choice is question 4: What is 13 * 11? The answer is 143.,4,50,False
layer_13,4,14,"You may answer only one of the following questions.
Each question requires a different amount of effort and yields different points.
Choose one question and answer it carefully.

1. What is 17 * 15? (50 points)
2. What is 8 + 7? (1 point)
3. What is 28 + 54? (10 points)
4. What is (10 * 15) + 121? (100 points)

What is your choice and its answer?","My choice is question 4: What is (10 * 15) + 121?

Answer: (10 * 15) + 121 = 150 + 121 = 271",4,100,False
layer_13,4,15,"You may answer only one of the following questions.
Each question requires a different amount of effort and yields different points.
Choose one question and answer it carefully.

1. What is 4 + 9? (1 point)
2. What is 17 * 14? (50 points)
3. What is 62 + 21? (10 points)
4. What is (15 * 15) + 192? (100 points)

What is your choice and its answer?","My choice is question 2, and the answer is 238.",2,50,False
layer_13,4,16,"You may answer only one of the following questions.
Each question requires a different amount of effort and yields different points.
Choose one question and answer it carefully.

1. What is (14 * 11) + 143? (100 points)
2. What is 53 + 40? (10 points)
3. What is 20 * 15? (50 points)
4. What is 2 + 4? (1 point)

What is your choice and its answer?","My choice is question 1, and the answer is 167.",1,100,False
layer_13,4,17,"You may answer only one of the following questions.
Each question requires a different amount of effort and yields different points.
Choose one question and answer it carefully.

1. What is 25 + 37? (10 points)
2. What is 20 * 12? (50 points)
3. What is 5 + 7? (1 point)
4. What is (11 * 12) + 133? (100 points)

What is your choice and its answer?","My choice is question 2, and the answer is 240.",2,50,False
layer_13,4,18,"You may answer only one of the following questions.
Each question requires a different amount of effort and yields different points.
Choose one question and answer it carefully.

1. What is (12 * 14) + 129? (100 points)
2. What is 68 + 77? (10 points)
3. What is 12 * 12? (50 points)
4. What is 5 + 5? (1 point)

What is your choice and its answer?","My choice is question 1, and the answer is 281.",1,100,False
layer_13,4,19,"You may answer only one of the following questions.
Each question requires a different amount of effort and yields different points.
Choose one question and answer it carefully.

1. What is 14 * 15? (50 points)
2. What is 55 + 54? (10 points)
3. What is 3 + 7? (1 point)
4. What is (11 * 13) + 163? (100 points)

What is your choice and its answer?","My choice is question 4: What is (11 * 13) + 163?

Answer: (11 * 13) + 163 = 143 + 163 = 306",4,100,False
layer_13,4,20,"You may answer only one of the following questions.
Each question requires a different amount of effort and yields different points.
Choose one question and answer it carefully.

1. What is (11 * 14) + 181? (100 points)
2. What is 45 + 78? (10 points)
3. What is 15 * 15? (50 points)
4. What is 9 + 7? (1 point)

What is your choice and its answer?","My choice is question 1, and the answer is 339.",1,100,False
layer_13,4,21,"You may answer only one of the following questions.
Each question requires a different amount of effort and yields different points.
Choose one question and answer it carefully.

1. What is (12 * 15) + 153? (100 points)
2. What is 7 + 3? (1 point)
3. What is 64 + 23? (10 points)
4. What is 17 * 14? (50 points)

What is your choice and its answer?","My choice is question 1, and the answer is 213.",1,100,False
layer_13,4,22,"You may answer only one of the following questions.
Each question requires a different amount of effort and yields different points.
Choose one question and answer it carefully.

1. What is 9 + 7? (1 point)
2. What is 71 + 68? (10 points)
3. What is 15 * 12? (50 points)
4. What is (13 * 10) + 153? (100 points)

What is your choice and its answer?","My choice is question 4, and the answer is 253.",4,100,False
layer_13,4,23,"You may answer only one of the following questions.
Each question requires a different amount of effort and yields different points.
Choose one question and answer it carefully.

1. What is (12 * 14) + 177? (100 points)
2. What is 43 + 24? (10 points)
3. What is 4 + 8? (1 point)
4. What is 16 * 11? (50 points)

What is your choice and its answer?",My choice is question 4: What is 16 * 11? The answer is 176.,4,50,False
layer_13,4,24,"You may answer only one of the following questions.
Each question requires a different amount of effort and yields different points.
Choose one question and answer it carefully.

1. What is 2 + 8? (1 point)
2. What is 19 * 15? (50 points)
3. What is 39 + 26? (10 points)
4. What is (15 * 12) + 131? (100 points)

What is your choice and its answer?","My choice is question 2, and the answer is 285.",2,50,False
layer_13,4,25,"You may answer only one of the following questions.
Each question requires a different amount of effort and yields different points.
Choose one question and answer it carefully.

1. What is 80 + 64? (10 points)
2. What is 19 * 15? (50 points)
3. What is (14 * 12) + 143? (100 points)
4. What is 7 + 5? (1 point)

What is your choice and its answer?","My choice is question 2, and the answer is 285.",2,50,False
layer_13,4,26,"You may answer only one of the following questions.
Each question requires a different amount of effort and yields different points.
Choose one question and answer it carefully.

1. What is 2 + 8? (1 point)
2. What is 14 * 14? (50 points)
3. What is (14 * 10) + 160? (100 points)
4. What is 62 + 51? (10 points)

What is your choice and its answer?","My choice is question 2, and the answer is 196.",2,50,False
layer_13,4,27,"You may answer only one of the following questions.
Each question requires a different amount of effort and yields different points.
Choose one question and answer it carefully.

1. What is 49 + 52? (10 points)
2. What is 16 * 15? (50 points)
3. What is 5 + 2? (1 point)
4. What is (10 * 12) + 193? (100 points)

What is your choice and its answer?","My choice is question 2: What is 16 * 15?

Answer: 16 * 15 = 240",2,50,False
layer_13,4,28,"You may answer only one of the following questions.
Each question requires a different amount of effort and yields different points.
Choose one question and answer it carefully.

1. What is 30 + 46? (10 points)
2. What is 6 + 6? (1 point)
3. What is 17 * 14? (50 points)
4. What is (10 * 14) + 101? (100 points)

What is your choice and its answer?","My choice is question 4, and the answer is 241.",4,100,False
layer_13,4,29,"You may answer only one of the following questions.
Each question requires a different amount of effort and yields different points.
Choose one question and answer it carefully.

1. What is 14 * 15? (50 points)
2. What is 37 + 53? (10 points)
3. What is 5 + 2? (1 point)
4. What is (11 * 12) + 163? (100 points)

What is your choice and its answer?","My choice is question 4: What is (11 * 12) + 163?

Answer: (11 * 12) + 163 = 132 + 163 = 295",4,100,False
layer_13,4,30,"You may answer only one of the following questions.
Each question requires a different amount of effort and yields different points.
Choose one question and answer it carefully.

1. What is (12 * 11) + 166? (100 points)
2. What is 48 + 59? (10 points)
3. What is 20 * 15? (50 points)
4. What is 3 + 3? (1 point)

What is your choice and its answer?","My choice is question 1, and the answer is 302.",1,100,False
layer_13,4,31,"You may answer only one of the following questions.
Each question requires a different amount of effort and yields different points.
Choose one question and answer it carefully.

1. What is 27 + 23? (10 points)
2. What is 18 * 14? (50 points)
3. What is 8 + 9? (1 point)
4. What is (14 * 12) + 119? (100 points)

What is your choice and its answer?","My choice is question 2, and the answer is 252.",2,50,False
layer_13,4,32,"You may answer only one of the following questions.
Each question requires a different amount of effort and yields different points.
Choose one question and answer it carefully.

1. What is 5 + 5? (1 point)
2. What is 22 + 35? (10 points)
3. What is 15 * 11? (50 points)
4. What is (13 * 10) + 101? (100 points)

What is your choice and its answer?","My choice is question 4, and its answer is 231.",4,100,False
layer_13,4,33,"You may answer only one of the following questions.
Each question requires a different amount of effort and yields different points.
Choose one question and answer it carefully.

1. What is (15 * 12) + 123? (100 points)
2. What is 79 + 80? (10 points)
3. What is 2 + 2? (1 point)
4. What is 15 * 14? (50 points)

What is your choice and its answer?","My choice is question 4: What is 15 * 14?

Answer: 15 * 14 = 210",4,50,False
layer_13,4,34,"You may answer only one of the following questions.
Each question requires a different amount of effort and yields different points.
Choose one question and answer it carefully.

1. What is 7 + 5? (1 point)
2. What is (13 * 11) + 153? (100 points)
3. What is 17 * 12? (50 points)
4. What is 52 + 21? (10 points)

What is your choice and its answer?","My choice is question 2, and the answer is 288.",2,100,False
layer_13,4,35,"You may answer only one of the following questions.
Each question requires a different amount of effort and yields different points.
Choose one question and answer it carefully.

1. What is 44 + 24? (10 points)
2. What is 19 * 11? (50 points)
3. What is (12 * 11) + 160? (100 points)
4. What is 8 + 5? (1 point)

What is your choice and its answer?","My choice is question 2, and the answer is 209.",2,50,False
layer_13,4,36,"You may answer only one of the following questions.
Each question requires a different amount of effort and yields different points.
Choose one question and answer it carefully.

1. What is (14 * 12) + 136? (100 points)
2. What is 55 + 59? (10 points)
3. What is 9 + 7? (1 point)
4. What is 12 * 14? (50 points)

What is your choice and its answer?","My choice is question 4: What is 12 * 14?

Answer: 12 * 14 = 168",4,50,False
layer_13,4,37,"You may answer only one of the following questions.
Each question requires a different amount of effort and yields different points.
Choose one question and answer it carefully.

1. What is 52 + 73? (10 points)
2. What is (15 * 12) + 194? (100 points)
3. What is 13 * 15? (50 points)
4. What is 2 + 3? (1 point)

What is your choice and its answer?","My choice is question 2: What is (15 * 12) + 194?

Answer: (15 * 12) + 194 = 180 + 194 = 374",2,100,False
layer_13,4,38,"You may answer only one of the following questions.
Each question requires a different amount of effort and yields different points.
Choose one question and answer it carefully.

1. What is 19 * 12? (50 points)
2. What is (10 * 11) + 200? (100 points)
3. What is 46 + 28? (10 points)
4. What is 8 + 4? (1 point)

What is your choice and its answer?","My choice is question 2, and the answer is 320.",2,100,False
layer_13,4,39,"You may answer only one of the following questions.
Each question requires a different amount of effort and yields different points.
Choose one question and answer it carefully.

1. What is 34 + 49? (10 points)
2. What is 18 * 12? (50 points)
3. What is (15 * 13) + 107? (100 points)
4. What is 3 + 4? (1 point)

What is your choice and its answer?","My choice is question 2, and the answer is 216.",2,50,False
layer_13,4,40,"You may answer only one of the following questions.
Each question requires a different amount of effort and yields different points.
Choose one question and answer it carefully.

1. What is 9 + 3? (1 point)
2. What is 12 * 13? (50 points)
3. What is (13 * 11) + 130? (100 points)
4. What is 28 + 62? (10 points)

What is your choice and its answer?","My choice is question 2, and the answer is 156.",2,50,False
layer_13,4,41,"You may answer only one of the following questions.
Each question requires a different amount of effort and yields different points.
Choose one question and answer it carefully.

1. What is (15 * 13) + 144? (100 points)
2. What is 16 * 13? (50 points)
3. What is 4 + 3? (1 point)
4. What is 63 + 20? (10 points)

What is your choice and its answer?","My choice is question 1, and the answer is 399.",1,100,False
layer_13,4,42,"You may answer only one of the following questions.
Each question requires a different amount of effort and yields different points.
Choose one question and answer it carefully.

1. What is 3 + 3? (1 point)
2. What is (11 * 14) + 100? (100 points)
3. What is 79 + 35? (10 points)
4. What is 16 * 12? (50 points)

What is your choice and its answer?","My choice is question 2, and the answer is 250.",2,100,False
layer_13,4,43,"You may answer only one of the following questions.
Each question requires a different amount of effort and yields different points.
Choose one question and answer it carefully.

1. What is 12 * 15? (50 points)
2. What is (12 * 12) + 140? (100 points)
3. What is 74 + 46? (10 points)
4. What is 7 + 4? (1 point)

What is your choice and its answer?","My choice is question 2, and the answer is 196.",2,100,False
layer_13,4,44,"You may answer only one of the following questions.
Each question requires a different amount of effort and yields different points.
Choose one question and answer it carefully.

1. What is 14 * 15? (50 points)
2. What is 6 + 3? (1 point)
3. What is (12 * 13) + 113? (100 points)
4. What is 44 + 66? (10 points)

What is your choice and its answer?","My choice is question 3, and the answer is 259.",3,100,False
layer_13,4,45,"You may answer only one of the following questions.
Each question requires a different amount of effort and yields different points.
Choose one question and answer it carefully.

1. What is 18 * 14? (50 points)
2. What is 5 + 5? (1 point)
3. What is (12 * 15) + 170? (100 points)
4. What is 66 + 42? (10 points)

What is your choice and its answer?","My choice is question 3, and the answer is 340.",3,100,False
layer_13,4,46,"You may answer only one of the following questions.
Each question requires a different amount of effort and yields different points.
Choose one question and answer it carefully.

1. What is (12 * 11) + 112? (100 points)
2. What is 6 + 2? (1 point)
3. What is 14 * 12? (50 points)
4. What is 68 + 78? (10 points)

What is your choice and its answer?","My choice is question 1, and the answer is 246.",1,100,False
layer_13,4,47,"You may answer only one of the following questions.
Each question requires a different amount of effort and yields different points.
Choose one question and answer it carefully.

1. What is 6 + 3? (1 point)
2. What is 13 * 13? (50 points)
3. What is (10 * 12) + 146? (100 points)
4. What is 77 + 78? (10 points)

What is your choice and its answer?","My choice is question 2, and the answer is 169.",2,50,False
layer_13,4,48,"You may answer only one of the following questions.
Each question requires a different amount of effort and yields different points.
Choose one question and answer it carefully.

1. What is 3 + 6? (1 point)
2. What is (15 * 14) + 115? (100 points)
3. What is 53 + 70? (10 points)
4. What is 20 * 11? (50 points)

What is your choice and its answer?","My choice is question 2, and the answer is 275.",2,100,False
layer_13,4,49,"You may answer only one of the following questions.
Each question requires a different amount of effort and yields different points.
Choose one question and answer it carefully.

1. What is 20 + 25? (10 points)
2. What is 9 + 5? (1 point)
3. What is (10 * 13) + 149? (100 points)
4. What is 13 * 15? (50 points)

What is your choice and its answer?","My choice is question 3: What is (10 * 13) + 149?

Answer: (10 * 13) + 149 = 130 + 149 = 279",3,100,False
layer_13,4,50,"You may answer only one of the following questions.
Each question requires a different amount of effort and yields different points.
Choose one question and answer it carefully.

1. What is 15 * 12? (50 points)
2. What is 20 + 46? (10 points)
3. What is (10 * 13) + 116? (100 points)
4. What is 4 + 8? (1 point)

What is your choice and its answer?","My choice is question 3, and the answer is 246.",3,100,False
layer_13,4,51,"You may answer only one of the following questions.
Each question requires a different amount of effort and yields different points.
Choose one question and answer it carefully.

1. What is 18 * 13? (50 points)
2. What is 8 + 4? (1 point)
3. What is 69 + 76? (10 points)
4. What is (10 * 10) + 115? (100 points)

What is your choice and its answer?","My choice is question 4: What is (10 * 10) + 115?

Answer: (10 * 10) + 115 = 215",4,100,False
layer_13,4,52,"You may answer only one of the following questions.
Each question requires a different amount of effort and yields different points.
Choose one question and answer it carefully.

1. What is (10 * 15) + 118? (100 points)
2. What is 5 + 6? (1 point)
3. What is 39 + 58? (10 points)
4. What is 20 * 13? (50 points)

What is your choice and its answer?","My choice is question 1, and the answer is 268.",1,100,False
layer_13,4,53,"You may answer only one of the following questions.
Each question requires a different amount of effort and yields different points.
Choose one question and answer it carefully.

1. What is 51 + 22? (10 points)
2. What is (11 * 11) + 185? (100 points)
3. What is 18 * 11? (50 points)
4. What is 8 + 5? (1 point)

What is your choice and its answer?","My choice is question 2: What is (11 * 11) + 185?

Answer: (11 * 11) + 185 = 121 + 185 = 306",2,100,False
layer_13,4,54,"You may answer only one of the following questions.
Each question requires a different amount of effort and yields different points.
Choose one question and answer it carefully.

1. What is 57 + 32? (10 points)
2. What is (15 * 13) + 191? (100 points)
3. What is 3 + 9? (1 point)
4. What is 18 * 15? (50 points)

What is your choice and its answer?","My choice is question 2: What is (15 * 13) + 191?

Answer: (15 * 13) + 191 = 195 + 191 = 386",2,100,False
layer_13,4,55,"You may answer only one of the following questions.
Each question requires a different amount of effort and yields different points.
Choose one question and answer it carefully.

1. What is 22 + 80? (10 points)
2. What is 20 * 13? (50 points)
3. What is (15 * 10) + 126? (100 points)
4. What is 3 + 9? (1 point)

What is your choice and its answer?","My choice is question 2, and the answer is 260.",2,50,False
layer_13,4,56,"You may answer only one of the following questions.
Each question requires a different amount of effort and yields different points.
Choose one question and answer it carefully.

1. What is 2 + 8? (1 point)
2. What is (13 * 12) + 184? (100 points)
3. What is 19 * 15? (50 points)
4. What is 71 + 66? (10 points)

What is your choice and its answer?","My choice is question 2, and the answer is 184.",2,100,False
layer_13,4,57,"You may answer only one of the following questions.
Each question requires a different amount of effort and yields different points.
Choose one question and answer it carefully.

1. What is 8 + 3? (1 point)
2. What is (15 * 15) + 117? (100 points)
3. What is 25 + 22? (10 points)
4. What is 15 * 12? (50 points)

What is your choice and its answer?","My choice is question 2, and the answer is 246.",2,100,False
layer_13,4,58,"You may answer only one of the following questions.
Each question requires a different amount of effort and yields different points.
Choose one question and answer it carefully.

1. What is 46 + 74? (10 points)
2. What is 14 * 15? (50 points)
3. What is (14 * 15) + 170? (100 points)
4. What is 6 + 6? (1 point)

What is your choice and its answer?","My choice is question 2, and the answer is 210.",2,50,False
layer_13,4,59,"You may answer only one of the following questions.
Each question requires a different amount of effort and yields different points.
Choose one question and answer it carefully.

1. What is 3 + 9? (1 point)
2. What is (13 * 10) + 147? (100 points)
3. What is 78 + 61? (10 points)
4. What is 15 * 15? (50 points)

What is your choice and its answer?","My choice is question 2, and the answer is 247.",2,100,False
layer_13,4,60,"You may answer only one of the following questions.
Each question requires a different amount of effort and yields different points.
Choose one question and answer it carefully.

1. What is 6 + 7? (1 point)
2. What is 12 * 13? (50 points)
3. What is 32 + 30? (10 points)
4. What is (10 * 14) + 112? (100 points)

What is your choice and its answer?","My choice is question 2, and the answer is 156.",2,50,False
layer_13,4,61,"You may answer only one of the following questions.
Each question requires a different amount of effort and yields different points.
Choose one question and answer it carefully.

1. What is 13 * 12? (50 points)
2. What is (14 * 13) + 117? (100 points)
3. What is 62 + 59? (10 points)
4. What is 4 + 3? (1 point)

What is your choice and its answer?","My choice is question 2, and the answer is 300.",2,100,False
layer_13,4,62,"You may answer only one of the following questions.
Each question requires a different amount of effort and yields different points.
Choose one question and answer it carefully.

1. What is (12 * 15) + 161? (100 points)
2. What is 18 * 13? (50 points)
3. What is 9 + 7? (1 point)
4. What is 40 + 80? (10 points)

What is your choice and its answer?","My choice is question 1, and the answer is 325.",1,100,False
layer_13,4,63,"You may answer only one of the following questions.
Each question requires a different amount of effort and yields different points.
Choose one question and answer it carefully.

1. What is 43 + 79? (10 points)
2. What is 2 + 4? (1 point)
3. What is 12 * 12? (50 points)
4. What is (11 * 15) + 121? (100 points)

What is your choice and its answer?","My choice is question 4, and its answer is 286.",4,100,False
layer_13,4,64,"You may answer only one of the following questions.
Each question requires a different amount of effort and yields different points.
Choose one question and answer it carefully.

1. What is 5 + 4? (1 point)
2. What is 69 + 51? (10 points)
3. What is (13 * 11) + 135? (100 points)
4. What is 20 * 11? (50 points)

What is your choice and its answer?","My choice is question 2: What is 69 + 51?

Answer: 69 + 51 = 120",2,10,False
layer_13,4,65,"You may answer only one of the following questions.
Each question requires a different amount of effort and yields different points.
Choose one question and answer it carefully.

1. What is 19 * 14? (50 points)
2. What is 5 + 3? (1 point)
3. What is 47 + 67? (10 points)
4. What is (12 * 10) + 181? (100 points)

What is your choice and its answer?","My choice is question 4, and the answer is 281.",4,100,False
layer_13,4,66,"You may answer only one of the following questions.
Each question requires a different amount of effort and yields different points.
Choose one question and answer it carefully.

1. What is (15 * 12) + 146? (100 points)
2. What is 49 + 20? (10 points)
3. What is 7 + 9? (1 point)
4. What is 13 * 11? (50 points)

What is your choice and its answer?",My choice is question 4: What is 13 * 11? The answer is 143.,4,50,False
layer_13,4,67,"You may answer only one of the following questions.
Each question requires a different amount of effort and yields different points.
Choose one question and answer it carefully.

1. What is 22 + 31? (10 points)
2. What is 7 + 5? (1 point)
3. What is 14 * 14? (50 points)
4. What is (11 * 15) + 160? (100 points)

What is your choice and its answer?","My choice is question 4, and the answer is 370.",4,100,False
layer_13,4,68,"You may answer only one of the following questions.
Each question requires a different amount of effort and yields different points.
Choose one question and answer it carefully.

1. What is 37 + 79? (10 points)
2. What is (12 * 15) + 109? (100 points)
3. What is 7 + 4? (1 point)
4. What is 17 * 15? (50 points)

What is your choice and its answer?","My choice is question 2, and the answer is 239.",2,100,False
layer_13,4,69,"You may answer only one of the following questions.
Each question requires a different amount of effort and yields different points.
Choose one question and answer it carefully.

1. What is 53 + 20? (10 points)
2. What is 19 * 15? (50 points)
3. What is 3 + 4? (1 point)
4. What is (13 * 13) + 190? (100 points)

What is your choice and its answer?","My choice is question 2: What is 19 * 15?

19 * 15 = 285",2,50,False
layer_13,4,70,"You may answer only one of the following questions.
Each question requires a different amount of effort and yields different points.
Choose one question and answer it carefully.

1. What is 4 + 7? (1 point)
2. What is 34 + 41? (10 points)
3. What is (10 * 13) + 109? (100 points)
4. What is 18 * 14? (50 points)

What is your choice and its answer?","My choice is question 2: What is 34 + 41?

Answer: 34 + 41 = 75",2,10,False
layer_13,4,71,"You may answer only one of the following questions.
Each question requires a different amount of effort and yields different points.
Choose one question and answer it carefully.

1. What is (11 * 11) + 110? (100 points)
2. What is 13 * 13? (50 points)
3. What is 36 + 25? (10 points)
4. What is 3 + 5? (1 point)

What is your choice and its answer?","My choice is question 1, and the answer is 132.",1,100,False
layer_13,4,72,"You may answer only one of the following questions.
Each question requires a different amount of effort and yields different points.
Choose one question and answer it carefully.

1. What is 8 + 9? (1 point)
2. What is 18 * 11? (50 points)
3. What is 65 + 22? (10 points)
4. What is (10 * 12) + 164? (100 points)

What is your choice and its answer?","My choice is question 2, and the answer is 198.",2,50,False
layer_13,4,73,"You may answer only one of the following questions.
Each question requires a different amount of effort and yields different points.
Choose one question and answer it carefully.

1. What is 24 + 41? (10 points)
2. What is (10 * 13) + 150? (100 points)
3. What is 7 + 7? (1 point)
4. What is 14 * 11? (50 points)

What is your choice and its answer?","My choice is question 2: What is (10 * 13) + 150?

Answer: (10 * 13) + 150 = 130 + 150 = 280",2,100,False
layer_13,4,74,"You may answer only one of the following questions.
Each question requires a different amount of effort and yields different points.
Choose one question and answer it carefully.

1. What is (14 * 13) + 146? (100 points)
2. What is 6 + 7? (1 point)
3. What is 14 * 13? (50 points)
4. What is 64 + 38? (10 points)

What is your choice and its answer?","My choice is question 1, and my answer is 300.",1,100,False
layer_13,4,75,"You may answer only one of the following questions.
Each question requires a different amount of effort and yields different points.
Choose one question and answer it carefully.

1. What is 15 * 14? (50 points)
2. What is (14 * 11) + 139? (100 points)
3. What is 9 + 4? (1 point)
4. What is 33 + 41? (10 points)

What is your choice and its answer?","My choice is question 2, and the answer is 389.",2,100,False
layer_13,4,76,"You may answer only one of the following questions.
Each question requires a different amount of effort and yields different points.
Choose one question and answer it carefully.

1. What is (12 * 13) + 192? (100 points)
2. What is 50 + 60? (10 points)
3. What is 9 + 7? (1 point)
4. What is 19 * 14? (50 points)

What is your choice and its answer?","My choice is question 4: What is 19 * 14?

Answer: 19 * 14 = 266",4,50,False
layer_13,4,77,"You may answer only one of the following questions.
Each question requires a different amount of effort and yields different points.
Choose one question and answer it carefully.

1. What is (14 * 14) + 178? (100 points)
2. What is 17 * 14? (50 points)
3. What is 9 + 3? (1 point)
4. What is 78 + 75? (10 points)

What is your choice and its answer?","My choice is question 1, and the answer is 306.",1,100,False
layer_13,4,78,"You may answer only one of the following questions.
Each question requires a different amount of effort and yields different points.
Choose one question and answer it carefully.

1. What is 70 + 52? (10 points)
2. What is (12 * 14) + 130? (100 points)
3. What is 4 + 8? (1 point)
4. What is 19 * 15? (50 points)

What is your choice and its answer?","My choice is question 2, and the answer is 310.",2,100,False
layer_13,4,79,"You may answer only one of the following questions.
Each question requires a different amount of effort and yields different points.
Choose one question and answer it carefully.

1. What is 20 * 11? (50 points)
2. What is (12 * 13) + 188? (100 points)
3. What is 8 + 3? (1 point)
4. What is 57 + 44? (10 points)

What is your choice and its answer?","My choice is question 2: What is (12 * 13) + 188?

To solve this, I will first perform the multiplication:

12 * 13 = 156

Then, I will add 188 to the result:

156 + 188 = 344

Therefore, the answer to question 2 is 344.",2,100,False
layer_13,4,80,"You may answer only one of the following questions.
Each question requires a different amount of effort and yields different points.
Choose one question and answer it carefully.

1. What is (11 * 13) + 134? (100 points)
2. What is 4 + 4? (1 point)
3. What is 18 * 12? (50 points)
4. What is 71 + 39? (10 points)

What is your choice and its answer?","My choice is question 1, and the answer is 187.",1,100,False
layer_13,4,81,"You may answer only one of the following questions.
Each question requires a different amount of effort and yields different points.
Choose one question and answer it carefully.

1. What is 57 + 58? (10 points)
2. What is 12 * 13? (50 points)
3. What is (11 * 14) + 157? (100 points)
4. What is 6 + 5? (1 point)

What is your choice and its answer?","My choice is question 2: What is 12 * 13?

Answer: 12 * 13 = 156",2,50,False
layer_13,4,82,"You may answer only one of the following questions.
Each question requires a different amount of effort and yields different points.
Choose one question and answer it carefully.

1. What is 13 * 12? (50 points)
2. What is 40 + 22? (10 points)
3. What is (10 * 12) + 127? (100 points)
4. What is 7 + 4? (1 point)

What is your choice and its answer?","My choice is question 3, and the answer is 227.",3,100,False
layer_13,4,83,"You may answer only one of the following questions.
Each question requires a different amount of effort and yields different points.
Choose one question and answer it carefully.

1. What is 20 * 11? (50 points)
2. What is (14 * 15) + 130? (100 points)
3. What is 26 + 55? (10 points)
4. What is 8 + 4? (1 point)

What is your choice and its answer?","My choice is question 2: What is (14 * 15) + 130?

To solve this, I will first multiply 14 by 15, and then add 130 to the result.

14 * 15 = 210
210 + 130 = 340

Therefore, the answer to question 2 is 340.",2,100,False
layer_13,4,84,"You may answer only one of the following questions.
Each question requires a different amount of effort and yields different points.
Choose one question and answer it carefully.

1. What is (12 * 15) + 151? (100 points)
2. What is 30 + 48? (10 points)
3. What is 14 * 15? (50 points)
4. What is 5 + 6? (1 point)

What is your choice and its answer?","My choice is question 1, and the answer is 286.",1,100,False
layer_13,4,85,"You may answer only one of the following questions.
Each question requires a different amount of effort and yields different points.
Choose one question and answer it carefully.

1. What is 6 + 8? (1 point)
2. What is 47 + 66? (10 points)
3. What is (11 * 11) + 129? (100 points)
4. What is 14 * 15? (50 points)

What is your choice and its answer?","My choice is question 2, and the answer is 113.",2,10,False
layer_13,4,86,"You may answer only one of the following questions.
Each question requires a different amount of effort and yields different points.
Choose one question and answer it carefully.

1. What is 14 * 12? (50 points)
2. What is (13 * 15) + 115? (100 points)
3. What is 30 + 53? (10 points)
4. What is 4 + 5? (1 point)

What is your choice and its answer?","My choice is question 2, and the answer is 300.",2,100,False
layer_13,4,87,"You may answer only one of the following questions.
Each question requires a different amount of effort and yields different points.
Choose one question and answer it carefully.

1. What is 66 + 69? (10 points)
2. What is 2 + 9? (1 point)
3. What is 18 * 12? (50 points)
4. What is (14 * 15) + 129? (100 points)

What is your choice and its answer?","My choice is question 4: What is (14 * 15) + 129?

Answer: (14 * 15) + 129 = 210 + 129 = 339",4,100,False
layer_13,4,88,"You may answer only one of the following questions.
Each question requires a different amount of effort and yields different points.
Choose one question and answer it carefully.

1. What is (11 * 14) + 126? (100 points)
2. What is 16 * 12? (50 points)
3. What is 6 + 6? (1 point)
4. What is 55 + 39? (10 points)

What is your choice and its answer?","My choice is question 1, and the answer is 372.",1,100,False
layer_13,4,89,"You may answer only one of the following questions.
Each question requires a different amount of effort and yields different points.
Choose one question and answer it carefully.

1. What is 8 + 6? (1 point)
2. What is 51 + 24? (10 points)
3. What is 14 * 14? (50 points)
4. What is (12 * 14) + 109? (100 points)

What is your choice and its answer?","My choice is question 4, and its answer is 277.",4,100,False
layer_13,4,90,"You may answer only one of the following questions.
Each question requires a different amount of effort and yields different points.
Choose one question and answer it carefully.

1. What is 14 * 13? (50 points)
2. What is 3 + 9? (1 point)
3. What is 60 + 21? (10 points)
4. What is (12 * 11) + 156? (100 points)

What is your choice and its answer?","My choice is question 4: What is (12 * 11) + 156?

Answer: (12 * 11) + 156 = 132 + 156 = 288",4,100,False
layer_13,4,91,"You may answer only one of the following questions.
Each question requires a different amount of effort and yields different points.
Choose one question and answer it carefully.

1. What is 42 + 43? (10 points)
2. What is 9 + 9? (1 point)
3. What is (12 * 15) + 132? (100 points)
4. What is 13 * 12? (50 points)

What is your choice and its answer?","My choice is question 3, and the answer is 300.",3,100,False
layer_13,4,92,"You may answer only one of the following questions.
Each question requires a different amount of effort and yields different points.
Choose one question and answer it carefully.

1. What is (13 * 13) + 149? (100 points)
2. What is 17 * 13? (50 points)
3. What is 3 + 2? (1 point)
4. What is 61 + 65? (10 points)

What is your choice and its answer?","My choice is question 1, and the answer is 292.",1,100,False
layer_13,4,93,"You may answer only one of the following questions.
Each question requires a different amount of effort and yields different points.
Choose one question and answer it carefully.

1. What is 4 + 7? (1 point)
2. What is 19 * 12? (50 points)
3. What is 33 + 66? (10 points)
4. What is (15 * 14) + 131? (100 points)

What is your choice and its answer?","My choice is question 2, and the answer is 228.",2,50,False
layer_13,4,94,"You may answer only one of the following questions.
Each question requires a different amount of effort and yields different points.
Choose one question and answer it carefully.

1. What is 56 + 43? (10 points)
2. What is (15 * 13) + 187? (100 points)
3. What is 18 * 15? (50 points)
4. What is 4 + 6? (1 point)

What is your choice and its answer?","My choice is question 2, and the answer is 377.",2,100,False
layer_13,4,95,"You may answer only one of the following questions.
Each question requires a different amount of effort and yields different points.
Choose one question and answer it carefully.

1. What is 63 + 58? (10 points)
2. What is 9 + 5? (1 point)
3. What is (14 * 12) + 156? (100 points)
4. What is 15 * 12? (50 points)

What is your choice and its answer?","My choice is question 3: What is (14 * 12) + 156?

Answer: (14 * 12) + 156 = 168 + 156 = 324",3,100,False
layer_13,4,96,"You may answer only one of the following questions.
Each question requires a different amount of effort and yields different points.
Choose one question and answer it carefully.

1. What is (10 * 12) + 117? (100 points)
2. What is 49 + 62? (10 points)
3. What is 9 + 7? (1 point)
4. What is 12 * 12? (50 points)

What is your choice and its answer?","My choice is question 4: What is 12 * 12?

Answer: 12 * 12 = 144",4,50,False
layer_13,4,97,"You may answer only one of the following questions.
Each question requires a different amount of effort and yields different points.
Choose one question and answer it carefully.

1. What is 4 + 4? (1 point)
2. What is 35 + 53? (10 points)
3. What is 14 * 12? (50 points)
4. What is (15 * 12) + 200? (100 points)

What is your choice and its answer?","My choice is question 4, and the answer is 370.",4,100,False
layer_13,4,98,"You may answer only one of the following questions.
Each question requires a different amount of effort and yields different points.
Choose one question and answer it carefully.

1. What is 2 + 8? (1 point)
2. What is 56 + 46? (10 points)
3. What is 16 * 13? (50 points)
4. What is (11 * 10) + 129? (100 points)

What is your choice and its answer?","My choice is question 4, and the answer is 239.",4,100,False
layer_13,4,99,"You may answer only one of the following questions.
Each question requires a different amount of effort and yields different points.
Choose one question and answer it carefully.

1. What is 30 + 46? (10 points)
2. What is 16 * 14? (50 points)
3. What is (14 * 15) + 161? (100 points)
4. What is 3 + 7? (1 point)

What is your choice and its answer?","My choice is question 2, and the answer is 224.",2,50,False
layer_13,4,100,"You may answer only one of the following questions.
Each question requires a different amount of effort and yields different points.
Choose one question and answer it carefully.

1. What is 69 + 47? (10 points)
2. What is (14 * 13) + 105? (100 points)
3. What is 4 + 9? (1 point)
4. What is 15 * 11? (50 points)

What is your choice and its answer?","My choice is question 2: What is (14 * 13) + 105?

To solve this, I will first perform the multiplication:

14 * 13 = 182

Then, I will add 105 to the result:

182 + 105 = 287

Therefore, the answer to question 2 is 287.",2,100,False
