layer,neuron
24,10821
24,19144
24,28890
25,5658
25,5836
25,9631
25,23662
25,26273
25,26662
26,7434
26,9428
26,11657
26,17815
26,19973
26,28037
26,28469
27,7572
27,10422
27,10458
27,12018
27,14857
27,15525
27,18216
27,19190
27,19327
27,19497
27,20234
27,20709
27,22194
27,23170
27,23276
27,24853
27,26580
27,27174
27,27645
27,29457
28,459
28,1061
28,1132
28,1387
28,1897
28,2536
28,3129
28,4752
28,4828
28,5740
28,6102
28,7202
28,7616
28,9798
28,11418
28,12239
28,13021
28,13030
28,16495
28,18845
28,19093
28,20290
28,20781
28,21005
28,22723
28,23274
28,27312
29,308
29,1271
29,1353
29,3665
29,5061
29,5172
29,6125
29,7224
29,8454
29,8666
29,9368
29,9699
29,9829
29,10447
29,12480
29,13140
29,13786
29,13811
29,14070
29,14104
29,14995
29,15338
29,16050
29,16577
29,17280
29,17563
29,18582
29,18720
29,18890
29,19227
29,19538
29,20313
29,22601
29,22611
29,23619
29,25369
29,26000
29,26942
29,27902
29,27920
29,27937
29,28299
29,28437
29,28636
30,1029
30,1523
30,1937
30,1984
30,2126
30,2319
30,2906
30,4303
30,4581
30,5171
30,5937
30,6723
30,6923
30,7797
30,8158
30,8457
30,8985
30,9172
30,9406
30,9562
30,9690
30,10171
30,10724
30,11284
30,11301
30,12100
30,12218
30,12277
30,13040
30,13225
30,13694
30,13942
30,16311
30,16659
30,16970
30,17011
30,18367
30,18370
30,18573
30,18661
30,19164
30,19454
30,19843
30,19986
30,20310
30,20335
30,20636
30,20731
30,21806
30,22287
30,23329
30,23712
30,23906
30,23912
30,24145
30,24371
30,25955
30,26032
30,26461
30,26919
30,26924
30,27551
30,27674
30,27690
30,28180
30,28637
30,28804
31,177
31,184
31,502
31,1259
31,1378
31,1535
31,1933
31,2384
31,2626
31,2923
31,3317
31,4083
31,4977
31,5009
31,5369
31,5497
31,6139
31,6216
31,6630
31,6904
31,7023
31,7181
31,7642
31,7665
31,8278
31,8351
31,8894
31,8938
31,8946
31,9011
31,9815
31,10644
31,10763
31,11023
31,11100
31,11189
31,11397
31,11578
31,12215
31,13047
31,13573
31,14108
31,14130
31,14565
31,14823
31,14858
31,15788
31,15907
31,15987
31,16228
31,16299
31,16543
31,16578
31,16989
31,17553
31,17620
31,17929
31,18027
31,18139
31,18197
31,18409
31,18574
31,18591
31,18762
31,18989
31,19571
31,19677
31,19781
31,19958
31,20076
31,23754
31,24115
31,24747
31,25149
31,25337
31,25927
31,26063
31,26607
31,26902
31,27022
31,27538
31,27851
31,28139
31,28340
31,28493
31,28565
31,29003
31,29132
31,29353
32,285
32,970
32,984
32,1420
32,1469
32,1860
32,1977
32,2288
32,3458
32,3810
32,4114
32,4152
32,4969
32,5408
32,5769
32,6250
32,7094
32,7278
32,7826
32,8271
32,8327
32,8457
32,8788
32,8969
32,9079
32,10043
32,10138
32,10453
32,10474
32,10897
32,11124
32,11461
32,11508
32,11531
32,11802
32,12262
32,12427
32,12703
32,12804
32,13153
32,13637
32,13662
32,13840
32,13939
32,14351
32,14871
32,14986
32,15046
32,15350
32,15963
32,16191
32,16313
32,16419
32,16446
32,16657
32,17315
32,17481
32,17566
32,17629
32,17709
32,17850
32,18357
32,18808
32,19289
32,19625
32,19637
32,19770
32,20091
32,20425
32,20452
32,20633
32,20821
32,21588
32,21797
32,22040
32,23035
32,23065
32,23693
32,24314
32,24501
32,24541
32,24932
32,24936
32,25553
32,25781
32,26361
32,26905
32,27326
32,27479
32,27611
32,27837
32,27860
32,28201
32,28435
32,28463
32,28880
32,28917
32,29135
32,29196
33,85
33,279
33,344
33,785
33,1189
33,1238
33,1447
33,1538
33,1552
33,2588
33,2646
33,2839
33,2958
33,3135
33,3272
33,3432
33,3673
33,3701
33,4143
33,4232
33,4502
33,4819
33,4883
33,4938
33,5297
33,5335
33,5353
33,5423
33,5479
33,5637
33,5671
33,6106
33,6259
33,6434
33,6632
33,6767
33,7098
33,7192
33,7271
33,7393
33,7716
33,8102
33,8344
33,8492
33,8525
33,8713
33,8746
33,9178
33,9652
33,9914
33,10019
33,10199
33,10285
33,10439
33,10684
33,11150
33,11210
33,11236
33,11443
33,11575
33,11682
33,11739
33,12870
33,13014
33,13566
33,13570
33,13683
33,13763
33,13792
33,13923
33,14039
33,14599
33,15493
33,15529
33,15685
33,15954
33,15959
33,16062
33,16299
33,16316
33,16432
33,17071
33,17414
33,17644
33,18292
33,18469
33,18475
33,18845
33,18993
33,19042
33,19499
33,19935
33,20100
33,20366
33,20588
33,20719
33,21292
33,21465
33,22331
33,22348
33,22609
33,22851
33,23328
33,23344
33,23371
33,24324
33,24424
33,24707
33,25147
33,26154
33,26368
33,26562
33,26830
33,26913
33,27314
33,27547
33,27950
33,28420
33,29042
33,29397
33,29414
34,203
34,339
34,694
34,952
34,998
34,1072
34,1080
34,1239
34,1305
34,1324
34,1537
34,1606
34,1783
34,2418
34,2485
34,2517
34,2978
34,3049
34,3083
34,4156
34,4539
34,4939
34,4970
34,5293
34,5539
34,5777
34,6000
34,6120
34,6401
34,6639
34,6857
34,7020
34,7677
34,7966
34,8511
34,9029
34,9135
34,9347
34,10356
34,10619
34,10669
34,11706
34,11966
34,12028
34,12545
34,12865
34,13025
34,13032
34,13224
34,13263
34,13474
34,13727
34,13840
34,13951
34,14031
34,14073
34,14193
34,15192
34,16035
34,16045
34,16916
34,16954
34,17182
34,17475
34,17600
34,17870
34,17968
34,18171
34,18262
34,18742
34,19054
34,19441
34,19922
34,20515
34,20871
34,21395
34,21603
34,22348
34,22570
34,22842
34,22977
34,23274
34,23334
34,23814
34,23856
34,24192
34,24352
34,24730
34,24838
34,25210
34,25995
34,26163
34,27364
34,27976
34,28396
34,28501
34,28565
34,28689
34,28894
34,28928
34,28980
34,29086
34,29287
34,29495
35,131
35,212
35,367
35,507
35,1057
35,1466
35,1701
35,2002
35,2755
35,2988
35,3131
35,3188
35,3400
35,3578
35,3792
35,3847
35,3850
35,4093
35,4233
35,4276
35,5445
35,5624
35,5878
35,6109
35,6529
35,6815
35,6879
35,7221
35,7284
35,7340
35,7396
35,7779
35,7789
35,7930
35,8008
35,8421
35,9000
35,9658
35,9944
35,10062
35,10219
35,10534
35,10849
35,10942
35,11220
35,11591
35,11972
35,12310
35,12529
35,13180
35,13367
35,13665
35,13970
35,14435
35,14707
35,15409
35,15488
35,15803
35,16052
35,16133
35,16170
35,16482
35,16692
35,16756
35,16771
35,17016
35,17576
35,17862
35,18215
35,18381
35,19130
35,19943
35,20246
35,20589
35,20683
35,20731
35,20995
35,21511
35,22212
35,23051
35,23126
35,23194
35,23364
35,23441
35,23751
35,24558
35,24587
35,25659
35,26193
35,26201
35,26283
35,26606
35,26919
35,27076
35,27251
35,27673
35,28081
35,28472
35,29296
35,29399
35,29551
36,394
36,545
36,572
36,590
36,1116
36,1452
36,1516
36,2265
36,2349
36,2427
36,2433
36,2584
36,2749
36,2787
36,3505
36,3605
36,4511
36,4514
36,4625
36,4773
36,5209
36,5399
36,6360
36,6726
36,7234
36,7247
36,7284
36,7363
36,7547
36,8149
36,8167
36,8418
36,8659
36,8774
36,8789
36,9549
36,9590
36,9616
36,9815
36,10107
36,10670
36,10673
36,10783
36,11232
36,11346
36,11372
36,11492
36,11767
36,11769
36,11780
36,11947
36,12159
36,12198
36,12251
36,12416
36,12552
36,13023
36,13508
36,13855
36,13926
36,14556
36,14959
36,15105
36,15146
36,15220
36,15281
36,15320
36,15457
36,15862
36,15986
36,16453
36,17153
36,17489
36,17511
36,18005
36,18710
36,19071
36,19154
36,19335
36,19518
36,19960
36,19966
36,20226
36,20310
36,21099
36,21255
36,21936
36,22437
36,22647
36,23046
36,23426
36,23840
36,23843
36,23943
36,24050
36,24288
36,24355
36,24363
36,24738
36,24999
36,25025
36,25713
36,25799
36,26005
36,26243
36,26332
36,26383
36,26411
36,26439
36,26522
36,26594
36,27166
36,27458
36,27771
36,27796
36,28144
36,28303
36,28310
36,28823
36,28962
36,29210
36,29281
36,29479
36,29536
37,96
37,181
37,259
37,417
37,453
37,567
37,625
37,651
37,922
37,1018
37,1175
37,1332
37,1387
37,1455
37,1465
37,1852
37,2147
37,2166
37,2265
37,2620
37,2878
37,3163
37,3190
37,3486
37,4016
37,4130
37,4215
37,4542
37,4793
37,4814
37,5377
37,5682
37,5876
37,5963
37,5986
37,5998
37,6094
37,6123
37,6190
37,6343
37,6664
37,6722
37,6904
37,6961
37,7494
37,7531
37,7616
37,7954
37,8089
37,8235
37,8333
37,8807
37,8819
37,8982
37,9242
37,9368
37,9371
37,9469
37,10185
37,10223
37,10848
37,10926
37,11204
37,11342
37,11494
37,11778
37,11787
37,11789
37,12007
37,12143
37,12217
37,12338
37,12425
37,12623
37,12653
37,12730
37,12824
37,13044
37,13099
37,13118
37,13222
37,13504
37,13568
37,13787
37,13791
37,14128
37,14140
37,14201
37,14234
37,14450
37,14465
37,14466
37,14616
37,14623
37,14750
37,14854
37,15156
37,15282
37,15496
37,15581
37,15633
37,15714
37,15737
37,15761
37,15996
37,16453
37,16491
37,16568
37,17340
37,17775
37,18334
37,18413
37,18500
37,18576
37,18616
37,18644
37,18838
37,18953
37,19078
37,19210
37,19504
37,19796
37,19934
37,19967
37,19976
37,20032
37,20081
37,20143
37,20345
37,20367
37,20593
37,21109
37,21113
37,21588
37,21663
37,21827
37,21896
37,21920
37,22141
37,22153
37,22782
37,23006
37,23157
37,23282
37,23420
37,23542
37,23902
37,24359
37,25078
37,25159
37,25164
37,25344
37,26147
37,26330
37,26502
37,26605
37,26626
37,26808
37,26838
37,26874
37,27001
37,27077
37,27148
37,27383
37,27408
37,27414
37,27480
37,27751
37,28098
37,28515
37,28552
37,28594
37,29153
37,29161
37,29254
37,29260
37,29298
37,29424
38,74
38,185
38,312
38,402
38,491
38,723
38,730
38,944
38,949
38,953
38,985
38,1016
38,1181
38,1184
38,1342
38,1418
38,1422
38,1487
38,1491
38,1505
38,1518
38,1607
38,1697
38,2045
38,2220
38,2477
38,2482
38,2645
38,3006
38,3341
38,3569
38,3573
38,3581
38,3685
38,3750
38,3916
38,3983
38,4003
38,4323
38,4348
38,4503
38,4661
38,4750
38,4759
38,4771
38,4847
38,5166
38,5285
38,5343
38,5451
38,5495
38,5542
38,5743
38,5807
38,5827
38,5971
38,6173
38,6251
38,6354
38,6396
38,6541
38,6779
38,6836
38,6869
38,6886
38,7099
38,7124
38,7180
38,7367
38,7387
38,7461
38,7626
38,7701
38,7806
38,7828
38,7921
38,8065
38,8179
38,8368
38,8451
38,8634
38,8680
38,8721
38,8818
38,8848
38,8853
38,8998
38,9028
38,9127
38,9168
38,9250
38,9372
38,9448
38,9483
38,9711
38,9785
38,9799
38,10038
38,10062
38,10118
38,10138
38,10226
38,10257
38,10329
38,10381
38,10421
38,10429
38,10484
38,10631
38,10733
38,10787
38,10865
38,10952
38,11098
38,11249
38,11259
38,11328
38,11431
38,12149
38,12247
38,12268
38,12279
38,12340
38,12618
38,12647
38,12711
38,12976
38,13077
38,13104
38,13123
38,13157
38,13267
38,13269
38,13283
38,13485
38,13648
38,13688
38,13925
38,13980
38,13982
38,13983
38,14049
38,14063
38,14130
38,14196
38,14816
38,14838
38,14867
38,15003
38,15036
38,15104
38,15378
38,15402
38,15563
38,15602
38,15674
38,15799
38,15871
38,16079
38,16102
38,16172
38,16184
38,16303
38,16334
38,16485
38,16502
38,16594
38,16606
38,16710
38,16810
38,16859
38,16871
38,16962
38,16971
38,17149
38,17242
38,17300
38,17327
38,17348
38,17384
38,17394
38,17403
38,17457
38,17486
38,17517
38,17544
38,17562
38,17584
38,17720
38,17785
38,17963
38,18061
38,18166
38,18663
38,18982
38,19047
38,19048
38,19117
38,19168
38,19377
38,19655
38,19701
38,19926
38,20023
38,20190
38,20238
38,20272
38,20334
38,20377
38,20438
38,20594
38,20601
38,20620
38,20972
38,21025
38,21103
38,21106
38,21367
38,21382
38,21403
38,21406
38,21471
38,21690
38,21756
38,21835
38,21877
38,21914
38,21976
38,22095
38,22252
38,22454
38,22455
38,22539
38,22578
38,22877
38,23435
38,23562
38,23564
38,23783
38,23939
38,24100
38,24101
38,24126
38,24394
38,24535
38,24611
38,24662
38,24831
38,24870
38,24924
38,24950
38,25099
38,25143
38,25321
38,25515
38,25528
38,25645
38,25835
38,25879
38,26166
38,26186
38,26223
38,26244
38,26353
38,26382
38,26403
38,26516
38,26563
38,26661
38,26664
38,26727
38,26809
38,26849
38,27102
38,27312
38,27925
38,27944
38,28199
38,28228
38,28236
38,28340
38,28379
38,28502
38,28506
38,28534
38,28749
38,29084
38,29168
38,29219
38,29337
38,29342
38,29476
38,29509
39,58
39,89
39,100
39,146
39,216
39,231
39,288
39,307
39,394
39,500
39,602
39,632
39,680
39,703
39,822
39,911
39,965
39,1056
39,1059
39,1161
39,1381
39,1430
39,1631
39,1649
39,1896
39,1968
39,2015
39,2055
39,2318
39,2373
39,2387
39,2560
39,2563
39,2568
39,2596
39,3011
39,3023
39,3233
39,3382
39,3590
39,3605
39,3837
39,4287
39,4304
39,4325
39,4398
39,4503
39,4510
39,4623
39,4641
39,4651
39,4660
39,4921
39,5007
39,5034
39,5043
39,5078
39,5086
39,5117
39,5250
39,5411
39,5501
39,5571
39,5625
39,5842
39,5880
39,6066
39,6069
39,6130
39,6171
39,6242
39,6335
39,6369
39,6376
39,6469
39,6716
39,6746
39,6920
39,6922
39,6984
39,7044
39,7182
39,7225
39,7285
39,7297
39,7432
39,7478
39,7483
39,7554
39,7576
39,7954
39,7959
39,7980
39,7992
39,8008
39,8104
39,8300
39,8301
39,8412
39,8732
39,8738
39,8822
39,8857
39,8975
39,9027
39,9030
39,9231
39,9273
39,9303
39,9464
39,9495
39,9541
39,9581
39,9646
39,9717
39,9792
39,10000
39,10008
39,10026
39,10234
39,10254
39,10311
39,10520
39,10524
39,10546
39,10740
39,10744
39,10770
39,10798
39,10808
39,10871
39,11037
39,11197
39,11395
39,11522
39,11623
39,11750
39,11755
39,11911
39,11923
39,12002
39,12067
39,12173
39,12258
39,12329
39,12349
39,12443
39,12521
39,12604
39,12607
39,12645
39,12865
39,12918
39,12996
39,13035
39,13063
39,13292
39,13303
39,13306
39,13399
39,13436
39,13487
39,13508
39,13532
39,13544
39,13581
39,13671
39,13692
39,13891
39,13897
39,14086
39,14088
39,14222
39,14264
39,14318
39,14417
39,14508
39,14696
39,14720
39,14985
39,15002
39,15013
39,15114
39,15156
39,15325
39,15413
39,15435
39,15469
39,15542
39,15560
39,15638
39,15790
39,15840
39,16249
39,16322
39,16414
39,16533
39,16550
39,16562
39,16621
39,16929
39,17086
39,17102
39,17874
39,17963
39,18239
39,18278
39,18475
39,18822
39,18863
39,18882
39,18918
39,18980
39,19246
39,19297
39,19369
39,19427
39,19544
39,19753
39,19777
39,19924
39,19965
39,20094
39,20158
39,20175
39,20256
39,20383
39,20419
39,20521
39,20587
39,20743
39,21053
39,21257
39,21261
39,21555
39,21587
39,21593
39,21609
39,21805
39,21888
39,22083
39,22105
39,22280
39,22431
39,22452
39,22772
39,22840
39,22940
39,22957
39,22961
39,22966
39,23127
39,23261
39,23294
39,23391
39,23532
39,23574
39,23605
39,23919
39,24036
39,24065
39,24223
39,24277
39,24419
39,24537
39,24740
39,24787
39,24959
39,24960
39,25140
39,25187
39,25211
39,25542
39,25548
39,25563
39,25692
39,25729
39,25807
39,25822
39,26269
39,26324
39,26349
39,26520
39,26694
39,26705
39,26744
39,26766
39,26808
39,26896
39,27342
39,27353
39,27466
39,27490
39,27641
39,27684
39,27720
39,27926
39,27956
39,28039
39,28187
39,28341
39,28345
39,28370
39,28422
39,28456
39,28540
39,28660
39,28680
39,28875
39,28884
39,28891
39,28968
39,29048
39,29063
39,29184
39,29190
39,29280
39,29295
39,29358
39,29374
40,48
40,68
40,158
40,267
40,293
40,327
40,341
40,376
40,426
40,591
40,636
40,754
40,765
40,793
40,1075
40,1205
40,1249
40,1288
40,1384
40,1515
40,1599
40,1649
40,1927
40,1961
40,2066
40,2079
40,2148
40,2452
40,2480
40,2520
40,2949
40,3236
40,3243
40,3247
40,3319
40,3406
40,3495
40,3509
40,3557
40,3868
40,3912
40,3922
40,3972
40,3989
40,4020
40,4058
40,4281
40,4317
40,4483
40,4508
40,4655
40,4789
40,4850
40,4971
40,5086
40,5089
40,5284
40,5577
40,5582
40,5650
40,5660
40,5708
40,5830
40,5941
40,6112
40,6157
40,6290
40,6328
40,6409
40,6626
40,6666
40,6953
40,7110
40,7254
40,7311
40,7331
40,7456
40,7494
40,7512
40,7515
40,7535
40,7575
40,7710
40,7732
40,7754
40,7832
40,7871
40,8042
40,8102
40,8192
40,8209
40,8338
40,8499
40,8533
40,8535
40,8791
40,8793
40,8946
40,9094
40,9586
40,9609
40,9944
40,9963
40,10133
40,10222
40,10299
40,10303
40,10417
40,10702
40,10793
40,10861
40,11018
40,11105
40,11252
40,11423
40,11479
40,11486
40,11756
40,11822
40,11838
40,11954
40,12032
40,12083
40,12153
40,12268
40,12387
40,12512
40,12721
40,12740
40,12885
40,12889
40,12909
40,12931
40,12941
40,13012
40,13045
40,13148
40,13156
40,13435
40,13617
40,13931
40,14009
40,14521
40,14701
40,14739
40,15028
40,15134
40,15153
40,15442
40,15649
40,15722
40,15903
40,15993
40,16072
40,16192
40,16255
40,16353
40,16367
40,16557
40,16720
40,16857
40,17259
40,17295
40,17463
40,17468
40,17484
40,17606
40,17652
40,17726
40,17738
40,17745
40,17821
40,18073
40,18206
40,18444
40,18512
40,18576
40,18832
40,18946
40,18962
40,18996
40,19013
40,19061
40,19068
40,19089
40,19210
40,19231
40,19379
40,19447
40,19521
40,19579
40,19679
40,19759
40,19792
40,19911
40,19940
40,20043
40,20114
40,20118
40,20186
40,20212
40,20221
40,20247
40,20366
40,20409
40,20716
40,20749
40,20779
40,20783
40,20788
40,20847
40,20895
40,20963
40,20981
40,21031
40,21036
40,21087
40,21241
40,21567
40,21588
40,21707
40,21822
40,21848
40,22006
40,22020
40,22076
40,22159
40,22286
40,22336
40,22352
40,22444
40,22494
40,22498
40,22602
40,22609
40,22845
40,23033
40,23228
40,23304
40,23429
40,23442
40,23453
40,23456
40,23461
40,23549
40,23635
40,23720
40,23820
40,23826
40,23845
40,23969
40,23998
40,24039
40,24045
40,24161
40,24366
40,24562
40,24654
40,24676
40,24707
40,24803
40,24819
40,24985
40,25233
40,25340
40,25365
40,25372
40,25441
40,25448
40,25474
40,25571
40,25691
40,26288
40,26341
40,26376
40,26429
40,26515
40,26553
40,26691
40,26706
40,26725
40,26776
40,26983
40,27005
40,27177
40,27266
40,27411
40,27444
40,27617
40,27964
40,27982
40,27998
40,28122
40,28149
40,28166
40,28175
40,28185
40,28228
40,28235
40,28239
40,28284
40,28732
40,28842
40,28936
40,29068
40,29248
40,29313
40,29395
40,29431
40,29475
40,29497
41,58
41,92
41,125
41,145
41,357
41,536
41,584
41,816
41,1429
41,1447
41,1449
41,1504
41,1647
41,1926
41,1928
41,2296
41,2347
41,2401
41,2427
41,2544
41,2632
41,2693
41,3144
41,3160
41,3221
41,3332
41,3343
41,3539
41,3708
41,3728
41,3740
41,3860
41,4022
41,4061
41,4158
41,4201
41,4209
41,4578
41,4600
41,4657
41,4836
41,4882
41,5060
41,5140
41,5248
41,5366
41,5383
41,5563
41,5641
41,5642
41,5681
41,5824
41,6044
41,6111
41,6136
41,6216
41,6321
41,6809
41,6987
41,7027
41,7064
41,7110
41,7261
41,7402
41,7495
41,7588
41,7614
41,7722
41,7724
41,7819
41,7876
41,7892
41,8038
41,8215
41,8281
41,8390
41,8438
41,8507
41,8573
41,8674
41,8707
41,8898
41,8965
41,9017
41,9273
41,9301
41,9312
41,9329
41,9454
41,9538
41,9652
41,9706
41,9725
41,9873
41,10005
41,10220
41,10402
41,10473
41,10577
41,10601
41,10613
41,10717
41,10758
41,11129
41,11207
41,11275
41,11432
41,11627
41,11669
41,12127
41,12185
41,12227
41,12790
41,13073
41,13171
41,13240
41,13333
41,13458
41,13638
41,13781
41,13795
41,13981
41,14002
41,14152
41,14178
41,14303
41,14426
41,14477
41,14549
41,14644
41,14662
41,14715
41,14766
41,14788
41,14839
41,14937
41,15156
41,15159
41,15170
41,15369
41,15409
41,15419
41,15546
41,15989
41,16056
41,16074
41,16103
41,16263
41,16438
41,16534
41,16577
41,16782
41,16794
41,16796
41,17074
41,17118
41,17167
41,17254
41,17313
41,17385
41,17391
41,18006
41,18049
41,18052
41,18075
41,18080
41,18108
41,18147
41,18242
41,18356
41,18360
41,18501
41,18567
41,18728
41,19071
41,19313
41,19429
41,19463
41,19612
41,19628
41,19837
41,19873
41,19909
41,20010
41,20250
41,20323
41,20366
41,20478
41,20520
41,20634
41,20752
41,20809
41,20836
41,21419
41,21516
41,21585
41,21602
41,21691
41,21810
41,21818
41,21897
41,21971
41,21989
41,22062
41,22072
41,22136
41,22283
41,22328
41,22420
41,22444
41,22690
41,22814
41,22888
41,23134
41,23184
41,23221
41,23275
41,23320
41,23360
41,23383
41,23448
41,23506
41,23566
41,23705
41,23719
41,23753
41,23917
41,24222
41,24256
41,24322
41,24336
41,24494
41,24628
41,24629
41,24631
41,24721
41,25003
41,25070
41,25158
41,25348
41,25380
41,25546
41,25616
41,25684
41,25781
41,25954
41,26006
41,26201
41,26241
41,26452
41,26464
41,26525
41,26573
41,26674
41,26707
41,26729
41,26775
41,26778
41,26849
41,26893
41,26929
41,27092
41,27111
41,27156
41,27284
41,27364
41,27573
41,27624
41,27697
41,27761
41,27815
41,27865
41,27952
41,28088
41,28244
41,28302
41,28335
41,28429
41,28436
41,28441
41,28458
41,28537
41,28676
41,28910
41,28992
41,29115
41,29298
42,155
42,207
42,275
42,350
42,675
42,727
42,751
42,863
42,1288
42,1304
42,1322
42,1336
42,1364
42,1590
42,1715
42,1897
42,2100
42,2138
42,2546
42,2649
42,2957
42,3547
42,3720
42,3758
42,3826
42,3871
42,3878
42,3922
42,4105
42,4254
42,4306
42,4314
42,4429
42,4466
42,4514
42,4815
42,4919
42,5001
42,5035
42,5075
42,5087
42,5145
42,5194
42,5466
42,5547
42,5562
42,5724
42,5741
42,5796
42,5823
42,5849
42,6000
42,6083
42,6104
42,6108
42,6113
42,6155
42,6514
42,6565
42,6624
42,6633
42,6705
42,6724
42,6808
42,6858
42,6948
42,7003
42,7244
42,7264
42,7427
42,7447
42,7526
42,7701
42,7882
42,7890
42,8021
42,8348
42,8500
42,8509
42,8661
42,8694
42,8807
42,9183
42,9245
42,9280
42,9311
42,9394
42,9505
42,9515
42,9563
42,9621
42,9790
42,9793
42,9796
42,9869
42,9889
42,9899
42,10177
42,10306
42,10315
42,10360
42,10380
42,10402
42,10492
42,10795
42,10868
42,11036
42,11106
42,11154
42,11178
42,11210
42,11747
42,12024
42,12037
42,12117
42,12163
42,12256
42,12411
42,12437
42,12685
42,12705
42,12732
42,12823
42,12852
42,12963
42,12971
42,13018
42,13069
42,13127
42,13161
42,13172
42,13201
42,13224
42,13247
42,13650
42,13690
42,13719
42,13739
42,13979
42,13982
42,14162
42,14225
42,14233
42,14262
42,14675
42,14917
42,14949
42,14960
42,15045
42,15194
42,15204
42,15339
42,15432
42,15517
42,15660
42,15699
42,15764
42,15880
42,15901
42,15949
42,16009
42,16242
42,16341
42,16368
42,16390
42,16491
42,16763
42,16903
42,17037
42,17095
42,17098
42,17295
42,17323
42,17577
42,17676
42,17716
42,17871
42,17929
42,17944
42,17996
42,18046
42,18090
42,18184
42,18246
42,18271
42,18507
42,18550
42,18556
42,18602
42,18734
42,18818
42,18823
42,18906
42,19037
42,19106
42,19109
42,19229
42,19409
42,19570
42,19638
42,19680
42,19733
42,19795
42,19797
42,19852
42,19948
42,20032
42,20115
42,20477
42,20543
42,20591
42,20607
42,20633
42,20688
42,20711
42,20777
42,20809
42,20891
42,21279
42,21367
42,21380
42,21387
42,21403
42,21517
42,21650
42,21895
42,22011
42,22236
42,22259
42,22332
42,22361
42,22627
42,22722
42,22726
42,22780
42,22951
42,23215
42,23247
42,23296
42,23369
42,23415
42,23575
42,23725
42,23781
42,23953
42,24054
42,24185
42,24186
42,24226
42,24429
42,24510
42,24614
42,24709
42,24720
42,25018
42,25097
42,25165
42,25211
42,25262
42,25271
42,25479
42,25529
42,25977
42,25990
42,25992
42,26061
42,26091
42,26109
42,26133
42,26147
42,26183
42,26213
42,26302
42,26334
42,26352
42,26441
42,26458
42,26549
42,26738
42,26748
42,26753
42,26908
42,26952
42,26956
42,26983
42,27072
42,27131
42,27143
42,27286
42,27292
42,27355
42,27383
42,27516
42,27681
42,27814
42,27835
42,27914
42,27922
42,27924
42,27980
42,28028
42,28044
42,28173
42,28213
42,28257
42,28348
42,28599
42,28632
42,28811
42,28827
42,28859
42,28892
42,28966
42,29179
42,29462
42,29464
42,29498
42,29514
42,29561
43,47
43,122
43,233
43,331
43,342
43,346
43,479
43,540
43,632
43,791
43,813
43,1035
43,1093
43,1205
43,1297
43,1412
43,1473
43,1542
43,1589
43,1645
43,1788
43,1819
43,1945
43,1956
43,1961
43,1990
43,2187
43,2353
43,2397
43,2491
43,2572
43,2758
43,2778
43,2866
43,3117
43,3139
43,3187
43,3193
43,3246
43,3267
43,3425
43,3677
43,3765
43,3844
43,3880
43,4013
43,4212
43,4277
43,4412
43,4766
43,4966
43,4989
43,5077
43,5258
43,5291
43,5341
43,5404
43,5495
43,5559
43,5611
43,5779
43,5788
43,5793
43,5918
43,5921
43,5949
43,6055
43,6093
43,6250
43,6322
43,6470
43,6587
43,6884
43,7071
43,7076
43,7247
43,7260
43,7293
43,7541
43,7644
43,7689
43,7736
43,7858
43,7859
43,7921
43,8031
43,8072
43,8177
43,8407
43,8541
43,8560
43,8565
43,8647
43,8737
43,8888
43,9107
43,9210
43,9221
43,9273
43,9275
43,9710
43,9755
43,9773
43,9777
43,9814
43,9929
43,10007
43,10099
43,10104
43,10261
43,10665
43,10667
43,10753
43,10800
43,10941
43,10953
43,11016
43,11041
43,11236
43,11336
43,11359
43,11659
43,11703
43,11707
43,11720
43,11779
43,11957
43,12034
43,12048
43,12168
43,12279
43,12507
43,12530
43,12640
43,12679
43,12978
43,12993
43,13042
43,13068
43,13107
43,13299
43,13394
43,13685
43,13707
43,14141
43,14202
43,14359
43,14451
43,14488
43,14511
43,14597
43,14687
43,14751
43,14799
43,14833
43,14951
43,15098
43,15201
43,15275
43,15319
43,15470
43,15518
43,15532
43,15597
43,15603
43,15740
43,15777
43,15835
43,15868
43,15874
43,15973
43,16022
43,16423
43,16477
43,16538
43,16745
43,16906
43,17189
43,17395
43,17475
43,17573
43,17656
43,17810
43,17821
43,17823
43,18018
43,18024
43,18115
43,18118
43,18192
43,18218
43,18260
43,18404
43,18407
43,18458
43,18463
43,18478
43,18538
43,18645
43,18823
43,18965
43,19008
43,19020
43,19081
43,19300
43,19525
43,19528
43,19581
43,19618
43,19740
43,19771
43,19866
43,19929
43,20133
43,20222
43,20234
43,20269
43,20277
43,20416
43,20461
43,20490
43,20494
43,20564
43,20608
43,20641
43,20748
43,20761
43,20791
43,20802
43,21047
43,21067
43,21203
43,21219
43,21226
43,21271
43,21284
43,21517
43,21557
43,21666
43,21762
43,21784
43,21819
43,21899
43,22017
43,22060
43,22223
43,22254
43,22348
43,22419
43,22433
43,22485
43,22560
43,22761
43,22880
43,22926
43,23068
43,23081
43,23145
43,23260
43,23276
43,23319
43,23385
43,23547
43,23625
43,23812
43,23854
43,23884
43,23891
43,23901
43,23905
43,23960
43,24116
43,24123
43,24151
43,24254
43,24367
43,24385
43,24430
43,24654
43,24714
43,24795
43,24847
43,24906
43,25003
43,25020
43,25210
43,25373
43,25621
43,25643
43,25661
43,25824
43,25875
43,26081
43,26114
43,26187
43,26192
43,26205
43,26221
43,26242
43,26353
43,26444
43,26580
43,26723
43,26744
43,26793
43,26811
43,26820
43,26930
43,26954
43,27004
43,27005
43,27038
43,27041
43,27082
43,27123
43,27130
43,27258
43,27289
43,27350
43,27432
43,27487
43,27628
43,27661
43,27889
43,27935
43,28207
43,28219
43,28292
43,28295
43,28341
43,28572
43,28605
43,28616
43,28685
43,28717
43,28965
43,29016
43,29113
43,29237
43,29372
43,29508
43,29524
44,502
44,696
44,747
44,841
44,871
44,894
44,919
44,931
44,1013
44,1290
44,1413
44,1483
44,1718
44,1835
44,1876
44,1890
44,1966
44,2056
44,2149
44,2218
44,2470
44,2579
44,2693
44,2767
44,2791
44,3318
44,3343
44,3357
44,3411
44,3810
44,3826
44,3960
44,3974
44,4248
44,4406
44,4464
44,4520
44,4744
44,5104
44,5136
44,5244
44,5277
44,5420
44,5439
44,5892
44,6352
44,6698
44,6796
44,6881
44,6898
44,6928
44,7042
44,7045
44,7206
44,7219
44,7285
44,7568
44,7886
44,7887
44,8009
44,8014
44,8230
44,8455
44,8638
44,8704
44,9128
44,9147
44,9268
44,9420
44,9475
44,9695
44,10104
44,10320
44,10798
44,10815
44,10833
44,10932
44,10979
44,11036
44,11184
44,11262
44,11395
44,11653
44,11872
44,11933
44,12032
44,12043
44,12083
44,12152
44,12180
44,12336
44,12443
44,12446
44,12572
44,12647
44,12975
44,13167
44,13346
44,13549
44,13552
44,13739
44,13749
44,13759
44,13892
44,14057
44,14162
44,14220
44,14537
44,14609
44,14624
44,14854
44,14860
44,14888
44,14906
44,15059
44,15103
44,15109
44,15286
44,15358
44,15568
44,15631
44,15877
44,15972
44,15979
44,16018
44,16217
44,16286
44,16326
44,16671
44,16774
44,17111
44,17172
44,17203
44,17225
44,17307
44,17417
44,17424
44,17457
44,17520
44,17587
44,17609
44,17796
44,17874
44,17923
44,18085
44,18184
44,18189
44,18273
44,18423
44,18499
44,18881
44,18900
44,19063
44,19240
44,19470
44,19594
44,19686
44,19704
44,19707
44,19812
44,19995
44,20065
44,20224
44,20243
44,20260
44,20334
44,20349
44,20447
44,20449
44,20531
44,20752
44,21011
44,21079
44,21185
44,21253
44,21267
44,21356
44,21392
44,21407
44,21480
44,21495
44,21771
44,21877
44,21978
44,22067
44,22135
44,22138
44,22197
44,22395
44,22566
44,22690
44,22719
44,22845
44,22933
44,22981
44,22985
44,23014
44,23204
44,23270
44,23522
44,23533
44,23757
44,23827
44,23842
44,23847
44,24076
44,24219
44,24257
44,24430
44,24489
44,24595
44,24607
44,24674
44,24980
44,25803
44,25972
44,26002
44,26021
44,26141
44,26214
44,26232
44,26740
44,26747
44,26873
44,26908
44,27050
44,27262
44,27306
44,27350
44,27524
44,27561
44,27591
44,27925
44,28088
44,28092
44,28328
44,28372
44,28409
44,28475
44,28481
44,28702
44,28827
44,28969
44,28981
44,29081
44,29132
44,29171
44,29194
44,29237
44,29457
44,29468
44,29510
45,27
45,148
45,234
45,252
45,639
45,738
45,742
45,779
45,1068
45,1109
45,1153
45,1157
45,1522
45,1611
45,1810
45,2009
45,2026
45,2124
45,2400
45,2558
45,2599
45,2711
45,2910
45,2966
45,3137
45,3184
45,3369
45,3482
45,3577
45,3620
45,3671
45,4110
45,4201
45,4248
45,4548
45,4588
45,4619
45,4634
45,4665
45,4923
45,5195
45,5634
45,5980
45,5998
45,6081
45,6085
45,6219
45,6232
45,6267
45,6617
45,6817
45,6920
45,7010
45,7171
45,7306
45,7413
45,7590
45,7982
45,8156
45,8262
45,8333
45,8489
45,8653
45,8662
45,8726
45,9077
45,9227
45,9317
45,9714
45,9765
45,9776
45,9790
45,9832
45,9909
45,10000
45,10116
45,10200
45,10217
45,10248
45,10254
45,10473
45,11040
45,11092
45,11111
45,11235
45,11315
45,11322
45,11601
45,11700
45,12233
45,12299
45,12328
45,12411
45,12428
45,12479
45,12521
45,12641
45,12672
45,12844
45,13126
45,13200
45,13219
45,13224
45,13326
45,13346
45,13711
45,13746
45,13758
45,14101
45,14272
45,14468
45,14643
45,14889
45,14901
45,14946
45,15010
45,15047
45,15153
45,15366
45,15401
45,15487
45,15497
45,15762
45,16066
45,16107
45,16177
45,16262
45,16300
45,16925
45,17007
45,17069
45,17496
45,17701
45,17813
45,17819
45,17841
45,18083
45,18286
45,18406
45,18409
45,18412
45,18413
45,18539
45,18761
45,18809
45,18832
45,18851
45,19541
45,19641
45,19780
45,19802
45,20015
45,20090
45,20225
45,20528
45,20637
45,20885
45,20915
45,21008
45,21333
45,21345
45,21488
45,21874
45,22188
45,22346
45,22365
45,22413
45,22479
45,22622
45,22653
45,22797
45,22860
45,23236
45,23254
45,23265
45,23376
45,23420
45,23536
45,23654
45,23691
45,23810
45,24092
45,24148
45,24592
45,24669
45,24767
45,24928
45,25043
45,25123
45,25360
45,25406
45,25658
45,26306
45,26493
45,26652
45,26670
45,26724
45,26987
45,27112
45,27213
45,27230
45,27380
45,27541
45,27741
45,28072
45,28087
45,28092
45,28200
45,28238
45,28284
45,28597
45,28621
45,28634
45,28658
45,28678
45,28700
45,28963
45,29054
45,29209
45,29223
45,29274
45,29309
45,29540
46,21
46,46
46,91
46,129
46,177
46,420
46,464
46,593
46,713
46,1080
46,1095
46,1373
46,1707
46,1954
46,1964
46,2027
46,2104
46,2113
46,2147
46,2400
46,2678
46,2745
46,2788
46,3121
46,3387
46,3576
46,3646
46,3764
46,3875
46,3930
46,4024
46,4033
46,4040
46,4090
46,4307
46,4411
46,4691
46,4745
46,4919
46,5083
46,5256
46,5602
46,5939
46,6045
46,6053
46,6204
46,6419
46,6434
46,6620
46,6806
46,6915
46,6935
46,7027
46,7242
46,7516
46,7585
46,7588
46,8055
46,8070
46,8195
46,8330
46,8747
46,8814
46,8871
46,8978
46,8987
46,9096
46,9127
46,9134
46,9425
46,9533
46,9589
46,9634
46,10027
46,10071
46,10542
46,10573
46,10585
46,10641
46,10650
46,10775
46,10864
46,11116
46,11178
46,11338
46,11514
46,11570
46,11722
46,12228
46,12323
46,12367
46,12376
46,12489
46,12516
46,12780
46,12793
46,12839
46,12998
46,13014
46,13188
46,13266
46,13608
46,13744
46,13881
46,13968
46,14053
46,14139
46,14357
46,14525
46,14659
46,14681
46,14842
46,15098
46,15442
46,15572
46,15590
46,15656
46,15686
46,16040
46,16344
46,16926
46,16999
46,17128
46,17241
46,17274
46,17319
46,17340
46,17379
46,17663
46,17674
46,17731
46,17818
46,17957
46,17962
46,18032
46,18090
46,18099
46,18167
46,18300
46,18416
46,18775
46,18794
46,18797
46,18949
46,19111
46,19190
46,19328
46,19376
46,19436
46,19546
46,19578
46,19592
46,19611
46,19761
46,19871
46,19905
46,19973
46,20014
46,20065
46,20124
46,20175
46,20273
46,20353
46,20394
46,20461
46,20680
46,20821
46,20963
46,21017
46,21111
46,21172
46,21185
46,21207
46,21220
46,21290
46,21978
46,22075
46,22101
46,22237
46,22396
46,22535
46,22641
46,22888
46,22910
46,22951
46,23334
46,23585
46,23762
46,23805
46,23834
46,23837
46,23985
46,24153
46,24322
46,24427
46,24464
46,24647
46,25015
46,25050
46,25204
46,25275
46,25315
46,25532
46,25574
46,25586
46,25788
46,25931
46,26242
46,26365
46,26404
46,26471
46,26473
46,26481
46,26634
46,26653
46,26910
46,26993
46,27093
46,27154
46,27449
46,27582
46,27742
46,28029
46,28054
46,28174
46,28260
46,28405
46,28423
46,28484
46,28663
46,28765
46,28789
46,28934
46,29071
46,29096
46,29139
46,29227
46,29261
46,29455
47,124
47,358
47,366
47,427
47,772
47,814
47,1088
47,1210
47,1275
47,1290
47,1339
47,1342
47,1354
47,1387
47,1395
47,1458
47,1526
47,1566
47,1619
47,1723
47,1814
47,1952
47,2164
47,2257
47,2377
47,2506
47,2535
47,2623
47,2648
47,2667
47,2756
47,2783
47,2784
47,2872
47,2891
47,2913
47,3018
47,3124
47,3328
47,3339
47,3486
47,3559
47,3816
47,3887
47,4185
47,4242
47,4366
47,4425
47,4587
47,4836
47,4840
47,4883
47,5086
47,5166
47,5250
47,5397
47,5399
47,5471
47,5681
47,5694
47,5698
47,5767
47,5809
47,5820
47,5893
47,5906
47,5967
47,5969
47,6027
47,6155
47,6166
47,6216
47,6346
47,6430
47,6554
47,6596
47,6631
47,6769
47,6810
47,6893
47,6968
47,7079
47,7133
47,7364
47,7379
47,7559
47,7723
47,7922
47,7999
47,8026
47,8246
47,8345
47,8497
47,8509
47,8764
47,8931
47,8948
47,9039
47,9045
47,9096
47,9108
47,9187
47,9318
47,9571
47,9573
47,9755
47,9817
47,9854
47,10043
47,10051
47,10163
47,10245
47,10288
47,10428
47,10457
47,10468
47,10502
47,10506
47,10601
47,10764
47,10860
47,11069
47,11175
47,11300
47,11351
47,11523
47,11561
47,11569
47,11666
47,11678
47,11685
47,11699
47,11747
47,11803
47,12185
47,12187
47,12192
47,12235
47,12253
47,12386
47,12450
47,12539
47,12555
47,12618
47,13017
47,13023
47,13036
47,13180
47,13183
47,13210
47,13253
47,13374
47,13378
47,13494
47,13619
47,13777
47,13821
47,13827
47,13884
47,14085
47,14098
47,14240
47,14442
47,14450
47,14457
47,14671
47,14865
47,14934
47,15053
47,15056
47,15126
47,15441
47,15584
47,15991
47,16299
47,16314
47,16371
47,16498
47,16549
47,16565
47,16614
47,16768
47,16801
47,16911
47,16985
47,17064
47,17229
47,17355
47,17419
47,17526
47,17692
47,17780
47,17817
47,17885
47,17911
47,18063
47,18213
47,18215
47,18288
47,18302
47,18409
47,18440
47,18485
47,18750
47,18838
47,19086
47,19112
47,19115
47,19148
47,19182
47,19301
47,19412
47,19461
47,19575
47,19599
47,19823
47,20080
47,20109
47,20159
47,20456
47,20865
47,21015
47,21049
47,21082
47,21142
47,21586
47,21593
47,21831
47,21890
47,21917
47,21955
47,22048
47,22161
47,22214
47,22221
47,22363
47,22444
47,22544
47,22901
47,22971
47,22988
47,23156
47,23261
47,23288
47,23309
47,23619
47,23824
47,23849
47,23871
47,23959
47,24161
47,24249
47,24334
47,24395
47,24411
47,24446
47,24611
47,24660
47,24765
47,24954
47,24979
47,24989
47,25282
47,25457
47,25481
47,25487
47,25502
47,25535
47,25616
47,25838
47,25882
47,26199
47,26347
47,26356
47,26575
47,26772
47,26773
47,26837
47,26965
47,26986
47,27030
47,27051
47,27188
47,27233
47,27306
47,27336
47,27478
47,27654
47,27816
47,27901
47,27985
47,27986
47,28025
47,28189
47,28376
47,28391
47,28456
47,28466
47,28501
47,28633
47,28678
47,28849
47,28909
47,29070
47,29192
47,29272
47,29410
47,29477
47,29517
48,154
48,286
48,306
48,308
48,318
48,331
48,397
48,449
48,488
48,490
48,505
48,724
48,751
48,813
48,847
48,854
48,912
48,913
48,942
48,958
48,985
48,1023
48,1025
48,1028
48,1049
48,1088
48,1378
48,1406
48,1456
48,1459
48,1486
48,1516
48,1529
48,1583
48,1626
48,1647
48,1707
48,1816
48,1862
48,1965
48,2106
48,2146
48,2191
48,2358
48,2379
48,2381
48,2617
48,2647
48,2660
48,2678
48,2721
48,2743
48,2803
48,2823
48,2851
48,2884
48,2950
48,3022
48,3122
48,3205
48,3242
48,3337
48,3345
48,3381
48,3487
48,3573
48,3605
48,3693
48,3861
48,3878
48,3882
48,3961
48,4021
48,4050
48,4150
48,4355
48,4356
48,4591
48,4626
48,4642
48,4658
48,4929
48,4933
48,5074
48,5101
48,5116
48,5133
48,5198
48,5200
48,5363
48,5523
48,5560
48,5564
48,5591
48,5625
48,5905
48,6018
48,6030
48,6045
48,6258
48,6400
48,6452
48,6637
48,6641
48,6650
48,6697
48,6744
48,6754
48,6795
48,6847
48,6910
48,6922
48,6939
48,7028
48,7073
48,7147
48,7275
48,7280
48,7308
48,7316
48,7435
48,7456
48,7476
48,7482
48,7521
48,7526
48,7533
48,7672
48,7682
48,7697
48,7847
48,7976
48,8049
48,8205
48,8267
48,8288
48,8336
48,8430
48,8489
48,8490
48,8507
48,8675
48,8853
48,8999
48,9023
48,9264
48,9360
48,9366
48,9486
48,9561
48,9589
48,9636
48,9713
48,9743
48,9823
48,9923
48,9953
48,10133
48,10165
48,10250
48,10595
48,10648
48,10679
48,10729
48,10965
48,10988
48,11138
48,11171
48,11214
48,11461
48,11497
48,11581
48,11608
48,11618
48,11689
48,11734
48,11752
48,11754
48,11805
48,11951
48,11986
48,11998
48,12005
48,12128
48,12182
48,12198
48,12281
48,12351
48,12400
48,12453
48,12557
48,12622
48,12627
48,12667
48,12692
48,12722
48,12745
48,12765
48,12844
48,13006
48,13016
48,13107
48,13162
48,13187
48,13218
48,13231
48,13460
48,13506
48,13530
48,13543
48,13706
48,13707
48,13728
48,13860
48,13897
48,14039
48,14157
48,14228
48,14303
48,14314
48,14564
48,14579
48,14592
48,14658
48,14710
48,14735
48,14736
48,14860
48,15452
48,15490
48,15601
48,15608
48,15658
48,15713
48,15748
48,15802
48,15891
48,15904
48,15906
48,16044
48,16052
48,16055
48,16133
48,16184
48,16195
48,16199
48,16332
48,16485
48,16513
48,16612
48,16625
48,16667
48,16786
48,17073
48,17094
48,17237
48,17343
48,17422
48,17464
48,17488
48,17629
48,17764
48,17816
48,17886
48,17966
48,18032
48,18173
48,18217
48,18233
48,18247
48,18387
48,18426
48,18481
48,18578
48,18764
48,18908
48,18991
48,19010
48,19041
48,19109
48,19111
48,19181
48,19204
48,19313
48,19391
48,19565
48,19587
48,19594
48,19600
48,19603
48,19630
48,19642
48,19743
48,19749
48,19760
48,19799
48,19981
48,20032
48,20070
48,20072
48,20089
48,20247
48,20295
48,20308
48,20321
48,20345
48,20388
48,20514
48,20588
48,20683
48,20851
48,21030
48,21064
48,21073
48,21126
48,21183
48,21223
48,21289
48,21320
48,21333
48,21468
48,21470
48,21526
48,21561
48,21572
48,21697
48,21810
48,21983
48,22052
48,22208
48,22340
48,22342
48,22405
48,22424
48,22459
48,22620
48,22644
48,22689
48,22741
48,22744
48,22785
48,22917
48,22976
48,22987
48,23018
48,23132
48,23158
48,23178
48,23208
48,23211
48,23247
48,23309
48,23435
48,23448
48,23543
48,23606
48,23749
48,24009
48,24027
48,24030
48,24066
48,24209
48,24212
48,24244
48,24387
48,24453
48,24460
48,24475
48,24493
48,24539
48,24554
48,24742
48,24964
48,25076
48,25127
48,25289
48,25323
48,25433
48,25444
48,25486
48,25534
48,25602
48,25622
48,25694
48,25734
48,25786
48,25942
48,25955
48,25982
48,25990
48,25998
48,26207
48,26243
48,26259
48,26289
48,26303
48,26350
48,26486
48,26568
48,26702
48,26704
48,26824
48,26880
48,26930
48,27070
48,27072
48,27246
48,27358
48,27566
48,27703
48,27748
48,27797
48,27888
48,27928
48,28060
48,28077
48,28079
48,28080
48,28143
48,28150
48,28283
48,28308
48,28329
48,28425
48,28427
48,28452
48,28466
48,28570
48,28629
48,28636
48,28740
48,28825
48,28928
48,29035
48,29129
48,29185
48,29359
48,29489
49,276
49,286
49,307
49,557
49,696
49,731
49,764
49,787
49,1004
49,1061
49,1417
49,1578
49,1666
49,1877
49,1951
49,2012
49,2079
49,2148
49,2184
49,2281
49,2303
49,2447
49,2494
49,2501
49,2587
49,2646
49,2655
49,2722
49,2807
49,2840
49,2853
49,2990
49,3187
49,3237
49,3444
49,3531
49,3773
49,3822
49,3841
49,3937
49,4060
49,4271
49,4291
49,4304
49,4370
49,4378
49,4393
49,4409
49,4537
49,4583
49,4671
49,4859
49,4905
49,5208
49,5231
49,5435
49,5464
49,5639
49,5752
49,5777
49,5849
49,5908
49,5949
49,6092
49,6269
49,6282
49,6315
49,6421
49,6553
49,6570
49,6572
49,6882
49,6899
49,6979
49,7008
49,7103
49,7257
49,7329
49,7385
49,7391
49,7466
49,7505
49,7552
49,7614
49,7619
49,7687
49,7766
49,7787
49,7817
49,7868
49,7870
49,7947
49,7994
49,8036
49,8144
49,8240
49,8281
49,8449
49,8460
49,8476
49,8545
49,8578
49,8589
49,8595
49,8644
49,8774
49,9109
49,9141
49,9218
49,9248
49,9322
49,9331
49,9383
49,9405
49,9589
49,9668
49,9818
49,9840
49,9849
49,9985
49,10297
49,10301
49,10356
49,10744
49,10794
49,10938
49,11061
49,11111
49,11136
49,11301
49,11318
49,11549
49,11609
49,11765
49,11849
49,11980
49,12064
49,12107
49,12340
49,12391
49,12410
49,12469
49,12680
49,12730
49,12787
49,13002
49,13335
49,13550
49,13574
49,13703
49,13774
49,13794
49,13914
49,14108
49,14158
49,14175
49,14182
49,14188
49,14223
49,14281
49,14394
49,14457
49,14779
49,14894
49,15016
49,15051
49,15054
49,15116
49,15306
49,15314
49,15351
49,15389
49,15428
49,15575
49,15585
49,15589
49,15945
49,16028
49,16064
49,16079
49,16101
49,16111
49,16121
49,16213
49,16226
49,16351
49,16353
49,16378
49,16544
49,16594
49,16620
49,16662
49,16711
49,16743
49,16785
49,16797
49,16849
49,17048
49,17083
49,17102
49,17275
49,17309
49,17329
49,17340
49,17349
49,17451
49,17656
49,17748
49,17803
49,18127
49,18170
49,18203
49,18230
49,18240
49,18245
49,18321
49,18553
49,18560
49,18637
49,19142
49,19191
49,19272
49,19291
49,19389
49,19423
49,19479
49,19511
49,19713
49,19818
49,19966
49,20057
49,20074
49,20097
49,20290
49,20508
49,20515
49,20564
49,20702
49,20818
49,20828
49,20867
49,20928
49,20992
49,21037
49,21041
49,21060
49,21117
49,21247
49,21252
49,21427
49,21567
49,21638
49,21640
49,21647
49,21771
49,21788
49,21848
49,21870
49,22001
49,22238
49,22255
49,22303
49,22319
49,22351
49,22617
49,22642
49,22662
49,22690
49,22692
49,22986
49,22995
49,23037
49,23242
49,23587
49,23669
49,23732
49,23838
49,23896
49,24004
49,24141
49,24154
49,24299
49,24304
49,24496
49,24617
49,24710
49,24787
49,25004
49,25030
49,25118
49,25157
49,25224
49,25248
49,25404
49,25497
49,25630
49,25665
49,25692
49,25860
49,25902
49,25966
49,26198
49,26234
49,26248
49,26422
49,26506
49,26555
49,26691
49,26765
49,26883
49,26898
49,27280
49,27297
49,27324
49,27400
49,27433
49,27488
49,27647
49,27668
49,27669
49,27740
49,27896
49,27923
49,28043
49,28189
49,28208
49,28620
49,28663
49,28791
49,28859
49,29071
49,29076
49,29081
49,29166
49,29275
49,29377
49,29426
49,29468
49,29524
49,29566
50,99
50,295
50,307
50,407
50,554
50,619
50,634
50,991
50,995
50,1095
50,1247
50,1277
50,1297
50,1339
50,1403
50,1448
50,1550
50,1710
50,1889
50,2100
50,2247
50,2282
50,2356
50,2373
50,2667
50,2693
50,2732
50,2796
50,2927
50,3313
50,3353
50,3380
50,3639
50,3676
50,3946
50,4259
50,4377
50,4421
50,4494
50,4514
50,4561
50,4688
50,4807
50,4980
50,5083
50,5416
50,5531
50,5831
50,5931
50,6067
50,6084
50,6146
50,6386
50,6603
50,6658
50,6661
50,6870
50,6990
50,7177
50,7244
50,7309
50,7365
50,7598
50,7650
50,7807
50,7843
50,7887
50,7930
50,8011
50,8026
50,8082
50,8149
50,8472
50,8644
50,8862
50,8989
50,9279
50,9326
50,9549
50,9577
50,9615
50,9708
50,9968
50,10089
50,10254
50,10320
50,10509
50,10662
50,10693
50,10743
50,10800
50,11370
50,11415
50,11612
50,11739
50,11743
50,11781
50,11830
50,11932
50,11973
50,12137
50,12198
50,12246
50,12451
50,12516
50,12586
50,12616
50,12704
50,12761
50,12770
50,12970
50,13151
50,13214
50,13226
50,13232
50,13278
50,13370
50,13373
50,13389
50,13412
50,13429
50,13435
50,13474
50,13634
50,13641
50,13654
50,14043
50,14058
50,14127
50,14215
50,14241
50,14642
50,14720
50,14782
50,14908
50,14927
50,15002
50,15040
50,15231
50,15261
50,15334
50,15394
50,15482
50,15533
50,15593
50,15667
50,15783
50,15872
50,15911
50,15948
50,16147
50,16286
50,16311
50,16437
50,16514
50,16532
50,16535
50,16561
50,16578
50,16584
50,16794
50,16817
50,16828
50,16913
50,16987
50,17035
50,17057
50,17060
50,17185
50,17335
50,17347
50,17396
50,17484
50,17800
50,17882
50,17985
50,18116
50,18179
50,18298
50,18364
50,18377
50,18451
50,18597
50,18674
50,18722
50,18726
50,18805
50,18885
50,18965
50,19303
50,19443
50,19478
50,19534
50,19624
50,19654
50,19762
50,19803
50,19913
50,19915
50,19935
50,20146
50,20256
50,20301
50,20334
50,20345
50,20636
50,20788
50,20816
50,20859
50,20920
50,21217
50,21299
50,21373
50,21828
50,21830
50,21911
50,21938
50,21958
50,22010
50,22055
50,22070
50,22261
50,22308
50,22441
50,22480
50,22681
50,22685
50,22845
50,22862
50,22945
50,23052
50,23208
50,23291
50,23297
50,23394
50,23431
50,23492
50,23645
50,23681
50,23707
50,23869
50,24013
50,24175
50,24181
50,24248
50,24252
50,24271
50,24393
50,24427
50,24490
50,24544
50,24902
50,24905
50,25070
50,25165
50,25253
50,25439
50,25510
50,25555
50,25780
50,25786
50,25788
50,25914
50,25952
50,26044
50,26237
50,26240
50,26374
50,26493
50,26575
50,26576
50,26614
50,26679
50,26697
50,26705
50,26733
50,26837
50,27250
50,27365
50,27370
50,27414
50,27591
50,27632
50,27683
50,27787
50,27810
50,27823
50,27825
50,27892
50,28209
50,28264
50,28320
50,28582
50,28801
50,28811
50,29052
50,29156
50,29214
50,29298
51,32
51,38
51,242
51,407
51,511
51,629
51,653
51,749
51,1016
51,1039
51,1265
51,1502
51,1536
51,1556
51,1589
51,1590
51,1681
51,1793
51,1832
51,1943
51,2040
51,2205
51,2266
51,2339
51,2348
51,2447
51,2487
51,2965
51,2978
51,3157
51,3186
51,3247
51,3514
51,3525
51,3554
51,3576
51,3631
51,3950
51,4174
51,4243
51,4892
51,5061
51,5211
51,5222
51,5383
51,5385
51,5450
51,5458
51,5543
51,5559
51,5738
51,5787
51,5912
51,5919
51,5957
51,5977
51,6324
51,6612
51,6637
51,6674
51,6771
51,6858
51,6862
51,7056
51,7214
51,7329
51,7337
51,7358
51,7484
51,7592
51,7772
51,7845
51,7890
51,8081
51,8230
51,8277
51,8337
51,8409
51,8471
51,8675
51,8730
51,8756
51,8910
51,8936
51,9111
51,9138
51,9218
51,9264
51,9310
51,9414
51,9570
51,9847
51,9946
51,10176
51,10182
51,10295
51,10297
51,10428
51,10633
51,10657
51,10704
51,10871
51,10950
51,11086
51,11365
51,11758
51,11978
51,12246
51,12333
51,12415
51,12457
51,12777
51,12824
51,13050
51,13125
51,13530
51,13575
51,13626
51,13763
51,13765
51,13948
51,14069
51,14142
51,14206
51,14247
51,14270
51,14318
51,14465
51,14486
51,14576
51,14581
51,14667
51,14794
51,15157
51,15210
51,15266
51,15300
51,15317
51,15336
51,15399
51,15522
51,15679
51,15686
51,15850
51,15896
51,16087
51,16097
51,16230
51,16475
51,16481
51,16821
51,16898
51,17027
51,17059
51,17137
51,17352
51,17428
51,17441
51,17717
51,17722
51,17790
51,18127
51,18374
51,18425
51,18626
51,18704
51,18718
51,18735
51,18804
51,18816
51,18900
51,18969
51,19062
51,19218
51,19347
51,19656
51,19689
51,19726
51,19734
51,19787
51,19814
51,19926
51,19927
51,19936
51,20062
51,20071
51,20262
51,20283
51,20417
51,20692
51,20717
51,20725
51,20866
51,21033
51,21100
51,21308
51,21363
51,21427
51,21436
51,21461
51,21509
51,21598
51,21783
51,21998
51,22081
51,22166
51,22202
51,22309
51,22537
51,22580
51,22608
51,22658
51,22707
51,22850
51,23301
51,23498
51,23569
51,23792
51,24113
51,24119
51,24199
51,24219
51,24256
51,24405
51,24522
51,24603
51,24629
51,24634
51,24840
51,24920
51,24946
51,25128
51,25157
51,25176
51,25201
51,25226
51,25283
51,25312
51,25360
51,25518
51,25545
51,25624
51,25761
51,25895
51,26002
51,26074
51,26183
51,26305
51,26547
51,26768
51,26808
51,26967
51,27092
51,27272
51,27334
51,27345
51,27450
51,27476
51,27705
51,27734
51,27991
51,28079
51,28307
51,28323
51,28531
51,28589
51,28704
51,28706
51,28790
51,29057
51,29221
51,29499
52,147
52,187
52,334
52,429
52,500
52,527
52,626
52,678
52,796
52,844
52,1073
52,1204
52,1348
52,1350
52,1401
52,1555
52,1576
52,1610
52,1617
52,2259
52,2325
52,2389
52,2443
52,2496
52,2572
52,2645
52,2684
52,2983
52,3020
52,3295
52,3502
52,3694
52,3741
52,3791
52,4128
52,4174
52,4351
52,4444
52,4526
52,4673
52,4680
52,4741
52,4865
52,4873
52,4997
52,5071
52,5088
52,5205
52,5267
52,5433
52,5501
52,5509
52,5527
52,5860
52,5881
52,5894
52,6134
52,6244
52,6300
52,6474
52,6623
52,6827
52,6836
52,6872
52,6942
52,7008
52,7135
52,7525
52,7535
52,7630
52,7667
52,7792
52,7807
52,7808
52,7839
52,7938
52,7941
52,7942
52,8003
52,8098
52,8120
52,8140
52,8156
52,8188
52,8234
52,8397
52,8425
52,8464
52,8531
52,8585
52,8729
52,8774
52,8961
52,8974
52,9007
52,9048
52,9054
52,9229
52,9317
52,9318
52,9326
52,9561
52,9826
52,9907
52,10004
52,10016
52,10091
52,10093
52,10113
52,10149
52,10258
52,10426
52,10676
52,10854
52,10860
52,10915
52,10929
52,11007
52,11172
52,11245
52,11397
52,11398
52,11453
52,11470
52,11489
52,11512
52,11591
52,12022
52,12052
52,12714
52,12880
52,13131
52,13278
52,13308
52,13324
52,13368
52,13471
52,13479
52,13495
52,13506
52,13574
52,13598
52,13600
52,13868
52,13910
52,13987
52,14120
52,14164
52,14256
52,14303
52,14325
52,14374
52,14429
52,14605
52,14658
52,14669
52,14702
52,14716
52,14746
52,14871
52,15094
52,15129
52,15271
52,15342
52,15345
52,15460
52,15506
52,15513
52,15590
52,15636
52,15721
52,15860
52,15914
52,16119
52,16158
52,16167
52,16262
52,16284
52,16431
52,16444
52,16495
52,16728
52,17065
52,17132
52,17290
52,17302
52,17474
52,17499
52,17637
52,17718
52,17773
52,17853
52,17946
52,17972
52,18061
52,18148
52,18473
52,18627
52,18697
52,19155
52,19262
52,19351
52,19361
52,19363
52,19464
52,19483
52,19509
52,19594
52,19598
52,19613
52,19773
52,19839
52,19999
52,20002
52,20035
52,20107
52,20113
52,20260
52,20294
52,20345
52,20740
52,21002
52,21034
52,21059
52,21110
52,21155
52,21156
52,21263
52,21302
52,21313
52,21361
52,21474
52,21674
52,21869
52,21925
52,21945
52,22069
52,22109
52,22171
52,22372
52,22593
52,22626
52,22652
52,22888
52,22961
52,23090
52,23117
52,23125
52,23360
52,23377
52,23644
52,23711
52,23817
52,23849
52,24112
52,24116
52,24169
52,24186
52,24312
52,24409
52,24574
52,24591
52,24637
52,24683
52,24920
52,24922
52,25021
52,25027
52,25084
52,25219
52,25226
52,25325
52,25336
52,25448
52,25472
52,25479
52,25731
52,25732
52,25780
52,25787
52,25830
52,25913
52,26014
52,26068
52,26200
52,26321
52,26550
52,26802
52,26939
52,26997
52,27034
52,27109
52,27180
52,27206
52,27207
52,27280
52,27529
52,27530
52,27879
52,27917
52,27935
52,27975
52,27977
52,28022
52,28034
52,28147
52,28153
52,28220
52,28228
52,28305
52,28386
52,28716
52,28778
52,28867
52,28891
52,29132
52,29223
52,29309
52,29392
52,29416
52,29475
52,29502
53,44
53,81
53,98
53,177
53,430
53,437
53,441
53,477
53,544
53,580
53,605
53,628
53,921
53,946
53,957
53,1061
53,1343
53,1377
53,1451
53,1536
53,1648
53,1929
53,1946
53,1996
53,2080
53,2175
53,2271
53,2387
53,2412
53,2537
53,2540
53,2562
53,2568
53,2671
53,2930
53,2963
53,2981
53,2996
53,3058
53,3105
53,3170
53,3189
53,3261
53,3343
53,3386
53,3472
53,3500
53,3683
53,3733
53,4100
53,4228
53,4240
53,4342
53,4415
53,4474
53,4521
53,4980
53,5121
53,5122
53,5142
53,5152
53,5190
53,5222
53,5322
53,5698
53,5777
53,5805
53,5910
53,5981
53,5984
53,6131
53,6239
53,6302
53,6343
53,6355
53,6411
53,6412
53,6414
53,6415
53,6470
53,6562
53,6603
53,6646
53,6731
53,6738
53,6762
53,6832
53,6942
53,7059
53,7086
53,7175
53,7237
53,7309
53,7332
53,7408
53,7444
53,7452
53,7749
53,7864
53,7900
53,7919
53,7940
53,8201
53,8280
53,8288
53,8634
53,8660
53,8853
53,8901
53,9022
53,9183
53,9241
53,9334
53,9618
53,9692
53,9853
53,9887
53,9914
53,9968
53,9982
53,10022
53,10065
53,10277
53,10306
53,10310
53,10320
53,10364
53,10403
53,10430
53,10493
53,10533
53,10562
53,10637
53,10696
53,10750
53,10806
53,10810
53,10959
53,10966
53,10984
53,10993
53,11020
53,11132
53,11133
53,11199
53,11280
53,11289
53,11304
53,11333
53,11443
53,11700
53,11713
53,11759
53,11802
53,11836
53,11965
53,12015
53,12128
53,12131
53,12236
53,12563
53,12599
53,12743
53,12746
53,12796
53,12813
53,12857
53,12948
53,12979
53,12985
53,13010
53,13022
53,13212
53,13240
53,13268
53,13269
53,13356
53,13495
53,13524
53,13561
53,13571
53,13613
53,14169
53,14286
53,14406
53,14422
53,14522
53,14725
53,14802
53,14832
53,14837
53,14988
53,15091
53,15095
53,15252
53,15343
53,15384
53,15477
53,15541
53,15598
53,15603
53,15651
53,15690
53,15830
53,15839
53,16377
53,16611
53,16715
53,16874
53,16976
53,17061
53,17213
53,17367
53,17378
53,17508
53,17599
53,17696
53,17716
53,17757
53,17774
53,17787
53,17844
53,17896
53,17981
53,17995
53,18002
53,18260
53,18317
53,18335
53,18395
53,18444
53,18452
53,18485
53,18489
53,18533
53,18558
53,18759
53,18762
53,18799
53,18837
53,19017
53,19093
53,19200
53,19228
53,19280
53,19368
53,19446
53,19501
53,19571
53,19605
53,19644
53,19717
53,19884
53,19958
53,20124
53,20144
53,20260
53,20263
53,20340
53,20404
53,20409
53,20560
53,20568
53,20596
53,20624
53,20681
53,20888
53,21042
53,21207
53,21343
53,21407
53,21467
53,21559
53,21738
53,21894
53,21942
53,22062
53,22232
53,22256
53,22362
53,22404
53,22684
53,22780
53,22855
53,22901
53,23104
53,23106
53,23126
53,23139
53,23255
53,23289
53,23326
53,23330
53,23389
53,23447
53,23524
53,23556
53,23608
53,23694
53,23743
53,23759
53,23771
53,23960
53,24048
53,24086
53,24098
53,24125
53,24149
53,24164
53,24248
53,24301
53,24455
53,24494
53,24650
53,24849
53,24853
53,24966
53,24975
53,25190
53,25525
53,25739
53,25744
53,26050
53,26263
53,26318
53,26327
53,26334
53,26337
53,26502
53,26634
53,26668
53,26705
53,26734
53,26805
53,26831
53,26849
53,26857
53,27074
53,27145
53,27426
53,27433
53,27533
53,27546
53,27573
53,27684
53,27690
53,28069
53,28095
53,28113
53,28213
53,28369
53,28409
53,28539
53,28708
53,28879
53,28885
53,29063
53,29151
53,29184
53,29302
53,29459
53,29538
54,43
54,76
54,110
54,310
54,350
54,735
54,782
54,861
54,906
54,937
54,1051
54,1120
54,1243
54,1245
54,1270
54,1335
54,1629
54,1645
54,1723
54,1755
54,1765
54,1846
54,2041
54,2061
54,2160
54,2190
54,2208
54,2375
54,2464
54,2580
54,2585
54,2624
54,2670
54,2706
54,2838
54,2850
54,2919
54,3003
54,3045
54,3141
54,3148
54,3177
54,3183
54,3189
54,3236
54,3512
54,3619
54,3669
54,3767
54,3964
54,4025
54,4112
54,4334
54,4379
54,4582
54,4597
54,4652
54,4682
54,4750
54,4819
54,4843
54,4996
54,5242
54,5328
54,5450
54,5567
54,5719
54,5733
54,5774
54,5792
54,5822
54,5832
54,5857
54,5935
54,6086
54,6097
54,6239
54,6246
54,6277
54,6329
54,6341
54,6390
54,6509
54,6512
54,6540
54,6637
54,6810
54,6835
54,6905
54,6998
54,7006
54,7112
54,7220
54,7321
54,7518
54,7564
54,7568
54,7609
54,7615
54,7879
54,7932
54,7939
54,7953
54,8044
54,8062
54,8188
54,8441
54,8523
54,8543
54,8568
54,8639
54,8798
54,8933
54,9054
54,9079
54,9091
54,9236
54,9482
54,9495
54,9750
54,9839
54,10097
54,10101
54,10271
54,10319
54,10524
54,10735
54,10742
54,10818
54,10867
54,10905
54,11044
54,11146
54,11150
54,11427
54,11482
54,11687
54,11814
54,12035
54,12100
54,12203
54,12283
54,12668
54,12922
54,12995
54,13077
54,13303
54,13395
54,13429
54,13509
54,13680
54,13967
54,13968
54,13972
54,13996
54,14027
54,14352
54,14390
54,14400
54,14569
54,14656
54,14685
54,14879
54,15202
54,15236
54,15630
54,15672
54,15835
54,15906
54,15963
54,15966
54,15982
54,16034
54,16042
54,16137
54,16153
54,16366
54,16444
54,16536
54,16551
54,16603
54,16700
54,16825
54,16896
54,16919
54,16947
54,16968
54,16992
54,16995
54,17031
54,17042
54,17097
54,17141
54,17307
54,17316
54,17478
54,17557
54,17719
54,17841
54,18219
54,18320
54,18434
54,18452
54,18484
54,18569
54,18627
54,18695
54,18831
54,18923
54,19057
54,19289
54,19492
54,19523
54,19602
54,19628
54,19640
54,19658
54,19706
54,19727
54,19755
54,19772
54,19961
54,20193
54,20203
54,20208
54,20254
54,20269
54,20344
54,20399
54,20415
54,20490
54,20551
54,20695
54,20810
54,20858
54,20892
54,21135
54,21203
54,21217
54,21382
54,21616
54,21699
54,21740
54,21775
54,22081
54,22272
54,22352
54,22562
54,23068
54,23109
54,23265
54,23655
54,23798
54,24088
54,24114
54,24119
54,24127
54,24285
54,24311
54,24382
54,24385
54,24536
54,24549
54,24635
54,24699
54,24870
54,25140
54,25176
54,25246
54,25294
54,25304
54,25379
54,25380
54,25437
54,25569
54,25656
54,25692
54,25782
54,25882
54,26137
54,26260
54,26301
54,26314
54,26365
54,26416
54,26514
54,26516
54,26560
54,26585
54,26682
54,26691
54,26692
54,26741
54,27025
54,27103
54,27145
54,27230
54,27351
54,27397
54,27418
54,27499
54,27725
54,27849
54,27872
54,27936
54,28179
54,28267
54,28286
54,28395
54,28397
54,28416
54,28425
54,28532
54,28558
54,28702
54,28797
54,28924
54,29287
54,29347
54,29366
54,29389
54,29453
54,29505
54,29555
55,75
55,284
55,299
55,783
55,796
55,887
55,1224
55,1490
55,1495
55,1753
55,1863
55,1877
55,1903
55,2051
55,2488
55,2580
55,2709
55,2740
55,2750
55,2752
55,2795
55,2849
55,2858
55,2875
55,3048
55,3056
55,3073
55,3292
55,3399
55,3601
55,3878
55,3966
55,4086
55,4098
55,4105
55,4119
55,4252
55,4258
55,4331
55,4340
55,4428
55,4585
55,4602
55,4680
55,4772
55,4916
55,4999
55,5057
55,5065
55,5100
55,5157
55,5406
55,5415
55,5444
55,5460
55,5467
55,5494
55,5509
55,5559
55,5626
55,5652
55,5663
55,5708
55,5794
55,5799
55,5946
55,6180
55,6198
55,6310
55,6386
55,6610
55,6808
55,6833
55,6834
55,6909
55,6922
55,7028
55,7064
55,7071
55,7124
55,7173
55,7448
55,7556
55,7645
55,7672
55,7885
55,7973
55,8026
55,8201
55,8401
55,8432
55,8536
55,8628
55,8793
55,8885
55,8921
55,8925
55,9008
55,9070
55,9169
55,9579
55,9597
55,9643
55,9669
55,9780
55,10038
55,10071
55,10072
55,10074
55,10172
55,10216
55,10709
55,10797
55,10811
55,10836
55,10866
55,10982
55,11039
55,11097
55,11120
55,11204
55,11312
55,11719
55,11746
55,11788
55,11816
55,11911
55,11933
55,11950
55,12032
55,12090
55,12188
55,12223
55,12240
55,12544
55,12619
55,12623
55,12721
55,12926
55,12936
55,13095
55,13348
55,13413
55,13435
55,13470
55,13474
55,13475
55,13620
55,13844
55,13946
55,14149
55,14283
55,14297
55,14553
55,14823
55,14874
55,14911
55,14971
55,15253
55,15300
55,15320
55,15333
55,15535
55,15582
55,15586
55,15627
55,15672
55,15702
55,15850
55,15882
55,15916
55,15944
55,16068
55,16085
55,16135
55,16154
55,16253
55,16433
55,16442
55,16524
55,16595
55,16819
55,16901
55,16911
55,16963
55,17051
55,17146
55,17310
55,17344
55,17490
55,17590
55,17595
55,17610
55,17653
55,17935
55,18079
55,18104
55,18185
55,18197
55,18205
55,18207
55,18231
55,18461
55,18690
55,18769
55,19057
55,19432
55,19525
55,19651
55,19738
55,19747
55,19766
55,19804
55,19825
55,19916
55,19927
55,20110
55,20488
55,20525
55,20567
55,20694
55,20955
55,21051
55,21429
55,21498
55,21661
55,21798
55,21888
55,22215
55,22289
55,22734
55,22735
55,22740
55,23097
55,23163
55,23383
55,23551
55,23647
55,23775
55,23953
55,23962
55,23980
55,23988
55,24127
55,24203
55,24373
55,24380
55,24454
55,24747
55,24748
55,24783
55,24818
55,24909
55,24941
55,24988
55,25041
55,25143
55,25189
55,25190
55,25266
55,25350
55,25386
55,25394
55,25541
55,25660
55,25750
55,25789
55,25837
55,25948
55,26118
55,26189
55,26305
55,26307
55,26381
55,26408
55,26465
55,26497
55,26546
55,26772
55,26829
55,26839
55,26944
55,26959
55,27199
55,27263
55,27661
55,27746
55,27983
55,28041
55,28047
55,28128
55,28147
55,28179
55,28323
55,28340
55,28407
55,28452
55,28458
55,28465
55,28475
55,28607
55,28920
55,29113
55,29253
55,29349
55,29492
55,29494
56,30
56,37
56,371
56,417
56,627
56,664
56,778
56,928
56,956
56,960
56,966
56,1023
56,1266
56,1392
56,1415
56,1442
56,1453
56,1558
56,1670
56,1804
56,1900
56,2038
56,2237
56,2315
56,2347
56,2352
56,2413
56,2445
56,2503
56,2508
56,2601
56,2689
56,2715
56,2718
56,2735
56,2832
56,2944
56,3121
56,3210
56,3265
56,3370
56,3464
56,3681
56,3824
56,3966
56,3984
56,4062
56,4304
56,4660
56,4684
56,4692
56,4745
56,4992
56,5116
56,5146
56,5156
56,5412
56,5596
56,5731
56,5915
56,5950
56,5967
56,6147
56,6149
56,6179
56,6215
56,6291
56,6340
56,6384
56,6474
56,6725
56,6793
56,6944
56,7028
56,7133
56,7438
56,7515
56,7525
56,7529
56,7553
56,7642
56,7748
56,7981
56,8041
56,8137
56,8272
56,8715
56,8736
56,8771
56,8803
56,8914
56,9070
56,9294
56,9347
56,9415
56,9473
56,9481
56,9521
56,9585
56,9651
56,9670
56,9857
56,9858
56,10217
56,10236
56,10289
56,10322
56,10391
56,10410
56,10473
56,10540
56,10553
56,10608
56,10731
56,10806
56,10858
56,10869
56,10904
56,10908
56,10954
56,10976
56,11065
56,11279
56,11318
56,11319
56,11327
56,11354
56,11503
56,11543
56,11544
56,11564
56,11635
56,11683
56,11763
56,11935
56,12011
56,12035
56,12120
56,12185
56,12266
56,12298
56,12301
56,12330
56,12502
56,12530
56,12617
56,12623
56,12711
56,12764
56,12798
56,12898
56,12940
56,13087
56,13096
56,13205
56,13279
56,13330
56,13349
56,13350
56,13419
56,13430
56,13518
56,13614
56,13624
56,13730
56,13813
56,13837
56,13908
56,13915
56,13945
56,13976
56,14000
56,14069
56,14072
56,14081
56,14200
56,14300
56,14320
56,14382
56,14402
56,14425
56,14636
56,14676
56,14679
56,14704
56,14762
56,14769
56,14773
56,14852
56,14868
56,14911
56,15089
56,15097
56,15107
56,15197
56,15426
56,15508
56,15546
56,15632
56,15817
56,15937
56,16152
56,16451
56,16533
56,16608
56,16853
56,16909
56,16914
56,16917
56,17011
56,17196
56,17268
56,17424
56,17430
56,17459
56,17584
56,17590
56,17595
56,17660
56,17705
56,17743
56,17745
56,17847
56,17882
56,17916
56,17964
56,18012
56,18086
56,18338
56,18444
56,18565
56,18577
56,18599
56,18621
56,18729
56,18742
56,18784
56,18793
56,18940
56,19014
56,19042
56,19332
56,19481
56,19508
56,19510
56,19523
56,19555
56,19605
56,19631
56,19778
56,19823
56,19975
56,20029
56,20147
56,20218
56,20317
56,20376
56,20507
56,20567
56,20601
56,20650
56,20824
56,20876
56,20893
56,20936
56,21063
56,21078
56,21152
56,21315
56,21322
56,21515
56,21546
56,21660
56,21663
56,21741
56,21749
56,21849
56,21936
56,21994
56,22007
56,22061
56,22083
56,22263
56,22341
56,22342
56,22343
56,22464
56,22490
56,22677
56,22789
56,22876
56,22908
56,22929
56,23103
56,23238
56,23261
56,23432
56,23488
56,23712
56,23769
56,23824
56,23840
56,23902
56,24012
56,24041
56,24056
56,24115
56,24116
56,24128
56,24234
56,24319
56,24421
56,24422
56,24484
56,24497
56,24566
56,24645
56,24717
56,24770
56,24921
56,25114
56,25244
56,25278
56,25328
56,25439
56,25455
56,25556
56,25767
56,26023
56,26181
56,26207
56,26227
56,26248
56,26276
56,26347
56,26410
56,26416
56,26534
56,26624
56,26627
56,26630
56,26849
56,27106
56,27130
56,27134
56,27139
56,27236
56,27411
56,27668
56,27761
56,27795
56,28064
56,28068
56,28094
56,28264
56,28279
56,28306
56,28441
56,28566
56,28623
56,28751
56,28777
56,28803
56,28870
56,28960
56,29194
56,29215
56,29286
56,29322
56,29402
56,29444
56,29454
56,29456
56,29524
57,112
57,156
57,231
57,269
57,379
57,443
57,610
57,726
57,732
57,917
57,978
57,1008
57,1094
57,1107
57,1151
57,1357
57,1475
57,1506
57,1539
57,1611
57,1814
57,1843
57,1926
57,2010
57,2054
57,2078
57,2121
57,2181
57,2251
57,2296
57,2343
57,2359
57,2363
57,2426
57,2483
57,2511
57,2534
57,2564
57,2568
57,2634
57,2646
57,2722
57,2802
57,2871
57,2986
57,3038
57,3150
57,3214
57,3564
57,3572
57,3646
57,3676
57,3753
57,3811
57,3849
57,3879
57,4099
57,4113
57,4258
57,4286
57,4308
57,4348
57,4413
57,4522
57,4528
57,4555
57,4809
57,4823
57,4928
57,4948
57,4958
57,4970
57,5055
57,5058
57,5083
57,5127
57,5188
57,5197
57,5207
57,5276
57,5285
57,5292
57,5312
57,5353
57,5473
57,5623
57,5678
57,5735
57,5798
57,5864
57,5932
57,5972
57,5976
57,5988
57,6102
57,6263
57,6388
57,6470
57,6499
57,6551
57,6575
57,6608
57,6740
57,6844
57,6891
57,7055
57,7062
57,7125
57,7129
57,7192
57,7241
57,7322
57,7499
57,7503
57,7588
57,7622
57,7735
57,7811
57,8125
57,8136
57,8173
57,8259
57,8272
57,8282
57,8340
57,8478
57,8500
57,8529
57,8531
57,8561
57,8637
57,8696
57,8755
57,8774
57,8859
57,8930
57,8931
57,9104
57,9156
57,9174
57,9416
57,9487
57,9566
57,9602
57,9620
57,9683
57,9736
57,9737
57,9869
57,9892
57,10020
57,10047
57,10086
57,10132
57,10184
57,10270
57,10386
57,10487
57,10512
57,10564
57,10579
57,10626
57,10647
57,10751
57,10770
57,10779
57,10780
57,10805
57,10885
57,10909
57,10910
57,10912
57,10917
57,10981
57,10982
57,11019
57,11050
57,11078
57,11095
57,11211
57,11331
57,11363
57,11438
57,11444
57,11569
57,11597
57,11600
57,11629
57,11992
57,12089
57,12209
57,12289
57,12343
57,12345
57,12429
57,12578
57,12584
57,12670
57,12758
57,12953
57,13032
57,13124
57,13216
57,13220
57,13253
57,13400
57,13498
57,13577
57,13636
57,13684
57,13699
57,13733
57,13989
57,14022
57,14150
57,14410
57,14625
57,14784
57,14800
57,14824
57,14879
57,15006
57,15011
57,15070
57,15088
57,15170
57,15214
57,15268
57,15269
57,15324
57,15409
57,15421
57,15436
57,15594
57,15602
57,15658
57,15690
57,15694
57,15812
57,16164
57,16248
57,16252
57,16327
57,16489
57,16512
57,16606
57,16626
57,16632
57,16742
57,16783
57,16787
57,16859
57,16869
57,16895
57,16896
57,17010
57,17013
57,17054
57,17224
57,17300
57,17382
57,17416
57,17446
57,17485
57,17513
57,17533
57,17547
57,17685
57,17691
57,17799
57,17803
57,17875
57,17905
57,17967
57,18015
57,18082
57,18126
57,18210
57,18450
57,18465
57,18489
57,18494
57,18717
57,18743
57,18852
57,18887
57,19034
57,19075
57,19117
57,19185
57,19284
57,19442
57,19523
57,19703
57,19774
57,19836
57,19934
57,19954
57,19977
57,19995
57,20062
57,20121
57,20137
57,20165
57,20191
57,20234
57,20380
57,20471
57,20535
57,20588
57,20718
57,20865
57,20912
57,20921
57,20995
57,21033
57,21075
57,21212
57,21233
57,21309
57,21330
57,21374
57,21467
57,21610
57,21620
57,21684
57,21711
57,21741
57,21873
57,21934
57,22056
57,22107
57,22112
57,22225
57,22226
57,22235
57,22350
57,22467
57,22684
57,22788
57,22853
57,22905
57,22993
57,23010
57,23201
57,23351
57,23362
57,23386
57,23479
57,23525
57,23543
57,23571
57,23577
57,23710
57,23782
57,23829
57,23900
57,24012
57,24068
57,24130
57,24156
57,24245
57,24294
57,24310
57,24360
57,24414
57,24511
57,24523
57,24546
57,24567
57,24599
57,24763
57,24824
57,24865
57,24948
57,25178
57,25186
57,25190
57,25194
57,25211
57,25226
57,25291
57,25323
57,25334
57,25372
57,25446
57,25495
57,25550
57,25569
57,25572
57,25612
57,25709
57,25788
57,25790
57,25811
57,25943
57,25995
57,25997
57,26037
57,26226
57,26274
57,26336
57,26441
57,26442
57,26509
57,26517
57,26518
57,26590
57,26598
57,26709
57,26902
57,26908
57,26932
57,27024
57,27042
57,27063
57,27096
57,27312
57,27410
57,27420
57,27458
57,27472
57,27520
57,27521
57,27716
57,27741
57,27752
57,27792
57,27793
57,27868
57,27995
57,28109
57,28112
57,28178
57,28180
57,28230
57,28323
57,28462
57,28470
57,28548
57,28559
57,28564
57,28566
57,28927
57,29010
57,29038
57,29050
57,29207
57,29244
57,29258
57,29296
57,29406
57,29426
57,29481
57,29535
58,142
58,161
58,195
58,251
58,257
58,305
58,351
58,386
58,433
58,474
58,489
58,565
58,676
58,684
58,696
58,767
58,778
58,816
58,846
58,874
58,957
58,988
58,1012
58,1067
58,1109
58,1180
58,1203
58,1260
58,1286
58,1325
58,1376
58,1390
58,1401
58,1507
58,1536
58,1576
58,1716
58,1763
58,1799
58,1806
58,1880
58,1921
58,1955
58,2014
58,2159
58,2185
58,2231
58,2315
58,2323
58,2334
58,2353
58,2412
58,2438
58,2491
58,2493
58,2502
58,2524
58,2557
58,2624
58,2636
58,2745
58,2862
58,2900
58,2937
58,2977
58,2992
58,3022
58,3060
58,3064
58,3121
58,3171
58,3238
58,3266
58,3328
58,3380
58,3407
58,3420
58,3492
58,3493
58,3601
58,3658
58,3696
58,3734
58,3790
58,3798
58,3964
58,4160
58,4235
58,4244
58,4280
58,4295
58,4317
58,4362
58,4388
58,4548
58,4629
58,4641
58,4689
58,4765
58,4778
58,4786
58,4870
58,4966
58,5003
58,5079
58,5092
58,5156
58,5167
58,5237
58,5241
58,5336
58,5401
58,5427
58,5487
58,5587
58,5602
58,5609
58,5670
58,5785
58,5807
58,5925
58,6228
58,6240
58,6268
58,6269
58,6270
58,6290
58,6307
58,6309
58,6319
58,6359
58,6368
58,6422
58,6453
58,6492
58,6621
58,6740
58,6745
58,6764
58,6847
58,6885
58,6948
58,6993
58,6999
58,7120
58,7131
58,7139
58,7188
58,7367
58,7439
58,7473
58,7623
58,7675
58,7713
58,7785
58,7884
58,7995
58,8008
58,8093
58,8100
58,8162
58,8236
58,8237
58,8278
58,8327
58,8329
58,8382
58,8419
58,8426
58,8481
58,8497
58,8532
58,8577
58,8589
58,8639
58,8667
58,8671
58,8749
58,8826
58,8836
58,8854
58,9067
58,9103
58,9207
58,9253
58,9297
58,9301
58,9351
58,9410
58,9433
58,9461
58,9680
58,9694
58,9700
58,9708
58,9730
58,9803
58,9865
58,9956
58,10014
58,10038
58,10072
58,10118
58,10164
58,10198
58,10221
58,10232
58,10301
58,10323
58,10358
58,10464
58,10516
58,10517
58,10576
58,10891
58,10969
58,10974
58,11010
58,11041
58,11194
58,11246
58,11263
58,11289
58,11397
58,11474
58,11494
58,11496
58,11527
58,11589
58,11614
58,11648
58,11684
58,11730
58,11791
58,11900
58,12010
58,12053
58,12058
58,12088
58,12133
58,12159
58,12189
58,12221
58,12263
58,12307
58,12317
58,12461
58,12513
58,12514
58,12549
58,12607
58,12743
58,12773
58,12939
58,13059
58,13100
58,13117
58,13169
58,13183
58,13318
58,13433
58,13470
58,13495
58,13574
58,13708
58,13868
58,13881
58,13910
58,13934
58,14015
58,14063
58,14112
58,14139
58,14163
58,14168
58,14239
58,14318
58,14323
58,14355
58,14406
58,14450
58,14478
58,14533
58,14544
58,14571
58,14597
58,14630
58,14646
58,14664
58,14699
58,14772
58,14816
58,14982
58,15105
58,15152
58,15168
58,15203
58,15299
58,15391
58,15416
58,15431
58,15433
58,15503
58,15509
58,15625
58,15657
58,15752
58,15753
58,15773
58,15971
58,16128
58,16166
58,16183
58,16205
58,16220
58,16293
58,16329
58,16356
58,16416
58,16447
58,16535
58,16603
58,16609
58,16630
58,16675
58,16733
58,16892
58,17128
58,17209
58,17221
58,17276
58,17280
58,17412
58,17471
58,17570
58,17576
58,17578
58,17636
58,17671
58,17708
58,17740
58,17749
58,17853
58,17927
58,17978
58,17990
58,18221
58,18235
58,18254
58,18277
58,18416
58,18542
58,18594
58,18600
58,18671
58,18684
58,18741
58,18742
58,18815
58,18894
58,18926
58,18934
58,19113
58,19118
58,19131
58,19136
58,19209
58,19347
58,19380
58,19394
58,19399
58,19571
58,19751
58,19773
58,20008
58,20041
58,20059
58,20139
58,20186
58,20199
58,20307
58,20346
58,20359
58,20386
58,20431
58,20483
58,20499
58,20612
58,20643
58,20693
58,20709
58,20849
58,21210
58,21251
58,21255
58,21290
58,21514
58,21533
58,21548
58,21622
58,21707
58,21730
58,21740
58,21839
58,21917
58,21983
58,22035
58,22122
58,22132
58,22458
58,22498
58,22534
58,22658
58,22718
58,22745
58,22755
58,22782
58,22836
58,22873
58,22911
58,22953
58,22978
58,23044
58,23148
58,23180
58,23197
58,23317
58,23541
58,23553
58,23682
58,23693
58,23738
58,23753
58,23823
58,23857
58,23858
58,23868
58,23963
58,23970
58,24093
58,24147
58,24202
58,24302
58,24417
58,24454
58,24463
58,24608
58,24658
58,24680
58,24783
58,24825
58,24837
58,24847
58,24896
58,24929
58,25052
58,25133
58,25157
58,25183
58,25202
58,25231
58,25319
58,25329
58,25335
58,25492
58,25612
58,25728
58,25791
58,25861
58,25867
58,26011
58,26055
58,26072
58,26160
58,26290
58,26433
58,26493
58,26559
58,26596
58,26643
58,26676
58,26687
58,26792
58,26799
58,26812
58,27092
58,27298
58,27433
58,27442
58,27558
58,27608
58,27668
58,27737
58,27751
58,27763
58,27778
58,27817
58,27837
58,27879
58,27926
58,27934
58,28009
58,28072
58,28086
58,28087
58,28221
58,28270
58,28304
58,28390
58,28442
58,28519
58,28542
58,28561
58,28573
58,28625
58,28689
58,28722
58,28770
58,28810
58,28905
58,29003
58,29048
58,29065
58,29088
58,29124
58,29242
58,29303
58,29352
58,29380
58,29414
58,29442
58,29449
58,29561
59,142
59,197
59,339
59,651
59,796
59,821
59,868
59,969
59,1016
59,1109
59,1281
59,1504
59,1582
59,1718
59,1751
59,1766
59,1935
59,2063
59,2092
59,2187
59,2347
59,2367
59,2528
59,2623
59,2635
59,2664
59,2698
59,2735
59,2769
59,2856
59,2987
59,3022
59,3066
59,3405
59,3558
59,3609
59,3620
59,3700
59,3766
59,3858
59,3971
59,3972
59,4103
59,4209
59,4280
59,4642
59,4705
59,4743
59,4871
59,4947
59,4954
59,4966
59,4990
59,5164
59,5221
59,5314
59,5351
59,5506
59,5534
59,5586
59,5681
59,5683
59,5975
59,6086
59,6110
59,6223
59,6320
59,6391
59,6399
59,6428
59,6486
59,6607
59,6700
59,6781
59,6802
59,6845
59,6851
59,7090
59,7173
59,7199
59,7243
59,7395
59,7523
59,7544
59,7551
59,7560
59,7607
59,7763
59,7912
59,7917
59,7989
59,8028
59,8101
59,8122
59,8159
59,8240
59,8399
59,8537
59,8550
59,8658
59,8681
59,8684
59,8713
59,8737
59,8984
59,9196
59,9227
59,9267
59,9509
59,9522
59,9548
59,9640
59,9675
59,9903
59,9913
59,10048
59,10234
59,10365
59,10438
59,10638
59,10821
59,10832
59,10917
59,10990
59,11289
59,11570
59,11596
59,11640
59,11823
59,11897
59,11913
59,12135
59,12185
59,12209
59,12345
59,12369
59,12527
59,12793
59,12883
59,12978
59,12994
59,13038
59,13048
59,13057
59,13059
59,13200
59,13354
59,13381
59,13446
59,13532
59,13568
59,13663
59,13677
59,13871
59,13906
59,14095
59,14097
59,14245
59,14265
59,14485
59,14739
59,14965
59,15183
59,15303
59,15387
59,15538
59,15552
59,15609
59,15627
59,15645
59,15722
59,15816
59,15995
59,16059
59,16223
59,16291
59,16330
59,16384
59,16386
59,16446
59,16464
59,16653
59,16806
59,16828
59,16972
59,16988
59,17637
59,17694
59,17766
59,17807
59,17823
59,17880
59,17915
59,18004
59,18025
59,18032
59,18075
59,18171
59,18385
59,18416
59,18452
59,18461
59,18598
59,18629
59,18726
59,18743
59,18931
59,19226
59,19401
59,19913
59,19928
59,19932
59,19947
59,19988
59,19992
59,20036
59,20094
59,20153
59,20160
59,20165
59,20421
59,20496
59,20561
59,20760
59,20768
59,20864
59,20937
59,20938
59,21076
59,21283
59,21357
59,21578
59,21718
59,21786
59,21964
59,22007
59,22022
59,22047
59,22051
59,22084
59,22100
59,22132
59,22154
59,22162
59,22555
59,22674
59,22737
59,22753
59,23080
59,23082
59,23164
59,23184
59,23371
59,23459
59,23470
59,23482
59,23612
59,23646
59,23833
59,23866
59,23972
59,23982
59,24212
59,24245
59,24351
59,24382
59,24393
59,24489
59,24505
59,24660
59,24715
59,24759
59,24783
59,24815
59,24849
59,24948
59,25082
59,25182
59,25384
59,25626
59,25919
59,25933
59,26057
59,26165
59,26229
59,26324
59,26452
59,26457
59,26652
59,26816
59,26875
59,26877
59,26901
59,27068
59,27137
59,27172
59,27334
59,27411
59,27982
59,28315
59,28381
59,28423
59,28485
59,28512
59,28540
59,28579
59,28661
59,28694
59,29013
59,29252
59,29372
59,29478
60,493
60,506
60,574
60,636
60,669
60,849
60,1060
60,1213
60,1244
60,1298
60,1321
60,1334
60,1393
60,1408
60,1461
60,1483
60,1597
60,1879
60,1886
60,1964
60,2103
60,2156
60,2190
60,2209
60,2247
60,2315
60,2317
60,2374
60,2461
60,2523
60,2583
60,2645
60,2652
60,2749
60,2912
60,2936
60,2948
60,3099
60,3164
60,3264
60,3269
60,3301
60,3310
60,3704
60,3807
60,3859
60,4018
60,4177
60,4284
60,4712
60,4852
60,4948
60,5011
60,5090
60,5098
60,5165
60,5186
60,5721
60,5795
60,5895
60,5918
60,5996
60,6040
60,6054
60,6108
60,6113
60,6179
60,6278
60,6282
60,6329
60,6446
60,6448
60,6533
60,6555
60,6584
60,6659
60,6671
60,6675
60,6722
60,6797
60,6874
60,6916
60,7071
60,7111
60,7114
60,7276
60,7470
60,7590
60,7611
60,7866
60,7897
60,7947
60,7964
60,8112
60,8317
60,8591
60,8819
60,8859
60,8930
60,8969
60,9039
60,9101
60,9120
60,9279
60,9342
60,9453
60,9503
60,9525
60,9741
60,9746
60,9805
60,9953
60,10061
60,10190
60,10192
60,10219
60,10228
60,10373
60,10431
60,10478
60,10495
60,10580
60,10646
60,10986
60,10993
60,11020
60,11050
60,11157
60,11216
60,11285
60,11371
60,11607
60,11716
60,11734
60,11769
60,11824
60,11873
60,11892
60,11963
60,12146
60,12569
60,12867
60,13109
60,13265
60,13306
60,13378
60,13390
60,13442
60,13586
60,13590
60,13615
60,13650
60,14008
60,14060
60,14339
60,14347
60,14624
60,14674
60,14747
60,14898
60,14903
60,15070
60,15138
60,15215
60,15291
60,15301
60,15318
60,15340
60,15556
60,15563
60,15617
60,15652
60,15669
60,15733
60,15875
60,16047
60,16160
60,16197
60,16320
60,16328
60,16499
60,16556
60,16563
60,16639
60,16652
60,16683
60,16759
60,16795
60,17087
60,17150
60,17196
60,17320
60,17362
60,17658
60,17700
60,17814
60,17840
60,17848
60,17880
60,18055
60,18350
60,18412
60,18424
60,18456
60,18459
60,18828
60,19052
60,19103
60,19125
60,19227
60,19249
60,19257
60,19476
60,19816
60,19852
60,19936
60,20032
60,20078
60,20224
60,20318
60,20535
60,20537
60,20626
60,20684
60,20795
60,20874
60,20985
60,21149
60,21223
60,21326
60,21432
60,21520
60,21536
60,21621
60,21856
60,21988
60,22000
60,22087
60,22188
60,22322
60,22388
60,22438
60,22507
60,22524
60,22568
60,22605
60,22686
60,22769
60,22890
60,23027
60,23083
60,23096
60,23244
60,23338
60,23417
60,23571
60,23591
60,23654
60,23773
60,23838
60,23857
60,23883
60,24172
60,24547
60,24562
60,24620
60,24852
60,24920
60,24951
60,25003
60,25321
60,25670
60,25798
60,25865
60,25919
60,25993
60,25999
60,26088
60,26163
60,26509
60,26672
60,26848
60,27234
60,27266
60,27555
60,27625
60,27638
60,27690
60,27739
60,27765
60,27917
60,28186
60,28214
60,28230
60,28327
60,28496
60,28515
60,28619
60,28689
60,28790
60,28903
60,29039
60,29072
60,29113
60,29131
60,29428
60,29493
60,29523
61,470
61,661
61,790
61,807
61,908
61,971
61,995
61,1104
61,1131
61,1250
61,1294
61,1348
61,1471
61,1589
61,1636
61,1675
61,1876
61,1949
61,1977
61,2054
61,2166
61,2191
61,2291
61,2382
61,2581
61,2689
61,2710
61,2836
61,2859
61,2870
61,2904
61,2938
61,2961
61,3008
61,3053
61,3094
61,3498
61,3554
61,3870
61,3939
61,4151
61,4191
61,4334
61,4503
61,4615
61,4769
61,4898
61,4992
61,5001
61,5005
61,5016
61,5102
61,5281
61,5420
61,5430
61,5583
61,5763
61,5790
61,5971
61,6272
61,6322
61,6355
61,6499
61,6598
61,6766
61,6822
61,7011
61,7051
61,7171
61,7200
61,7305
61,7457
61,7471
61,7480
61,8023
61,8076
61,8219
61,8296
61,8351
61,8389
61,8391
61,8516
61,8530
61,8765
61,9117
61,9124
61,9348
61,9453
61,9639
61,9741
61,9756
61,9763
61,9840
61,9872
61,9917
61,10053
61,10171
61,10412
61,10423
61,10453
61,10490
61,10522
61,10733
61,10806
61,10995
61,11001
61,11317
61,11453
61,11544
61,11562
61,11583
61,11725
61,11962
61,12167
61,12266
61,12338
61,12869
61,12953
61,12970
61,13064
61,13178
61,13244
61,13316
61,13477
61,13706
61,13710
61,13737
61,13841
61,13867
61,13969
61,14008
61,14189
61,14283
61,14317
61,14374
61,14396
61,14417
61,14520
61,14762
61,14894
61,14925
61,14971
61,15237
61,15281
61,15316
61,15466
61,15552
61,15782
61,15802
61,15823
61,15949
61,16211
61,16301
61,16583
61,16658
61,16679
61,16989
61,17046
61,17048
61,17440
61,17556
61,17574
61,17580
61,17602
61,17698
61,17741
61,17798
61,17855
61,17895
61,17970
61,18016
61,18179
61,18416
61,18656
61,18731
61,18753
61,18802
61,18850
61,19024
61,19059
61,19133
61,19206
61,19394
61,19431
61,19529
61,19789
61,19828
61,19964
61,19989
61,20033
61,20104
61,20169
61,20239
61,20378
61,20494
61,20567
61,20569
61,20620
61,20640
61,20685
61,20742
61,20782
61,20803
61,20960
61,21012
61,21220
61,21305
61,21381
61,21533
61,21534
61,21552
61,21713
61,21716
61,21805
61,21806
61,22135
61,22179
61,22305
61,22429
61,22445
61,22548
61,22677
61,22707
61,22794
61,22918
61,23078
61,23113
61,23120
61,23284
61,23403
61,23450
61,23468
61,23583
61,23589
61,23778
61,23877
61,24079
61,24208
61,24212
61,24328
61,24831
61,24874
61,24921
61,25152
61,25193
61,25217
61,25219
61,25345
61,25367
61,25451
61,25568
61,25595
61,25608
61,25616
61,25671
61,25780
61,25799
61,25807
61,25969
61,25974
61,25989
61,26025
61,26034
61,26105
61,26273
61,26364
61,26523
61,26669
61,26707
61,26947
61,26954
61,26962
61,27209
61,27306
61,27486
61,27576
61,27593
61,27923
61,27935
61,27979
61,28020
61,28216
61,28383
61,28402
61,28559
61,28700
61,28721
61,28815
61,28865
61,28929
61,28959
61,28967
61,29063
61,29109
61,29525
61,29546
61,29567
62,90
62,379
62,409
62,426
62,431
62,564
62,769
62,844
62,1032
62,1128
62,1387
62,1409
62,1415
62,1754
62,2187
62,2188
62,2555
62,2589
62,2677
62,2726
62,2736
62,2843
62,3186
62,3410
62,3602
62,3617
62,3620
62,3794
62,4024
62,4104
62,4159
62,4166
62,4181
62,4183
62,4253
62,4269
62,4722
62,4831
62,5230
62,5256
62,5376
62,5396
62,5406
62,5542
62,5588
62,5650
62,5668
62,5718
62,5844
62,5856
62,5882
62,6296
62,6312
62,6387
62,7162
62,7727
62,7753
62,7786
62,7855
62,7976
62,8097
62,8105
62,8139
62,8287
62,8304
62,8371
62,8390
62,8583
62,8625
62,8656
62,8676
62,8710
62,8749
62,8811
62,8952
62,9020
62,9257
62,9303
62,9308
62,9311
62,9335
62,9713
62,9735
62,10119
62,10181
62,10254
62,10443
62,10573
62,11332
62,11357
62,11407
62,11432
62,11599
62,11809
62,11870
62,11987
62,12081
62,12241
62,12263
62,12562
62,12653
62,12658
62,12840
62,12888
62,12961
62,13002
62,13042
62,13370
62,13459
62,13525
62,13824
62,13874
62,14221
62,14551
62,14631
62,14724
62,14944
62,14958
62,15175
62,15575
62,15696
62,15740
62,15823
62,15826
62,15924
62,16198
62,16279
62,16560
62,16599
62,16844
62,16854
62,16855
62,16871
62,17060
62,17114
62,17322
62,17395
62,17623
62,17821
62,17904
62,17915
62,18206
62,18241
62,18325
62,18355
62,18442
62,18463
62,18496
62,18534
62,18679
62,19068
62,19099
62,19173
62,19197
62,19214
62,19451
62,19769
62,19792
62,19931
62,19982
62,20169
62,20211
62,20388
62,20596
62,20753
62,20772
62,20907
62,20924
62,21138
62,21150
62,21156
62,21432
62,21488
62,21707
62,21813
62,21886
62,21961
62,21965
62,22000
62,22104
62,22112
62,22185
62,22371
62,22471
62,22502
62,22525
62,22671
62,22792
62,22959
62,23086
62,23151
62,23325
62,23518
62,23579
62,24047
62,24080
62,24140
62,24141
62,24160
62,24166
62,24290
62,24384
62,24393
62,24395
62,24460
62,24518
62,24661
62,24731
62,24747
62,24881
62,24901
62,24957
62,25032
62,25115
62,25128
62,25305
62,25456
62,25590
62,25644
62,25660
62,25854
62,25967
62,26032
62,26042
62,26096
62,26214
62,26318
62,26334
62,26647
62,26720
62,26760
62,26763
62,26937
62,26971
62,26994
62,27200
62,27322
62,27352
62,27355
62,27463
62,27517
62,27550
62,27930
62,27997
62,28328
62,28624
62,28712
62,28828
62,28840
62,29190
62,29199
62,29264
62,29314
62,29420
63,9
63,122
63,158
63,212
63,241
63,330
63,389
63,735
63,778
63,910
63,1113
63,1212
63,1477
63,1742
63,2058
63,2069
63,2146
63,2549
63,2554
63,2636
63,2666
63,2769
63,2912
63,3113
63,3596
63,3633
63,3683
63,3741
63,3809
63,3924
63,3941
63,4119
63,4153
63,4276
63,4630
63,4738
63,4769
63,5015
63,5027
63,5054
63,5722
63,5899
63,6009
63,6174
63,6307
63,6444
63,6692
63,6723
63,6846
63,6914
63,6924
63,6988
63,7073
63,7101
63,7173
63,7296
63,7537
63,7737
63,7865
63,7987
63,8355
63,8377
63,8441
63,8547
63,8614
63,9184
63,9206
63,9279
63,9310
63,9797
63,9871
63,9895
63,9905
63,10199
63,10281
63,10351
63,10369
63,10413
63,10601
63,10602
63,10716
63,11560
63,11699
63,11800
63,11968
63,12068
63,12073
63,12094
63,12240
63,12328
63,12503
63,12825
63,13732
63,13996
63,14255
63,14633
63,14769
63,14959
63,15080
63,15126
63,15590
63,15652
63,15697
63,15734
63,15796
63,15858
63,16084
63,16127
63,16191
63,16231
63,16431
63,16580
63,16761
63,16784
63,17218
63,17224
63,17268
63,17414
63,17454
63,17602
63,17626
63,17729
63,17825
63,17913
63,18007
63,18147
63,18267
63,18316
63,18361
63,18825
63,19019
63,19129
63,19224
63,19420
63,19521
63,19532
63,19913
63,19936
63,19979
63,20078
63,20478
63,20628
63,20853
63,20993
63,21186
63,21540
63,21666
63,21841
63,21871
63,22110
63,22802
63,22898
63,23121
63,23168
63,23238
63,23325
63,23692
63,23903
63,24078
63,24137
63,24146
63,24160
63,24261
63,24823
63,24930
63,25008
63,25101
63,25469
63,25604
63,25697
63,25872
63,26178
63,26298
63,26487
63,26687
63,26808
63,27069
63,27126
63,27132
63,27133
63,27137
63,27270
63,27331
63,27344
63,27356
63,27472
63,27692
63,28170
63,28226
63,28350
63,28485
63,28513
63,28886
63,28999
63,29055
63,29122
63,29231
63,29359
63,29545
64,188
64,267
64,315
64,392
64,445
64,602
64,778
64,876
64,1153
64,1211
64,1310
64,1380
64,1393
64,1538
64,1578
64,1651
64,1737
64,1860
64,1893
64,2193
64,2197
64,2257
64,2377
64,2432
64,2436
64,2785
64,3343
64,3367
64,3802
64,3867
64,4226
64,4381
64,4396
64,4607
64,4784
64,4828
64,4933
64,5090
64,5312
64,5616
64,5868
64,5875
64,5894
64,5946
64,5960
64,5993
64,6090
64,6100
64,6366
64,6760
64,6858
64,7482
64,7613
64,8193
64,8258
64,8548
64,8606
64,8662
64,8747
64,9015
64,9344
64,9477
64,9969
64,10121
64,10312
64,10348
64,10565
64,10601
64,10799
64,10920
64,11222
64,11244
64,11496
64,11643
64,11800
64,11851
64,12321
64,12662
64,12697
64,13163
64,13339
64,13379
64,13414
64,13555
64,13626
64,13854
64,13888
64,13980
64,14292
64,14824
64,14913
64,15178
64,15206
64,15494
64,15752
64,15911
64,16149
64,16208
64,16286
64,16497
64,16503
64,16599
64,16794
64,16922
64,17031
64,17206
64,17308
64,17465
64,17480
64,17488
64,17501
64,17580
64,17728
64,17770
64,18100
64,18126
64,18408
64,18655
64,18803
64,18844
64,18864
64,19079
64,19168
64,19397
64,19933
64,20062
64,20111
64,20329
64,20508
64,20510
64,20598
64,20806
64,20880
64,21185
64,21204
64,21232
64,21316
64,21475
64,21605
64,21655
64,21809
64,22158
64,22171
64,22215
64,22407
64,23317
64,23335
64,23553
64,23601
64,23806
64,23970
64,24030
64,24500
64,24682
64,24750
64,24789
64,24938
64,24985
64,25404
64,25468
64,25996
64,26038
64,26072
64,26893
64,27466
64,27553
64,27982
64,28048
64,28082
64,28138
64,28415
64,29035
64,29041
65,120
65,252
65,679
65,981
65,1101
65,1178
65,1390
65,1575
65,1973
65,2136
65,2176
65,2395
65,3243
65,3601
65,3762
65,3804
65,3926
65,4100
65,4177
65,4179
65,4344
65,4623
65,4670
65,4899
65,4972
65,4981
65,5322
65,5577
65,5613
65,5765
65,5891
65,5899
65,5907
65,6003
65,6114
65,6316
65,6448
65,6636
65,6761
65,6762
65,6902
65,6993
65,6994
65,7490
65,7959
65,8269
65,8377
65,8546
65,8727
65,8934
65,8971
65,8981
65,9020
65,9185
65,9220
65,9386
65,9768
65,9923
65,9996
65,10057
65,10147
65,10435
65,10476
65,10579
65,10944
65,10959
65,11177
65,11219
65,11319
65,11553
65,12030
65,12162
65,12782
65,12882
65,13136
65,13230
65,13252
65,13301
65,13410
65,13563
65,13584
65,13659
65,14011
65,14058
65,14059
65,14530
65,14672
65,14722
65,14870
65,15088
65,15454
65,15752
65,15988
65,16026
65,16530
65,16747
65,17035
65,17282
65,17567
65,17729
65,17862
65,17962
65,18122
65,18194
65,18333
65,18349
65,18536
65,18726
65,18863
65,19008
65,19051
65,19468
65,19913
65,20068
65,20234
65,20569
65,20614
65,20914
65,20922
65,21135
65,21161
65,21573
65,21817
65,22067
65,22430
65,23198
65,23489
65,23543
65,23607
65,23639
65,23781
65,23845
65,24109
65,24256
65,24365
65,24459
65,24473
65,24785
65,25055
65,25304
65,25542
65,25874
65,25889
65,26326
65,26481
65,26608
65,26763
65,26849
65,26928
65,27059
65,27108
65,27416
65,27531
65,27540
65,27715
65,27727
65,27852
65,28075
65,28431
65,28893
65,28940
65,29155
65,29358
65,29370
66,241
66,396
66,418
66,456
66,682
66,1162
66,1224
66,1394
66,1821
66,2026
66,2071
66,2145
66,2201
66,2321
66,2326
66,2459
66,2600
66,2728
66,2741
66,3717
66,3836
66,3940
66,4718
66,4956
66,5094
66,5301
66,5354
66,5523
66,6189
66,6296
66,6347
66,6525
66,6823
66,6859
66,7166
66,7440
66,7673
66,7759
66,8318
66,8512
66,8626
66,9081
66,9274
66,9328
66,9961
66,9965
66,10101
66,10793
66,10853
66,11288
66,11324
66,11860
66,11963
66,12310
66,12603
66,12610
66,12656
66,12777
66,12991
66,13026
66,13371
66,13392
66,13740
66,13751
66,13817
66,14203
66,14206
66,14923
66,15798
66,15891
66,16074
66,16248
66,16253
66,16480
66,16841
66,16862
66,16910
66,17074
66,17411
66,17458
66,17792
66,17805
66,18017
66,18046
66,18161
66,18453
66,18484
66,18589
66,18864
66,18914
66,18966
66,19013
66,19125
66,19530
66,20045
66,20410
66,20899
66,21436
66,21441
66,21486
66,21873
66,21955
66,22272
66,22295
66,22360
66,22555
66,22794
66,22816
66,23343
66,23600
66,23601
66,23644
66,23818
66,23985
66,24523
66,25131
66,25153
66,25232
66,25363
66,25772
66,25812
66,25886
66,26692
66,26782
66,26823
66,26857
66,27005
66,27094
66,27218
66,27508
66,27894
66,28315
66,28808
66,29084
66,29112
66,29362
66,29425
66,29438
67,25
67,34
67,131
67,415
67,573
67,582
67,670
67,708
67,864
67,875
67,1080
67,1137
67,1218
67,1271
67,1397
67,1496
67,1654
67,1695
67,1698
67,1834
67,2140
67,2678
67,2876
67,2944
67,3012
67,3150
67,3230
67,3243
67,3296
67,3498
67,3799
67,3868
67,4159
67,4215
67,4263
67,4330
67,4349
67,4419
67,4593
67,4595
67,4612
67,4850
67,5166
67,5206
67,5537
67,5624
67,5640
67,6125
67,6221
67,6589
67,6606
67,6729
67,7254
67,7321
67,7351
67,7849
67,8156
67,8168
67,8610
67,8634
67,9331
67,9591
67,9739
67,9742
67,9864
67,10085
67,10326
67,11134
67,11163
67,11797
67,12052
67,12078
67,12084
67,12152
67,12319
67,12331
67,12491
67,12709
67,12730
67,13263
67,13615
67,13648
67,13849
67,13971
67,14267
67,14338
67,14996
67,15006
67,15079
67,15159
67,15203
67,15393
67,15475
67,15593
67,16089
67,16138
67,16635
67,16776
67,16926
67,17155
67,17160
67,17258
67,17274
67,17496
67,17833
67,17907
67,17931
67,18386
67,18690
67,18750
67,18889
67,19317
67,19326
67,19427
67,20209
67,20272
67,20382
67,20386
67,20390
67,20442
67,20585
67,20727
67,20856
67,20983
67,21073
67,21125
67,21221
67,21312
67,21351
67,21469
67,21538
67,21560
67,21627
67,21700
67,21896
67,22741
67,22959
67,22988
67,23115
67,23151
67,23518
67,23659
67,23690
67,23694
67,23765
67,23847
67,24032
67,24159
67,24204
67,24252
67,24723
67,24885
67,25175
67,25257
67,25479
67,25537
67,25566
67,25938
67,26000
67,26174
67,26667
67,27074
67,27312
67,27339
67,27531
67,27562
67,27564
67,27622
67,27664
67,28412
67,28703
67,28732
67,29094
67,29096
67,29108
68,290
68,293
68,656
68,724
68,1075
68,1581
68,1586
68,1804
68,2051
68,2063
68,2178
68,2379
68,2492
68,2514
68,2573
68,2732
68,3182
68,3349
68,3529
68,3595
68,3757
68,3878
68,3963
68,3991
68,4086
68,4853
68,5064
68,5280
68,5639
68,5733
68,6213
68,6224
68,6730
68,6941
68,6970
68,7101
68,7264
68,7456
68,7631
68,7746
68,8085
68,8117
68,8172
68,8225
68,8359
68,8455
68,8486
68,8546
68,8683
68,8831
68,8854
68,8895
68,9129
68,9157
68,9482
68,9747
68,10012
68,10079
68,10353
68,10382
68,10427
68,10646
68,10882
68,10950
68,11076
68,11309
68,11581
68,11689
68,11856
68,11956
68,12038
68,12200
68,12629
68,12702
68,12740
68,13063
68,13222
68,13405
68,13451
68,13494
68,13705
68,13904
68,14003
68,14047
68,14112
68,14216
68,14428
68,15202
68,15315
68,15527
68,15539
68,15567
68,15572
68,15628
68,16017
68,16453
68,16747
68,17216
68,17517
68,17669
68,17670
68,17849
68,17977
68,18065
68,18396
68,18415
68,18529
68,18715
68,18716
68,18804
68,18825
68,19269
68,19278
68,19339
68,19375
68,19398
68,19418
68,19555
68,19592
68,19647
68,19734
68,19942
68,20124
68,20154
68,20652
68,20773
68,20795
68,20889
68,20952
68,21095
68,21275
68,21329
68,21464
68,21568
68,21763
68,21862
68,21944
68,22117
68,22237
68,22406
68,22648
68,22989
68,22993
68,23018
68,23329
68,23352
68,23592
68,23778
68,23886
68,24325
68,24531
68,24793
68,24948
68,25030
68,25261
68,25350
68,25373
68,25458
68,25703
68,26641
68,26849
68,26968
68,27307
68,27619
68,27718
68,28242
68,28521
68,28596
68,28683
68,28702
68,28757
68,28780
68,28957
68,29358
68,29389
68,29481
68,29544
69,140
69,246
69,360
69,481
69,568
69,647
69,706
69,824
69,1147
69,1366
69,1590
69,1623
69,1647
69,2017
69,2023
69,2099
69,2545
69,2918
69,2996
69,3245
69,3360
69,3696
69,3766
69,3767
69,3799
69,3862
69,4357
69,4422
69,4858
69,4983
69,5052
69,5334
69,5409
69,5411
69,5624
69,6224
69,6332
69,6336
69,6341
69,6755
69,6802
69,6819
69,6851
69,6896
69,6949
69,6968
69,7126
69,7307
69,7326
69,7624
69,7791
69,8531
69,8647
69,8692
69,8714
69,8793
69,8948
69,8957
69,8992
69,9016
69,9361
69,9441
69,9530
69,9532
69,9629
69,9802
69,9899
69,9926
69,10155
69,10274
69,10543
69,10936
69,11160
69,11205
69,11420
69,11452
69,11513
69,11546
69,11793
69,12079
69,12356
69,12364
69,12607
69,12670
69,12790
69,12792
69,12984
69,13045
69,13281
69,13303
69,13637
69,14004
69,14447
69,14473
69,14594
69,14781
69,14854
69,14940
69,15663
69,15837
69,16040
69,16390
69,16570
69,16682
69,16821
69,17227
69,17232
69,17340
69,17390
69,17586
69,17863
69,18077
69,18099
69,18514
69,18609
69,18874
69,19110
69,19456
69,19535
69,19630
69,19813
69,20124
69,20649
69,20703
69,20777
69,21007
69,21338
69,21469
69,21556
69,21614
69,21752
69,21805
69,22108
69,22347
69,22408
69,22672
69,22812
69,23154
69,23333
69,23532
69,23573
69,23595
69,23661
69,23992
69,24319
69,24587
69,24627
69,24928
69,24949
69,25575
69,25597
69,25791
69,26402
69,26451
69,26486
69,26785
69,26959
69,27720
69,27822
69,27871
69,28401
69,28493
69,28645
69,29187
69,29467
70,2
70,133
70,151
70,184
70,642
70,811
70,891
70,897
70,927
70,1455
70,1595
70,1866
70,1888
70,1999
70,2202
70,2229
70,2372
70,2415
70,2450
70,2534
70,2643
70,2691
70,2772
70,2851
70,2976
70,3918
70,4128
70,4189
70,4259
70,4324
70,4360
70,4532
70,4965
70,5076
70,5182
70,5185
70,5251
70,5729
70,5853
70,6211
70,6373
70,6375
70,6548
70,6615
70,7201
70,7231
70,7254
70,7935
70,8750
70,8827
70,8953
70,9010
70,9142
70,9363
70,9428
70,9664
70,9856
70,10119
70,10404
70,10638
70,10893
70,10922
70,10998
70,11311
70,11562
70,11652
70,12047
70,12338
70,12420
70,12600
70,12870
70,12932
70,13362
70,13585
70,13627
70,13857
70,14076
70,14167
70,14249
70,14435
70,14765
70,14832
70,14865
70,15662
70,16233
70,16284
70,16302
70,16626
70,17029
70,17055
70,17598
70,18561
70,19006
70,19098
70,19423
70,19536
70,20014
70,20120
70,20300
70,20315
70,20421
70,20585
70,20840
70,20888
70,20965
70,20979
70,21077
70,21079
70,21466
70,21783
70,22018
70,22019
70,22075
70,22471
70,22619
70,23013
70,23143
70,23410
70,23527
70,23960
70,24135
70,24550
70,25090
70,25160
70,25323
70,26031
70,26188
70,26360
70,26576
70,26941
70,27144
70,27328
70,27435
70,28099
70,28423
70,28620
70,28707
71,452
71,1001
71,1475
71,2776
71,2819
71,3467
71,4074
71,4228
71,4310
71,4409
71,4443
71,4712
71,4769
71,4875
71,4930
71,5011
71,5625
71,5686
71,5870
71,6310
71,6413
71,6692
71,6826
71,6963
71,7224
71,7375
71,7404
71,7539
71,7630
71,7696
71,8173
71,8398
71,8455
71,8658
71,9383
71,9654
71,10197
71,10345
71,10472
71,11260
71,11275
71,11401
71,11460
71,11634
71,12626
71,13776
71,13788
71,14562
71,15041
71,15274
71,15467
71,15865
71,16648
71,17321
71,17328
71,17423
71,17773
71,17821
71,18450
71,18621
71,19100
71,19827
71,19831
71,19918
71,20212
71,21027
71,21183
71,21304
71,21789
71,22037
71,22544
71,22715
71,22737
71,22920
71,22927
71,22969
71,23069
71,23345
71,23405
71,23658
71,23843
71,23869
71,24088
71,24178
71,24451
71,25770
71,25916
71,26841
71,26974
71,27321
71,27351
71,27711
71,27780
71,27925
71,28106
71,28114
71,28584
71,28600
71,28702
71,28955
72,99
72,375
72,881
72,1443
72,2068
72,2135
72,2334
72,2485
72,3046
72,3287
72,3360
72,3653
72,4056
72,4143
72,4162
72,4495
72,5261
72,5262
72,5520
72,5611
72,5710
72,6126
72,6351
72,6492
72,6759
72,6783
72,7303
72,8136
72,8578
72,8698
72,9708
72,9752
72,9893
72,10093
72,10409
72,10597
72,10606
72,11048
72,12125
72,12182
72,12995
72,13005
72,13269
72,13733
72,13756
72,13903
72,14026
72,14808
72,15802
72,15970
72,16232
72,16550
72,16598
72,17376
72,17637
72,18072
72,18365
72,18400
72,18512
72,18526
72,18789
72,19487
72,19975
72,20078
72,20296
72,20543
72,21789
72,21893
72,22038
72,22132
72,23210
72,23390
72,23825
72,24044
72,24061
72,24283
72,24739
72,24957
72,25035
72,25216
72,25313
72,25651
72,25787
72,25843
72,25886
72,26513
72,26954
72,27295
72,28392
72,28400
72,28646
72,29091
72,29382
73,292
73,684
73,782
73,1416
73,2094
73,2525
73,2687
73,2801
73,2823
73,2869
73,3277
73,3541
73,5710
73,6331
73,6401
73,6407
73,6550
73,7676
73,7832
73,8660
73,8701
73,8864
73,9465
73,9499
73,9876
73,9891
73,10042
73,10136
73,10433
73,10591
73,11158
73,11272
73,12200
73,12451
73,13085
73,13337
73,13551
73,13666
73,14880
73,14969
73,15534
73,15853
73,15933
73,16247
73,16827
73,17087
73,17096
73,18685
73,19349
73,19767
73,20212
73,20535
73,20702
73,21220
73,22175
73,22227
73,22427
73,22769
73,23101
73,23139
73,23973
73,24154
73,24308
73,24311
73,24546
73,25196
73,25392
73,25631
73,25931
73,26098
73,26143
73,26423
73,26565
73,27000
73,27144
73,27363
73,28895
73,29022
73,29261
73,29374
73,29483
73,29537
74,91
74,606
74,713
74,1242
74,1291
74,1404
74,1420
74,2522
74,2558
74,2562
74,2606
74,2629
74,2709
74,2878
74,3407
74,4596
74,4929
74,5966
74,6079
74,6799
74,6840
74,7990
74,8708
74,8947
74,9538
74,10020
74,10056
74,10724
74,10772
74,11054
74,11124
74,11270
74,11795
74,11866
74,12212
74,12578
74,12597
74,13064
74,13602
74,14010
74,14142
74,14299
74,14533
74,14547
74,14767
74,14873
74,15469
74,15826
74,15963
74,16034
74,16213
74,16688
74,16826
74,17004
74,17113
74,17327
74,17817
74,18154
74,18165
74,19040
74,19581
74,20876
74,21373
74,21417
74,21612
74,21790
74,21873
74,22070
74,22381
74,22588
74,22727
74,23092
74,23204
74,23324
74,23373
74,23544
74,23996
74,24058
74,25203
74,25376
74,25529
74,25564
74,26189
74,26261
74,27512
74,27686
74,27708
74,27722
74,27961
74,28146
74,28225
74,28279
74,28861
74,28870
74,29075
74,29155
74,29189
75,46
75,135
75,713
75,1093
75,1426
75,2170
75,3639
75,3740
75,3974
75,4127
75,4173
75,4340
75,4536
75,4974
75,5245
75,6552
75,6628
75,6811
75,7305
75,7562
75,7679
75,7779
75,8446
75,8564
75,8643
75,8736
75,8796
75,8991
75,9069
75,9265
75,9824
75,10673
75,12322
75,12412
75,13071
75,13172
75,13290
75,13401
75,13461
75,13600
75,14371
75,14497
75,14628
75,14975
75,15641
75,15718
75,16228
75,16431
75,16630
75,16896
75,17045
75,17198
75,17541
75,17924
75,18139
75,18608
75,19454
75,19808
75,19969
75,20230
75,20620
75,20812
75,21172
75,21593
75,22650
75,22929
75,23134
75,23178
75,23563
75,24243
75,24254
75,24786
75,24968
75,25330
75,25373
75,25501
75,25827
75,25978
75,26099
75,26272
75,26839
75,26899
75,27092
75,27195
75,27753
75,27917
75,28028
75,28714
75,28946
75,28991
75,29249
75,29324
75,29518
75,29545
76,5
76,53
76,313
76,507
76,838
76,1030
76,1099
76,1148
76,1560
76,1708
76,2021
76,2281
76,2317
76,2334
76,2651
76,2718
76,2835
76,3221
76,3848
76,3972
76,4495
76,5054
76,5156
76,5230
76,5341
76,5819
76,5827
76,5836
76,5987
76,6090
76,6299
76,6318
76,6432
76,6788
76,7081
76,7636
76,7893
76,7987
76,8363
76,8397
76,8422
76,8781
76,8818
76,9017
76,9047
76,9165
76,9515
76,9671
76,10465
76,10863
76,11196
76,11318
76,11529
76,11763
76,11797
76,11968
76,12615
76,12643
76,13005
76,13520
76,13685
76,14096
76,14126
76,14231
76,14303
76,14486
76,14942
76,15168
76,15199
76,15594
76,15972
76,16075
76,16177
76,16231
76,16721
76,16858
76,17614
76,17786
76,18419
76,18421
76,18594
76,18843
76,19230
76,19289
76,19627
76,19881
76,20168
76,20587
76,21660
76,22219
76,23185
76,23284
76,23448
76,23480
76,23715
76,23732
76,24164
76,24398
76,24581
76,24604
76,24776
76,24962
76,25203
76,25495
76,25711
76,26121
76,26145
76,26618
76,26885
76,26976
76,27349
76,27530
76,28175
76,28386
76,28536
76,28592
76,28656
76,28735
76,29065
76,29114
77,270
77,420
77,518
77,535
77,611
77,720
77,827
77,972
77,1186
77,1244
77,1543
77,1634
77,2174
77,2468
77,2478
77,2558
77,2626
77,2671
77,2673
77,2756
77,3239
77,3344
77,3386
77,3451
77,3582
77,4273
77,4786
77,4964
77,5026
77,5343
77,5460
77,5713
77,5861
77,5949
77,6164
77,6175
77,6563
77,6816
77,6830
77,6838
77,6957
77,6965
77,7327
77,7373
77,7484
77,7643
77,7664
77,7795
77,8144
77,8341
77,8405
77,8753
77,8789
77,8859
77,9220
77,9325
77,9362
77,9866
77,10238
77,10346
77,10352
77,10362
77,10559
77,10584
77,10614
77,10785
77,10796
77,11142
77,11254
77,11340
77,11699
77,12108
77,12513
77,12885
77,13055
77,13217
77,13453
77,13610
77,13618
77,13825
77,14044
77,14068
77,14156
77,14250
77,14263
77,14274
77,14568
77,14873
77,15026
77,15082
77,15147
77,15444
77,15635
77,15761
77,15765
77,15781
77,16141
77,16443
77,16515
77,16539
77,16640
77,16766
77,16834
77,17039
77,17129
77,17160
77,17377
77,17401
77,17890
77,17908
77,18308
77,18431
77,18755
77,18884
77,19030
77,19285
77,19307
77,19320
77,19333
77,19643
77,19682
77,19966
77,20000
77,20217
77,20339
77,20736
77,20774
77,21106
77,21178
77,21462
77,21489
77,21884
77,22069
77,22180
77,22279
77,22542
77,22620
77,22838
77,22937
77,23041
77,23127
77,23149
77,23174
77,23349
77,23714
77,23759
77,24276
77,24281
77,24332
77,24665
77,24754
77,25044
77,25169
77,25176
77,25258
77,25356
77,25416
77,25599
77,25756
77,25836
77,26341
77,26423
77,26456
77,26523
77,26722
77,27043
77,27174
77,27637
77,27771
77,27887
77,27923
77,27934
77,28005
77,28127
77,28205
77,28769
77,29176
77,29182
77,29315
77,29344
77,29494
78,69
78,137
78,175
78,260
78,505
78,535
78,587
78,629
78,652
78,682
78,760
78,783
78,902
78,915
78,971
78,1049
78,1099
78,1164
78,1254
78,1291
78,1390
78,1540
78,1608
78,1619
78,1637
78,1784
78,1789
78,1987
78,2052
78,2271
78,2364
78,2373
78,2458
78,2574
78,2710
78,2829
78,2872
78,2879
78,3084
78,3171
78,3191
78,3192
78,3488
78,3538
78,3802
78,4167
78,4197
78,4264
78,4324
78,4379
78,4638
78,4642
78,4802
78,4887
78,4896
78,4967
78,5010
78,5018
78,5362
78,5370
78,5407
78,5850
78,5904
78,6117
78,6220
78,6307
78,6404
78,6635
78,6720
78,6724
78,6778
78,6844
78,6965
78,7024
78,7071
78,7106
78,7144
78,7161
78,7250
78,7320
78,7497
78,7537
78,7850
78,7874
78,8119
78,8232
78,8387
78,8507
78,8529
78,8623
78,8850
78,8917
78,8960
78,8982
78,8993
78,8998
78,9001
78,9127
78,9177
78,9192
78,9209
78,9296
78,9552
78,9593
78,9706
78,9882
78,9958
78,9988
78,10006
78,10017
78,10091
78,10253
78,10275
78,10279
78,10280
78,10327
78,10522
78,10620
78,10654
78,10656
78,10673
78,10993
78,11034
78,11158
78,11204
78,11219
78,11275
78,11305
78,11779
78,11840
78,12064
78,12092
78,12132
78,12141
78,12154
78,12452
78,12747
78,12773
78,12881
78,12914
78,13170
78,13263
78,13301
78,13462
78,13695
78,13847
78,14016
78,14032
78,14055
78,14220
78,14353
78,14361
78,14407
78,14551
78,14626
78,14710
78,14855
78,14998
78,15107
78,15300
78,15338
78,15378
78,15443
78,15549
78,15627
78,15636
78,15773
78,16083
78,16090
78,16127
78,16161
78,16195
78,16426
78,16441
78,16498
78,16558
78,16585
78,16612
78,16646
78,16754
78,16770
78,16898
78,17127
78,17325
78,17356
78,17367
78,17451
78,17453
78,17566
78,17752
78,18095
78,18101
78,18168
78,18242
78,18245
78,18575
78,18580
78,18700
78,18738
78,18745
78,18802
78,18856
78,18968
78,19189
78,19554
78,19562
78,19572
78,19630
78,19667
78,19941
78,20036
78,20051
78,20056
78,20115
78,20156
78,20175
78,20403
78,20409
78,20517
78,21412
78,21449
78,21832
78,21972
78,21978
78,21991
78,22036
78,22073
78,22100
78,22267
78,22280
78,22466
78,22493
78,22508
78,22746
78,22859
78,22864
78,23292
78,23464
78,23554
78,23600
78,23628
78,23696
78,23709
78,23826
78,23924
78,23954
78,23987
78,24126
78,24131
78,24162
78,24200
78,24251
78,24412
78,24499
78,24519
78,24531
78,24732
78,24733
78,24764
78,24989
78,25091
78,25160
78,25241
78,25379
78,25385
78,25419
78,25433
78,25566
78,25730
78,25776
78,25861
78,25997
78,26234
78,26296
78,26342
78,26374
78,26526
78,26605
78,26676
78,26843
78,27260
78,27547
78,27649
78,27821
78,27914
78,28138
78,28409
78,28419
78,28453
78,28569
78,28580
78,28611
78,28977
78,29023
78,29027
78,29060
78,29127
78,29144
78,29522
79,3
79,18
79,68
79,368
79,528
79,683
79,862
79,995
79,1019
79,1245
79,1447
79,1602
79,1630
79,1711
79,1791
79,1863
79,2102
79,2176
79,2349
79,2360
79,2373
79,2520
79,2526
79,2615
79,2631
79,2821
79,3007
79,3056
79,3101
79,3107
79,3126
79,3193
79,3348
79,3456
79,3494
79,3860
79,3903
79,4176
79,4198
79,4281
79,4335
79,4393
79,4473
79,4509
79,4561
79,5023
79,5058
79,5233
79,5247
79,5275
79,5771
79,5911
79,6099
79,6236
79,6265
79,6408
79,6550
79,6587
79,6642
79,6663
79,6690
79,6828
79,7037
79,7076
79,7160
79,7462
79,7584
79,7652
79,7929
79,7940
79,8105
79,8398
79,8542
79,8925
79,8928
79,9103
79,9203
79,9561
79,9591
79,9598
79,9617
79,9710
79,10271
79,10322
79,10427
79,10486
79,10697
79,10976
79,11062
79,11119
79,11143
79,11182
79,11457
79,11510
79,11660
79,11878
79,11885
79,11931
79,11995
79,12072
79,12161
79,12214
79,12224
79,12330
79,12636
79,12699
79,12743
79,12927
79,12994
79,13180
79,13470
79,13505
79,13609
79,13760
79,13816
79,13907
79,14063
79,14151
79,14291
79,14438
79,14566
79,14567
79,14726
79,14735
79,14821
79,14857
79,14895
79,15017
79,15072
79,15089
79,15204
79,15497
79,15681
79,15699
79,15735
79,15858
79,15886
79,15902
79,16006
79,16127
79,16167
79,16190
79,16218
79,16316
79,16399
79,16581
79,16636
79,16721
79,16727
79,16732
79,17051
79,17108
79,17257
79,17288
79,17521
79,17738
79,18088
79,18191
79,18215
79,18219
79,18295
79,18312
79,18383
79,18526
79,18608
79,18740
79,18850
79,18914
79,18957
79,18986
79,19055
79,19256
79,19297
79,19374
79,19697
79,19788
79,19895
79,20040
79,20065
79,20107
79,20257
79,20320
79,20765
79,20831
79,20863
79,20882
79,21290
79,21304
79,21364
79,21418
79,21517
79,21528
79,21618
79,21820
79,21862
79,22211
79,22418
79,22726
79,22769
79,22889
79,22991
79,23125
79,23183
79,23348
79,23448
79,23450
79,24066
79,24266
79,24341
79,24433
79,24448
79,24496
79,24507
79,24538
79,24564
79,24916
79,25263
79,25373
79,25430
79,25493
79,25515
79,25548
79,25709
79,25842
79,25986
79,26252
79,26326
79,26459
79,26623
79,26663
79,26718
79,26768
79,26881
79,27108
79,27195
79,27451
79,27583
79,27724
79,27778
79,27840
79,27897
79,27927
79,28104
79,28239
79,28297
79,28415
79,28666
79,28668
79,28808
79,28914
79,28986
79,29008
79,29079
79,29221
79,29293
79,29440
79,29449
79,29516
79,29526
79,29559
