layer,neuron
5,793
5,24627
5,28946
24,6259
24,8588
24,10821
24,13265
24,14869
24,19144
24,21836
24,25574
24,28890
25,5658
25,5836
25,9631
25,14982
25,19467
25,20821
25,23662
25,26273
25,26662
26,543
26,2931
26,4955
26,5939
26,6205
26,7434
26,8553
26,9428
26,9480
26,9760
26,10072
26,11657
26,16031
26,17052
26,17815
26,19973
26,19994
26,22242
26,22284
26,25792
26,26000
26,27346
26,28037
26,28469
26,28471
27,272
27,811
27,1288
27,1353
27,1568
27,1983
27,3420
27,4800
27,5119
27,5796
27,6485
27,7572
27,9347
27,10087
27,10422
27,10458
27,10685
27,11289
27,12018
27,13210
27,13450
27,13624
27,14022
27,14857
27,15187
27,15246
27,15525
27,18216
27,19190
27,19327
27,19497
27,19559
27,20234
27,20354
27,20709
27,22122
27,22194
27,23170
27,23276
27,24853
27,26580
27,27174
27,27645
27,28598
27,29322
27,29457
28,459
28,1061
28,1132
28,1387
28,1388
28,1897
28,2164
28,2536
28,3129
28,3684
28,4306
28,4752
28,4828
28,4911
28,5642
28,5740
28,6102
28,6901
28,7202
28,7616
28,7972
28,8506
28,8696
28,8763
28,9798
28,9826
28,9857
28,10091
28,11418
28,11821
28,12009
28,12239
28,13021
28,13030
28,13889
28,14257
28,16015
28,16202
28,16279
28,16495
28,17018
28,17591
28,17612
28,17654
28,18845
28,19093
28,19573
28,20290
28,20781
28,21005
28,21287
28,22094
28,22723
28,23074
28,23274
28,23364
28,23934
28,24414
28,24548
28,24729
28,26610
28,26712
28,27312
28,29017
28,29180
28,29380
28,29533
29,308
29,1051
29,1271
29,1353
29,2097
29,3665
29,4844
29,4963
29,5016
29,5061
29,5172
29,5568
29,6125
29,6142
29,6634
29,7224
29,7492
29,8011
29,8454
29,8478
29,8666
29,9048
29,9368
29,9696
29,9699
29,9829
29,9873
29,10266
29,10447
29,11516
29,12480
29,13140
29,13786
29,13811
29,14070
29,14104
29,14995
29,15338
29,15382
29,15791
29,15880
29,15905
29,16050
29,16577
29,17280
29,17531
29,17539
29,17563
29,17785
29,18581
29,18582
29,18720
29,18890
29,18973
29,19227
29,19538
29,20117
29,20313
29,21513
29,22377
29,22601
29,22611
29,22676
29,22896
29,23180
29,23619
29,24042
29,25170
29,25369
29,26000
29,26048
29,26049
29,26059
29,26942
29,27902
29,27920
29,27937
29,28299
29,28437
29,28636
30,360
30,1029
30,1138
30,1295
30,1523
30,1561
30,1937
30,1984
30,2126
30,2292
30,2319
30,2595
30,2632
30,2906
30,3338
30,3711
30,3864
30,4008
30,4303
30,4581
30,4702
30,4948
30,5066
30,5171
30,5252
30,5433
30,5937
30,6380
30,6665
30,6723
30,6923
30,7444
30,7499
30,7743
30,7797
30,8158
30,8457
30,8985
30,9172
30,9406
30,9514
30,9562
30,9660
30,9690
30,10171
30,10511
30,10724
30,10817
30,11284
30,11301
30,11904
30,12100
30,12218
30,12277
30,12326
30,12551
30,13040
30,13106
30,13225
30,13419
30,13546
30,13694
30,13805
30,13942
30,14207
30,14316
30,14515
30,14925
30,15231
30,15404
30,15477
30,15548
30,15691
30,16311
30,16455
30,16593
30,16659
30,16677
30,16713
30,16807
30,16970
30,17011
30,17313
30,17760
30,18126
30,18193
30,18367
30,18370
30,18442
30,18573
30,18661
30,18728
30,19079
30,19164
30,19264
30,19454
30,19843
30,19986
30,20310
30,20335
30,20383
30,20636
30,20695
30,20731
30,20879
30,21052
30,21586
30,21705
30,21806
30,22070
30,22287
30,22462
30,22985
30,23037
30,23329
30,23685
30,23712
30,23906
30,23912
30,24145
30,24371
30,24381
30,25250
30,25593
30,25833
30,25955
30,26032
30,26461
30,26919
30,26924
30,27038
30,27122
30,27484
30,27551
30,27674
30,27690
30,27891
30,28180
30,28637
30,28804
30,28845
31,160
31,177
31,184
31,197
31,198
31,502
31,1010
31,1068
31,1182
31,1259
31,1378
31,1535
31,1669
31,1933
31,2044
31,2065
31,2073
31,2226
31,2339
31,2384
31,2626
31,2772
31,2920
31,2923
31,2925
31,3261
31,3317
31,3680
31,3999
31,4083
31,4182
31,4233
31,4309
31,4347
31,4709
31,4977
31,5009
31,5017
31,5071
31,5369
31,5497
31,6139
31,6216
31,6630
31,6904
31,7013
31,7023
31,7032
31,7181
31,7576
31,7642
31,7665
31,7943
31,8018
31,8046
31,8278
31,8351
31,8894
31,8937
31,8938
31,8946
31,9011
31,9815
31,9935
31,9957
31,10325
31,10644
31,10670
31,10763
31,10774
31,11023
31,11100
31,11189
31,11397
31,11578
31,11640
31,11743
31,12215
31,12636
31,13004
31,13047
31,13327
31,13458
31,13573
31,13626
31,13868
31,13918
31,14108
31,14130
31,14265
31,14442
31,14565
31,14823
31,14858
31,14889
31,15256
31,15435
31,15788
31,15907
31,15987
31,16180
31,16197
31,16228
31,16299
31,16543
31,16578
31,16697
31,16768
31,16989
31,17432
31,17553
31,17620
31,17929
31,18027
31,18103
31,18139
31,18161
31,18187
31,18197
31,18266
31,18273
31,18303
31,18388
31,18409
31,18432
31,18465
31,18574
31,18591
31,18674
31,18719
31,18762
31,18900
31,18989
31,19509
31,19571
31,19604
31,19677
31,19781
31,19958
31,20076
31,20222
31,20340
31,20376
31,20461
31,20770
31,21573
31,22085
31,22691
31,23166
31,23366
31,23477
31,23754
31,23862
31,24108
31,24115
31,24696
31,24747
31,25149
31,25257
31,25337
31,25397
31,25507
31,25787
31,25927
31,26037
31,26063
31,26243
31,26607
31,26902
31,27022
31,27457
31,27538
31,27574
31,27654
31,27851
31,28139
31,28340
31,28425
31,28493
31,28565
31,28762
31,29003
31,29132
31,29353
31,29375
32,285
32,662
32,721
32,777
32,970
32,984
32,1420
32,1469
32,1565
32,1791
32,1858
32,1860
32,1977
32,2147
32,2288
32,2821
32,3458
32,3528
32,3748
32,3810
32,4114
32,4152
32,4241
32,4751
32,4969
32,5408
32,5769
32,6250
32,6448
32,6733
32,7043
32,7051
32,7094
32,7278
32,7661
32,7826
32,7848
32,7865
32,8271
32,8327
32,8400
32,8457
32,8627
32,8640
32,8788
32,8969
32,9079
32,9098
32,9212
32,9346
32,9704
32,10043
32,10138
32,10453
32,10474
32,10650
32,10681
32,10897
32,11077
32,11124
32,11461
32,11508
32,11531
32,11802
32,11845
32,11887
32,11955
32,12079
32,12262
32,12339
32,12427
32,12644
32,12703
32,12757
32,12804
32,12896
32,13153
32,13187
32,13637
32,13662
32,13840
32,13939
32,14116
32,14351
32,14687
32,14871
32,14986
32,15009
32,15046
32,15279
32,15350
32,15652
32,15914
32,15963
32,16191
32,16313
32,16348
32,16419
32,16446
32,16657
32,17240
32,17315
32,17481
32,17566
32,17629
32,17692
32,17709
32,17850
32,18137
32,18357
32,18808
32,18818
32,19289
32,19625
32,19637
32,19770
32,20091
32,20387
32,20425
32,20452
32,20633
32,20821
32,21588
32,21797
32,22040
32,22230
32,22259
32,22564
32,22570
32,22706
32,22813
32,23035
32,23065
32,23170
32,23450
32,23693
32,23894
32,24314
32,24429
32,24501
32,24541
32,24932
32,24936
32,25105
32,25120
32,25394
32,25412
32,25553
32,25619
32,25781
32,25837
32,26361
32,26577
32,26705
32,26736
32,26905
32,26965
32,27102
32,27326
32,27479
32,27611
32,27837
32,27860
32,28201
32,28217
32,28365
32,28435
32,28463
32,28588
32,28612
32,28685
32,28880
32,28917
32,29135
32,29196
32,29392
32,29395
33,85
33,279
33,344
33,538
33,785
33,808
33,1043
33,1177
33,1189
33,1238
33,1447
33,1526
33,1538
33,1552
33,1579
33,2165
33,2235
33,2391
33,2588
33,2646
33,2839
33,2958
33,3011
33,3135
33,3141
33,3173
33,3184
33,3225
33,3272
33,3432
33,3673
33,3701
33,3814
33,3926
33,4143
33,4232
33,4432
33,4502
33,4819
33,4883
33,4938
33,5013
33,5212
33,5297
33,5335
33,5353
33,5423
33,5479
33,5526
33,5637
33,5671
33,5847
33,6106
33,6259
33,6275
33,6434
33,6632
33,6652
33,6682
33,6703
33,6767
33,6771
33,7098
33,7192
33,7271
33,7393
33,7716
33,7815
33,8102
33,8344
33,8492
33,8525
33,8713
33,8746
33,8873
33,8975
33,9102
33,9111
33,9168
33,9178
33,9374
33,9433
33,9652
33,9821
33,9914
33,9948
33,10019
33,10199
33,10236
33,10285
33,10439
33,10684
33,10828
33,11025
33,11150
33,11210
33,11236
33,11401
33,11443
33,11575
33,11599
33,11682
33,11739
33,11812
33,12228
33,12433
33,12475
33,12631
33,12870
33,13012
33,13014
33,13322
33,13335
33,13566
33,13570
33,13607
33,13683
33,13763
33,13792
33,13923
33,13958
33,14039
33,14584
33,14599
33,14678
33,14844
33,14890
33,15237
33,15428
33,15493
33,15529
33,15685
33,15954
33,15959
33,15967
33,16062
33,16299
33,16316
33,16432
33,16543
33,16853
33,17071
33,17414
33,17644
33,17774
33,17948
33,18080
33,18211
33,18292
33,18299
33,18469
33,18475
33,18530
33,18749
33,18780
33,18845
33,18855
33,18993
33,19042
33,19132
33,19201
33,19237
33,19348
33,19499
33,19647
33,19935
33,20034
33,20100
33,20366
33,20588
33,20719
33,21035
33,21206
33,21222
33,21292
33,21365
33,21433
33,21461
33,21465
33,21801
33,22331
33,22348
33,22561
33,22609
33,22851
33,22935
33,23090
33,23328
33,23344
33,23371
33,23380
33,23444
33,23474
33,23791
33,23820
33,23839
33,24171
33,24324
33,24424
33,24707
33,25147
33,25318
33,25901
33,25921
33,26154
33,26368
33,26562
33,26830
33,26884
33,26913
33,27314
33,27547
33,27943
33,27950
33,27984
33,28071
33,28110
33,28420
33,28562
33,28731
33,28915
33,29042
33,29137
33,29382
33,29397
33,29414
34,6
34,62
34,203
34,208
34,339
34,408
34,694
34,913
34,952
34,998
34,1072
34,1080
34,1170
34,1239
34,1305
34,1324
34,1530
34,1537
34,1606
34,1783
34,2265
34,2418
34,2427
34,2485
34,2508
34,2517
34,2901
34,2978
34,3049
34,3083
34,3924
34,4080
34,4156
34,4298
34,4300
34,4444
34,4539
34,4939
34,4970
34,5078
34,5262
34,5293
34,5403
34,5467
34,5539
34,5777
34,6000
34,6030
34,6093
34,6120
34,6400
34,6401
34,6572
34,6639
34,6745
34,6857
34,7020
34,7257
34,7295
34,7414
34,7506
34,7615
34,7677
34,7966
34,8169
34,8181
34,8339
34,8511
34,9029
34,9066
34,9135
34,9158
34,9180
34,9347
34,9414
34,10356
34,10373
34,10619
34,10669
34,11706
34,11966
34,11980
34,12028
34,12545
34,12703
34,12865
34,12916
34,13025
34,13032
34,13064
34,13224
34,13263
34,13305
34,13474
34,13727
34,13826
34,13840
34,13854
34,13951
34,14031
34,14073
34,14193
34,15028
34,15161
34,15192
34,15403
34,15467
34,16035
34,16045
34,16220
34,16472
34,16493
34,16777
34,16916
34,16954
34,17182
34,17220
34,17449
34,17475
34,17515
34,17600
34,17852
34,17870
34,17968
34,18171
34,18185
34,18262
34,18597
34,18742
34,18984
34,19013
34,19040
34,19054
34,19138
34,19247
34,19363
34,19378
34,19441
34,19549
34,19679
34,19746
34,19760
34,19922
34,20264
34,20398
34,20491
34,20515
34,20574
34,20619
34,20871
34,21126
34,21395
34,21582
34,21597
34,21603
34,21858
34,22348
34,22570
34,22842
34,22875
34,22977
34,23050
34,23274
34,23334
34,23495
34,23814
34,23826
34,23856
34,23878
34,24021
34,24157
34,24192
34,24352
34,24518
34,24730
34,24838
34,25030
34,25210
34,25661
34,25756
34,25995
34,26006
34,26163
34,26435
34,26632
34,26654
34,26763
34,27265
34,27355
34,27364
34,27407
34,27976
34,28207
34,28396
34,28501
34,28565
34,28659
34,28689
34,28714
34,28894
34,28928
34,28980
34,29086
34,29124
34,29243
34,29269
34,29287
34,29308
34,29439
34,29495
35,131
35,212
35,367
35,507
35,546
35,842
35,863
35,907
35,1057
35,1137
35,1303
35,1466
35,1638
35,1701
35,1707
35,2002
35,2348
35,2667
35,2755
35,2988
35,3117
35,3131
35,3188
35,3400
35,3421
35,3578
35,3668
35,3792
35,3847
35,3850
35,3962
35,4093
35,4233
35,4276
35,4282
35,4329
35,4359
35,4457
35,4588
35,4810
35,5080
35,5122
35,5211
35,5445
35,5624
35,5815
35,5878
35,6010
35,6109
35,6529
35,6815
35,6879
35,6923
35,7221
35,7284
35,7340
35,7396
35,7504
35,7515
35,7595
35,7779
35,7789
35,7930
35,7943
35,7970
35,8008
35,8421
35,8437
35,8555
35,8830
35,9000
35,9024
35,9046
35,9299
35,9401
35,9595
35,9643
35,9658
35,9927
35,9933
35,9944
35,10041
35,10062
35,10159
35,10219
35,10269
35,10298
35,10534
35,10694
35,10732
35,10849
35,10942
35,10987
35,11220
35,11483
35,11591
35,11968
35,11972
35,12057
35,12310
35,12421
35,12529
35,12819
35,12953
35,13014
35,13180
35,13280
35,13367
35,13413
35,13665
35,13890
35,13970
35,14102
35,14107
35,14135
35,14435
35,14707
35,14864
35,15002
35,15027
35,15409
35,15488
35,15592
35,15803
35,15995
35,16052
35,16133
35,16170
35,16242
35,16304
35,16482
35,16600
35,16692
35,16756
35,16771
35,16925
35,17016
35,17034
35,17209
35,17410
35,17576
35,17862
35,17924
35,17958
35,18215
35,18381
35,18433
35,18752
35,19035
35,19085
35,19130
35,19477
35,19666
35,19943
35,20105
35,20131
35,20172
35,20189
35,20246
35,20589
35,20683
35,20731
35,20995
35,21511
35,21557
35,21559
35,22078
35,22084
35,22212
35,22216
35,22376
35,22574
35,23051
35,23126
35,23194
35,23356
35,23364
35,23441
35,23599
35,23631
35,23671
35,23751
35,24297
35,24298
35,24558
35,24587
35,24829
35,25020
35,25248
35,25293
35,25606
35,25659
35,26193
35,26201
35,26283
35,26606
35,26640
35,26894
35,26919
35,27001
35,27076
35,27251
35,27673
35,27886
35,28081
35,28177
35,28440
35,28472
35,28875
35,29296
35,29399
35,29551
36,174
36,394
36,545
36,572
36,590
36,962
36,1060
36,1116
36,1166
36,1452
36,1480
36,1516
36,1907
36,1918
36,1951
36,1979
36,2062
36,2139
36,2194
36,2265
36,2349
36,2364
36,2427
36,2433
36,2505
36,2584
36,2749
36,2787
36,2794
36,3064
36,3505
36,3605
36,3883
36,3898
36,4117
36,4160
36,4359
36,4511
36,4514
36,4625
36,4773
36,5123
36,5209
36,5399
36,5678
36,5767
36,5860
36,6205
36,6360
36,6576
36,6726
36,6746
36,6760
36,7196
36,7234
36,7247
36,7284
36,7363
36,7547
36,7589
36,7603
36,8149
36,8167
36,8264
36,8265
36,8382
36,8396
36,8418
36,8522
36,8659
36,8726
36,8774
36,8789
36,8961
36,9112
36,9549
36,9590
36,9616
36,9815
36,9925
36,9954
36,10064
36,10107
36,10230
36,10586
36,10666
36,10670
36,10673
36,10740
36,10768
36,10783
36,11083
36,11232
36,11306
36,11346
36,11372
36,11492
36,11539
36,11767
36,11769
36,11780
36,11947
36,12159
36,12198
36,12251
36,12326
36,12416
36,12552
36,12586
36,13023
36,13151
36,13230
36,13288
36,13508
36,13522
36,13563
36,13781
36,13855
36,13926
36,13990
36,14024
36,14541
36,14542
36,14556
36,14596
36,14698
36,14925
36,14959
36,15000
36,15105
36,15146
36,15220
36,15281
36,15320
36,15457
36,15627
36,15862
36,15890
36,15929
36,15986
36,16222
36,16379
36,16453
36,16724
36,16822
36,17153
36,17259
36,17489
36,17511
36,17697
36,18005
36,18034
36,18035
36,18231
36,18377
36,18710
36,18768
36,19071
36,19154
36,19335
36,19347
36,19365
36,19460
36,19518
36,19777
36,19929
36,19960
36,19966
36,20050
36,20208
36,20226
36,20310
36,20386
36,20481
36,21099
36,21111
36,21255
36,21607
36,21724
36,21883
36,21936
36,21981
36,22050
36,22299
36,22437
36,22647
36,23046
36,23095
36,23376
36,23426
36,23490
36,23721
36,23812
36,23840
36,23843
36,23943
36,24050
36,24174
36,24288
36,24347
36,24355
36,24363
36,24424
36,24549
36,24659
36,24738
36,24999
36,25025
36,25280
36,25362
36,25547
36,25713
36,25799
36,25892
36,26005
36,26062
36,26205
36,26243
36,26287
36,26332
36,26366
36,26383
36,26389
36,26411
36,26439
36,26522
36,26594
36,27040
36,27081
36,27166
36,27298
36,27369
36,27458
36,27572
36,27602
36,27690
36,27771
36,27796
36,28144
36,28210
36,28303
36,28310
36,28415
36,28638
36,28823
36,28962
36,29038
36,29210
36,29233
36,29281
36,29309
36,29479
36,29536
37,96
37,148
37,181
37,259
37,379
37,417
37,421
37,453
37,550
37,567
37,625
37,651
37,774
37,801
37,922
37,1018
37,1061
37,1073
37,1130
37,1139
37,1175
37,1310
37,1332
37,1363
37,1387
37,1389
37,1402
37,1455
37,1465
37,1848
37,1852
37,1930
37,2147
37,2162
37,2166
37,2265
37,2446
37,2548
37,2608
37,2620
37,2828
37,2878
37,3028
37,3106
37,3163
37,3190
37,3200
37,3279
37,3404
37,3486
37,3700
37,3928
37,4016
37,4130
37,4215
37,4542
37,4746
37,4793
37,4814
37,4887
37,4961
37,5296
37,5337
37,5377
37,5425
37,5448
37,5501
37,5563
37,5663
37,5682
37,5739
37,5876
37,5942
37,5963
37,5982
37,5986
37,5998
37,6080
37,6094
37,6123
37,6190
37,6303
37,6343
37,6664
37,6722
37,6904
37,6961
37,7100
37,7193
37,7432
37,7445
37,7494
37,7531
37,7616
37,7954
37,8036
37,8037
37,8089
37,8121
37,8150
37,8194
37,8235
37,8307
37,8333
37,8807
37,8819
37,8886
37,8982
37,9132
37,9242
37,9368
37,9371
37,9372
37,9425
37,9439
37,9469
37,9581
37,9623
37,9935
37,10185
37,10223
37,10482
37,10537
37,10711
37,10807
37,10816
37,10848
37,10926
37,11180
37,11182
37,11204
37,11240
37,11342
37,11494
37,11689
37,11778
37,11787
37,11789
37,11801
37,11922
37,12007
37,12143
37,12217
37,12314
37,12338
37,12362
37,12425
37,12440
37,12623
37,12653
37,12730
37,12824
37,12860
37,12924
37,13044
37,13068
37,13099
37,13117
37,13118
37,13178
37,13222
37,13326
37,13399
37,13451
37,13504
37,13542
37,13568
37,13787
37,13791
37,13878
37,14038
37,14128
37,14140
37,14159
37,14188
37,14201
37,14232
37,14234
37,14315
37,14429
37,14450
37,14465
37,14466
37,14616
37,14623
37,14702
37,14750
37,14854
37,14992
37,15023
37,15156
37,15177
37,15282
37,15496
37,15544
37,15581
37,15633
37,15705
37,15714
37,15737
37,15761
37,15996
37,15998
37,16080
37,16322
37,16353
37,16421
37,16453
37,16491
37,16511
37,16568
37,16900
37,17340
37,17459
37,17666
37,17775
37,17885
37,18026
37,18316
37,18334
37,18413
37,18459
37,18500
37,18576
37,18616
37,18644
37,18838
37,18938
37,18953
37,18995
37,19078
37,19091
37,19109
37,19189
37,19210
37,19351
37,19442
37,19504
37,19692
37,19707
37,19796
37,19799
37,19934
37,19946
37,19967
37,19976
37,20008
37,20032
37,20081
37,20143
37,20144
37,20345
37,20367
37,20372
37,20378
37,20512
37,20529
37,20552
37,20593
37,20754
37,20758
37,20981
37,21109
37,21113
37,21263
37,21317
37,21411
37,21451
37,21534
37,21588
37,21663
37,21827
37,21896
37,21920
37,21921
37,22022
37,22108
37,22141
37,22153
37,22248
37,22782
37,22970
37,23006
37,23157
37,23282
37,23420
37,23542
37,23550
37,23582
37,23736
37,23745
37,23760
37,23796
37,23846
37,23902
37,24056
37,24117
37,24147
37,24330
37,24345
37,24359
37,24400
37,24416
37,24616
37,24733
37,24810
37,24898
37,25078
37,25159
37,25164
37,25344
37,25458
37,25616
37,25907
37,26064
37,26147
37,26251
37,26271
37,26330
37,26401
37,26448
37,26502
37,26535
37,26605
37,26626
37,26631
37,26786
37,26808
37,26838
37,26874
37,26895
37,26982
37,26989
37,27001
37,27077
37,27092
37,27148
37,27383
37,27408
37,27414
37,27480
37,27483
37,27603
37,27641
37,27751
37,27769
37,28098
37,28271
37,28515
37,28552
37,28594
37,28710
37,29060
37,29153
37,29161
37,29254
37,29260
37,29298
37,29314
37,29424
37,29514
38,55
38,74
38,98
38,185
38,197
38,312
38,336
38,402
38,475
38,491
38,542
38,568
38,638
38,723
38,730
38,817
38,854
38,929
38,944
38,949
38,953
38,985
38,1016
38,1164
38,1181
38,1184
38,1206
38,1258
38,1342
38,1377
38,1380
38,1418
38,1422
38,1487
38,1491
38,1505
38,1518
38,1595
38,1607
38,1697
38,1749
38,1944
38,1966
38,2029
38,2031
38,2045
38,2177
38,2220
38,2466
38,2477
38,2482
38,2537
38,2600
38,2645
38,2665
38,2751
38,2862
38,2883
38,2934
38,3006
38,3026
38,3150
38,3159
38,3179
38,3186
38,3212
38,3237
38,3279
38,3341
38,3420
38,3435
38,3478
38,3487
38,3504
38,3545
38,3569
38,3573
38,3581
38,3685
38,3750
38,3763
38,3774
38,3784
38,3916
38,3983
38,4003
38,4096
38,4145
38,4180
38,4323
38,4343
38,4348
38,4503
38,4557
38,4661
38,4687
38,4731
38,4733
38,4750
38,4759
38,4771
38,4797
38,4822
38,4847
38,4858
38,4860
38,4861
38,4903
38,4950
38,4995
38,5155
38,5166
38,5180
38,5221
38,5259
38,5273
38,5285
38,5343
38,5372
38,5385
38,5446
38,5451
38,5453
38,5495
38,5542
38,5545
38,5588
38,5687
38,5742
38,5743
38,5759
38,5807
38,5827
38,5851
38,5882
38,5961
38,5971
38,5973
38,6173
38,6251
38,6354
38,6385
38,6387
38,6396
38,6437
38,6541
38,6763
38,6779
38,6817
38,6820
38,6836
38,6869
38,6886
38,7028
38,7056
38,7074
38,7099
38,7124
38,7180
38,7303
38,7367
38,7386
38,7387
38,7461
38,7492
38,7543
38,7587
38,7626
38,7701
38,7708
38,7737
38,7806
38,7828
38,7921
38,7956
38,8065
38,8098
38,8179
38,8218
38,8326
38,8368
38,8451
38,8455
38,8465
38,8495
38,8513
38,8528
38,8634
38,8680
38,8721
38,8818
38,8848
38,8853
38,8873
38,8993
38,8998
38,9028
38,9036
38,9119
38,9127
38,9168
38,9250
38,9284
38,9285
38,9370
38,9372
38,9448
38,9483
38,9496
38,9522
38,9606
38,9708
38,9711
38,9785
38,9799
38,10038
38,10062
38,10118
38,10119
38,10138
38,10154
38,10188
38,10199
38,10203
38,10226
38,10257
38,10329
38,10381
38,10421
38,10429
38,10442
38,10484
38,10488
38,10631
38,10707
38,10733
38,10787
38,10810
38,10812
38,10865
38,10952
38,11092
38,11098
38,11110
38,11221
38,11226
38,11249
38,11259
38,11266
38,11328
38,11431
38,11526
38,11560
38,11606
38,11634
38,11680
38,11786
38,11909
38,12019
38,12124
38,12149
38,12176
38,12194
38,12198
38,12247
38,12268
38,12279
38,12340
38,12420
38,12474
38,12534
38,12618
38,12647
38,12711
38,12719
38,12773
38,12829
38,12866
38,12976
38,13077
38,13104
38,13123
38,13145
38,13147
38,13148
38,13157
38,13159
38,13267
38,13269
38,13275
38,13283
38,13364
38,13383
38,13485
38,13648
38,13688
38,13689
38,13719
38,13925
38,13980
38,13982
38,13983
38,14010
38,14049
38,14063
38,14130
38,14196
38,14816
38,14838
38,14854
38,14867
38,14923
38,14953
38,14984
38,15003
38,15036
38,15104
38,15119
38,15298
38,15378
38,15402
38,15538
38,15563
38,15578
38,15602
38,15615
38,15674
38,15675
38,15797
38,15799
38,15827
38,15871
38,16056
38,16079
38,16102
38,16153
38,16172
38,16184
38,16303
38,16310
38,16334
38,16485
38,16502
38,16542
38,16558
38,16562
38,16578
38,16580
38,16594
38,16606
38,16662
38,16710
38,16810
38,16832
38,16852
38,16859
38,16871
38,16939
38,16962
38,16971
38,17002
38,17062
38,17126
38,17149
38,17176
38,17242
38,17300
38,17327
38,17348
38,17384
38,17394
38,17399
38,17403
38,17452
38,17457
38,17486
38,17517
38,17544
38,17562
38,17577
38,17584
38,17684
38,17720
38,17738
38,17768
38,17785
38,17865
38,17894
38,17950
38,17963
38,18061
38,18148
38,18166
38,18177
38,18301
38,18316
38,18429
38,18503
38,18594
38,18649
38,18656
38,18663
38,18750
38,18759
38,18859
38,18915
38,18921
38,18982
38,19041
38,19047
38,19048
38,19056
38,19087
38,19117
38,19168
38,19258
38,19377
38,19535
38,19624
38,19655
38,19701
38,19862
38,19926
38,19942
38,20023
38,20025
38,20078
38,20111
38,20190
38,20238
38,20272
38,20286
38,20306
38,20334
38,20377
38,20438
38,20520
38,20594
38,20601
38,20620
38,20689
38,20745
38,20776
38,20790
38,20799
38,20833
38,20886
38,20972
38,21025
38,21035
38,21063
38,21103
38,21106
38,21150
38,21221
38,21311
38,21367
38,21382
38,21399
38,21403
38,21406
38,21471
38,21512
38,21518
38,21630
38,21690
38,21732
38,21756
38,21826
38,21835
38,21877
38,21909
38,21914
38,21976
38,22065
38,22095
38,22201
38,22252
38,22341
38,22454
38,22455
38,22515
38,22539
38,22578
38,22584
38,22615
38,22639
38,22698
38,22800
38,22877
38,22887
38,22900
38,22928
38,23046
38,23104
38,23150
38,23224
38,23295
38,23296
38,23377
38,23422
38,23435
38,23499
38,23562
38,23564
38,23642
38,23756
38,23783
38,23804
38,23859
38,23876
38,23902
38,23938
38,23939
38,23957
38,24059
38,24100
38,24101
38,24126
38,24394
38,24535
38,24544
38,24611
38,24662
38,24665
38,24729
38,24745
38,24831
38,24870
38,24924
38,24950
38,24961
38,25099
38,25143
38,25161
38,25199
38,25288
38,25292
38,25305
38,25321
38,25359
38,25515
38,25528
38,25604
38,25645
38,25835
38,25865
38,25879
38,25884
38,26113
38,26121
38,26138
38,26144
38,26166
38,26186
38,26223
38,26244
38,26276
38,26299
38,26304
38,26353
38,26382
38,26403
38,26516
38,26563
38,26644
38,26661
38,26664
38,26681
38,26692
38,26709
38,26727
38,26735
38,26809
38,26817
38,26835
38,26849
38,27025
38,27102
38,27255
38,27312
38,27443
38,27525
38,27666
38,27724
38,27746
38,27748
38,27804
38,27824
38,27825
38,27836
38,27879
38,27925
38,27944
38,27957
38,27963
38,28182
38,28199
38,28228
38,28236
38,28278
38,28340
38,28379
38,28390
38,28421
38,28433
38,28477
38,28502
38,28506
38,28534
38,28614
38,28749
38,28772
38,28787
38,29084
38,29130
38,29132
38,29168
38,29219
38,29253
38,29310
38,29337
38,29342
38,29347
38,29355
38,29476
38,29509
39,5
39,58
39,71
39,89
39,91
39,100
39,146
39,216
39,231
39,247
39,265
39,288
39,307
39,394
39,500
39,525
39,597
39,602
39,632
39,680
39,703
39,822
39,911
39,934
39,965
39,970
39,1056
39,1059
39,1125
39,1161
39,1204
39,1229
39,1256
39,1291
39,1381
39,1402
39,1430
39,1442
39,1446
39,1469
39,1548
39,1550
39,1631
39,1649
39,1849
39,1896
39,1968
39,2015
39,2055
39,2125
39,2240
39,2318
39,2373
39,2379
39,2387
39,2560
39,2563
39,2568
39,2596
39,2725
39,2871
39,2949
39,2987
39,3011
39,3023
39,3042
39,3180
39,3190
39,3217
39,3233
39,3276
39,3341
39,3382
39,3403
39,3406
39,3409
39,3590
39,3605
39,3670
39,3803
39,3804
39,3815
39,3836
39,3837
39,4096
39,4287
39,4290
39,4304
39,4325
39,4372
39,4390
39,4398
39,4411
39,4456
39,4503
39,4510
39,4543
39,4561
39,4623
39,4641
39,4651
39,4655
39,4656
39,4660
39,4662
39,4722
39,4898
39,4921
39,4964
39,4979
39,5000
39,5007
39,5034
39,5043
39,5047
39,5051
39,5078
39,5086
39,5094
39,5117
39,5139
39,5181
39,5226
39,5250
39,5266
39,5298
39,5321
39,5401
39,5411
39,5501
39,5520
39,5569
39,5571
39,5581
39,5593
39,5625
39,5842
39,5880
39,6066
39,6069
39,6110
39,6117
39,6130
39,6171
39,6242
39,6252
39,6255
39,6259
39,6335
39,6369
39,6376
39,6469
39,6473
39,6510
39,6524
39,6716
39,6746
39,6920
39,6922
39,6982
39,6984
39,6985
39,7044
39,7168
39,7182
39,7225
39,7253
39,7285
39,7297
39,7432
39,7439
39,7478
39,7483
39,7508
39,7554
39,7576
39,7612
39,7741
39,7762
39,7820
39,7954
39,7959
39,7980
39,7992
39,8008
39,8011
39,8104
39,8262
39,8269
39,8300
39,8301
39,8412
39,8439
39,8513
39,8532
39,8582
39,8584
39,8602
39,8628
39,8634
39,8646
39,8663
39,8726
39,8732
39,8738
39,8768
39,8776
39,8807
39,8822
39,8857
39,8975
39,9027
39,9030
39,9041
39,9070
39,9155
39,9222
39,9231
39,9273
39,9291
39,9303
39,9464
39,9478
39,9495
39,9525
39,9541
39,9581
39,9646
39,9647
39,9695
39,9698
39,9717
39,9792
39,10000
39,10008
39,10026
39,10146
39,10157
39,10181
39,10234
39,10247
39,10254
39,10311
39,10382
39,10452
39,10459
39,10520
39,10524
39,10546
39,10556
39,10586
39,10610
39,10633
39,10643
39,10740
39,10744
39,10770
39,10798
39,10799
39,10808
39,10825
39,10871
39,10901
39,10940
39,10983
39,11037
39,11108
39,11197
39,11239
39,11298
39,11395
39,11522
39,11534
39,11623
39,11750
39,11755
39,11911
39,11923
39,11946
39,12002
39,12065
39,12067
39,12111
39,12173
39,12206
39,12258
39,12329
39,12349
39,12355
39,12443
39,12450
39,12460
39,12521
39,12586
39,12604
39,12607
39,12645
39,12698
39,12750
39,12799
39,12820
39,12865
39,12918
39,12996
39,13003
39,13025
39,13035
39,13063
39,13158
39,13203
39,13245
39,13257
39,13292
39,13303
39,13306
39,13378
39,13399
39,13416
39,13436
39,13437
39,13456
39,13487
39,13508
39,13532
39,13544
39,13557
39,13581
39,13671
39,13684
39,13692
39,13734
39,13759
39,13784
39,13891
39,13897
39,13928
39,14086
39,14088
39,14222
39,14264
39,14265
39,14306
39,14318
39,14325
39,14336
39,14358
39,14367
39,14417
39,14474
39,14508
39,14511
39,14523
39,14553
39,14660
39,14696
39,14720
39,14816
39,14897
39,14969
39,14985
39,15002
39,15013
39,15054
39,15080
39,15114
39,15156
39,15176
39,15275
39,15304
39,15325
39,15328
39,15368
39,15382
39,15413
39,15435
39,15460
39,15469
39,15526
39,15542
39,15560
39,15576
39,15638
39,15711
39,15734
39,15790
39,15831
39,15840
39,15850
39,16009
39,16171
39,16207
39,16249
39,16322
39,16344
39,16358
39,16414
39,16427
39,16485
39,16533
39,16550
39,16562
39,16621
39,16739
39,16753
39,16878
39,16908
39,16929
39,16938
39,17010
39,17034
39,17050
39,17064
39,17070
39,17086
39,17102
39,17113
39,17116
39,17149
39,17164
39,17246
39,17466
39,17605
39,17623
39,17868
39,17874
39,17963
39,18011
39,18029
39,18239
39,18278
39,18368
39,18399
39,18408
39,18475
39,18485
39,18542
39,18573
39,18603
39,18684
39,18705
39,18764
39,18822
39,18863
39,18882
39,18915
39,18918
39,18954
39,18980
39,19112
39,19177
39,19238
39,19246
39,19251
39,19276
39,19297
39,19369
39,19394
39,19427
39,19449
39,19544
39,19545
39,19547
39,19552
39,19595
39,19659
39,19674
39,19753
39,19777
39,19895
39,19924
39,19943
39,19965
39,20094
39,20158
39,20175
39,20210
39,20256
39,20383
39,20408
39,20419
39,20497
39,20521
39,20532
39,20587
39,20664
39,20743
39,20869
39,20895
39,20924
39,20947
39,20973
39,21053
39,21116
39,21257
39,21261
39,21332
39,21472
39,21555
39,21587
39,21590
39,21593
39,21595
39,21609
39,21616
39,21617
39,21689
39,21770
39,21786
39,21805
39,21882
39,21888
39,21891
39,21935
39,21940
39,22020
39,22081
39,22083
39,22105
39,22144
39,22197
39,22280
39,22331
39,22352
39,22431
39,22452
39,22480
39,22489
39,22523
39,22557
39,22640
39,22772
39,22840
39,22940
39,22957
39,22961
39,22966
39,23052
39,23127
39,23261
39,23276
39,23294
39,23391
39,23510
39,23528
39,23532
39,23574
39,23605
39,23698
39,23741
39,23778
39,23919
39,24036
39,24056
39,24065
39,24223
39,24270
39,24277
39,24364
39,24419
39,24443
39,24505
39,24537
39,24590
39,24679
39,24740
39,24787
39,24959
39,24960
39,25140
39,25157
39,25187
39,25211
39,25235
39,25261
39,25334
39,25408
39,25542
39,25548
39,25563
39,25681
39,25692
39,25729
39,25807
39,25822
39,25844
39,25944
39,26057
39,26064
39,26129
39,26244
39,26269
39,26273
39,26324
39,26336
39,26349
39,26520
39,26545
39,26636
39,26694
39,26705
39,26744
39,26766
39,26781
39,26802
39,26808
39,26833
39,26896
39,26905
39,26922
39,26923
39,27064
39,27185
39,27213
39,27342
39,27353
39,27466
39,27490
39,27534
39,27538
39,27589
39,27641
39,27684
39,27696
39,27714
39,27720
39,27778
39,27796
39,27818
39,27926
39,27936
39,27956
39,28007
39,28039
39,28187
39,28198
39,28341
39,28344
39,28345
39,28366
39,28370
39,28422
39,28456
39,28540
39,28558
39,28575
39,28625
39,28660
39,28680
39,28809
39,28875
39,28884
39,28891
39,28920
39,28923
39,28968
39,28981
39,29048
39,29063
39,29137
39,29138
39,29142
39,29184
39,29190
39,29198
39,29212
39,29280
39,29294
39,29295
39,29306
39,29335
39,29358
39,29374
39,29377
39,29390
39,29453
39,29456
39,29535
40,48
40,68
40,78
40,158
40,261
40,267
40,293
40,327
40,341
40,376
40,418
40,426
40,541
40,591
40,636
40,754
40,765
40,793
40,843
40,1075
40,1100
40,1127
40,1205
40,1249
40,1288
40,1379
40,1384
40,1515
40,1538
40,1589
40,1599
40,1649
40,1726
40,1783
40,1902
40,1927
40,1961
40,2016
40,2066
40,2079
40,2148
40,2149
40,2171
40,2202
40,2264
40,2340
40,2452
40,2475
40,2480
40,2516
40,2520
40,2741
40,2776
40,2817
40,2949
40,2981
40,3047
40,3048
40,3139
40,3236
40,3243
40,3247
40,3263
40,3293
40,3295
40,3319
40,3390
40,3406
40,3495
40,3509
40,3530
40,3557
40,3741
40,3868
40,3912
40,3922
40,3972
40,3989
40,4020
40,4058
40,4101
40,4121
40,4172
40,4224
40,4281
40,4313
40,4317
40,4437
40,4483
40,4508
40,4561
40,4655
40,4789
40,4816
40,4850
40,4933
40,4960
40,4971
40,4985
40,5055
40,5086
40,5089
40,5229
40,5284
40,5353
40,5379
40,5455
40,5577
40,5580
40,5582
40,5650
40,5660
40,5668
40,5688
40,5692
40,5704
40,5708
40,5794
40,5830
40,5860
40,5893
40,5941
40,5957
40,5979
40,6038
40,6112
40,6123
40,6157
40,6184
40,6290
40,6328
40,6387
40,6409
40,6591
40,6626
40,6666
40,6696
40,6802
40,6953
40,7026
40,7110
40,7182
40,7254
40,7274
40,7311
40,7331
40,7456
40,7494
40,7512
40,7515
40,7531
40,7535
40,7542
40,7550
40,7575
40,7599
40,7706
40,7710
40,7732
40,7750
40,7754
40,7820
40,7832
40,7871
40,8011
40,8042
40,8078
40,8082
40,8102
40,8192
40,8209
40,8338
40,8432
40,8478
40,8499
40,8533
40,8535
40,8593
40,8756
40,8791
40,8793
40,8812
40,8823
40,8921
40,8946
40,9094
40,9287
40,9389
40,9586
40,9609
40,9616
40,9674
40,9765
40,9806
40,9893
40,9944
40,9963
40,9986
40,10033
40,10070
40,10078
40,10117
40,10133
40,10157
40,10201
40,10222
40,10299
40,10303
40,10304
40,10329
40,10333
40,10339
40,10417
40,10452
40,10498
40,10525
40,10556
40,10597
40,10643
40,10702
40,10793
40,10810
40,10861
40,10891
40,10895
40,11018
40,11105
40,11112
40,11115
40,11125
40,11180
40,11183
40,11252
40,11270
40,11349
40,11423
40,11479
40,11486
40,11525
40,11661
40,11697
40,11756
40,11775
40,11822
40,11838
40,11954
40,12032
40,12083
40,12104
40,12153
40,12201
40,12222
40,12268
40,12329
40,12353
40,12362
40,12376
40,12387
40,12403
40,12450
40,12512
40,12721
40,12740
40,12880
40,12885
40,12889
40,12909
40,12931
40,12941
40,12948
40,12950
40,13012
40,13045
40,13100
40,13148
40,13156
40,13344
40,13346
40,13389
40,13435
40,13449
40,13617
40,13886
40,13903
40,13931
40,14009
40,14398
40,14521
40,14647
40,14701
40,14721
40,14739
40,14889
40,14915
40,14935
40,14989
40,15022
40,15028
40,15134
40,15153
40,15158
40,15294
40,15328
40,15359
40,15391
40,15442
40,15649
40,15676
40,15722
40,15797
40,15903
40,15985
40,15988
40,15993
40,16004
40,16072
40,16192
40,16226
40,16255
40,16296
40,16303
40,16329
40,16349
40,16353
40,16367
40,16368
40,16557
40,16720
40,16723
40,16803
40,16857
40,16921
40,16924
40,16937
40,16947
40,16962
40,17142
40,17145
40,17149
40,17165
40,17168
40,17227
40,17259
40,17283
40,17295
40,17309
40,17353
40,17382
40,17429
40,17463
40,17468
40,17484
40,17521
40,17606
40,17608
40,17652
40,17700
40,17726
40,17738
40,17745
40,17821
40,17914
40,17937
40,18011
40,18073
40,18106
40,18206
40,18248
40,18298
40,18430
40,18444
40,18512
40,18576
40,18595
40,18680
40,18706
40,18832
40,18946
40,18962
40,18970
40,18996
40,19013
40,19056
40,19061
40,19068
40,19073
40,19089
40,19152
40,19210
40,19231
40,19278
40,19329
40,19369
40,19379
40,19440
40,19447
40,19521
40,19579
40,19679
40,19694
40,19759
40,19787
40,19788
40,19792
40,19798
40,19806
40,19870
40,19900
40,19911
40,19940
40,19952
40,19954
40,19960
40,19974
40,20018
40,20043
40,20114
40,20118
40,20121
40,20186
40,20212
40,20221
40,20239
40,20247
40,20345
40,20366
40,20395
40,20409
40,20492
40,20577
40,20658
40,20683
40,20716
40,20749
40,20779
40,20783
40,20788
40,20847
40,20895
40,20901
40,20953
40,20963
40,20980
40,20981
40,21031
40,21036
40,21087
40,21191
40,21236
40,21241
40,21334
40,21472
40,21482
40,21567
40,21588
40,21589
40,21671
40,21707
40,21822
40,21848
40,21892
40,21931
40,22006
40,22020
40,22076
40,22132
40,22147
40,22159
40,22206
40,22211
40,22271
40,22286
40,22336
40,22352
40,22444
40,22494
40,22498
40,22566
40,22602
40,22609
40,22670
40,22728
40,22777
40,22800
40,22814
40,22845
40,22896
40,22902
40,23033
40,23065
40,23160
40,23228
40,23304
40,23429
40,23442
40,23453
40,23456
40,23461
40,23466
40,23549
40,23575
40,23635
40,23705
40,23720
40,23820
40,23826
40,23845
40,23901
40,23969
40,23998
40,24005
40,24039
40,24045
40,24161
40,24340
40,24366
40,24480
40,24521
40,24556
40,24557
40,24562
40,24654
40,24676
40,24707
40,24796
40,24803
40,24807
40,24819
40,24842
40,24877
40,24905
40,24978
40,24985
40,25118
40,25125
40,25132
40,25179
40,25227
40,25233
40,25340
40,25365
40,25372
40,25398
40,25437
40,25441
40,25448
40,25474
40,25571
40,25572
40,25691
40,25701
40,25734
40,25767
40,25789
40,25800
40,25950
40,25995
40,26053
40,26288
40,26341
40,26376
40,26429
40,26515
40,26553
40,26573
40,26646
40,26678
40,26691
40,26706
40,26721
40,26725
40,26776
40,26857
40,26879
40,26983
40,27005
40,27006
40,27177
40,27183
40,27218
40,27255
40,27266
40,27411
40,27444
40,27520
40,27617
40,27658
40,27685
40,27698
40,27786
40,27811
40,27964
40,27982
40,27998
40,28004
40,28122
40,28149
40,28158
40,28166
40,28175
40,28185
40,28228
40,28235
40,28239
40,28244
40,28284
40,28320
40,28326
40,28406
40,28430
40,28493
40,28577
40,28624
40,28732
40,28800
40,28842
40,28908
40,28936
40,28943
40,28947
40,28995
40,29024
40,29068
40,29118
40,29186
40,29248
40,29256
40,29293
40,29313
40,29348
40,29394
40,29395
40,29431
40,29475
40,29483
40,29497
40,29531
41,15
41,58
41,92
41,125
41,145
41,357
41,536
41,584
41,686
41,816
41,864
41,886
41,950
41,1120
41,1199
41,1250
41,1410
41,1429
41,1447
41,1449
41,1489
41,1504
41,1634
41,1647
41,1721
41,1889
41,1921
41,1926
41,1928
41,2091
41,2296
41,2347
41,2401
41,2427
41,2431
41,2544
41,2632
41,2635
41,2673
41,2693
41,2899
41,3015
41,3127
41,3144
41,3160
41,3221
41,3332
41,3343
41,3400
41,3431
41,3529
41,3534
41,3539
41,3607
41,3708
41,3728
41,3740
41,3774
41,3860
41,3913
41,4022
41,4053
41,4061
41,4067
41,4074
41,4158
41,4194
41,4201
41,4209
41,4443
41,4467
41,4578
41,4600
41,4657
41,4676
41,4736
41,4756
41,4762
41,4836
41,4882
41,4942
41,5057
41,5060
41,5080
41,5093
41,5140
41,5248
41,5328
41,5333
41,5366
41,5383
41,5488
41,5517
41,5535
41,5563
41,5583
41,5641
41,5642
41,5681
41,5782
41,5824
41,5915
41,5939
41,5989
41,6031
41,6044
41,6111
41,6136
41,6216
41,6290
41,6321
41,6345
41,6353
41,6356
41,6418
41,6434
41,6506
41,6626
41,6642
41,6809
41,6881
41,6972
41,6987
41,7027
41,7064
41,7110
41,7117
41,7124
41,7261
41,7374
41,7402
41,7495
41,7588
41,7614
41,7645
41,7722
41,7724
41,7772
41,7819
41,7876
41,7892
41,7934
41,8018
41,8038
41,8100
41,8137
41,8151
41,8177
41,8179
41,8215
41,8281
41,8390
41,8435
41,8438
41,8507
41,8573
41,8673
41,8674
41,8680
41,8707
41,8762
41,8896
41,8898
41,8965
41,9016
41,9017
41,9038
41,9056
41,9099
41,9206
41,9273
41,9301
41,9312
41,9329
41,9423
41,9449
41,9454
41,9538
41,9556
41,9564
41,9585
41,9616
41,9636
41,9652
41,9706
41,9725
41,9736
41,9800
41,9873
41,9943
41,10005
41,10220
41,10316
41,10319
41,10384
41,10402
41,10473
41,10555
41,10577
41,10601
41,10613
41,10622
41,10684
41,10701
41,10717
41,10758
41,10761
41,10799
41,10813
41,10821
41,10911
41,10977
41,11005
41,11036
41,11113
41,11129
41,11177
41,11207
41,11213
41,11262
41,11275
41,11351
41,11422
41,11428
41,11432
41,11447
41,11518
41,11627
41,11669
41,11687
41,11730
41,11737
41,11887
41,11962
41,12012
41,12062
41,12065
41,12094
41,12127
41,12185
41,12227
41,12330
41,12487
41,12517
41,12522
41,12689
41,12724
41,12756
41,12765
41,12790
41,12807
41,12855
41,12877
41,12949
41,13000
41,13073
41,13171
41,13240
41,13254
41,13261
41,13333
41,13339
41,13398
41,13413
41,13432
41,13438
41,13458
41,13541
41,13574
41,13638
41,13737
41,13744
41,13771
41,13778
41,13781
41,13795
41,13898
41,13981
41,13996
41,13999
41,14002
41,14148
41,14152
41,14178
41,14263
41,14303
41,14308
41,14426
41,14429
41,14477
41,14549
41,14564
41,14595
41,14644
41,14662
41,14712
41,14715
41,14719
41,14766
41,14788
41,14839
41,14890
41,14896
41,14937
41,15156
41,15159
41,15170
41,15288
41,15292
41,15369
41,15409
41,15419
41,15546
41,15570
41,15606
41,15629
41,15758
41,15794
41,15945
41,15989
41,15991
41,16056
41,16074
41,16103
41,16263
41,16267
41,16281
41,16352
41,16394
41,16438
41,16483
41,16534
41,16577
41,16639
41,16711
41,16718
41,16782
41,16794
41,16796
41,16823
41,16884
41,17074
41,17079
41,17118
41,17167
41,17182
41,17254
41,17313
41,17385
41,17391
41,17444
41,17530
41,17628
41,17729
41,17805
41,17877
41,17935
41,18006
41,18049
41,18052
41,18075
41,18080
41,18108
41,18147
41,18242
41,18356
41,18360
41,18388
41,18400
41,18501
41,18567
41,18690
41,18728
41,18806
41,18857
41,19002
41,19062
41,19071
41,19108
41,19138
41,19228
41,19256
41,19313
41,19344
41,19354
41,19429
41,19463
41,19606
41,19609
41,19612
41,19628
41,19699
41,19837
41,19847
41,19873
41,19909
41,19967
41,20002
41,20010
41,20250
41,20323
41,20366
41,20449
41,20478
41,20484
41,20488
41,20520
41,20634
41,20752
41,20809
41,20836
41,21141
41,21387
41,21419
41,21445
41,21492
41,21516
41,21582
41,21585
41,21602
41,21665
41,21677
41,21691
41,21724
41,21810
41,21818
41,21897
41,21935
41,21959
41,21971
41,21989
41,22050
41,22062
41,22072
41,22079
41,22117
41,22136
41,22283
41,22312
41,22328
41,22420
41,22441
41,22444
41,22446
41,22591
41,22656
41,22690
41,22765
41,22814
41,22888
41,23134
41,23172
41,23184
41,23194
41,23221
41,23275
41,23320
41,23343
41,23360
41,23383
41,23448
41,23506
41,23566
41,23578
41,23686
41,23705
41,23719
41,23726
41,23753
41,23791
41,23878
41,23917
41,24024
41,24054
41,24222
41,24243
41,24252
41,24256
41,24322
41,24336
41,24426
41,24433
41,24494
41,24507
41,24551
41,24590
41,24628
41,24629
41,24631
41,24717
41,24721
41,24751
41,24817
41,24898
41,24968
41,25003
41,25012
41,25070
41,25158
41,25348
41,25380
41,25448
41,25481
41,25546
41,25603
41,25616
41,25684
41,25742
41,25781
41,25865
41,25871
41,25889
41,25940
41,25954
41,26006
41,26012
41,26201
41,26241
41,26262
41,26449
41,26452
41,26464
41,26473
41,26525
41,26573
41,26623
41,26625
41,26674
41,26707
41,26729
41,26775
41,26778
41,26798
41,26849
41,26893
41,26929
41,26979
41,26994
41,27031
41,27087
41,27092
41,27111
41,27156
41,27284
41,27332
41,27364
41,27468
41,27573
41,27624
41,27650
41,27697
41,27761
41,27780
41,27815
41,27865
41,27871
41,27940
41,27952
41,27983
41,28088
41,28138
41,28149
41,28155
41,28193
41,28244
41,28302
41,28335
41,28355
41,28356
41,28429
41,28436
41,28441
41,28456
41,28458
41,28537
41,28613
41,28617
41,28619
41,28628
41,28671
41,28676
41,28745
41,28904
41,28910
41,28992
41,29115
41,29146
41,29161
41,29222
41,29298
41,29399
41,29439
41,29452
41,29484
41,29548
42,93
42,105
42,155
42,207
42,231
42,260
42,275
42,285
42,328
42,350
42,428
42,504
42,527
42,675
42,727
42,751
42,840
42,863
42,1114
42,1210
42,1228
42,1288
42,1304
42,1322
42,1336
42,1364
42,1375
42,1483
42,1516
42,1524
42,1590
42,1638
42,1715
42,1897
42,2018
42,2100
42,2138
42,2322
42,2345
42,2378
42,2400
42,2475
42,2546
42,2558
42,2628
42,2649
42,2665
42,2739
42,2782
42,2838
42,2957
42,3001
42,3008
42,3103
42,3116
42,3262
42,3362
42,3369
42,3428
42,3468
42,3547
42,3559
42,3589
42,3594
42,3720
42,3733
42,3758
42,3826
42,3839
42,3871
42,3878
42,3922
42,3983
42,3992
42,4043
42,4105
42,4254
42,4306
42,4314
42,4429
42,4439
42,4466
42,4514
42,4568
42,4756
42,4774
42,4775
42,4815
42,4849
42,4919
42,5001
42,5035
42,5075
42,5087
42,5145
42,5165
42,5194
42,5263
42,5389
42,5457
42,5466
42,5467
42,5547
42,5562
42,5645
42,5649
42,5724
42,5741
42,5783
42,5796
42,5823
42,5849
42,5973
42,6000
42,6083
42,6104
42,6108
42,6113
42,6131
42,6155
42,6233
42,6237
42,6263
42,6333
42,6380
42,6386
42,6406
42,6514
42,6565
42,6624
42,6633
42,6693
42,6705
42,6724
42,6772
42,6805
42,6808
42,6839
42,6857
42,6858
42,6899
42,6948
42,6953
42,7003
42,7020
42,7161
42,7215
42,7233
42,7244
42,7264
42,7427
42,7447
42,7517
42,7524
42,7526
42,7603
42,7701
42,7731
42,7738
42,7740
42,7882
42,7890
42,7939
42,7983
42,8021
42,8140
42,8340
42,8348
42,8500
42,8509
42,8535
42,8541
42,8550
42,8588
42,8593
42,8642
42,8652
42,8661
42,8685
42,8694
42,8807
42,8976
42,8979
42,8989
42,9024
42,9075
42,9183
42,9245
42,9280
42,9311
42,9341
42,9394
42,9399
42,9408
42,9477
42,9505
42,9515
42,9563
42,9598
42,9621
42,9710
42,9756
42,9790
42,9793
42,9796
42,9801
42,9821
42,9869
42,9889
42,9899
42,9902
42,10177
42,10306
42,10309
42,10315
42,10360
42,10375
42,10380
42,10384
42,10402
42,10414
42,10439
42,10492
42,10498
42,10715
42,10790
42,10795
42,10834
42,10868
42,11011
42,11036
42,11056
42,11086
42,11106
42,11154
42,11178
42,11210
42,11227
42,11236
42,11602
42,11725
42,11747
42,11898
42,11977
42,11986
42,12024
42,12037
42,12049
42,12061
42,12071
42,12073
42,12117
42,12163
42,12256
42,12312
42,12343
42,12366
42,12399
42,12411
42,12432
42,12437
42,12466
42,12519
42,12612
42,12679
42,12685
42,12705
42,12707
42,12732
42,12735
42,12823
42,12852
42,12910
42,12922
42,12963
42,12971
42,12988
42,13018
42,13069
42,13092
42,13127
42,13161
42,13172
42,13177
42,13201
42,13205
42,13224
42,13247
42,13332
42,13415
42,13650
42,13690
42,13719
42,13739
42,13764
42,13766
42,13859
42,13878
42,13979
42,13982
42,14162
42,14225
42,14233
42,14262
42,14284
42,14467
42,14523
42,14537
42,14615
42,14675
42,14676
42,14817
42,14854
42,14905
42,14917
42,14949
42,14960
42,15005
42,15045
42,15051
42,15090
42,15150
42,15171
42,15182
42,15194
42,15204
42,15269
42,15339
42,15415
42,15432
42,15464
42,15477
42,15506
42,15509
42,15517
42,15547
42,15581
42,15585
42,15614
42,15635
42,15654
42,15660
42,15699
42,15764
42,15828
42,15880
42,15890
42,15901
42,15915
42,15949
42,15989
42,16009
42,16049
42,16242
42,16265
42,16272
42,16341
42,16368
42,16390
42,16418
42,16491
42,16537
42,16598
42,16612
42,16684
42,16763
42,16903
42,16914
42,17037
42,17095
42,17098
42,17103
42,17295
42,17296
42,17323
42,17330
42,17398
42,17407
42,17544
42,17577
42,17676
42,17716
42,17754
42,17819
42,17871
42,17929
42,17930
42,17944
42,17996
42,18046
42,18081
42,18090
42,18118
42,18131
42,18158
42,18184
42,18191
42,18246
42,18271
42,18418
42,18433
42,18457
42,18507
42,18550
42,18556
42,18602
42,18629
42,18640
42,18643
42,18734
42,18779
42,18818
42,18823
42,18903
42,18906
42,19010
42,19032
42,19037
42,19106
42,19109
42,19188
42,19191
42,19229
42,19320
42,19409
42,19540
42,19570
42,19578
42,19584
42,19609
42,19638
42,19680
42,19724
42,19733
42,19795
42,19797
42,19852
42,19901
42,19918
42,19948
42,20029
42,20032
42,20050
42,20112
42,20115
42,20288
42,20292
42,20367
42,20477
42,20495
42,20507
42,20543
42,20545
42,20584
42,20591
42,20593
42,20607
42,20633
42,20665
42,20688
42,20711
42,20777
42,20809
42,20884
42,20891
42,20902
42,20924
42,21036
42,21046
42,21085
42,21161
42,21279
42,21367
42,21380
42,21387
42,21403
42,21434
42,21511
42,21517
42,21587
42,21597
42,21650
42,21654
42,21814
42,21838
42,21874
42,21895
42,22011
42,22054
42,22144
42,22160
42,22170
42,22175
42,22236
42,22259
42,22332
42,22341
42,22361
42,22384
42,22627
42,22691
42,22722
42,22726
42,22732
42,22738
42,22780
42,22809
42,22853
42,22951
42,23118
42,23170
42,23210
42,23215
42,23247
42,23279
42,23296
42,23358
42,23369
42,23415
42,23464
42,23516
42,23575
42,23679
42,23683
42,23725
42,23781
42,23900
42,23919
42,23945
42,23953
42,24036
42,24041
42,24043
42,24054
42,24185
42,24186
42,24210
42,24226
42,24309
42,24392
42,24429
42,24496
42,24508
42,24510
42,24522
42,24523
42,24598
42,24611
42,24614
42,24646
42,24709
42,24715
42,24720
42,24768
42,24774
42,24894
42,24993
42,25018
42,25097
42,25105
42,25107
42,25165
42,25211
42,25262
42,25271
42,25314
42,25389
42,25479
42,25529
42,25531
42,25724
42,25741
42,25914
42,25933
42,25954
42,25976
42,25977
42,25990
42,25992
42,26044
42,26061
42,26091
42,26109
42,26133
42,26147
42,26183
42,26204
42,26213
42,26264
42,26302
42,26334
42,26352
42,26369
42,26377
42,26441
42,26458
42,26494
42,26549
42,26606
42,26611
42,26731
42,26738
42,26748
42,26753
42,26754
42,26846
42,26866
42,26868
42,26908
42,26952
42,26956
42,26983
42,27072
42,27131
42,27136
42,27143
42,27286
42,27292
42,27355
42,27383
42,27476
42,27514
42,27516
42,27520
42,27603
42,27646
42,27651
42,27669
42,27681
42,27723
42,27760
42,27777
42,27814
42,27817
42,27835
42,27846
42,27852
42,27863
42,27907
42,27914
42,27922
42,27924
42,27931
42,27959
42,27980
42,28028
42,28044
42,28150
42,28166
42,28173
42,28213
42,28256
42,28257
42,28287
42,28348
42,28506
42,28599
42,28625
42,28632
42,28664
42,28753
42,28811
42,28827
42,28835
42,28838
42,28859
42,28892
42,28966
42,29045
42,29051
42,29173
42,29179
42,29182
42,29299
42,29349
42,29377
42,29462
42,29464
42,29498
42,29502
42,29514
42,29545
42,29561
43,47
43,78
43,122
43,233
43,299
43,331
43,342
43,346
43,418
43,420
43,479
43,485
43,540
43,580
43,603
43,605
43,632
43,766
43,791
43,813
43,1035
43,1067
43,1093
43,1104
43,1205
43,1221
43,1241
43,1297
43,1412
43,1463
43,1473
43,1481
43,1542
43,1589
43,1645
43,1709
43,1788
43,1819
43,1945
43,1956
43,1961
43,1990
43,2000
43,2079
43,2143
43,2187
43,2188
43,2217
43,2336
43,2353
43,2397
43,2474
43,2479
43,2491
43,2572
43,2674
43,2683
43,2728
43,2758
43,2778
43,2866
43,2914
43,2971
43,3038
43,3117
43,3139
43,3187
43,3193
43,3198
43,3246
43,3264
43,3267
43,3425
43,3585
43,3677
43,3721
43,3738
43,3753
43,3765
43,3834
43,3844
43,3880
43,4013
43,4212
43,4277
43,4412
43,4528
43,4621
43,4693
43,4763
43,4766
43,4787
43,4802
43,4914
43,4928
43,4966
43,4989
43,5045
43,5061
43,5068
43,5072
43,5077
43,5110
43,5208
43,5258
43,5261
43,5265
43,5291
43,5341
43,5385
43,5404
43,5423
43,5495
43,5544
43,5559
43,5600
43,5611
43,5622
43,5739
43,5779
43,5788
43,5793
43,5815
43,5833
43,5851
43,5890
43,5918
43,5921
43,5949
43,6047
43,6055
43,6093
43,6127
43,6175
43,6250
43,6282
43,6322
43,6338
43,6428
43,6470
43,6577
43,6587
43,6640
43,6666
43,6884
43,6995
43,7052
43,7071
43,7076
43,7079
43,7247
43,7260
43,7293
43,7355
43,7427
43,7429
43,7482
43,7541
43,7576
43,7621
43,7644
43,7654
43,7686
43,7689
43,7728
43,7736
43,7797
43,7858
43,7859
43,7921
43,7993
43,8014
43,8031
43,8072
43,8155
43,8177
43,8289
43,8349
43,8407
43,8413
43,8541
43,8557
43,8560
43,8565
43,8647
43,8658
43,8737
43,8804
43,8814
43,8868
43,8888
43,9005
43,9107
43,9126
43,9148
43,9189
43,9210
43,9221
43,9247
43,9261
43,9273
43,9275
43,9310
43,9544
43,9710
43,9726
43,9730
43,9747
43,9755
43,9773
43,9777
43,9798
43,9814
43,9929
43,9962
43,10007
43,10020
43,10099
43,10104
43,10209
43,10261
43,10308
43,10312
43,10410
43,10665
43,10667
43,10680
43,10725
43,10753
43,10785
43,10790
43,10800
43,10941
43,10953
43,10962
43,11016
43,11041
43,11108
43,11236
43,11311
43,11336
43,11359
43,11595
43,11654
43,11659
43,11667
43,11703
43,11705
43,11707
43,11720
43,11779
43,11809
43,11909
43,11957
43,11961
43,11963
43,11986
43,12034
43,12048
43,12086
43,12088
43,12103
43,12168
43,12170
43,12279
43,12296
43,12347
43,12362
43,12489
43,12507
43,12530
43,12536
43,12595
43,12640
43,12679
43,12752
43,12869
43,12875
43,12897
43,12978
43,12993
43,13042
43,13068
43,13105
43,13107
43,13131
43,13173
43,13187
43,13299
43,13330
43,13394
43,13561
43,13585
43,13593
43,13685
43,13707
43,13866
43,13867
43,14036
43,14045
43,14115
43,14141
43,14202
43,14351
43,14359
43,14451
43,14488
43,14511
43,14528
43,14597
43,14601
43,14620
43,14637
43,14673
43,14687
43,14718
43,14730
43,14751
43,14799
43,14833
43,14860
43,14886
43,14951
43,14996
43,15086
43,15098
43,15131
43,15201
43,15275
43,15319
43,15470
43,15486
43,15518
43,15532
43,15597
43,15603
43,15647
43,15731
43,15740
43,15749
43,15777
43,15789
43,15835
43,15868
43,15874
43,15973
43,16022
43,16031
43,16326
43,16375
43,16383
43,16391
43,16423
43,16444
43,16477
43,16538
43,16660
43,16691
43,16728
43,16745
43,16798
43,16840
43,16906
43,16935
43,16995
43,17005
43,17064
43,17099
43,17177
43,17189
43,17208
43,17214
43,17266
43,17278
43,17395
43,17475
43,17535
43,17556
43,17573
43,17576
43,17580
43,17656
43,17692
43,17695
43,17770
43,17810
43,17821
43,17823
43,17906
43,18018
43,18024
43,18067
43,18106
43,18115
43,18118
43,18192
43,18205
43,18218
43,18247
43,18260
43,18397
43,18404
43,18407
43,18454
43,18458
43,18463
43,18478
43,18497
43,18538
43,18540
43,18545
43,18645
43,18686
43,18807
43,18817
43,18823
43,18905
43,18965
43,18975
43,19008
43,19019
43,19020
43,19048
43,19081
43,19181
43,19226
43,19280
43,19296
43,19300
43,19336
43,19501
43,19525
43,19528
43,19581
43,19618
43,19740
43,19771
43,19826
43,19866
43,19867
43,19929
43,19996
43,20133
43,20146
43,20153
43,20222
43,20234
43,20269
43,20277
43,20416
43,20424
43,20426
43,20439
43,20461
43,20481
43,20490
43,20494
43,20564
43,20608
43,20641
43,20748
43,20761
43,20791
43,20802
43,20848
43,21047
43,21067
43,21107
43,21140
43,21203
43,21214
43,21219
43,21222
43,21226
43,21256
43,21271
43,21280
43,21284
43,21304
43,21370
43,21441
43,21475
43,21517
43,21518
43,21557
43,21638
43,21647
43,21666
43,21682
43,21729
43,21740
43,21762
43,21784
43,21787
43,21819
43,21867
43,21899
43,21948
43,22010
43,22017
43,22058
43,22060
43,22103
43,22114
43,22123
43,22191
43,22223
43,22254
43,22290
43,22333
43,22348
43,22399
43,22419
43,22433
43,22485
43,22522
43,22560
43,22627
43,22668
43,22761
43,22880
43,22909
43,22926
43,22944
43,23068
43,23078
43,23081
43,23145
43,23247
43,23260
43,23276
43,23296
43,23319
43,23378
43,23385
43,23459
43,23492
43,23547
43,23556
43,23586
43,23625
43,23676
43,23696
43,23812
43,23854
43,23884
43,23891
43,23901
43,23905
43,23960
43,23992
43,24005
43,24116
43,24123
43,24151
43,24186
43,24216
43,24254
43,24337
43,24356
43,24367
43,24378
43,24385
43,24430
43,24457
43,24541
43,24654
43,24688
43,24714
43,24795
43,24847
43,24851
43,24906
43,24929
43,25003
43,25020
43,25094
43,25210
43,25330
43,25341
43,25373
43,25529
43,25537
43,25621
43,25628
43,25629
43,25643
43,25651
43,25661
43,25824
43,25875
43,25900
43,25917
43,25931
43,26000
43,26081
43,26114
43,26187
43,26192
43,26205
43,26221
43,26242
43,26353
43,26444
43,26456
43,26531
43,26570
43,26576
43,26580
43,26583
43,26649
43,26723
43,26744
43,26766
43,26774
43,26793
43,26800
43,26811
43,26820
43,26831
43,26891
43,26930
43,26954
43,26972
43,26999
43,27004
43,27005
43,27038
43,27041
43,27054
43,27082
43,27123
43,27130
43,27180
43,27181
43,27258
43,27261
43,27289
43,27293
43,27294
43,27350
43,27432
43,27487
43,27553
43,27571
43,27586
43,27628
43,27661
43,27725
43,27889
43,27935
43,28207
43,28219
43,28232
43,28243
43,28292
43,28295
43,28329
43,28341
43,28462
43,28572
43,28605
43,28608
43,28616
43,28685
43,28717
43,28726
43,28799
43,28825
43,28893
43,28965
43,28970
43,28975
43,29016
43,29042
43,29113
43,29170
43,29215
43,29237
43,29272
43,29290
43,29372
43,29384
43,29482
43,29508
43,29524
43,29541
44,336
44,348
44,401
44,502
44,547
44,696
44,707
44,747
44,841
44,871
44,894
44,896
44,919
44,931
44,976
44,1013
44,1061
44,1161
44,1290
44,1300
44,1406
44,1413
44,1419
44,1483
44,1649
44,1718
44,1735
44,1770
44,1814
44,1835
44,1870
44,1876
44,1890
44,1949
44,1966
44,2016
44,2056
44,2100
44,2128
44,2131
44,2149
44,2211
44,2218
44,2275
44,2470
44,2530
44,2576
44,2579
44,2693
44,2694
44,2751
44,2767
44,2791
44,2835
44,2860
44,2933
44,2995
44,3046
44,3110
44,3151
44,3247
44,3318
44,3343
44,3357
44,3411
44,3487
44,3529
44,3712
44,3775
44,3810
44,3826
44,3849
44,3949
44,3960
44,3974
44,3999
44,4109
44,4146
44,4209
44,4227
44,4248
44,4358
44,4406
44,4464
44,4520
44,4525
44,4640
44,4719
44,4735
44,4744
44,4784
44,4904
44,5000
44,5104
44,5112
44,5136
44,5244
44,5250
44,5277
44,5420
44,5439
44,5458
44,5573
44,5713
44,5892
44,5909
44,5934
44,5958
44,6113
44,6167
44,6172
44,6193
44,6298
44,6338
44,6352
44,6358
44,6442
44,6497
44,6503
44,6521
44,6637
44,6698
44,6748
44,6794
44,6796
44,6881
44,6885
44,6898
44,6928
44,6974
44,7034
44,7042
44,7045
44,7049
44,7204
44,7206
44,7219
44,7225
44,7285
44,7368
44,7370
44,7381
44,7568
44,7615
44,7792
44,7849
44,7856
44,7886
44,7887
44,7902
44,7911
44,7999
44,8009
44,8014
44,8183
44,8230
44,8358
44,8455
44,8464
44,8489
44,8521
44,8552
44,8638
44,8704
44,8940
44,8964
44,9054
44,9069
44,9095
44,9128
44,9147
44,9239
44,9268
44,9271
44,9327
44,9356
44,9420
44,9438
44,9475
44,9500
44,9695
44,9727
44,9964
44,9994
44,10104
44,10320
44,10550
44,10562
44,10621
44,10701
44,10743
44,10750
44,10787
44,10798
44,10808
44,10815
44,10833
44,10890
44,10932
44,10979
44,11036
44,11103
44,11109
44,11173
44,11184
44,11262
44,11263
44,11272
44,11395
44,11409
44,11421
44,11494
44,11653
44,11671
44,11674
44,11710
44,11872
44,11905
44,11933
44,12011
44,12020
44,12032
44,12043
44,12055
44,12066
44,12083
44,12152
44,12167
44,12180
44,12336
44,12443
44,12446
44,12494
44,12572
44,12602
44,12606
44,12626
44,12631
44,12647
44,12719
44,12789
44,12807
44,12908
44,12932
44,12975
44,13128
44,13167
44,13204
44,13230
44,13286
44,13299
44,13323
44,13346
44,13530
44,13534
44,13549
44,13552
44,13583
44,13674
44,13682
44,13739
44,13749
44,13759
44,13836
44,13841
44,13892
44,14057
44,14125
44,14162
44,14220
44,14232
44,14294
44,14537
44,14609
44,14624
44,14712
44,14844
44,14854
44,14860
44,14888
44,14906
44,15059
44,15103
44,15109
44,15194
44,15260
44,15286
44,15292
44,15358
44,15387
44,15448
44,15508
44,15523
44,15568
44,15619
44,15622
44,15631
44,15645
44,15730
44,15788
44,15877
44,15942
44,15960
44,15972
44,15979
44,16018
44,16217
44,16286
44,16324
44,16325
44,16326
44,16330
44,16373
44,16513
44,16534
44,16563
44,16584
44,16613
44,16663
44,16671
44,16774
44,16889
44,16930
44,16992
44,17017
44,17024
44,17111
44,17172
44,17178
44,17203
44,17225
44,17307
44,17417
44,17424
44,17457
44,17460
44,17520
44,17587
44,17609
44,17690
44,17711
44,17787
44,17796
44,17817
44,17837
44,17874
44,17909
44,17923
44,18085
44,18166
44,18184
44,18189
44,18193
44,18273
44,18288
44,18352
44,18372
44,18423
44,18487
44,18499
44,18604
44,18635
44,18702
44,18842
44,18865
44,18881
44,18900
44,18986
44,19043
44,19063
44,19095
44,19122
44,19184
44,19200
44,19201
44,19240
44,19317
44,19360
44,19470
44,19514
44,19515
44,19538
44,19594
44,19686
44,19699
44,19704
44,19707
44,19778
44,19812
44,19995
44,20065
44,20156
44,20181
44,20224
44,20243
44,20260
44,20329
44,20334
44,20349
44,20447
44,20449
44,20531
44,20545
44,20605
44,20614
44,20649
44,20752
44,20907
44,20932
44,21011
44,21079
44,21185
44,21253
44,21267
44,21280
44,21292
44,21356
44,21392
44,21407
44,21438
44,21480
44,21495
44,21657
44,21771
44,21788
44,21804
44,21877
44,21935
44,21978
44,22026
44,22037
44,22052
44,22067
44,22128
44,22135
44,22138
44,22145
44,22197
44,22231
44,22237
44,22327
44,22387
44,22395
44,22396
44,22517
44,22549
44,22564
44,22566
44,22604
44,22633
44,22666
44,22690
44,22719
44,22738
44,22771
44,22845
44,22881
44,22933
44,22964
44,22981
44,22985
44,23014
44,23084
44,23090
44,23204
44,23270
44,23419
44,23427
44,23434
44,23522
44,23533
44,23577
44,23750
44,23757
44,23827
44,23842
44,23847
44,23959
44,24014
44,24017
44,24030
44,24076
44,24219
44,24257
44,24279
44,24400
44,24430
44,24489
44,24492
44,24544
44,24595
44,24607
44,24674
44,24791
44,24821
44,24917
44,24931
44,24980
44,25135
44,25206
44,25252
44,25446
44,25568
44,25673
44,25722
44,25741
44,25803
44,25826
44,25889
44,25972
44,26002
44,26021
44,26141
44,26214
44,26232
44,26330
44,26333
44,26374
44,26548
44,26549
44,26650
44,26701
44,26740
44,26747
44,26760
44,26832
44,26850
44,26873
44,26908
44,27004
44,27030
44,27050
44,27056
44,27082
44,27139
44,27237
44,27262
44,27306
44,27312
44,27342
44,27344
44,27350
44,27524
44,27561
44,27591
44,27632
44,27760
44,27780
44,27839
44,27841
44,27925
44,28070
44,28088
44,28092
44,28291
44,28328
44,28372
44,28409
44,28431
44,28475
44,28481
44,28702
44,28709
44,28769
44,28811
44,28827
44,28969
44,28975
44,28981
44,28995
44,28997
44,29012
44,29081
44,29125
44,29132
44,29171
44,29194
44,29212
44,29237
44,29275
44,29347
44,29372
44,29386
44,29419
44,29457
44,29459
44,29468
44,29479
44,29493
44,29510
45,27
45,66
45,113
45,148
45,181
45,227
45,234
45,252
45,381
45,420
45,587
45,616
45,639
45,641
45,713
45,732
45,738
45,742
45,779
45,1068
45,1109
45,1153
45,1157
45,1165
45,1255
45,1262
45,1366
45,1507
45,1522
45,1552
45,1611
45,1764
45,1787
45,1810
45,1921
45,1926
45,1984
45,2009
45,2026
45,2124
45,2165
45,2181
45,2272
45,2315
45,2400
45,2416
45,2558
45,2599
45,2711
45,2891
45,2910
45,2966
45,3137
45,3184
45,3224
45,3369
45,3399
45,3463
45,3482
45,3577
45,3582
45,3620
45,3671
45,3762
45,3767
45,3814
45,3928
45,4094
45,4110
45,4180
45,4201
45,4248
45,4264
45,4280
45,4380
45,4434
45,4513
45,4533
45,4548
45,4577
45,4588
45,4619
45,4625
45,4634
45,4665
45,4923
45,5103
45,5195
45,5272
45,5296
45,5407
45,5634
45,5972
45,5980
45,5998
45,6077
45,6081
45,6084
45,6085
45,6219
45,6232
45,6267
45,6288
45,6605
45,6617
45,6654
45,6817
45,6920
45,6924
45,7010
45,7049
45,7062
45,7151
45,7171
45,7306
45,7318
45,7411
45,7413
45,7486
45,7590
45,7849
45,7903
45,7917
45,7982
45,8006
45,8018
45,8051
45,8077
45,8086
45,8124
45,8152
45,8156
45,8186
45,8262
45,8296
45,8333
45,8400
45,8436
45,8489
45,8641
45,8643
45,8653
45,8662
45,8665
45,8710
45,8726
45,8740
45,8746
45,9077
45,9156
45,9164
45,9227
45,9257
45,9282
45,9317
45,9436
45,9508
45,9600
45,9674
45,9714
45,9741
45,9765
45,9776
45,9790
45,9796
45,9800
45,9832
45,9856
45,9909
45,9919
45,10000
45,10056
45,10057
45,10063
45,10116
45,10129
45,10200
45,10217
45,10248
45,10254
45,10349
45,10473
45,10648
45,10702
45,10765
45,10840
45,10901
45,11040
45,11092
45,11111
45,11153
45,11170
45,11209
45,11235
45,11315
45,11322
45,11327
45,11428
45,11439
45,11600
45,11601
45,11667
45,11700
45,11724
45,12120
45,12121
45,12233
45,12299
45,12301
45,12328
45,12411
45,12428
45,12479
45,12521
45,12641
45,12672
45,12778
45,12836
45,12844
45,13056
45,13118
45,13126
45,13132
45,13139
45,13200
45,13219
45,13224
45,13267
45,13326
45,13346
45,13419
45,13488
45,13617
45,13711
45,13746
45,13758
45,13768
45,13885
45,13950
45,13997
45,14101
45,14158
45,14272
45,14337
45,14460
45,14468
45,14643
45,14646
45,14699
45,14707
45,14714
45,14889
45,14901
45,14946
45,14962
45,14969
45,14977
45,15003
45,15007
45,15010
45,15047
45,15067
45,15153
45,15366
45,15370
45,15401
45,15470
45,15487
45,15497
45,15514
45,15576
45,15694
45,15710
45,15762
45,15825
45,15975
45,16026
45,16066
45,16107
45,16127
45,16164
45,16177
45,16212
45,16242
45,16262
45,16269
45,16276
45,16281
45,16300
45,16362
45,16627
45,16677
45,16719
45,16741
45,16925
45,16964
45,17007
45,17022
45,17027
45,17039
45,17069
45,17191
45,17446
45,17465
45,17496
45,17500
45,17701
45,17813
45,17819
45,17841
45,17858
45,17983
45,17993
45,18083
45,18143
45,18206
45,18258
45,18286
45,18302
45,18400
45,18406
45,18409
45,18412
45,18413
45,18437
45,18539
45,18577
45,18660
45,18761
45,18809
45,18829
45,18832
45,18851
45,19109
45,19225
45,19298
45,19541
45,19641
45,19780
45,19802
45,19986
45,20015
45,20090
45,20093
45,20134
45,20148
45,20225
45,20349
45,20374
45,20380
45,20493
45,20528
45,20637
45,20885
45,20893
45,20914
45,20915
45,20936
45,21008
45,21043
45,21050
45,21097
45,21237
45,21321
45,21333
45,21345
45,21375
45,21408
45,21488
45,21746
45,21779
45,21874
45,22104
45,22188
45,22346
45,22365
45,22369
45,22376
45,22403
45,22413
45,22479
45,22561
45,22622
45,22653
45,22661
45,22797
45,22860
45,22891
45,23027
45,23098
45,23236
45,23254
45,23265
45,23376
45,23420
45,23483
45,23536
45,23651
45,23654
45,23691
45,23705
45,23810
45,23938
45,24092
45,24144
45,24148
45,24205
45,24254
45,24540
45,24580
45,24592
45,24669
45,24680
45,24712
45,24767
45,24852
45,24928
45,24974
45,24978
45,25041
45,25043
45,25123
45,25202
45,25360
45,25406
45,25579
45,25658
45,25666
45,25813
45,25853
45,26213
45,26306
45,26461
45,26493
45,26539
45,26578
45,26652
45,26659
45,26670
45,26673
45,26676
45,26698
45,26724
45,26971
45,26987
45,26996
45,27112
45,27205
45,27213
45,27220
45,27230
45,27329
45,27374
45,27380
45,27441
45,27541
45,27675
45,27741
45,27769
45,27829
45,27856
45,27885
45,27929
45,28072
45,28087
45,28092
45,28099
45,28111
45,28200
45,28238
45,28267
45,28284
45,28325
45,28597
45,28621
45,28634
45,28658
45,28678
45,28679
45,28700
45,28788
45,28794
45,28963
45,29054
45,29062
45,29152
45,29187
45,29189
45,29209
45,29223
45,29274
45,29309
45,29449
45,29468
45,29540
45,29564
46,21
46,46
46,91
46,129
46,136
46,146
46,177
46,186
46,420
46,424
46,464
46,593
46,597
46,638
46,713
46,717
46,761
46,819
46,825
46,1080
46,1095
46,1373
46,1433
46,1542
46,1574
46,1707
46,1712
46,1713
46,1737
46,1781
46,1954
46,1964
46,1991
46,2027
46,2058
46,2065
46,2069
46,2104
46,2113
46,2141
46,2147
46,2230
46,2326
46,2382
46,2400
46,2493
46,2554
46,2676
46,2678
46,2745
46,2788
46,2871
46,3052
46,3090
46,3106
46,3121
46,3236
46,3304
46,3357
46,3387
46,3398
46,3576
46,3646
46,3653
46,3762
46,3764
46,3767
46,3782
46,3817
46,3875
46,3929
46,3930
46,3953
46,4024
46,4033
46,4040
46,4090
46,4159
46,4209
46,4307
46,4411
46,4421
46,4423
46,4615
46,4662
46,4691
46,4745
46,4919
46,4929
46,4954
46,5083
46,5208
46,5256
46,5493
46,5504
46,5602
46,5939
46,6014
46,6023
46,6045
46,6053
46,6135
46,6182
46,6187
46,6204
46,6216
46,6419
46,6434
46,6523
46,6620
46,6785
46,6797
46,6806
46,6908
46,6915
46,6926
46,6935
46,6948
46,7027
46,7044
46,7062
46,7085
46,7096
46,7242
46,7516
46,7582
46,7585
46,7588
46,7713
46,7823
46,7864
46,8055
46,8070
46,8111
46,8175
46,8195
46,8218
46,8249
46,8270
46,8330
46,8343
46,8381
46,8402
46,8549
46,8695
46,8719
46,8747
46,8814
46,8815
46,8871
46,8900
46,8924
46,8929
46,8978
46,8987
46,8988
46,9019
46,9029
46,9096
46,9127
46,9134
46,9154
46,9170
46,9264
46,9287
46,9369
46,9425
46,9437
46,9509
46,9514
46,9517
46,9519
46,9523
46,9533
46,9565
46,9589
46,9633
46,9634
46,9687
46,9902
46,10023
46,10027
46,10071
46,10126
46,10132
46,10135
46,10285
46,10398
46,10410
46,10542
46,10573
46,10585
46,10641
46,10650
46,10724
46,10760
46,10775
46,10864
46,10879
46,10971
46,11116
46,11178
46,11338
46,11387
46,11428
46,11457
46,11478
46,11492
46,11514
46,11570
46,11722
46,11824
46,11838
46,11883
46,12026
46,12062
46,12228
46,12256
46,12323
46,12367
46,12376
46,12489
46,12516
46,12616
46,12639
46,12665
46,12741
46,12780
46,12793
46,12823
46,12839
46,12998
46,13014
46,13033
46,13058
46,13188
46,13256
46,13266
46,13312
46,13599
46,13608
46,13744
46,13792
46,13841
46,13881
46,13935
46,13965
46,13968
46,13980
46,14025
46,14053
46,14091
46,14139
46,14198
46,14273
46,14325
46,14357
46,14383
46,14522
46,14525
46,14584
46,14659
46,14681
46,14717
46,14778
46,14838
46,14842
46,14920
46,14936
46,14961
46,15098
46,15119
46,15190
46,15347
46,15386
46,15442
46,15485
46,15514
46,15572
46,15578
46,15590
46,15656
46,15686
46,15699
46,15714
46,15719
46,15889
46,16034
46,16040
46,16077
46,16170
46,16290
46,16344
46,16360
46,16362
46,16434
46,16539
46,16784
46,16893
46,16926
46,16946
46,16999
46,17090
46,17108
46,17128
46,17237
46,17241
46,17274
46,17319
46,17327
46,17340
46,17379
46,17405
46,17641
46,17663
46,17674
46,17731
46,17818
46,17926
46,17957
46,17962
46,18032
46,18090
46,18099
46,18130
46,18167
46,18183
46,18243
46,18300
46,18408
46,18416
46,18721
46,18775
46,18792
46,18794
46,18797
46,18875
46,18949
46,19111
46,19133
46,19155
46,19190
46,19199
46,19253
46,19297
46,19328
46,19376
46,19408
46,19436
46,19481
46,19517
46,19546
46,19578
46,19592
46,19611
46,19646
46,19661
46,19761
46,19871
46,19902
46,19905
46,19973
46,19978
46,20014
46,20065
46,20068
46,20103
46,20124
46,20175
46,20249
46,20273
46,20343
46,20353
46,20371
46,20394
46,20413
46,20445
46,20461
46,20462
46,20524
46,20579
46,20634
46,20680
46,20821
46,20825
46,20870
46,20963
46,21017
46,21080
46,21098
46,21111
46,21130
46,21134
46,21165
46,21172
46,21185
46,21207
46,21220
46,21290
46,21322
46,21425
46,21791
46,21819
46,21871
46,21891
46,21978
46,22040
46,22075
46,22101
46,22226
46,22237
46,22254
46,22289
46,22396
46,22535
46,22615
46,22641
46,22818
46,22869
46,22888
46,22910
46,22951
46,22985
46,23017
46,23161
46,23177
46,23216
46,23309
46,23334
46,23460
46,23461
46,23515
46,23579
46,23585
46,23621
46,23699
46,23718
46,23762
46,23805
46,23834
46,23836
46,23837
46,23838
46,23968
46,23985
46,24076
46,24153
46,24203
46,24310
46,24322
46,24423
46,24427
46,24464
46,24647
46,24716
46,24928
46,24949
46,25011
46,25015
46,25050
46,25192
46,25204
46,25240
46,25274
46,25275
46,25315
46,25441
46,25510
46,25532
46,25574
46,25586
46,25591
46,25608
46,25654
46,25660
46,25788
46,25931
46,25974
46,26066
46,26071
46,26076
46,26087
46,26220
46,26242
46,26365
46,26403
46,26404
46,26471
46,26473
46,26481
46,26502
46,26587
46,26596
46,26634
46,26653
46,26657
46,26804
46,26910
46,26913
46,26993
46,27093
46,27154
46,27193
46,27330
46,27449
46,27582
46,27607
46,27742
46,28010
46,28024
46,28029
46,28054
46,28099
46,28174
46,28203
46,28236
46,28260
46,28277
46,28313
46,28365
46,28389
46,28405
46,28423
46,28444
46,28484
46,28578
46,28623
46,28663
46,28765
46,28789
46,28815
46,28863
46,28888
46,28907
46,28934
46,29071
46,29096
46,29139
46,29159
46,29227
46,29259
46,29261
46,29352
46,29431
46,29455
46,29504
46,29534
47,74
47,124
47,139
47,171
47,225
47,290
47,321
47,358
47,366
47,403
47,411
47,427
47,433
47,452
47,481
47,553
47,664
47,772
47,799
47,814
47,1088
47,1131
47,1200
47,1210
47,1275
47,1290
47,1301
47,1310
47,1333
47,1339
47,1342
47,1354
47,1387
47,1395
47,1451
47,1458
47,1526
47,1566
47,1619
47,1649
47,1723
47,1793
47,1814
47,1915
47,1933
47,1952
47,1983
47,1989
47,2035
47,2040
47,2082
47,2164
47,2257
47,2326
47,2377
47,2391
47,2420
47,2506
47,2535
47,2620
47,2623
47,2648
47,2667
47,2756
47,2783
47,2784
47,2793
47,2823
47,2835
47,2872
47,2891
47,2912
47,2913
47,2926
47,2935
47,2993
47,3018
47,3124
47,3133
47,3136
47,3161
47,3328
47,3339
47,3403
47,3486
47,3559
47,3676
47,3816
47,3827
47,3887
47,3951
47,4086
47,4102
47,4129
47,4185
47,4242
47,4285
47,4346
47,4366
47,4381
47,4425
47,4587
47,4598
47,4713
47,4809
47,4836
47,4840
47,4883
47,5042
47,5086
47,5098
47,5166
47,5250
47,5274
47,5318
47,5338
47,5397
47,5399
47,5425
47,5460
47,5471
47,5558
47,5567
47,5619
47,5681
47,5694
47,5698
47,5735
47,5767
47,5795
47,5809
47,5820
47,5845
47,5893
47,5906
47,5967
47,5969
47,6027
47,6062
47,6155
47,6166
47,6216
47,6240
47,6346
47,6373
47,6395
47,6430
47,6456
47,6489
47,6554
47,6558
47,6595
47,6596
47,6631
47,6632
47,6709
47,6769
47,6810
47,6859
47,6862
47,6882
47,6893
47,6915
47,6968
47,6996
47,7045
47,7079
47,7133
47,7269
47,7364
47,7379
47,7385
47,7440
47,7559
47,7691
47,7723
47,7765
47,7785
47,7865
47,7902
47,7922
47,7999
47,8022
47,8026
47,8051
47,8157
47,8172
47,8193
47,8246
47,8267
47,8314
47,8345
47,8384
47,8443
47,8497
47,8509
47,8663
47,8744
47,8764
47,8843
47,8902
47,8913
47,8931
47,8948
47,8978
47,9039
47,9045
47,9082
47,9096
47,9108
47,9187
47,9190
47,9221
47,9291
47,9309
47,9318
47,9571
47,9573
47,9755
47,9783
47,9817
47,9854
47,9902
47,9956
47,9960
47,10017
47,10043
47,10051
47,10112
47,10163
47,10245
47,10288
47,10312
47,10411
47,10415
47,10428
47,10457
47,10462
47,10464
47,10468
47,10476
47,10502
47,10506
47,10561
47,10598
47,10601
47,10647
47,10764
47,10860
47,10954
47,10974
47,11069
47,11175
47,11214
47,11300
47,11309
47,11311
47,11351
47,11374
47,11400
47,11476
47,11509
47,11523
47,11561
47,11569
47,11634
47,11650
47,11666
47,11678
47,11685
47,11699
47,11747
47,11782
47,11786
47,11803
47,11976
47,11996
47,12055
47,12076
47,12105
47,12120
47,12185
47,12187
47,12192
47,12235
47,12242
47,12253
47,12358
47,12386
47,12388
47,12450
47,12539
47,12555
47,12582
47,12618
47,12674
47,12707
47,12751
47,12958
47,12981
47,13017
47,13023
47,13036
47,13040
47,13163
47,13180
47,13183
47,13210
47,13253
47,13374
47,13378
47,13411
47,13429
47,13443
47,13494
47,13564
47,13619
47,13622
47,13648
47,13724
47,13777
47,13805
47,13821
47,13827
47,13845
47,13872
47,13884
47,13886
47,13892
47,13962
47,14085
47,14093
47,14098
47,14113
47,14207
47,14240
47,14302
47,14442
47,14450
47,14457
47,14471
47,14520
47,14567
47,14671
47,14802
47,14865
47,14879
47,14934
47,15053
47,15056
47,15108
47,15126
47,15186
47,15209
47,15212
47,15311
47,15366
47,15441
47,15454
47,15486
47,15584
47,15687
47,15776
47,15788
47,15991
47,16175
47,16299
47,16311
47,16314
47,16371
47,16372
47,16498
47,16549
47,16565
47,16568
47,16578
47,16614
47,16693
47,16768
47,16801
47,16911
47,16927
47,16933
47,16955
47,16985
47,16987
47,16997
47,17063
47,17064
47,17165
47,17229
47,17355
47,17381
47,17405
47,17419
47,17428
47,17526
47,17607
47,17615
47,17622
47,17659
47,17669
47,17692
47,17708
47,17763
47,17780
47,17791
47,17817
47,17839
47,17857
47,17885
47,17911
47,17951
47,18049
47,18063
47,18151
47,18213
47,18215
47,18260
47,18288
47,18302
47,18401
47,18409
47,18440
47,18478
47,18485
47,18590
47,18750
47,18838
47,18875
47,18950
47,19000
47,19086
47,19112
47,19115
47,19148
47,19182
47,19301
47,19319
47,19412
47,19461
47,19575
47,19599
47,19635
47,19661
47,19823
47,19829
47,19872
47,19941
47,19948
47,19981
47,20037
47,20080
47,20109
47,20159
47,20196
47,20262
47,20388
47,20456
47,20604
47,20689
47,20865
47,20901
47,20965
47,21015
47,21049
47,21056
47,21082
47,21093
47,21095
47,21117
47,21128
47,21142
47,21151
47,21210
47,21290
47,21586
47,21593
47,21605
47,21643
47,21790
47,21831
47,21864
47,21877
47,21890
47,21893
47,21917
47,21927
47,21935
47,21953
47,21955
47,22035
47,22048
47,22051
47,22074
47,22150
47,22161
47,22214
47,22221
47,22238
47,22239
47,22294
47,22329
47,22363
47,22431
47,22444
47,22464
47,22492
47,22505
47,22544
47,22558
47,22660
47,22704
47,22760
47,22762
47,22832
47,22901
47,22971
47,22988
47,23015
47,23155
47,23156
47,23168
47,23261
47,23288
47,23309
47,23311
47,23467
47,23516
47,23619
47,23675
47,23733
47,23824
47,23849
47,23871
47,23877
47,23894
47,23909
47,23935
47,23959
47,23992
47,23994
47,24121
47,24152
47,24161
47,24181
47,24249
47,24265
47,24305
47,24334
47,24395
47,24405
47,24411
47,24446
47,24589
47,24611
47,24621
47,24660
47,24727
47,24765
47,24770
47,24791
47,24879
47,24948
47,24954
47,24979
47,24989
47,25164
47,25237
47,25282
47,25384
47,25457
47,25481
47,25487
47,25495
47,25502
47,25535
47,25616
47,25838
47,25882
47,25897
47,26109
47,26199
47,26210
47,26257
47,26347
47,26356
47,26485
47,26513
47,26575
47,26588
47,26630
47,26772
47,26773
47,26837
47,26965
47,26986
47,26998
47,27024
47,27030
47,27051
47,27074
47,27188
47,27233
47,27276
47,27282
47,27306
47,27336
47,27472
47,27478
47,27499
47,27505
47,27559
47,27632
47,27640
47,27654
47,27696
47,27795
47,27807
47,27816
47,27852
47,27868
47,27878
47,27901
47,27917
47,27930
47,27948
47,27976
47,27980
47,27985
47,27986
47,28025
47,28095
47,28183
47,28189
47,28251
47,28290
47,28376
47,28391
47,28409
47,28456
47,28466
47,28501
47,28518
47,28633
47,28661
47,28678
47,28694
47,28809
47,28837
47,28849
47,28909
47,28932
47,28962
47,29065
47,29070
47,29098
47,29143
47,29183
47,29192
47,29231
47,29272
47,29286
47,29410
47,29477
47,29480
47,29517
47,29544
48,6
48,96
48,154
48,200
48,217
48,286
48,306
48,308
48,318
48,322
48,331
48,342
48,349
48,359
48,375
48,391
48,397
48,408
48,449
48,451
48,488
48,490
48,505
48,530
48,551
48,635
48,714
48,724
48,751
48,813
48,830
48,847
48,854
48,912
48,913
48,942
48,952
48,958
48,970
48,985
48,1023
48,1025
48,1028
48,1048
48,1049
48,1088
48,1160
48,1187
48,1193
48,1203
48,1319
48,1378
48,1406
48,1456
48,1459
48,1464
48,1486
48,1516
48,1529
48,1583
48,1626
48,1647
48,1652
48,1707
48,1773
48,1775
48,1816
48,1847
48,1862
48,1965
48,2062
48,2099
48,2105
48,2106
48,2146
48,2191
48,2200
48,2215
48,2237
48,2358
48,2379
48,2381
48,2537
48,2617
48,2647
48,2660
48,2678
48,2721
48,2743
48,2803
48,2814
48,2821
48,2823
48,2851
48,2884
48,2913
48,2915
48,2949
48,2950
48,3022
48,3047
48,3122
48,3205
48,3242
48,3337
48,3339
48,3345
48,3381
48,3404
48,3417
48,3487
48,3573
48,3595
48,3602
48,3605
48,3693
48,3710
48,3735
48,3752
48,3861
48,3866
48,3878
48,3882
48,3961
48,3992
48,4021
48,4038
48,4045
48,4050
48,4109
48,4131
48,4150
48,4206
48,4248
48,4330
48,4355
48,4356
48,4429
48,4444
48,4466
48,4530
48,4591
48,4611
48,4612
48,4626
48,4642
48,4658
48,4660
48,4735
48,4892
48,4917
48,4929
48,4933
48,5011
48,5074
48,5101
48,5116
48,5133
48,5195
48,5198
48,5200
48,5363
48,5487
48,5523
48,5558
48,5560
48,5564
48,5591
48,5625
48,5656
48,5677
48,5707
48,5789
48,5875
48,5905
48,5998
48,6000
48,6018
48,6030
48,6045
48,6112
48,6140
48,6172
48,6175
48,6238
48,6258
48,6273
48,6289
48,6329
48,6400
48,6409
48,6422
48,6452
48,6457
48,6483
48,6559
48,6567
48,6610
48,6637
48,6641
48,6650
48,6659
48,6688
48,6697
48,6709
48,6744
48,6753
48,6754
48,6795
48,6847
48,6885
48,6910
48,6922
48,6939
48,6969
48,7021
48,7028
48,7064
48,7073
48,7084
48,7100
48,7119
48,7125
48,7133
48,7147
48,7167
48,7270
48,7275
48,7279
48,7280
48,7302
48,7308
48,7316
48,7367
48,7375
48,7410
48,7435
48,7456
48,7476
48,7482
48,7512
48,7521
48,7526
48,7533
48,7639
48,7668
48,7672
48,7682
48,7697
48,7787
48,7847
48,7890
48,7930
48,7943
48,7949
48,7970
48,7976
48,8036
48,8043
48,8049
48,8064
48,8084
48,8102
48,8143
48,8186
48,8205
48,8267
48,8288
48,8336
48,8430
48,8489
48,8490
48,8507
48,8632
48,8675
48,8681
48,8714
48,8816
48,8853
48,8901
48,8919
48,8999
48,9023
48,9037
48,9047
48,9054
48,9073
48,9076
48,9142
48,9196
48,9261
48,9264
48,9360
48,9366
48,9486
48,9534
48,9561
48,9589
48,9636
48,9644
48,9648
48,9713
48,9743
48,9804
48,9823
48,9837
48,9860
48,9923
48,9953
48,9994
48,10024
48,10029
48,10133
48,10135
48,10141
48,10165
48,10250
48,10595
48,10648
48,10660
48,10679
48,10694
48,10729
48,10775
48,10902
48,10957
48,10965
48,10988
48,11058
48,11102
48,11138
48,11171
48,11214
48,11285
48,11397
48,11461
48,11471
48,11497
48,11581
48,11608
48,11618
48,11652
48,11689
48,11699
48,11719
48,11729
48,11734
48,11752
48,11754
48,11768
48,11794
48,11805
48,11870
48,11905
48,11937
48,11951
48,11986
48,11998
48,12005
48,12093
48,12128
48,12182
48,12198
48,12280
48,12281
48,12305
48,12323
48,12351
48,12361
48,12366
48,12400
48,12453
48,12540
48,12557
48,12622
48,12627
48,12667
48,12692
48,12722
48,12743
48,12745
48,12765
48,12780
48,12844
48,13006
48,13016
48,13107
48,13117
48,13162
48,13170
48,13187
48,13218
48,13231
48,13405
48,13460
48,13506
48,13530
48,13543
48,13575
48,13593
48,13607
48,13706
48,13707
48,13728
48,13738
48,13748
48,13756
48,13791
48,13860
48,13897
48,13898
48,13978
48,14039
48,14041
48,14062
48,14145
48,14153
48,14157
48,14161
48,14189
48,14224
48,14228
48,14303
48,14314
48,14399
48,14514
48,14517
48,14564
48,14577
48,14579
48,14584
48,14592
48,14597
48,14635
48,14636
48,14638
48,14658
48,14710
48,14735
48,14736
48,14758
48,14860
48,14868
48,14896
48,14898
48,14934
48,15004
48,15035
48,15096
48,15172
48,15251
48,15296
48,15323
48,15333
48,15338
48,15345
48,15355
48,15373
48,15397
48,15445
48,15452
48,15490
48,15601
48,15608
48,15658
48,15664
48,15713
48,15748
48,15802
48,15838
48,15885
48,15891
48,15904
48,15906
48,15917
48,15957
48,16031
48,16044
48,16052
48,16055
48,16099
48,16133
48,16152
48,16184
48,16195
48,16197
48,16199
48,16237
48,16275
48,16290
48,16332
48,16354
48,16418
48,16485
48,16494
48,16513
48,16557
48,16612
48,16625
48,16667
48,16700
48,16706
48,16723
48,16752
48,16786
48,16978
48,17073
48,17094
48,17127
48,17158
48,17237
48,17286
48,17320
48,17331
48,17343
48,17374
48,17422
48,17464
48,17466
48,17475
48,17488
48,17557
48,17629
48,17677
48,17764
48,17816
48,17886
48,17887
48,17936
48,17966
48,17977
48,17990
48,17995
48,18032
48,18038
48,18039
48,18134
48,18141
48,18153
48,18173
48,18217
48,18233
48,18247
48,18258
48,18387
48,18426
48,18452
48,18481
48,18486
48,18575
48,18578
48,18635
48,18685
48,18764
48,18766
48,18772
48,18789
48,18897
48,18908
48,18991
48,19010
48,19041
48,19077
48,19084
48,19097
48,19109
48,19111
48,19117
48,19146
48,19181
48,19204
48,19313
48,19338
48,19367
48,19391
48,19461
48,19529
48,19565
48,19587
48,19594
48,19600
48,19603
48,19630
48,19638
48,19642
48,19677
48,19715
48,19743
48,19749
48,19760
48,19799
48,19832
48,19843
48,19857
48,19880
48,19928
48,19941
48,19944
48,19981
48,19993
48,20032
48,20070
48,20072
48,20073
48,20074
48,20089
48,20247
48,20295
48,20308
48,20321
48,20345
48,20385
48,20388
48,20407
48,20466
48,20514
48,20525
48,20559
48,20561
48,20565
48,20585
48,20588
48,20683
48,20807
48,20848
48,20851
48,20869
48,20912
48,21030
48,21042
48,21064
48,21066
48,21073
48,21126
48,21179
48,21183
48,21196
48,21220
48,21223
48,21235
48,21285
48,21289
48,21320
48,21333
48,21385
48,21468
48,21470
48,21484
48,21514
48,21526
48,21561
48,21572
48,21607
48,21678
48,21689
48,21697
48,21810
48,21902
48,21923
48,21925
48,21983
48,21991
48,22030
48,22052
48,22072
48,22177
48,22186
48,22199
48,22202
48,22208
48,22314
48,22340
48,22342
48,22405
48,22424
48,22459
48,22463
48,22538
48,22549
48,22620
48,22624
48,22644
48,22689
48,22741
48,22744
48,22785
48,22834
48,22841
48,22917
48,22922
48,22976
48,22987
48,23018
48,23100
48,23132
48,23158
48,23178
48,23208
48,23211
48,23247
48,23309
48,23344
48,23367
48,23403
48,23435
48,23448
48,23543
48,23606
48,23618
48,23651
48,23659
48,23749
48,23768
48,23869
48,23984
48,24009
48,24027
48,24030
48,24043
48,24044
48,24066
48,24106
48,24130
48,24139
48,24173
48,24187
48,24209
48,24212
48,24244
48,24283
48,24387
48,24414
48,24418
48,24436
48,24453
48,24460
48,24475
48,24482
48,24493
48,24498
48,24520
48,24521
48,24539
48,24554
48,24563
48,24584
48,24661
48,24742
48,24748
48,24943
48,24964
48,25001
48,25026
48,25076
48,25127
48,25148
48,25260
48,25289
48,25323
48,25366
48,25378
48,25418
48,25427
48,25433
48,25444
48,25467
48,25486
48,25498
48,25534
48,25587
48,25602
48,25617
48,25622
48,25672
48,25694
48,25734
48,25747
48,25786
48,25942
48,25948
48,25955
48,25982
48,25990
48,25998
48,26033
48,26063
48,26073
48,26207
48,26224
48,26243
48,26259
48,26289
48,26303
48,26338
48,26350
48,26453
48,26464
48,26486
48,26547
48,26568
48,26697
48,26702
48,26704
48,26716
48,26736
48,26773
48,26824
48,26836
48,26880
48,26930
48,26953
48,27070
48,27072
48,27130
48,27133
48,27146
48,27168
48,27182
48,27192
48,27210
48,27246
48,27269
48,27278
48,27317
48,27346
48,27358
48,27492
48,27566
48,27605
48,27703
48,27748
48,27797
48,27799
48,27888
48,27893
48,27928
48,28001
48,28060
48,28077
48,28079
48,28080
48,28143
48,28150
48,28170
48,28283
48,28286
48,28308
48,28329
48,28412
48,28425
48,28427
48,28452
48,28466
48,28570
48,28606
48,28629
48,28636
48,28660
48,28680
48,28701
48,28710
48,28740
48,28792
48,28797
48,28825
48,28928
48,29035
48,29037
48,29102
48,29117
48,29129
48,29185
48,29263
48,29316
48,29332
48,29359
48,29489
48,29494
48,29558
49,10
49,53
49,76
49,163
49,185
49,195
49,229
49,276
49,286
49,307
49,538
49,557
49,620
49,680
49,696
49,731
49,764
49,787
49,813
49,841
49,843
49,1004
49,1051
49,1061
49,1102
49,1342
49,1417
49,1578
49,1584
49,1588
49,1609
49,1666
49,1783
49,1866
49,1877
49,1912
49,1951
49,2012
49,2070
49,2079
49,2091
49,2148
49,2182
49,2184
49,2201
49,2235
49,2281
49,2303
49,2354
49,2365
49,2402
49,2447
49,2487
49,2494
49,2501
49,2544
49,2587
49,2606
49,2646
49,2655
49,2722
49,2723
49,2733
49,2790
49,2803
49,2807
49,2840
49,2853
49,2962
49,2990
49,3176
49,3187
49,3189
49,3202
49,3237
49,3240
49,3289
49,3333
49,3440
49,3444
49,3464
49,3471
49,3531
49,3532
49,3542
49,3575
49,3633
49,3667
49,3721
49,3773
49,3802
49,3822
49,3841
49,3937
49,3982
49,4006
49,4020
49,4060
49,4081
49,4135
49,4153
49,4177
49,4216
49,4271
49,4291
49,4304
49,4370
49,4378
49,4393
49,4409
49,4463
49,4486
49,4492
49,4518
49,4537
49,4583
49,4622
49,4671
49,4687
49,4717
49,4749
49,4827
49,4859
49,4883
49,4905
49,4936
49,5198
49,5208
49,5231
49,5340
49,5395
49,5408
49,5413
49,5435
49,5441
49,5464
49,5526
49,5590
49,5627
49,5631
49,5639
49,5647
49,5695
49,5739
49,5751
49,5752
49,5777
49,5849
49,5893
49,5908
49,5949
49,5997
49,6035
49,6038
49,6092
49,6121
49,6172
49,6185
49,6190
49,6225
49,6263
49,6269
49,6282
49,6315
49,6317
49,6370
49,6373
49,6379
49,6421
49,6535
49,6546
49,6553
49,6570
49,6572
49,6573
49,6748
49,6763
49,6768
49,6882
49,6899
49,6919
49,6979
49,7008
49,7023
49,7070
49,7103
49,7137
49,7257
49,7312
49,7329
49,7353
49,7385
49,7391
49,7427
49,7466
49,7505
49,7510
49,7552
49,7593
49,7597
49,7614
49,7619
49,7657
49,7687
49,7716
49,7766
49,7787
49,7817
49,7845
49,7868
49,7870
49,7947
49,7994
49,8036
49,8144
49,8152
49,8155
49,8217
49,8240
49,8281
49,8350
49,8360
49,8388
49,8449
49,8460
49,8476
49,8518
49,8545
49,8578
49,8589
49,8595
49,8637
49,8644
49,8717
49,8719
49,8765
49,8774
49,9109
49,9137
49,9141
49,9216
49,9218
49,9248
49,9322
49,9331
49,9340
49,9383
49,9405
49,9453
49,9581
49,9589
49,9668
49,9729
49,9779
49,9780
49,9818
49,9832
49,9840
49,9849
49,9888
49,9897
49,9944
49,9985
49,10008
49,10041
49,10042
49,10255
49,10286
49,10297
49,10301
49,10324
49,10356
49,10451
49,10507
49,10551
49,10595
49,10708
49,10735
49,10744
49,10794
49,10827
49,10880
49,10938
49,10972
49,11061
49,11064
49,11065
49,11110
49,11111
49,11136
49,11293
49,11301
49,11318
49,11320
49,11340
49,11367
49,11434
49,11435
49,11549
49,11609
49,11683
49,11765
49,11814
49,11820
49,11849
49,11927
49,11980
49,12064
49,12107
49,12123
49,12182
49,12320
49,12340
49,12391
49,12410
49,12469
49,12487
49,12541
49,12542
49,12580
49,12680
49,12683
49,12691
49,12730
49,12741
49,12787
49,12812
49,12866
49,12965
49,13002
49,13017
49,13094
49,13118
49,13313
49,13328
49,13335
49,13340
49,13370
49,13484
49,13550
49,13574
49,13592
49,13662
49,13698
49,13703
49,13728
49,13747
49,13774
49,13787
49,13794
49,13833
49,13914
49,13961
49,14041
49,14075
49,14108
49,14157
49,14158
49,14175
49,14182
49,14188
49,14223
49,14231
49,14281
49,14285
49,14394
49,14457
49,14464
49,14570
49,14581
49,14651
49,14673
49,14704
49,14779
49,14868
49,14870
49,14894
49,14907
49,14923
49,14936
49,14977
49,14980
49,15009
49,15016
49,15051
49,15054
49,15105
49,15116
49,15183
49,15306
49,15314
49,15316
49,15351
49,15389
49,15428
49,15561
49,15575
49,15585
49,15589
49,15661
49,15794
49,15939
49,15945
49,15946
49,15949
49,16028
49,16049
49,16064
49,16079
49,16101
49,16111
49,16121
49,16155
49,16213
49,16226
49,16238
49,16245
49,16306
49,16323
49,16351
49,16353
49,16373
49,16378
49,16494
49,16544
49,16570
49,16594
49,16620
49,16628
49,16662
49,16684
49,16707
49,16711
49,16743
49,16771
49,16784
49,16785
49,16797
49,16807
49,16849
49,16851
49,16961
49,16962
49,16980
49,16983
49,17013
49,17048
49,17055
49,17074
49,17083
49,17102
49,17113
49,17132
49,17162
49,17275
49,17295
49,17309
49,17311
49,17329
49,17340
49,17349
49,17407
49,17426
49,17431
49,17451
49,17484
49,17523
49,17656
49,17675
49,17707
49,17748
49,17803
49,17828
49,17896
49,17915
49,17932
49,18035
49,18127
49,18170
49,18180
49,18183
49,18203
49,18230
49,18240
49,18245
49,18321
49,18479
49,18553
49,18560
49,18567
49,18637
49,18795
49,19022
49,19050
49,19064
49,19116
49,19142
49,19191
49,19272
49,19291
49,19324
49,19380
49,19389
49,19390
49,19423
49,19475
49,19479
49,19510
49,19511
49,19513
49,19524
49,19572
49,19600
49,19713
49,19818
49,19944
49,19948
49,19966
49,20057
49,20074
49,20097
49,20273
49,20290
49,20304
49,20416
49,20494
49,20508
49,20515
49,20564
49,20579
49,20702
49,20714
49,20818
49,20819
49,20828
49,20867
49,20920
49,20928
49,20942
49,20951
49,20969
49,20971
49,20992
49,21037
49,21041
49,21060
49,21117
49,21160
49,21178
49,21181
49,21193
49,21205
49,21247
49,21252
49,21297
49,21303
49,21427
49,21469
49,21491
49,21560
49,21567
49,21573
49,21590
49,21636
49,21638
49,21640
49,21647
49,21682
49,21706
49,21771
49,21788
49,21848
49,21870
49,22001
49,22106
49,22122
49,22209
49,22235
49,22238
49,22255
49,22303
49,22319
49,22351
49,22505
49,22567
49,22593
49,22617
49,22639
49,22642
49,22646
49,22662
49,22690
49,22692
49,22780
49,22812
49,22883
49,22986
49,22995
49,23020
49,23037
49,23080
49,23242
49,23396
49,23398
49,23539
49,23587
49,23606
49,23623
49,23669
49,23718
49,23732
49,23789
49,23818
49,23838
49,23896
49,23937
49,24004
49,24108
49,24141
49,24154
49,24276
49,24299
49,24304
49,24394
49,24410
49,24496
49,24577
49,24617
49,24710
49,24735
49,24781
49,24787
49,24828
49,24982
49,25004
49,25019
49,25030
49,25109
49,25118
49,25120
49,25157
49,25193
49,25202
49,25224
49,25248
49,25272
49,25363
49,25404
49,25409
49,25497
49,25515
49,25529
49,25602
49,25624
49,25630
49,25665
49,25687
49,25692
49,25706
49,25860
49,25902
49,25966
49,26061
49,26118
49,26123
49,26128
49,26198
49,26234
49,26248
49,26256
49,26298
49,26351
49,26422
49,26506
49,26507
49,26555
49,26691
49,26759
49,26765
49,26833
49,26883
49,26898
49,26937
49,26976
49,26988
49,27117
49,27264
49,27280
49,27297
49,27320
49,27324
49,27390
49,27400
49,27433
49,27456
49,27465
49,27488
49,27558
49,27582
49,27618
49,27647
49,27668
49,27669
49,27740
49,27896
49,27902
49,27920
49,27923
49,28017
49,28036
49,28043
49,28045
49,28137
49,28160
49,28189
49,28208
49,28445
49,28487
49,28556
49,28583
49,28610
49,28620
49,28634
49,28649
49,28663
49,28791
49,28812
49,28851
49,28859
49,28924
49,29071
49,29076
49,29081
49,29129
49,29155
49,29166
49,29174
49,29229
49,29253
49,29275
49,29352
49,29377
49,29401
49,29426
49,29468
49,29524
49,29566
50,52
50,99
50,123
50,143
50,295
50,307
50,348
50,370
50,407
50,500
50,531
50,554
50,579
50,595
50,619
50,623
50,634
50,756
50,991
50,995
50,1006
50,1095
50,1107
50,1195
50,1202
50,1247
50,1266
50,1277
50,1297
50,1304
50,1339
50,1385
50,1403
50,1448
50,1483
50,1550
50,1594
50,1651
50,1659
50,1678
50,1710
50,1857
50,1889
50,1951
50,1970
50,2076
50,2087
50,2091
50,2095
50,2100
50,2144
50,2164
50,2193
50,2247
50,2282
50,2344
50,2356
50,2373
50,2572
50,2577
50,2583
50,2667
50,2693
50,2726
50,2732
50,2796
50,2914
50,2927
50,2943
50,3013
50,3029
50,3070
50,3200
50,3257
50,3274
50,3309
50,3313
50,3317
50,3353
50,3380
50,3407
50,3423
50,3630
50,3639
50,3676
50,3825
50,3946
50,4075
50,4079
50,4211
50,4259
50,4377
50,4395
50,4403
50,4419
50,4421
50,4436
50,4461
50,4494
50,4514
50,4515
50,4527
50,4561
50,4645
50,4678
50,4681
50,4688
50,4703
50,4709
50,4781
50,4786
50,4803
50,4807
50,4816
50,4827
50,4980
50,5008
50,5060
50,5077
50,5083
50,5342
50,5360
50,5361
50,5372
50,5404
50,5416
50,5420
50,5488
50,5494
50,5531
50,5533
50,5607
50,5693
50,5770
50,5784
50,5831
50,5931
50,5937
50,6067
50,6084
50,6146
50,6174
50,6250
50,6256
50,6338
50,6386
50,6439
50,6476
50,6603
50,6658
50,6661
50,6687
50,6715
50,6727
50,6750
50,6870
50,6990
50,7054
50,7177
50,7191
50,7244
50,7277
50,7280
50,7291
50,7309
50,7348
50,7365
50,7392
50,7419
50,7423
50,7460
50,7536
50,7538
50,7598
50,7603
50,7650
50,7716
50,7779
50,7793
50,7807
50,7814
50,7827
50,7843
50,7881
50,7886
50,7887
50,7930
50,7939
50,8011
50,8026
50,8082
50,8125
50,8145
50,8149
50,8166
50,8183
50,8346
50,8348
50,8394
50,8472
50,8476
50,8484
50,8504
50,8510
50,8563
50,8618
50,8644
50,8662
50,8764
50,8782
50,8809
50,8862
50,8929
50,8933
50,8989
50,9008
50,9279
50,9291
50,9309
50,9326
50,9530
50,9549
50,9550
50,9577
50,9615
50,9647
50,9703
50,9708
50,9724
50,9751
50,9793
50,9968
50,9976
50,9995
50,10027
50,10077
50,10089
50,10239
50,10254
50,10320
50,10347
50,10361
50,10452
50,10509
50,10545
50,10558
50,10568
50,10662
50,10693
50,10718
50,10743
50,10750
50,10757
50,10800
50,10881
50,10935
50,11028
50,11048
50,11182
50,11255
50,11260
50,11297
50,11318
50,11370
50,11415
50,11579
50,11612
50,11626
50,11648
50,11653
50,11666
50,11739
50,11743
50,11781
50,11830
50,11919
50,11920
50,11932
50,11957
50,11973
50,12064
50,12111
50,12119
50,12137
50,12198
50,12239
50,12246
50,12420
50,12451
50,12516
50,12546
50,12561
50,12586
50,12595
50,12616
50,12704
50,12761
50,12770
50,12787
50,12907
50,12930
50,12942
50,12953
50,12970
50,13005
50,13037
50,13109
50,13122
50,13125
50,13151
50,13164
50,13214
50,13226
50,13232
50,13263
50,13274
50,13277
50,13278
50,13307
50,13370
50,13373
50,13389
50,13412
50,13424
50,13429
50,13435
50,13439
50,13474
50,13634
50,13641
50,13654
50,13717
50,13971
50,14018
50,14043
50,14058
50,14127
50,14215
50,14241
50,14406
50,14488
50,14642
50,14652
50,14720
50,14745
50,14782
50,14831
50,14880
50,14884
50,14908
50,14927
50,14990
50,15001
50,15002
50,15006
50,15020
50,15040
50,15054
50,15231
50,15261
50,15265
50,15273
50,15320
50,15334
50,15362
50,15394
50,15482
50,15533
50,15556
50,15567
50,15593
50,15610
50,15667
50,15722
50,15755
50,15783
50,15791
50,15856
50,15871
50,15872
50,15873
50,15909
50,15911
50,15948
50,16047
50,16053
50,16081
50,16120
50,16135
50,16147
50,16195
50,16204
50,16286
50,16311
50,16437
50,16438
50,16485
50,16514
50,16532
50,16535
50,16561
50,16578
50,16584
50,16692
50,16772
50,16794
50,16802
50,16817
50,16828
50,16913
50,16987
50,17035
50,17057
50,17060
50,17091
50,17185
50,17188
50,17238
50,17320
50,17335
50,17347
50,17396
50,17484
50,17488
50,17546
50,17561
50,17575
50,17650
50,17737
50,17800
50,17882
50,17985
50,18072
50,18116
50,18130
50,18133
50,18174
50,18179
50,18273
50,18298
50,18302
50,18303
50,18308
50,18364
50,18377
50,18438
50,18451
50,18459
50,18500
50,18549
50,18597
50,18674
50,18715
50,18722
50,18726
50,18760
50,18763
50,18805
50,18811
50,18827
50,18873
50,18885
50,18951
50,18965
50,19118
50,19185
50,19219
50,19246
50,19303
50,19317
50,19334
50,19374
50,19402
50,19443
50,19451
50,19462
50,19478
50,19504
50,19534
50,19535
50,19624
50,19654
50,19762
50,19803
50,19816
50,19826
50,19865
50,19886
50,19913
50,19915
50,19927
50,19935
50,19940
50,19949
50,20037
50,20090
50,20131
50,20146
50,20256
50,20266
50,20301
50,20334
50,20345
50,20416
50,20420
50,20436
50,20542
50,20635
50,20636
50,20733
50,20746
50,20788
50,20816
50,20837
50,20859
50,20920
50,20932
50,21029
50,21217
50,21255
50,21299
50,21341
50,21373
50,21457
50,21493
50,21659
50,21794
50,21828
50,21830
50,21911
50,21938
50,21958
50,21962
50,22010
50,22055
50,22065
50,22070
50,22261
50,22276
50,22308
50,22360
50,22417
50,22441
50,22480
50,22484
50,22681
50,22685
50,22686
50,22764
50,22802
50,22840
50,22845
50,22862
50,22872
50,22904
50,22945
50,22993
50,23018
50,23052
50,23162
50,23208
50,23291
50,23297
50,23298
50,23313
50,23334
50,23394
50,23431
50,23492
50,23645
50,23681
50,23700
50,23707
50,23723
50,23869
50,24013
50,24103
50,24155
50,24168
50,24175
50,24181
50,24188
50,24206
50,24217
50,24232
50,24248
50,24252
50,24271
50,24315
50,24349
50,24393
50,24427
50,24490
50,24544
50,24623
50,24640
50,24679
50,24800
50,24878
50,24902
50,24905
50,24951
50,24990
50,25048
50,25070
50,25088
50,25110
50,25122
50,25165
50,25190
50,25253
50,25347
50,25385
50,25439
50,25510
50,25555
50,25675
50,25780
50,25786
50,25788
50,25812
50,25914
50,25952
50,25987
50,25999
50,26009
50,26044
50,26093
50,26212
50,26237
50,26240
50,26362
50,26374
50,26418
50,26493
50,26508
50,26540
50,26575
50,26576
50,26614
50,26629
50,26638
50,26679
50,26696
50,26697
50,26705
50,26718
50,26724
50,26733
50,26837
50,26878
50,26893
50,26904
50,26954
50,27010
50,27048
50,27080
50,27106
50,27109
50,27250
50,27365
50,27370
50,27389
50,27394
50,27397
50,27414
50,27578
50,27591
50,27632
50,27683
50,27704
50,27741
50,27787
50,27810
50,27814
50,27823
50,27825
50,27892
50,27928
50,28050
50,28149
50,28167
50,28199
50,28209
50,28264
50,28316
50,28320
50,28420
50,28491
50,28538
50,28563
50,28582
50,28612
50,28653
50,28754
50,28765
50,28801
50,28811
50,28990
50,28993
50,29052
50,29156
50,29187
50,29214
50,29298
50,29343
50,29423
50,29519
51,32
51,38
51,136
51,242
51,270
51,351
51,407
51,511
51,629
51,653
51,749
51,883
51,889
51,1016
51,1039
51,1063
51,1167
51,1241
51,1265
51,1308
51,1354
51,1402
51,1502
51,1536
51,1556
51,1589
51,1590
51,1593
51,1629
51,1681
51,1724
51,1793
51,1832
51,1941
51,1943
51,2040
51,2205
51,2266
51,2314
51,2339
51,2348
51,2373
51,2447
51,2487
51,2497
51,2515
51,2533
51,2704
51,2730
51,2797
51,2965
51,2978
51,2985
51,3157
51,3158
51,3186
51,3225
51,3247
51,3484
51,3514
51,3525
51,3554
51,3576
51,3631
51,3666
51,3757
51,3783
51,3950
51,4031
51,4174
51,4185
51,4243
51,4281
51,4315
51,4374
51,4580
51,4624
51,4688
51,4764
51,4892
51,4980
51,4991
51,5061
51,5132
51,5211
51,5222
51,5383
51,5385
51,5450
51,5458
51,5519
51,5533
51,5543
51,5559
51,5601
51,5705
51,5738
51,5787
51,5809
51,5883
51,5912
51,5919
51,5922
51,5950
51,5957
51,5977
51,6011
51,6059
51,6120
51,6324
51,6468
51,6571
51,6587
51,6612
51,6637
51,6659
51,6674
51,6677
51,6710
51,6748
51,6771
51,6784
51,6813
51,6858
51,6862
51,6870
51,6891
51,7056
51,7131
51,7214
51,7267
51,7311
51,7325
51,7329
51,7337
51,7358
51,7360
51,7457
51,7484
51,7592
51,7624
51,7772
51,7845
51,7890
51,8081
51,8230
51,8259
51,8277
51,8292
51,8337
51,8409
51,8439
51,8471
51,8487
51,8672
51,8675
51,8684
51,8730
51,8756
51,8887
51,8910
51,8936
51,8987
51,9001
51,9067
51,9081
51,9084
51,9111
51,9138
51,9218
51,9261
51,9264
51,9310
51,9371
51,9377
51,9414
51,9467
51,9570
51,9599
51,9647
51,9814
51,9847
51,9907
51,9913
51,9946
51,10108
51,10176
51,10177
51,10182
51,10283
51,10295
51,10297
51,10428
51,10440
51,10616
51,10633
51,10657
51,10660
51,10686
51,10704
51,10858
51,10871
51,10950
51,10990
51,11078
51,11086
51,11217
51,11289
51,11365
51,11390
51,11503
51,11758
51,11769
51,11819
51,11845
51,11915
51,11960
51,11978
51,12001
51,12065
51,12153
51,12246
51,12333
51,12415
51,12438
51,12457
51,12584
51,12777
51,12824
51,12834
51,12872
51,12922
51,12944
51,13050
51,13055
51,13125
51,13167
51,13265
51,13340
51,13381
51,13435
51,13530
51,13554
51,13575
51,13586
51,13626
51,13629
51,13647
51,13763
51,13765
51,13793
51,13831
51,13899
51,13948
51,14069
51,14142
51,14206
51,14247
51,14258
51,14270
51,14318
51,14393
51,14394
51,14465
51,14471
51,14484
51,14486
51,14576
51,14581
51,14597
51,14616
51,14667
51,14692
51,14732
51,14769
51,14774
51,14794
51,14869
51,14925
51,14931
51,14932
51,15157
51,15158
51,15210
51,15242
51,15266
51,15300
51,15305
51,15317
51,15336
51,15399
51,15406
51,15504
51,15514
51,15522
51,15679
51,15686
51,15735
51,15806
51,15813
51,15839
51,15850
51,15896
51,15916
51,16069
51,16087
51,16097
51,16129
51,16143
51,16230
51,16336
51,16380
51,16475
51,16481
51,16601
51,16673
51,16776
51,16821
51,16825
51,16856
51,16898
51,17027
51,17059
51,17099
51,17137
51,17168
51,17352
51,17428
51,17441
51,17490
51,17495
51,17555
51,17704
51,17705
51,17717
51,17722
51,17790
51,17804
51,17817
51,17846
51,17874
51,18106
51,18127
51,18151
51,18281
51,18374
51,18400
51,18425
51,18428
51,18460
51,18504
51,18626
51,18659
51,18683
51,18704
51,18718
51,18735
51,18804
51,18816
51,18900
51,18969
51,19062
51,19196
51,19203
51,19218
51,19347
51,19375
51,19585
51,19656
51,19689
51,19726
51,19734
51,19787
51,19814
51,19917
51,19926
51,19927
51,19936
51,19951
51,20036
51,20062
51,20071
51,20160
51,20170
51,20262
51,20283
51,20415
51,20417
51,20443
51,20645
51,20692
51,20717
51,20725
51,20734
51,20765
51,20819
51,20832
51,20866
51,20949
51,21033
51,21058
51,21100
51,21233
51,21308
51,21363
51,21427
51,21436
51,21461
51,21509
51,21598
51,21783
51,21894
51,21998
51,22073
51,22081
51,22112
51,22166
51,22202
51,22298
51,22309
51,22398
51,22410
51,22537
51,22580
51,22608
51,22634
51,22637
51,22645
51,22658
51,22707
51,22713
51,22850
51,22882
51,23023
51,23239
51,23283
51,23301
51,23454
51,23473
51,23498
51,23569
51,23721
51,23743
51,23792
51,23969
51,24113
51,24119
51,24199
51,24219
51,24256
51,24322
51,24382
51,24405
51,24488
51,24522
51,24603
51,24629
51,24634
51,24717
51,24719
51,24840
51,24868
51,24901
51,24920
51,24946
51,25081
51,25128
51,25157
51,25176
51,25201
51,25226
51,25235
51,25283
51,25312
51,25360
51,25518
51,25545
51,25624
51,25761
51,25895
51,26002
51,26074
51,26083
51,26183
51,26272
51,26305
51,26517
51,26547
51,26565
51,26568
51,26679
51,26768
51,26808
51,26942
51,26967
51,27045
51,27092
51,27105
51,27139
51,27214
51,27243
51,27272
51,27334
51,27345
51,27352
51,27367
51,27450
51,27466
51,27476
51,27577
51,27687
51,27705
51,27734
51,27991
51,28003
51,28079
51,28213
51,28214
51,28307
51,28323
51,28402
51,28414
51,28483
51,28498
51,28531
51,28586
51,28589
51,28704
51,28706
51,28790
51,28840
51,28894
51,28903
51,29050
51,29057
51,29118
51,29157
51,29221
51,29244
51,29266
51,29290
51,29319
51,29388
51,29425
51,29478
51,29499
51,29507
51,29542
52,11
52,33
52,103
52,110
52,147
52,178
52,187
52,203
52,237
52,243
52,334
52,429
52,478
52,484
52,500
52,527
52,626
52,678
52,713
52,734
52,775
52,790
52,796
52,813
52,844
52,881
52,1073
52,1164
52,1204
52,1250
52,1282
52,1285
52,1303
52,1348
52,1350
52,1401
52,1508
52,1555
52,1576
52,1610
52,1617
52,1623
52,1679
52,1725
52,1762
52,1781
52,1839
52,1859
52,1873
52,1892
52,1931
52,1934
52,1944
52,1977
52,2004
52,2026
52,2098
52,2259
52,2325
52,2382
52,2389
52,2419
52,2443
52,2496
52,2507
52,2547
52,2572
52,2585
52,2645
52,2684
52,2689
52,2713
52,2789
52,2909
52,2913
52,2924
52,2983
52,3020
52,3108
52,3192
52,3295
52,3420
52,3490
52,3502
52,3518
52,3598
52,3639
52,3673
52,3694
52,3741
52,3791
52,3861
52,3924
52,3986
52,4011
52,4063
52,4128
52,4134
52,4174
52,4290
52,4325
52,4351
52,4444
52,4526
52,4550
52,4588
52,4673
52,4680
52,4741
52,4865
52,4873
52,4920
52,4950
52,4952
52,4997
52,5071
52,5088
52,5205
52,5267
52,5272
52,5409
52,5433
52,5486
52,5501
52,5509
52,5516
52,5523
52,5527
52,5570
52,5582
52,5608
52,5828
52,5837
52,5839
52,5860
52,5881
52,5894
52,5898
52,5920
52,6134
52,6160
52,6244
52,6285
52,6300
52,6344
52,6474
52,6497
52,6519
52,6605
52,6623
52,6654
52,6736
52,6827
52,6836
52,6872
52,6942
52,6943
52,7008
52,7071
52,7135
52,7248
52,7262
52,7317
52,7343
52,7346
52,7364
52,7423
52,7496
52,7525
52,7535
52,7630
52,7636
52,7656
52,7667
52,7768
52,7792
52,7807
52,7808
52,7828
52,7839
52,7852
52,7868
52,7932
52,7938
52,7941
52,7942
52,8003
52,8039
52,8040
52,8048
52,8098
52,8120
52,8140
52,8156
52,8188
52,8234
52,8304
52,8397
52,8425
52,8464
52,8488
52,8503
52,8531
52,8585
52,8591
52,8729
52,8734
52,8750
52,8754
52,8774
52,8858
52,8906
52,8911
52,8961
52,8965
52,8974
52,9007
52,9036
52,9048
52,9054
52,9055
52,9082
52,9099
52,9111
52,9151
52,9210
52,9229
52,9274
52,9282
52,9317
52,9318
52,9326
52,9335
52,9401
52,9482
52,9487
52,9523
52,9561
52,9587
52,9608
52,9654
52,9738
52,9765
52,9826
52,9907
52,10004
52,10016
52,10091
52,10093
52,10094
52,10113
52,10149
52,10189
52,10258
52,10426
52,10463
52,10476
52,10600
52,10654
52,10676
52,10726
52,10854
52,10855
52,10860
52,10864
52,10915
52,10928
52,10929
52,10978
52,11007
52,11075
52,11101
52,11113
52,11139
52,11172
52,11245
52,11397
52,11398
52,11453
52,11470
52,11489
52,11512
52,11591
52,11635
52,11656
52,11817
52,11856
52,11941
52,12015
52,12022
52,12052
52,12068
52,12088
52,12090
52,12188
52,12300
52,12313
52,12329
52,12400
52,12526
52,12714
52,12719
52,12744
52,12754
52,12798
52,12809
52,12880
52,12924
52,12978
52,13131
52,13278
52,13308
52,13324
52,13368
52,13450
52,13469
52,13471
52,13479
52,13495
52,13506
52,13574
52,13598
52,13600
52,13710
52,13726
52,13739
52,13868
52,13910
52,13967
52,13972
52,13987
52,14040
52,14120
52,14164
52,14256
52,14285
52,14303
52,14325
52,14331
52,14342
52,14374
52,14383
52,14384
52,14429
52,14436
52,14519
52,14537
52,14605
52,14611
52,14658
52,14669
52,14702
52,14716
52,14745
52,14746
52,14835
52,14871
52,14878
52,15003
52,15071
52,15094
52,15116
52,15129
52,15197
52,15247
52,15271
52,15312
52,15342
52,15345
52,15460
52,15506
52,15510
52,15513
52,15590
52,15636
52,15679
52,15683
52,15721
52,15743
52,15744
52,15860
52,15914
52,16119
52,16129
52,16158
52,16167
52,16175
52,16236
52,16262
52,16284
52,16326
52,16431
52,16442
52,16444
52,16495
52,16595
52,16728
52,16753
52,17007
52,17065
52,17071
52,17093
52,17132
52,17170
52,17209
52,17290
52,17302
52,17322
52,17340
52,17474
52,17481
52,17499
52,17560
52,17637
52,17710
52,17718
52,17763
52,17773
52,17785
52,17853
52,17946
52,17972
52,18051
52,18061
52,18086
52,18148
52,18151
52,18251
52,18261
52,18356
52,18387
52,18465
52,18473
52,18505
52,18553
52,18588
52,18627
52,18643
52,18668
52,18697
52,18830
52,18860
52,18863
52,19028
52,19088
52,19155
52,19234
52,19262
52,19324
52,19351
52,19361
52,19363
52,19451
52,19464
52,19483
52,19509
52,19594
52,19598
52,19600
52,19613
52,19773
52,19839
52,19872
52,19999
52,20002
52,20035
52,20052
52,20076
52,20107
52,20113
52,20260
52,20294
52,20337
52,20345
52,20415
52,20572
52,20740
52,20972
52,21002
52,21021
52,21034
52,21059
52,21110
52,21133
52,21147
52,21155
52,21156
52,21216
52,21263
52,21302
52,21313
52,21361
52,21458
52,21466
52,21474
52,21570
52,21622
52,21674
52,21716
52,21869
52,21925
52,21944
52,21945
52,21989
52,22028
52,22069
52,22109
52,22171
52,22290
52,22331
52,22372
52,22548
52,22583
52,22593
52,22626
52,22652
52,22653
52,22663
52,22665
52,22691
52,22713
52,22741
52,22752
52,22821
52,22836
52,22888
52,22961
52,23020
52,23090
52,23093
52,23117
52,23125
52,23281
52,23310
52,23360
52,23377
52,23398
52,23452
52,23644
52,23670
52,23711
52,23734
52,23817
52,23849
52,23905
52,23977
52,24066
52,24112
52,24116
52,24121
52,24169
52,24186
52,24253
52,24312
52,24409
52,24571
52,24574
52,24591
52,24593
52,24619
52,24637
52,24653
52,24683
52,24920
52,24922
52,24932
52,25001
52,25021
52,25027
52,25084
52,25106
52,25112
52,25131
52,25147
52,25219
52,25226
52,25230
52,25325
52,25336
52,25420
52,25448
52,25472
52,25479
52,25609
52,25642
52,25677
52,25697
52,25731
52,25732
52,25737
52,25780
52,25787
52,25829
52,25830
52,25836
52,25905
52,25913
52,25973
52,26014
52,26029
52,26068
52,26187
52,26200
52,26299
52,26319
52,26321
52,26346
52,26437
52,26483
52,26526
52,26550
52,26607
52,26625
52,26648
52,26710
52,26802
52,26886
52,26931
52,26939
52,26951
52,26958
52,26978
52,26997
52,27034
52,27109
52,27180
52,27206
52,27207
52,27229
52,27267
52,27280
52,27529
52,27530
52,27600
52,27602
52,27673
52,27710
52,27854
52,27879
52,27917
52,27935
52,27975
52,27977
52,28014
52,28022
52,28034
52,28086
52,28147
52,28153
52,28220
52,28228
52,28261
52,28274
52,28305
52,28349
52,28386
52,28399
52,28566
52,28587
52,28621
52,28650
52,28716
52,28778
52,28787
52,28797
52,28867
52,28891
52,29023
52,29132
52,29223
52,29233
52,29240
52,29262
52,29309
52,29392
52,29393
52,29416
52,29475
52,29490
52,29502
53,17
53,29
53,44
53,71
53,81
53,98
53,137
53,157
53,177
53,430
53,437
53,438
53,441
53,467
53,477
53,502
53,543
53,544
53,580
53,605
53,628
53,726
53,742
53,775
53,899
53,920
53,921
53,946
53,957
53,1061
53,1207
53,1343
53,1377
53,1380
53,1427
53,1451
53,1536
53,1567
53,1569
53,1648
53,1687
53,1812
53,1820
53,1829
53,1864
53,1915
53,1929
53,1946
53,1976
53,1996
53,2080
53,2095
53,2145
53,2175
53,2271
53,2289
53,2309
53,2387
53,2399
53,2412
53,2478
53,2490
53,2536
53,2537
53,2540
53,2562
53,2568
53,2671
53,2788
53,2802
53,2861
53,2862
53,2906
53,2930
53,2963
53,2981
53,2996
53,3047
53,3058
53,3105
53,3170
53,3175
53,3189
53,3261
53,3343
53,3386
53,3454
53,3472
53,3500
53,3683
53,3721
53,3733
53,3766
53,4100
53,4228
53,4240
53,4293
53,4342
53,4415
53,4448
53,4466
53,4474
53,4521
53,4571
53,4597
53,4730
53,4768
53,4861
53,4893
53,4980
53,4989
53,5080
53,5121
53,5122
53,5142
53,5144
53,5149
53,5152
53,5153
53,5190
53,5207
53,5222
53,5271
53,5316
53,5322
53,5404
53,5644
53,5668
53,5698
53,5777
53,5786
53,5805
53,5910
53,5912
53,5961
53,5981
53,5984
53,6101
53,6108
53,6131
53,6226
53,6239
53,6283
53,6302
53,6343
53,6355
53,6411
53,6412
53,6414
53,6415
53,6424
53,6470
53,6562
53,6603
53,6646
53,6731
53,6738
53,6762
53,6832
53,6840
53,6942
53,6956
53,7059
53,7086
53,7175
53,7228
53,7237
53,7309
53,7332
53,7405
53,7408
53,7437
53,7444
53,7452
53,7516
53,7737
53,7749
53,7770
53,7864
53,7900
53,7919
53,7922
53,7940
53,7944
53,8027
53,8136
53,8201
53,8280
53,8288
53,8331
53,8394
53,8461
53,8481
53,8539
53,8557
53,8593
53,8610
53,8613
53,8634
53,8660
53,8822
53,8839
53,8853
53,8884
53,8888
53,8901
53,9022
53,9102
53,9113
53,9118
53,9183
53,9208
53,9241
53,9334
53,9396
53,9491
53,9556
53,9618
53,9688
53,9692
53,9741
53,9853
53,9858
53,9887
53,9893
53,9914
53,9968
53,9982
53,10022
53,10045
53,10065
53,10116
53,10162
53,10191
53,10208
53,10277
53,10306
53,10310
53,10320
53,10364
53,10370
53,10375
53,10403
53,10409
53,10430
53,10461
53,10493
53,10533
53,10535
53,10562
53,10606
53,10637
53,10696
53,10748
53,10750
53,10806
53,10810
53,10959
53,10966
53,10983
53,10984
53,10993
53,11020
53,11038
53,11132
53,11133
53,11184
53,11199
53,11226
53,11280
53,11289
53,11304
53,11333
53,11384
53,11443
53,11467
53,11633
53,11644
53,11700
53,11713
53,11759
53,11802
53,11804
53,11805
53,11827
53,11836
53,11863
53,11965
53,12013
53,12015
53,12128
53,12131
53,12234
53,12236
53,12278
53,12281
53,12304
53,12383
53,12424
53,12480
53,12563
53,12599
53,12600
53,12616
53,12742
53,12743
53,12746
53,12796
53,12802
53,12813
53,12857
53,12922
53,12934
53,12948
53,12979
53,12985
53,13010
53,13022
53,13133
53,13199
53,13212
53,13225
53,13240
53,13256
53,13257
53,13268
53,13269
53,13294
53,13332
53,13344
53,13356
53,13391
53,13470
53,13491
53,13495
53,13501
53,13504
53,13524
53,13536
53,13561
53,13571
53,13613
53,13642
53,13654
53,13796
53,13854
53,13955
53,13990
53,14061
53,14138
53,14169
53,14178
53,14272
53,14286
53,14406
53,14422
53,14522
53,14633
53,14659
53,14725
53,14802
53,14816
53,14832
53,14837
53,14933
53,14960
53,14988
53,15081
53,15091
53,15095
53,15132
53,15139
53,15171
53,15214
53,15252
53,15324
53,15343
53,15384
53,15426
53,15462
53,15477
53,15530
53,15541
53,15544
53,15598
53,15603
53,15651
53,15690
53,15727
53,15830
53,15839
53,16055
53,16112
53,16177
53,16190
53,16243
53,16377
53,16582
53,16611
53,16664
53,16715
53,16730
53,16841
53,16874
53,16907
53,16976
53,17047
53,17061
53,17213
53,17278
53,17298
53,17367
53,17378
53,17508
53,17599
53,17608
53,17634
53,17661
53,17696
53,17704
53,17705
53,17716
53,17724
53,17757
53,17764
53,17774
53,17787
53,17811
53,17844
53,17896
53,17924
53,17928
53,17981
53,17995
53,18002
53,18099
53,18260
53,18276
53,18317
53,18335
53,18395
53,18444
53,18452
53,18476
53,18485
53,18489
53,18529
53,18531
53,18533
53,18558
53,18576
53,18587
53,18666
53,18680
53,18759
53,18762
53,18799
53,18807
53,18814
53,18837
53,18839
53,18851
53,18874
53,18885
53,19017
53,19093
53,19200
53,19224
53,19228
53,19280
53,19344
53,19347
53,19363
53,19368
53,19388
53,19446
53,19501
53,19503
53,19513
53,19520
53,19571
53,19605
53,19621
53,19643
53,19644
53,19717
53,19727
53,19730
53,19771
53,19884
53,19958
53,20011
53,20124
53,20144
53,20236
53,20237
53,20251
53,20260
53,20263
53,20268
53,20340
53,20359
53,20362
53,20404
53,20409
53,20488
53,20560
53,20568
53,20596
53,20624
53,20653
53,20681
53,20684
53,20730
53,20732
53,20794
53,20872
53,20888
53,21042
53,21207
53,21268
53,21283
53,21343
53,21407
53,21442
53,21457
53,21467
53,21559
53,21632
53,21721
53,21738
53,21740
53,21867
53,21893
53,21894
53,21942
53,21978
53,22044
53,22055
53,22062
53,22075
53,22080
53,22087
53,22232
53,22256
53,22340
53,22362
53,22404
53,22461
53,22478
53,22638
53,22684
53,22755
53,22780
53,22853
53,22855
53,22858
53,22901
53,22909
53,22916
53,22929
53,22987
53,23031
53,23104
53,23106
53,23126
53,23139
53,23156
53,23194
53,23255
53,23274
53,23289
53,23326
53,23330
53,23370
53,23389
53,23424
53,23447
53,23524
53,23556
53,23579
53,23608
53,23627
53,23644
53,23694
53,23743
53,23759
53,23771
53,23908
53,23960
53,23964
53,24048
53,24086
53,24098
53,24125
53,24130
53,24149
53,24164
53,24219
53,24248
53,24295
53,24301
53,24403
53,24430
53,24455
53,24494
53,24579
53,24589
53,24650
53,24849
53,24853
53,24887
53,24954
53,24966
53,24975
53,25000
53,25019
53,25190
53,25335
53,25525
53,25569
53,25575
53,25660
53,25739
53,25744
53,25773
53,25835
53,25976
53,26036
53,26050
53,26060
53,26151
53,26263
53,26318
53,26327
53,26334
53,26337
53,26378
53,26409
53,26493
53,26502
53,26624
53,26626
53,26634
53,26668
53,26705
53,26734
53,26803
53,26805
53,26831
53,26845
53,26849
53,26857
53,27006
53,27074
53,27145
53,27357
53,27409
53,27426
53,27433
53,27482
53,27533
53,27546
53,27573
53,27600
53,27684
53,27690
53,27702
53,27801
53,27820
53,27937
53,28027
53,28069
53,28095
53,28113
53,28149
53,28197
53,28204
53,28213
53,28332
53,28369
53,28395
53,28409
53,28454
53,28459
53,28539
53,28686
53,28708
53,28848
53,28878
53,28879
53,28885
53,28891
53,29011
53,29015
53,29052
53,29063
53,29134
53,29151
53,29184
53,29215
53,29302
53,29347
53,29357
53,29419
53,29459
53,29504
53,29538
54,43
54,69
54,76
54,94
54,103
54,110
54,115
54,138
54,310
54,322
54,350
54,533
54,567
54,603
54,616
54,725
54,735
54,782
54,798
54,845
54,861
54,906
54,937
54,1026
54,1051
54,1120
54,1151
54,1157
54,1241
54,1243
54,1245
54,1251
54,1254
54,1270
54,1306
54,1335
54,1345
54,1410
54,1503
54,1571
54,1592
54,1629
54,1645
54,1723
54,1755
54,1765
54,1784
54,1787
54,1815
54,1846
54,1900
54,2014
54,2037
54,2041
54,2061
54,2072
54,2160
54,2190
54,2208
54,2221
54,2301
54,2306
54,2375
54,2411
54,2455
54,2464
54,2481
54,2571
54,2580
54,2585
54,2619
54,2624
54,2670
54,2676
54,2706
54,2800
54,2803
54,2838
54,2850
54,2919
54,3003
54,3045
54,3141
54,3148
54,3150
54,3177
54,3183
54,3189
54,3236
54,3267
54,3305
54,3416
54,3512
54,3619
54,3669
54,3694
54,3728
54,3767
54,3771
54,3964
54,4025
54,4106
54,4112
54,4227
54,4280
54,4334
54,4379
54,4582
54,4597
54,4622
54,4652
54,4682
54,4742
54,4750
54,4808
54,4819
54,4843
54,4899
54,4930
54,4931
54,4996
54,5042
54,5080
54,5203
54,5242
54,5285
54,5328
54,5332
54,5367
54,5450
54,5479
54,5514
54,5532
54,5567
54,5694
54,5719
54,5733
54,5757
54,5774
54,5792
54,5822
54,5832
54,5857
54,5868
54,5873
54,5892
54,5935
54,5943
54,5951
54,6078
54,6086
54,6097
54,6170
54,6239
54,6246
54,6277
54,6289
54,6329
54,6341
54,6390
54,6391
54,6427
54,6451
54,6484
54,6509
54,6512
54,6540
54,6637
54,6649
54,6661
54,6672
54,6810
54,6835
54,6905
54,6998
54,7006
54,7025
54,7071
54,7112
54,7125
54,7197
54,7220
54,7317
54,7321
54,7395
54,7415
54,7472
54,7492
54,7518
54,7564
54,7568
54,7607
54,7609
54,7615
54,7650
54,7740
54,7779
54,7799
54,7879
54,7932
54,7939
54,7953
54,7958
54,8016
54,8044
54,8062
54,8074
54,8115
54,8127
54,8129
54,8157
54,8181
54,8182
54,8188
54,8193
54,8441
54,8489
54,8523
54,8543
54,8568
54,8639
54,8798
54,8861
54,8933
54,8979
54,9054
54,9079
54,9086
54,9091
54,9236
54,9262
54,9284
54,9317
54,9376
54,9398
54,9482
54,9495
54,9654
54,9717
54,9750
54,9839
54,9849
54,9880
54,10035
54,10041
54,10082
54,10083
54,10097
54,10101
54,10138
54,10152
54,10231
54,10271
54,10319
54,10324
54,10384
54,10484
54,10524
54,10673
54,10735
54,10742
54,10753
54,10811
54,10818
54,10867
54,10905
54,10910
54,10958
54,11034
54,11044
54,11045
54,11119
54,11146
54,11150
54,11230
54,11240
54,11274
54,11427
54,11482
54,11687
54,11814
54,11836
54,11857
54,11893
54,11949
54,11950
54,12003
54,12008
54,12035
54,12071
54,12100
54,12105
54,12203
54,12205
54,12272
54,12283
54,12432
54,12668
54,12721
54,12729
54,12922
54,12925
54,12995
54,13077
54,13179
54,13303
54,13307
54,13339
54,13395
54,13429
54,13439
54,13442
54,13509
54,13519
54,13594
54,13639
54,13680
54,13840
54,13946
54,13967
54,13968
54,13972
54,13996
54,14027
54,14170
54,14295
54,14312
54,14349
54,14352
54,14377
54,14390
54,14400
54,14560
54,14569
54,14656
54,14685
54,14720
54,14766
54,14800
54,14801
54,14879
54,14901
54,15163
54,15202
54,15209
54,15226
54,15236
54,15279
54,15465
54,15630
54,15672
54,15769
54,15796
54,15829
54,15835
54,15906
54,15963
54,15966
54,15982
54,16034
54,16042
54,16137
54,16153
54,16366
54,16444
54,16452
54,16522
54,16536
54,16551
54,16598
54,16603
54,16700
54,16825
54,16871
54,16896
54,16919
54,16947
54,16968
54,16992
54,16995
54,17031
54,17042
54,17097
54,17141
54,17223
54,17307
54,17316
54,17472
54,17478
54,17499
54,17557
54,17719
54,17827
54,17841
54,17860
54,18074
54,18081
54,18161
54,18219
54,18250
54,18276
54,18320
54,18330
54,18434
54,18452
54,18484
54,18499
54,18536
54,18569
54,18627
54,18664
54,18678
54,18695
54,18707
54,18831
54,18860
54,18923
54,18968
54,19057
54,19156
54,19206
54,19239
54,19264
54,19289
54,19379
54,19492
54,19523
54,19586
54,19593
54,19598
54,19602
54,19628
54,19640
54,19658
54,19674
54,19706
54,19727
54,19755
54,19758
54,19772
54,19885
54,19916
54,19938
54,19954
54,19961
54,20051
54,20097
54,20134
54,20156
54,20188
54,20193
54,20203
54,20208
54,20240
54,20254
54,20269
54,20344
54,20369
54,20381
54,20399
54,20415
54,20436
54,20445
54,20490
54,20518
54,20551
54,20578
54,20675
54,20695
54,20717
54,20727
54,20810
54,20858
54,20892
54,20900
54,20992
54,21094
54,21096
54,21103
54,21135
54,21195
54,21203
54,21217
54,21382
54,21417
54,21470
54,21485
54,21515
54,21562
54,21616
54,21675
54,21687
54,21699
54,21711
54,21740
54,21775
54,21813
54,21880
54,21928
54,22081
54,22114
54,22134
54,22185
54,22210
54,22233
54,22272
54,22279
54,22352
54,22538
54,22549
54,22562
54,22568
54,22593
54,22653
54,22786
54,22898
54,22917
54,22964
54,22975
54,23068
54,23079
54,23081
54,23109
54,23149
54,23150
54,23155
54,23196
54,23250
54,23259
54,23265
54,23356
54,23396
54,23405
54,23464
54,23498
54,23517
54,23528
54,23535
54,23610
54,23630
54,23655
54,23669
54,23694
54,23715
54,23746
54,23798
54,23863
54,23874
54,23923
54,23975
54,24088
54,24114
54,24119
54,24125
54,24127
54,24260
54,24264
54,24285
54,24311
54,24382
54,24385
54,24416
54,24520
54,24536
54,24549
54,24587
54,24635
54,24685
54,24699
54,24870
54,24878
54,24946
54,24961
54,25035
54,25054
54,25140
54,25154
54,25176
54,25246
54,25260
54,25282
54,25294
54,25304
54,25357
54,25379
54,25380
54,25401
54,25437
54,25530
54,25569
54,25625
54,25656
54,25682
54,25692
54,25721
54,25730
54,25782
54,25815
54,25882
54,26012
54,26034
54,26045
54,26083
54,26133
54,26137
54,26260
54,26301
54,26314
54,26365
54,26416
54,26514
54,26516
54,26560
54,26585
54,26627
54,26654
54,26682
54,26691
54,26692
54,26725
54,26741
54,26842
54,26919
54,26979
54,26985
54,27025
54,27058
54,27103
54,27143
54,27145
54,27219
54,27230
54,27242
54,27351
54,27371
54,27397
54,27402
54,27418
54,27499
54,27660
54,27689
54,27696
54,27725
54,27790
54,27849
54,27872
54,27906
54,27936
54,28049
54,28177
54,28179
54,28204
54,28267
54,28286
54,28395
54,28397
54,28416
54,28425
54,28438
54,28489
54,28532
54,28558
54,28577
54,28579
54,28702
54,28797
54,28804
54,28812
54,28878
54,28924
54,28940
54,29044
54,29130
54,29174
54,29180
54,29287
54,29298
54,29347
54,29366
54,29385
54,29389
54,29420
54,29452
54,29453
54,29505
54,29519
54,29552
54,29554
54,29555
55,0
55,75
55,147
55,201
55,284
55,288
55,299
55,327
55,355
55,445
55,491
55,656
55,711
55,750
55,783
55,796
55,833
55,851
55,887
55,990
55,1181
55,1217
55,1224
55,1226
55,1243
55,1490
55,1495
55,1535
55,1537
55,1628
55,1665
55,1691
55,1753
55,1863
55,1877
55,1903
55,1914
55,2051
55,2186
55,2239
55,2410
55,2488
55,2575
55,2580
55,2622
55,2656
55,2660
55,2709
55,2718
55,2740
55,2750
55,2752
55,2795
55,2810
55,2838
55,2849
55,2858
55,2875
55,2896
55,3020
55,3048
55,3056
55,3073
55,3230
55,3292
55,3357
55,3385
55,3399
55,3601
55,3750
55,3763
55,3878
55,3914
55,3966
55,4036
55,4067
55,4086
55,4098
55,4105
55,4119
55,4239
55,4252
55,4258
55,4331
55,4340
55,4382
55,4428
55,4430
55,4585
55,4586
55,4591
55,4602
55,4623
55,4680
55,4726
55,4727
55,4755
55,4772
55,4916
55,4972
55,4999
55,5057
55,5065
55,5100
55,5157
55,5169
55,5406
55,5415
55,5444
55,5460
55,5467
55,5481
55,5494
55,5509
55,5559
55,5626
55,5652
55,5663
55,5708
55,5794
55,5799
55,5839
55,5931
55,5946
55,6084
55,6180
55,6198
55,6283
55,6310
55,6323
55,6386
55,6475
55,6492
55,6510
55,6549
55,6560
55,6576
55,6610
55,6650
55,6677
55,6808
55,6833
55,6834
55,6909
55,6922
55,6936
55,7028
55,7064
55,7071
55,7117
55,7124
55,7173
55,7209
55,7289
55,7387
55,7391
55,7448
55,7556
55,7639
55,7643
55,7645
55,7672
55,7689
55,7885
55,7905
55,7947
55,7973
55,7998
55,8026
55,8134
55,8146
55,8201
55,8296
55,8367
55,8401
55,8430
55,8432
55,8536
55,8628
55,8764
55,8793
55,8816
55,8860
55,8876
55,8885
55,8921
55,8925
55,8967
55,9008
55,9012
55,9070
55,9089
55,9169
55,9351
55,9363
55,9417
55,9486
55,9554
55,9579
55,9597
55,9614
55,9643
55,9669
55,9671
55,9739
55,9780
55,10038
55,10071
55,10072
55,10074
55,10081
55,10127
55,10165
55,10172
55,10216
55,10257
55,10262
55,10456
55,10708
55,10709
55,10750
55,10797
55,10811
55,10836
55,10853
55,10866
55,10982
55,11039
55,11097
55,11120
55,11204
55,11219
55,11312
55,11481
55,11496
55,11678
55,11712
55,11718
55,11719
55,11746
55,11788
55,11816
55,11879
55,11911
55,11916
55,11933
55,11950
55,11985
55,11995
55,12032
55,12036
55,12069
55,12090
55,12179
55,12188
55,12198
55,12217
55,12223
55,12240
55,12396
55,12412
55,12437
55,12441
55,12489
55,12515
55,12544
55,12619
55,12623
55,12721
55,12734
55,12852
55,12926
55,12936
55,12941
55,12995
55,13095
55,13204
55,13292
55,13308
55,13348
55,13355
55,13390
55,13413
55,13435
55,13470
55,13474
55,13475
55,13620
55,13656
55,13818
55,13844
55,13946
55,13996
55,14038
55,14065
55,14088
55,14145
55,14149
55,14283
55,14297
55,14303
55,14385
55,14441
55,14553
55,14652
55,14708
55,14728
55,14821
55,14823
55,14854
55,14874
55,14911
55,14912
55,14947
55,14971
55,14977
55,15101
55,15145
55,15250
55,15253
55,15300
55,15320
55,15333
55,15373
55,15443
55,15476
55,15493
55,15516
55,15535
55,15582
55,15586
55,15627
55,15672
55,15702
55,15850
55,15882
55,15916
55,15944
55,16008
55,16012
55,16028
55,16039
55,16068
55,16085
55,16135
55,16154
55,16253
55,16431
55,16433
55,16442
55,16445
55,16463
55,16524
55,16540
55,16564
55,16595
55,16654
55,16744
55,16809
55,16819
55,16881
55,16901
55,16911
55,16940
55,16963
55,17051
55,17063
55,17146
55,17214
55,17310
55,17344
55,17490
55,17496
55,17562
55,17583
55,17590
55,17595
55,17610
55,17653
55,17884
55,17912
55,17935
55,18079
55,18104
55,18185
55,18197
55,18205
55,18207
55,18223
55,18231
55,18267
55,18378
55,18461
55,18491
55,18660
55,18661
55,18690
55,18769
55,18836
55,19057
55,19118
55,19205
55,19407
55,19432
55,19482
55,19499
55,19525
55,19536
55,19553
55,19614
55,19651
55,19692
55,19738
55,19747
55,19766
55,19804
55,19825
55,19864
55,19916
55,19927
55,20004
55,20094
55,20110
55,20121
55,20163
55,20224
55,20240
55,20247
55,20488
55,20525
55,20533
55,20567
55,20612
55,20658
55,20694
55,20849
55,20880
55,20945
55,20948
55,20955
55,21051
55,21162
55,21355
55,21385
55,21429
55,21498
55,21545
55,21555
55,21583
55,21610
55,21625
55,21661
55,21686
55,21693
55,21798
55,21840
55,21845
55,21846
55,21888
55,21941
55,21966
55,21968
55,21981
55,22094
55,22207
55,22215
55,22233
55,22289
55,22382
55,22480
55,22558
55,22628
55,22734
55,22735
55,22740
55,22822
55,22941
55,22980
55,23061
55,23097
55,23163
55,23340
55,23383
55,23502
55,23551
55,23568
55,23628
55,23647
55,23775
55,23808
55,23840
55,23914
55,23915
55,23953
55,23962
55,23967
55,23980
55,23988
55,24023
55,24127
55,24161
55,24203
55,24218
55,24373
55,24380
55,24420
55,24454
55,24513
55,24542
55,24564
55,24644
55,24691
55,24740
55,24747
55,24748
55,24783
55,24818
55,24858
55,24909
55,24941
55,24988
55,25016
55,25041
55,25143
55,25189
55,25190
55,25246
55,25266
55,25350
55,25386
55,25394
55,25396
55,25541
55,25570
55,25660
55,25697
55,25750
55,25789
55,25837
55,25948
55,26118
55,26187
55,26189
55,26234
55,26298
55,26305
55,26307
55,26310
55,26381
55,26389
55,26408
55,26450
55,26465
55,26497
55,26546
55,26678
55,26719
55,26724
55,26772
55,26829
55,26839
55,26841
55,26907
55,26941
55,26944
55,26959
55,27043
55,27199
55,27218
55,27263
55,27265
55,27275
55,27324
55,27343
55,27461
55,27486
55,27492
55,27539
55,27661
55,27713
55,27746
55,27820
55,27848
55,27978
55,27983
55,27996
55,28041
55,28047
55,28093
55,28104
55,28128
55,28145
55,28147
55,28179
55,28225
55,28229
55,28310
55,28323
55,28340
55,28387
55,28407
55,28452
55,28458
55,28465
55,28475
55,28598
55,28607
55,28682
55,28686
55,28797
55,28865
55,28883
55,28920
55,29018
55,29113
55,29136
55,29140
55,29247
55,29253
55,29349
55,29367
55,29389
55,29447
55,29492
55,29494
56,30
56,37
56,198
56,257
56,329
56,371
56,417
56,627
56,664
56,778
56,869
56,882
56,896
56,922
56,928
56,956
56,960
56,966
56,1023
56,1027
56,1043
56,1067
56,1070
56,1101
56,1145
56,1172
56,1195
56,1266
56,1392
56,1415
56,1442
56,1453
56,1558
56,1670
56,1714
56,1767
56,1804
56,1815
56,1824
56,1838
56,1842
56,1900
56,1941
56,1977
56,1984
56,1993
56,2008
56,2038
56,2237
56,2263
56,2279
56,2315
56,2328
56,2347
56,2352
56,2354
56,2413
56,2426
56,2445
56,2448
56,2503
56,2508
56,2542
56,2601
56,2689
56,2715
56,2718
56,2721
56,2735
56,2819
56,2822
56,2832
56,2944
56,2993
56,3121
56,3163
56,3169
56,3210
56,3265
56,3370
56,3464
56,3479
56,3531
56,3563
56,3602
56,3681
56,3733
56,3754
56,3755
56,3782
56,3824
56,3889
56,3919
56,3966
56,3984
56,3988
56,4062
56,4145
56,4163
56,4215
56,4245
56,4304
56,4336
56,4401
56,4473
56,4488
56,4564
56,4660
56,4672
56,4684
56,4692
56,4737
56,4745
56,4836
56,4862
56,4891
56,4962
56,4992
56,5036
56,5101
56,5116
56,5146
56,5156
56,5157
56,5177
56,5317
56,5340
56,5412
56,5448
56,5483
56,5493
56,5552
56,5596
56,5731
56,5808
56,5849
56,5915
56,5918
56,5950
56,5954
56,5967
56,5992
56,6008
56,6022
56,6147
56,6149
56,6179
56,6215
56,6248
56,6291
56,6310
56,6314
56,6340
56,6375
56,6382
56,6384
56,6394
56,6410
56,6474
56,6725
56,6741
56,6793
56,6829
56,6903
56,6944
56,7004
56,7028
56,7069
56,7123
56,7133
56,7150
56,7201
56,7438
56,7466
56,7515
56,7525
56,7529
56,7534
56,7542
56,7551
56,7553
56,7569
56,7642
56,7726
56,7748
56,7963
56,7981
56,8041
56,8109
56,8122
56,8137
56,8211
56,8221
56,8272
56,8423
56,8444
56,8445
56,8479
56,8662
56,8671
56,8715
56,8736
56,8771
56,8803
56,8839
56,8875
56,8881
56,8900
56,8914
56,9070
56,9094
56,9125
56,9177
56,9294
56,9347
56,9415
56,9419
56,9473
56,9481
56,9521
56,9585
56,9607
56,9623
56,9647
56,9651
56,9657
56,9670
56,9698
56,9750
56,9857
56,9858
56,10207
56,10217
56,10236
56,10289
56,10301
56,10322
56,10337
56,10391
56,10410
56,10473
56,10540
56,10553
56,10581
56,10608
56,10731
56,10781
56,10795
56,10806
56,10816
56,10840
56,10858
56,10869
56,10904
56,10908
56,10954
56,10976
56,11065
56,11070
56,11279
56,11318
56,11319
56,11327
56,11354
56,11440
56,11503
56,11521
56,11543
56,11544
56,11564
56,11601
56,11635
56,11664
56,11674
56,11683
56,11754
56,11763
56,11775
56,11902
56,11935
56,12002
56,12011
56,12035
56,12044
56,12082
56,12106
56,12120
56,12135
56,12140
56,12150
56,12164
56,12185
56,12221
56,12266
56,12298
56,12301
56,12304
56,12323
56,12330
56,12385
56,12418
56,12502
56,12520
56,12530
56,12592
56,12597
56,12617
56,12623
56,12669
56,12695
56,12711
56,12764
56,12798
56,12898
56,12940
56,13067
56,13087
56,13096
56,13099
56,13159
56,13160
56,13205
56,13253
56,13279
56,13330
56,13349
56,13350
56,13363
56,13419
56,13430
56,13518
56,13579
56,13614
56,13624
56,13629
56,13730
56,13753
56,13779
56,13784
56,13813
56,13837
56,13893
56,13908
56,13912
56,13915
56,13926
56,13945
56,13973
56,13976
56,14000
56,14069
56,14072
56,14079
56,14081
56,14200
56,14300
56,14320
56,14347
56,14380
56,14382
56,14402
56,14425
56,14429
56,14522
56,14592
56,14636
56,14676
56,14679
56,14704
56,14762
56,14769
56,14773
56,14852
56,14868
56,14911
56,14915
56,14953
56,15006
56,15016
56,15058
56,15089
56,15097
56,15107
56,15115
56,15197
56,15198
56,15290
56,15308
56,15339
56,15367
56,15415
56,15424
56,15426
56,15508
56,15546
56,15632
56,15653
56,15666
56,15703
56,15797
56,15817
56,15895
56,15937
56,15946
56,16075
56,16127
56,16146
56,16147
56,16152
56,16194
56,16206
56,16261
56,16276
56,16451
56,16456
56,16471
56,16476
56,16479
56,16533
56,16601
56,16608
56,16691
56,16717
56,16721
56,16755
56,16800
56,16826
56,16853
56,16859
56,16909
56,16914
56,16917
56,16974
56,17007
56,17011
56,17025
56,17061
56,17070
56,17073
56,17087
56,17176
56,17196
56,17268
56,17420
56,17424
56,17426
56,17430
56,17459
56,17553
56,17584
56,17590
56,17595
56,17660
56,17705
56,17736
56,17743
56,17745
56,17754
56,17768
56,17847
56,17882
56,17893
56,17916
56,17928
56,17956
56,17961
56,17964
56,17970
56,17984
56,18012
56,18049
56,18086
56,18124
56,18140
56,18145
56,18257
56,18269
56,18315
56,18338
56,18342
56,18424
56,18444
56,18513
56,18545
56,18565
56,18577
56,18599
56,18620
56,18621
56,18655
56,18729
56,18742
56,18784
56,18793
56,18900
56,18940
56,19014
56,19042
56,19055
56,19157
56,19239
56,19263
56,19314
56,19332
56,19343
56,19366
56,19381
56,19399
56,19481
56,19498
56,19508
56,19510
56,19523
56,19547
56,19555
56,19605
56,19631
56,19727
56,19751
56,19778
56,19823
56,19838
56,19967
56,19975
56,19989
56,20025
56,20029
56,20079
56,20147
56,20218
56,20308
56,20317
56,20376
56,20419
56,20421
56,20438
56,20464
56,20507
56,20542
56,20567
56,20601
56,20650
56,20664
56,20796
56,20824
56,20867
56,20876
56,20884
56,20893
56,20913
56,20936
56,20959
56,20994
56,21063
56,21078
56,21152
56,21223
56,21315
56,21322
56,21390
56,21456
56,21515
56,21546
56,21570
56,21599
56,21619
56,21623
56,21660
56,21663
56,21737
56,21741
56,21749
56,21849
56,21919
56,21936
56,21954
56,21994
56,22001
56,22007
56,22061
56,22062
56,22083
56,22120
56,22196
56,22244
56,22259
56,22263
56,22316
56,22341
56,22342
56,22343
56,22388
56,22464
56,22490
56,22677
56,22679
56,22789
56,22833
56,22876
56,22908
56,22929
56,22960
56,22961
56,22985
56,23103
56,23140
56,23238
56,23261
56,23269
56,23413
56,23432
56,23488
56,23541
56,23559
56,23608
56,23712
56,23760
56,23769
56,23824
56,23836
56,23840
56,23902
56,23993
56,24012
56,24041
56,24056
56,24115
56,24116
56,24128
56,24234
56,24284
56,24319
56,24341
56,24399
56,24421
56,24422
56,24439
56,24484
56,24497
56,24566
56,24622
56,24645
56,24646
56,24684
56,24717
56,24769
56,24770
56,24789
56,24829
56,24921
56,24969
56,25114
56,25120
56,25139
56,25147
56,25164
56,25216
56,25244
56,25278
56,25328
56,25439
56,25455
56,25531
56,25556
56,25570
56,25705
56,25725
56,25754
56,25767
56,25908
56,25928
56,25935
56,25945
56,26003
56,26023
56,26036
56,26181
56,26207
56,26227
56,26248
56,26276
56,26319
56,26347
56,26407
56,26410
56,26413
56,26416
56,26531
56,26534
56,26538
56,26541
56,26559
56,26606
56,26614
56,26617
56,26624
56,26627
56,26630
56,26675
56,26777
56,26791
56,26849
56,26869
56,26944
56,26988
56,27106
56,27130
56,27134
56,27139
56,27236
56,27290
56,27372
56,27375
56,27402
56,27411
56,27429
56,27557
56,27566
56,27668
56,27761
56,27795
56,27885
56,27938
56,27990
56,28064
56,28068
56,28094
56,28231
56,28264
56,28279
56,28306
56,28385
56,28390
56,28441
56,28566
56,28588
56,28623
56,28708
56,28751
56,28777
56,28803
56,28870
56,28880
56,28902
56,28960
56,29039
56,29064
56,29125
56,29152
56,29194
56,29215
56,29229
56,29255
56,29286
56,29322
56,29331
56,29364
56,29402
56,29417
56,29443
56,29444
56,29454
56,29456
56,29466
56,29524
57,112
57,156
57,213
57,231
57,269
57,289
57,368
57,379
57,431
57,436
57,443
57,609
57,610
57,627
57,726
57,732
57,782
57,814
57,917
57,921
57,963
57,978
57,985
57,1008
57,1094
57,1107
57,1132
57,1151
57,1166
57,1207
57,1221
57,1222
57,1357
57,1387
57,1394
57,1415
57,1475
57,1501
57,1506
57,1539
57,1543
57,1611
57,1637
57,1655
57,1685
57,1716
57,1785
57,1791
57,1814
57,1825
57,1843
57,1867
57,1879
57,1902
57,1926
57,1969
57,2010
57,2054
57,2060
57,2078
57,2090
57,2118
57,2121
57,2181
57,2226
57,2251
57,2296
57,2310
57,2311
57,2312
57,2343
57,2349
57,2359
57,2363
57,2384
57,2426
57,2474
57,2483
57,2511
57,2534
57,2564
57,2568
57,2622
57,2634
57,2646
57,2722
57,2726
57,2778
57,2802
57,2871
57,2875
57,2902
57,2927
57,2942
57,2965
57,2986
57,3019
57,3030
57,3038
57,3108
57,3150
57,3214
57,3277
57,3332
57,3365
57,3442
57,3471
57,3564
57,3572
57,3646
57,3676
57,3730
57,3753
57,3782
57,3801
57,3811
57,3817
57,3849
57,3879
57,3887
57,3932
57,3939
57,4068
57,4099
57,4113
57,4166
57,4252
57,4258
57,4277
57,4286
57,4308
57,4314
57,4340
57,4348
57,4357
57,4413
57,4416
57,4522
57,4528
57,4545
57,4554
57,4555
57,4602
57,4634
57,4636
57,4663
57,4680
57,4735
57,4788
57,4806
57,4809
57,4823
57,4832
57,4900
57,4917
57,4928
57,4948
57,4958
57,4970
57,4986
57,5021
57,5055
57,5058
57,5068
57,5083
57,5111
57,5127
57,5188
57,5197
57,5205
57,5207
57,5266
57,5276
57,5285
57,5292
57,5312
57,5323
57,5353
57,5441
57,5473
57,5596
57,5623
57,5678
57,5688
57,5735
57,5780
57,5798
57,5864
57,5932
57,5972
57,5976
57,5988
57,5993
57,6041
57,6046
57,6102
57,6104
57,6250
57,6263
57,6388
57,6455
57,6458
57,6470
57,6499
57,6551
57,6575
57,6583
57,6608
57,6630
57,6740
57,6844
57,6890
57,6891
57,6916
57,6937
57,6976
57,7055
57,7062
57,7125
57,7129
57,7192
57,7194
57,7234
57,7241
57,7322
57,7349
57,7499
57,7503
57,7576
57,7588
57,7594
57,7622
57,7689
57,7691
57,7735
57,7777
57,7811
57,7833
57,7891
57,8124
57,8125
57,8136
57,8139
57,8173
57,8183
57,8259
57,8272
57,8282
57,8340
57,8360
57,8406
57,8478
57,8482
57,8500
57,8506
57,8529
57,8531
57,8538
57,8561
57,8585
57,8637
57,8696
57,8755
57,8774
57,8776
57,8858
57,8859
57,8930
57,8931
57,8955
57,8988
57,9034
57,9096
57,9098
57,9104
57,9153
57,9156
57,9174
57,9178
57,9201
57,9230
57,9233
57,9234
57,9247
57,9324
57,9385
57,9416
57,9429
57,9446
57,9487
57,9513
57,9566
57,9600
57,9602
57,9620
57,9651
57,9683
57,9736
57,9737
57,9798
57,9834
57,9869
57,9892
57,9903
57,10000
57,10014
57,10020
57,10034
57,10047
57,10086
57,10132
57,10134
57,10175
57,10184
57,10269
57,10270
57,10386
57,10389
57,10447
57,10487
57,10512
57,10522
57,10523
57,10564
57,10579
57,10626
57,10628
57,10647
57,10704
57,10742
57,10751
57,10770
57,10779
57,10780
57,10802
57,10805
57,10885
57,10909
57,10910
57,10912
57,10917
57,10932
57,10981
57,10982
57,11019
57,11050
57,11078
57,11095
57,11158
57,11211
57,11223
57,11331
57,11363
57,11368
57,11438
57,11444
57,11485
57,11491
57,11569
57,11597
57,11600
57,11604
57,11629
57,11637
57,11654
57,11762
57,11776
57,11819
57,11899
57,11992
57,12010
57,12089
57,12124
57,12202
57,12209
57,12289
57,12316
57,12343
57,12345
57,12420
57,12429
57,12461
57,12514
57,12578
57,12584
57,12670
57,12758
57,12800
57,12835
57,12875
57,12953
57,13032
57,13062
57,13124
57,13216
57,13220
57,13250
57,13253
57,13267
57,13305
57,13329
57,13349
57,13400
57,13421
57,13459
57,13498
57,13577
57,13596
57,13636
57,13684
57,13699
57,13733
57,13805
57,13958
57,13982
57,13989
57,14022
57,14150
57,14220
57,14226
57,14278
57,14350
57,14374
57,14410
57,14473
57,14596
57,14625
57,14722
57,14784
57,14785
57,14800
57,14824
57,14879
57,14899
57,14969
57,15006
57,15011
57,15070
57,15088
57,15163
57,15170
57,15193
57,15202
57,15214
57,15268
57,15269
57,15324
57,15409
57,15410
57,15421
57,15436
57,15491
57,15527
57,15529
57,15594
57,15602
57,15636
57,15658
57,15690
57,15694
57,15762
57,15788
57,15812
57,15848
57,15988
57,16028
57,16057
57,16105
57,16123
57,16164
57,16205
57,16248
57,16252
57,16327
57,16334
57,16406
57,16489
57,16495
57,16503
57,16508
57,16512
57,16606
57,16626
57,16632
57,16706
57,16742
57,16783
57,16787
57,16826
57,16859
57,16869
57,16895
57,16896
57,16912
57,17010
57,17013
57,17054
57,17061
57,17068
57,17161
57,17224
57,17300
57,17306
57,17307
57,17382
57,17416
57,17430
57,17446
57,17485
57,17508
57,17513
57,17533
57,17547
57,17587
57,17634
57,17637
57,17669
57,17685
57,17691
57,17722
57,17744
57,17779
57,17799
57,17803
57,17847
57,17850
57,17875
57,17905
57,17967
57,17972
57,17977
57,18014
57,18015
57,18077
57,18082
57,18099
57,18126
57,18138
57,18149
57,18210
57,18287
57,18318
57,18367
57,18404
57,18405
57,18430
57,18450
57,18465
57,18471
57,18489
57,18494
57,18705
57,18717
57,18743
57,18852
57,18887
57,18896
57,18966
57,19003
57,19009
57,19034
57,19042
57,19075
57,19108
57,19117
57,19126
57,19185
57,19251
57,19260
57,19284
57,19390
57,19442
57,19513
57,19523
57,19554
57,19591
57,19694
57,19703
57,19725
57,19774
57,19836
57,19875
57,19934
57,19954
57,19977
57,19995
57,20051
57,20062
57,20089
57,20117
57,20121
57,20133
57,20137
57,20146
57,20165
57,20180
57,20191
57,20234
57,20285
57,20380
57,20385
57,20430
57,20471
57,20535
57,20580
57,20585
57,20588
57,20605
57,20652
57,20718
57,20865
57,20868
57,20912
57,20921
57,20946
57,20995
57,21033
57,21075
57,21154
57,21167
57,21212
57,21233
57,21258
57,21298
57,21309
57,21330
57,21374
57,21465
57,21467
57,21485
57,21502
57,21509
57,21610
57,21620
57,21625
57,21640
57,21684
57,21703
57,21711
57,21741
57,21750
57,21784
57,21873
57,21918
57,21934
57,21958
57,22056
57,22067
57,22084
57,22107
57,22112
57,22131
57,22181
57,22225
57,22226
57,22235
57,22269
57,22273
57,22321
57,22350
57,22362
57,22388
57,22439
57,22467
57,22470
57,22516
57,22531
57,22595
57,22658
57,22684
57,22752
57,22788
57,22811
57,22853
57,22905
57,22993
57,23010
57,23061
57,23116
57,23201
57,23330
57,23351
57,23362
57,23368
57,23383
57,23384
57,23386
57,23479
57,23493
57,23525
57,23543
57,23571
57,23577
57,23644
57,23710
57,23731
57,23775
57,23782
57,23812
57,23829
57,23861
57,23900
57,24012
57,24068
57,24126
57,24130
57,24156
57,24173
57,24240
57,24245
57,24251
57,24285
57,24294
57,24310
57,24360
57,24367
57,24414
57,24431
57,24432
57,24511
57,24523
57,24546
57,24567
57,24590
57,24597
57,24599
57,24620
57,24706
57,24763
57,24824
57,24842
57,24865
57,24896
57,24936
57,24948
57,24972
57,25069
57,25178
57,25186
57,25190
57,25194
57,25211
57,25226
57,25243
57,25291
57,25312
57,25323
57,25334
57,25372
57,25420
57,25446
57,25462
57,25495
57,25550
57,25569
57,25572
57,25612
57,25626
57,25661
57,25709
57,25711
57,25772
57,25788
57,25790
57,25811
57,25935
57,25943
57,25946
57,25978
57,25995
57,25997
57,26037
57,26116
57,26226
57,26274
57,26299
57,26336
57,26441
57,26442
57,26475
57,26483
57,26498
57,26509
57,26517
57,26518
57,26590
57,26598
57,26709
57,26730
57,26756
57,26822
57,26828
57,26902
57,26908
57,26932
57,26975
57,27024
57,27026
57,27042
57,27063
57,27082
57,27096
57,27291
57,27312
57,27410
57,27420
57,27458
57,27472
57,27492
57,27498
57,27518
57,27520
57,27521
57,27529
57,27643
57,27716
57,27741
57,27752
57,27792
57,27793
57,27796
57,27868
57,27870
57,27917
57,27937
57,27972
57,27995
57,28109
57,28112
57,28116
57,28178
57,28180
57,28215
57,28230
57,28323
57,28331
57,28394
57,28409
57,28462
57,28470
57,28548
57,28559
57,28564
57,28566
57,28695
57,28716
57,28790
57,28808
57,28927
57,29010
57,29038
57,29050
57,29207
57,29244
57,29258
57,29264
57,29296
57,29336
57,29364
57,29406
57,29418
57,29426
57,29462
57,29468
57,29481
57,29506
57,29535
58,142
58,161
58,195
58,251
58,257
58,270
58,305
58,351
58,386
58,433
58,474
58,489
58,532
58,565
58,585
58,640
58,659
58,676
58,684
58,696
58,767
58,768
58,775
58,778
58,816
58,818
58,846
58,851
58,856
58,874
58,893
58,906
58,914
58,945
58,957
58,988
58,1005
58,1012
58,1064
58,1067
58,1109
58,1180
58,1203
58,1260
58,1273
58,1286
58,1325
58,1376
58,1390
58,1401
58,1417
58,1420
58,1435
58,1507
58,1510
58,1536
58,1576
58,1716
58,1722
58,1750
58,1763
58,1783
58,1790
58,1798
58,1799
58,1806
58,1809
58,1810
58,1822
58,1831
58,1834
58,1854
58,1862
58,1880
58,1921
58,1955
58,2001
58,2011
58,2014
58,2153
58,2159
58,2185
58,2231
58,2279
58,2315
58,2318
58,2323
58,2331
58,2334
58,2353
58,2412
58,2438
58,2491
58,2493
58,2502
58,2503
58,2524
58,2551
58,2557
58,2624
58,2629
58,2636
58,2669
58,2745
58,2765
58,2826
58,2830
58,2862
58,2900
58,2925
58,2937
58,2977
58,2992
58,3022
58,3060
58,3064
58,3121
58,3171
58,3203
58,3238
58,3266
58,3275
58,3307
58,3328
58,3380
58,3406
58,3407
58,3420
58,3453
58,3492
58,3493
58,3574
58,3601
58,3658
58,3670
58,3696
58,3707
58,3734
58,3758
58,3790
58,3798
58,3855
58,3881
58,3934
58,3964
58,4110
58,4160
58,4235
58,4244
58,4280
58,4286
58,4295
58,4303
58,4317
58,4362
58,4388
58,4473
58,4478
58,4509
58,4510
58,4548
58,4578
58,4629
58,4641
58,4689
58,4710
58,4765
58,4778
58,4786
58,4796
58,4829
58,4844
58,4870
58,4904
58,4908
58,4910
58,4930
58,4955
58,4959
58,4966
58,5003
58,5012
58,5079
58,5082
58,5092
58,5156
58,5167
58,5183
58,5209
58,5237
58,5241
58,5264
58,5292
58,5321
58,5336
58,5367
58,5401
58,5415
58,5427
58,5438
58,5487
58,5489
58,5532
58,5533
58,5581
58,5585
58,5587
58,5598
58,5602
58,5609
58,5659
58,5664
58,5670
58,5736
58,5785
58,5807
58,5874
58,5881
58,5888
58,5925
58,6082
58,6120
58,6185
58,6228
58,6240
58,6268
58,6269
58,6270
58,6290
58,6307
58,6309
58,6319
58,6359
58,6368
58,6422
58,6453
58,6492
58,6505
58,6621
58,6623
58,6740
58,6741
58,6745
58,6764
58,6821
58,6823
58,6847
58,6885
58,6929
58,6948
58,6956
58,6972
58,6993
58,6999
58,7120
58,7121
58,7131
58,7137
58,7139
58,7168
58,7183
58,7188
58,7367
58,7439
58,7473
58,7488
58,7489
58,7561
58,7623
58,7640
58,7675
58,7695
58,7713
58,7785
58,7840
58,7884
58,7914
58,7988
58,7995
58,8008
58,8093
58,8100
58,8162
58,8197
58,8236
58,8237
58,8278
58,8327
58,8329
58,8382
58,8404
58,8407
58,8419
58,8422
58,8425
58,8426
58,8481
58,8497
58,8532
58,8564
58,8569
58,8571
58,8577
58,8589
58,8599
58,8639
58,8656
58,8667
58,8671
58,8749
58,8826
58,8836
58,8852
58,8854
58,8886
58,9029
58,9067
58,9103
58,9207
58,9253
58,9269
58,9279
58,9282
58,9297
58,9301
58,9351
58,9368
58,9410
58,9422
58,9433
58,9461
58,9488
58,9495
58,9508
58,9513
58,9632
58,9680
58,9694
58,9700
58,9708
58,9730
58,9776
58,9803
58,9856
58,9865
58,9956
58,9990
58,10014
58,10038
58,10043
58,10072
58,10101
58,10118
58,10164
58,10198
58,10221
58,10232
58,10294
58,10301
58,10323
58,10356
58,10357
58,10358
58,10417
58,10464
58,10481
58,10516
58,10517
58,10538
58,10576
58,10625
58,10661
58,10801
58,10857
58,10861
58,10891
58,10941
58,10969
58,10972
58,10974
58,11010
58,11041
58,11054
58,11070
58,11101
58,11116
58,11125
58,11132
58,11194
58,11198
58,11244
58,11246
58,11263
58,11289
58,11304
58,11346
58,11397
58,11410
58,11428
58,11451
58,11474
58,11494
58,11496
58,11499
58,11519
58,11527
58,11577
58,11582
58,11589
58,11614
58,11645
58,11648
58,11664
58,11684
58,11712
58,11730
58,11731
58,11734
58,11751
58,11789
58,11791
58,11841
58,11900
58,12010
58,12018
58,12048
58,12053
58,12055
58,12058
58,12088
58,12133
58,12159
58,12186
58,12189
58,12221
58,12263
58,12307
58,12317
58,12461
58,12494
58,12513
58,12514
58,12549
58,12607
58,12743
58,12773
58,12837
58,12857
58,12877
58,12880
58,12925
58,12939
58,13059
58,13100
58,13116
58,13117
58,13124
58,13144
58,13169
58,13183
58,13318
58,13352
58,13390
58,13433
58,13465
58,13470
58,13495
58,13574
58,13708
58,13716
58,13868
58,13874
58,13881
58,13910
58,13934
58,13959
58,13978
58,14015
58,14017
58,14063
58,14112
58,14139
58,14156
58,14163
58,14168
58,14206
58,14239
58,14254
58,14318
58,14323
58,14355
58,14406
58,14450
58,14463
58,14476
58,14478
58,14499
58,14533
58,14544
58,14548
58,14571
58,14581
58,14584
58,14597
58,14630
58,14646
58,14649
58,14664
58,14680
58,14699
58,14759
58,14772
58,14801
58,14816
58,14817
58,14931
58,14964
58,14982
58,15064
58,15095
58,15105
58,15152
58,15168
58,15170
58,15177
58,15203
58,15278
58,15284
58,15299
58,15312
58,15376
58,15391
58,15416
58,15431
58,15433
58,15459
58,15491
58,15503
58,15509
58,15622
58,15625
58,15647
58,15657
58,15752
58,15753
58,15770
58,15773
58,15780
58,15802
58,15895
58,15916
58,15936
58,15951
58,15963
58,15971
58,16025
58,16128
58,16166
58,16183
58,16194
58,16205
58,16220
58,16293
58,16329
58,16356
58,16378
58,16396
58,16398
58,16409
58,16416
58,16447
58,16504
58,16521
58,16535
58,16603
58,16604
58,16609
58,16630
58,16675
58,16677
58,16686
58,16729
58,16733
58,16736
58,16758
58,16799
58,16892
58,16912
58,16915
58,16918
58,16983
58,17009
58,17128
58,17188
58,17209
58,17221
58,17276
58,17280
58,17325
58,17412
58,17463
58,17464
58,17471
58,17549
58,17570
58,17576
58,17578
58,17636
58,17646
58,17657
58,17671
58,17708
58,17740
58,17742
58,17749
58,17759
58,17832
58,17853
58,17927
58,17978
58,17990
58,18004
58,18098
58,18112
58,18185
58,18190
58,18193
58,18221
58,18235
58,18236
58,18254
58,18277
58,18378
58,18385
58,18416
58,18476
58,18481
58,18508
58,18542
58,18580
58,18594
58,18600
58,18671
58,18684
58,18741
58,18742
58,18815
58,18827
58,18833
58,18877
58,18894
58,18896
58,18926
58,18934
58,18942
58,19113
58,19118
58,19131
58,19135
58,19136
58,19158
58,19209
58,19210
58,19258
58,19301
58,19347
58,19372
58,19380
58,19394
58,19399
58,19430
58,19508
58,19544
58,19562
58,19571
58,19597
58,19617
58,19741
58,19746
58,19751
58,19773
58,19850
58,19861
58,19918
58,20008
58,20041
58,20059
58,20085
58,20086
58,20088
58,20139
58,20186
58,20198
58,20199
58,20233
58,20267
58,20272
58,20307
58,20308
58,20325
58,20346
58,20359
58,20364
58,20386
58,20431
58,20483
58,20499
58,20519
58,20524
58,20540
58,20594
58,20612
58,20643
58,20662
58,20693
58,20709
58,20713
58,20743
58,20759
58,20806
58,20817
58,20849
58,20922
58,20932
58,20939
58,20948
58,20957
58,20999
58,21053
58,21095
58,21210
58,21230
58,21251
58,21255
58,21290
58,21298
58,21410
58,21493
58,21501
58,21514
58,21533
58,21538
58,21548
58,21554
58,21622
58,21647
58,21703
58,21707
58,21719
58,21730
58,21736
58,21740
58,21744
58,21839
58,21878
58,21917
58,21949
58,21950
58,21983
58,22035
58,22057
58,22112
58,22122
58,22132
58,22222
58,22245
58,22307
58,22342
58,22347
58,22458
58,22461
58,22498
58,22533
58,22534
58,22608
58,22642
58,22658
58,22718
58,22745
58,22755
58,22768
58,22782
58,22822
58,22836
58,22873
58,22911
58,22953
58,22957
58,22968
58,22978
58,23044
58,23054
58,23143
58,23148
58,23163
58,23166
58,23178
58,23180
58,23197
58,23247
58,23262
58,23317
58,23541
58,23553
58,23559
58,23641
58,23648
58,23682
58,23693
58,23738
58,23746
58,23753
58,23823
58,23857
58,23858
58,23863
58,23868
58,23963
58,23970
58,23987
58,24083
58,24089
58,24093
58,24103
58,24104
58,24112
58,24141
58,24147
58,24155
58,24160
58,24202
58,24228
58,24289
58,24302
58,24307
58,24404
58,24417
58,24426
58,24454
58,24463
58,24471
58,24499
58,24503
58,24544
58,24569
58,24584
58,24594
58,24608
58,24658
58,24680
58,24783
58,24807
58,24814
58,24825
58,24837
58,24847
58,24896
58,24929
58,24930
58,24994
58,25052
58,25100
58,25105
58,25133
58,25153
58,25154
58,25157
58,25162
58,25183
58,25202
58,25215
58,25231
58,25292
58,25314
58,25319
58,25327
58,25329
58,25335
58,25340
58,25397
58,25426
58,25429
58,25473
58,25491
58,25492
58,25501
58,25502
58,25535
58,25536
58,25612
58,25616
58,25728
58,25791
58,25794
58,25832
58,25861
58,25867
58,25899
58,25907
58,25956
58,25964
58,25991
58,26009
58,26011
58,26055
58,26072
58,26086
58,26122
58,26155
58,26160
58,26290
58,26310
58,26321
58,26386
58,26424
58,26433
58,26459
58,26493
58,26499
58,26541
58,26559
58,26596
58,26612
58,26622
58,26643
58,26676
58,26687
58,26765
58,26792
58,26799
58,26812
58,26814
58,26842
58,26908
58,26912
58,27027
58,27052
58,27092
58,27120
58,27176
58,27191
58,27208
58,27298
58,27307
58,27433
58,27442
58,27457
58,27558
58,27569
58,27608
58,27622
58,27668
58,27709
58,27737
58,27746
58,27751
58,27753
58,27763
58,27778
58,27817
58,27837
58,27879
58,27926
58,27934
58,28005
58,28009
58,28039
58,28050
58,28069
58,28072
58,28086
58,28087
58,28111
58,28164
58,28221
58,28246
58,28270
58,28304
58,28316
58,28384
58,28390
58,28442
58,28473
58,28519
58,28542
58,28544
58,28561
58,28566
58,28573
58,28625
58,28640
58,28648
58,28689
58,28722
58,28770
58,28792
58,28810
58,28836
58,28905
58,28913
58,28975
58,29003
58,29032
58,29048
58,29065
58,29088
58,29108
58,29118
58,29124
58,29189
58,29234
58,29242
58,29294
58,29295
58,29303
58,29306
58,29351
58,29352
58,29380
58,29382
58,29414
58,29421
58,29442
58,29444
58,29449
58,29485
58,29561
59,140
59,142
59,148
59,194
59,197
59,252
59,284
59,314
59,328
59,339
59,458
59,515
59,549
59,560
59,582
59,593
59,604
59,611
59,642
59,651
59,702
59,744
59,796
59,808
59,821
59,868
59,948
59,969
59,1016
59,1109
59,1236
59,1253
59,1272
59,1281
59,1349
59,1504
59,1562
59,1582
59,1665
59,1718
59,1751
59,1766
59,1860
59,1935
59,2063
59,2092
59,2187
59,2220
59,2231
59,2310
59,2347
59,2367
59,2387
59,2423
59,2528
59,2618
59,2623
59,2635
59,2638
59,2664
59,2698
59,2733
59,2735
59,2766
59,2769
59,2832
59,2834
59,2841
59,2856
59,2987
59,2994
59,3022
59,3066
59,3124
59,3237
59,3276
59,3405
59,3458
59,3460
59,3531
59,3558
59,3609
59,3620
59,3652
59,3700
59,3766
59,3858
59,3886
59,3971
59,3972
59,3980
59,4103
59,4143
59,4172
59,4177
59,4209
59,4238
59,4280
59,4471
59,4531
59,4577
59,4642
59,4684
59,4705
59,4738
59,4743
59,4871
59,4941
59,4947
59,4954
59,4966
59,4990
59,5164
59,5172
59,5221
59,5305
59,5314
59,5351
59,5500
59,5506
59,5534
59,5572
59,5576
59,5586
59,5681
59,5683
59,5797
59,5915
59,5975
59,6086
59,6110
59,6223
59,6238
59,6256
59,6289
59,6320
59,6391
59,6399
59,6428
59,6486
59,6533
59,6607
59,6628
59,6700
59,6747
59,6781
59,6802
59,6817
59,6845
59,6851
59,6972
59,7005
59,7090
59,7113
59,7136
59,7148
59,7173
59,7199
59,7217
59,7243
59,7312
59,7395
59,7491
59,7498
59,7511
59,7523
59,7544
59,7551
59,7560
59,7561
59,7607
59,7630
59,7670
59,7763
59,7862
59,7870
59,7912
59,7917
59,7927
59,7989
59,8004
59,8028
59,8101
59,8122
59,8159
59,8240
59,8295
59,8307
59,8399
59,8509
59,8537
59,8550
59,8658
59,8681
59,8684
59,8713
59,8732
59,8737
59,8777
59,8951
59,8984
59,8991
59,9015
59,9099
59,9175
59,9196
59,9203
59,9227
59,9267
59,9284
59,9367
59,9509
59,9522
59,9536
59,9537
59,9546
59,9548
59,9564
59,9584
59,9605
59,9640
59,9675
59,9811
59,9903
59,9907
59,9913
59,9983
59,10048
59,10134
59,10234
59,10365
59,10438
59,10499
59,10505
59,10560
59,10602
59,10634
59,10638
59,10802
59,10821
59,10832
59,10879
59,10917
59,10990
59,11087
59,11195
59,11211
59,11244
59,11289
59,11302
59,11567
59,11570
59,11593
59,11596
59,11640
59,11646
59,11680
59,11687
59,11744
59,11823
59,11897
59,11913
59,11925
59,12006
59,12070
59,12129
59,12135
59,12185
59,12209
59,12345
59,12369
59,12527
59,12637
59,12793
59,12883
59,12978
59,12994
59,13017
59,13038
59,13048
59,13057
59,13059
59,13200
59,13286
59,13354
59,13381
59,13446
59,13532
59,13558
59,13568
59,13648
59,13662
59,13663
59,13668
59,13677
59,13811
59,13871
59,13906
59,14006
59,14007
59,14095
59,14097
59,14245
59,14265
59,14311
59,14312
59,14356
59,14368
59,14378
59,14420
59,14463
59,14464
59,14485
59,14548
59,14609
59,14702
59,14739
59,14840
59,14877
59,14965
59,14977
59,14978
59,15183
59,15303
59,15381
59,15387
59,15404
59,15452
59,15538
59,15552
59,15592
59,15609
59,15627
59,15630
59,15645
59,15651
59,15674
59,15722
59,15732
59,15816
59,15871
59,15880
59,15949
59,15995
59,16015
59,16023
59,16059
59,16188
59,16223
59,16291
59,16308
59,16330
59,16384
59,16386
59,16446
59,16464
59,16533
59,16572
59,16653
59,16706
59,16724
59,16806
59,16828
59,16972
59,16988
59,17030
59,17110
59,17129
59,17227
59,17347
59,17403
59,17515
59,17532
59,17637
59,17694
59,17766
59,17807
59,17823
59,17880
59,17910
59,17915
59,17919
59,18004
59,18025
59,18032
59,18075
59,18171
59,18320
59,18385
59,18416
59,18452
59,18461
59,18479
59,18582
59,18598
59,18629
59,18693
59,18726
59,18735
59,18743
59,18745
59,18896
59,18931
59,18934
59,18940
59,18961
59,19132
59,19206
59,19214
59,19226
59,19304
59,19358
59,19373
59,19389
59,19401
59,19472
59,19500
59,19518
59,19553
59,19559
59,19595
59,19637
59,19666
59,19821
59,19882
59,19908
59,19913
59,19928
59,19932
59,19947
59,19988
59,19992
59,20022
59,20036
59,20052
59,20094
59,20097
59,20153
59,20160
59,20165
59,20276
59,20421
59,20496
59,20502
59,20515
59,20524
59,20561
59,20600
59,20759
59,20760
59,20768
59,20798
59,20815
59,20864
59,20884
59,20937
59,20938
59,20940
59,20961
59,21045
59,21076
59,21283
59,21357
59,21403
59,21468
59,21532
59,21570
59,21578
59,21684
59,21718
59,21786
59,21953
59,21964
59,21970
59,22007
59,22015
59,22022
59,22047
59,22051
59,22084
59,22089
59,22091
59,22100
59,22132
59,22154
59,22162
59,22178
59,22189
59,22269
59,22278
59,22331
59,22518
59,22555
59,22661
59,22674
59,22709
59,22737
59,22753
59,23080
59,23082
59,23100
59,23164
59,23184
59,23205
59,23262
59,23371
59,23459
59,23464
59,23470
59,23482
59,23612
59,23646
59,23820
59,23827
59,23833
59,23866
59,23886
59,23972
59,23982
59,24187
59,24212
59,24245
59,24292
59,24323
59,24351
59,24382
59,24386
59,24393
59,24434
59,24489
59,24501
59,24505
59,24511
59,24593
59,24599
59,24641
59,24660
59,24702
59,24715
59,24728
59,24739
59,24759
59,24766
59,24783
59,24815
59,24849
59,24861
59,24945
59,24948
59,24964
59,25006
59,25026
59,25028
59,25050
59,25082
59,25131
59,25182
59,25187
59,25188
59,25384
59,25560
59,25573
59,25620
59,25626
59,25795
59,25919
59,25933
59,26057
59,26095
59,26138
59,26165
59,26219
59,26229
59,26303
59,26324
59,26349
59,26366
59,26377
59,26452
59,26457
59,26503
59,26652
59,26697
59,26812
59,26816
59,26858
59,26875
59,26877
59,26901
59,26911
59,27068
59,27130
59,27137
59,27172
59,27284
59,27334
59,27350
59,27411
59,27519
59,27526
59,27603
59,27637
59,27675
59,27787
59,27982
59,28052
59,28074
59,28199
59,28315
59,28381
59,28423
59,28434
59,28437
59,28485
59,28512
59,28540
59,28579
59,28661
59,28694
59,28842
59,28960
59,29013
59,29048
59,29054
59,29086
59,29107
59,29160
59,29252
59,29276
59,29305
59,29319
59,29372
59,29478
60,3
60,160
60,224
60,317
60,470
60,493
60,506
60,574
60,612
60,636
60,669
60,756
60,849
60,892
60,998
60,1000
60,1036
60,1060
60,1100
60,1213
60,1244
60,1273
60,1298
60,1309
60,1321
60,1323
60,1331
60,1334
60,1393
60,1408
60,1458
60,1461
60,1483
60,1597
60,1795
60,1879
60,1886
60,1964
60,2013
60,2091
60,2103
60,2156
60,2163
60,2190
60,2209
60,2247
60,2279
60,2315
60,2317
60,2374
60,2441
60,2461
60,2523
60,2548
60,2583
60,2645
60,2652
60,2663
60,2749
60,2912
60,2936
60,2948
60,2958
60,3061
60,3099
60,3164
60,3210
60,3264
60,3269
60,3301
60,3310
60,3440
60,3496
60,3565
60,3653
60,3704
60,3713
60,3736
60,3807
60,3859
60,3893
60,3938
60,4018
60,4076
60,4128
60,4177
60,4284
60,4712
60,4852
60,4877
60,4948
60,5011
60,5036
60,5090
60,5098
60,5165
60,5186
60,5330
60,5540
60,5547
60,5575
60,5713
60,5721
60,5736
60,5795
60,5895
60,5918
60,5996
60,6040
60,6054
60,6108
60,6113
60,6179
60,6278
60,6282
60,6328
60,6329
60,6446
60,6448
60,6533
60,6555
60,6584
60,6640
60,6659
60,6671
60,6675
60,6722
60,6725
60,6797
60,6829
60,6836
60,6874
60,6916
60,6998
60,7071
60,7111
60,7114
60,7116
60,7238
60,7246
60,7255
60,7276
60,7277
60,7367
60,7431
60,7443
60,7470
60,7590
60,7602
60,7611
60,7634
60,7680
60,7729
60,7866
60,7897
60,7947
60,7964
60,7979
60,8060
60,8112
60,8165
60,8317
60,8376
60,8531
60,8591
60,8606
60,8753
60,8765
60,8819
60,8859
60,8930
60,8969
60,9039
60,9101
60,9120
60,9279
60,9342
60,9360
60,9453
60,9460
60,9503
60,9525
60,9573
60,9663
60,9741
60,9746
60,9768
60,9805
60,9882
60,9921
60,9927
60,9936
60,9953
60,10040
60,10061
60,10085
60,10101
60,10190
60,10192
60,10210
60,10219
60,10228
60,10373
60,10431
60,10464
60,10478
60,10491
60,10495
60,10542
60,10556
60,10557
60,10580
60,10646
60,10648
60,10934
60,10986
60,10993
60,11020
60,11038
60,11050
60,11138
60,11157
60,11167
60,11216
60,11285
60,11350
60,11371
60,11375
60,11466
60,11607
60,11716
60,11734
60,11769
60,11824
60,11873
60,11892
60,11963
60,12037
60,12091
60,12146
60,12325
60,12359
60,12385
60,12477
60,12551
60,12569
60,12623
60,12667
60,12711
60,12867
60,12929
60,12996
60,13051
60,13109
60,13143
60,13206
60,13230
60,13265
60,13306
60,13378
60,13390
60,13429
60,13442
60,13557
60,13586
60,13590
60,13595
60,13615
60,13630
60,13650
60,14008
60,14052
60,14060
60,14093
60,14271
60,14339
60,14347
60,14433
60,14624
60,14674
60,14747
60,14868
60,14884
60,14898
60,14903
60,14907
60,14966
60,14980
60,15016
60,15064
60,15070
60,15138
60,15190
60,15215
60,15291
60,15301
60,15315
60,15318
60,15340
60,15375
60,15449
60,15513
60,15556
60,15563
60,15569
60,15617
60,15652
60,15669
60,15692
60,15711
60,15733
60,15790
60,15875
60,15880
60,15925
60,16047
60,16052
60,16160
60,16197
60,16220
60,16320
60,16328
60,16352
60,16446
60,16477
60,16499
60,16556
60,16563
60,16639
60,16652
60,16683
60,16759
60,16776
60,16795
60,16938
60,17041
60,17087
60,17150
60,17196
60,17320
60,17362
60,17378
60,17491
60,17658
60,17700
60,17813
60,17814
60,17824
60,17840
60,17848
60,17851
60,17880
60,17947
60,17973
60,17994
60,18049
60,18055
60,18145
60,18299
60,18350
60,18412
60,18424
60,18456
60,18459
60,18491
60,18661
60,18689
60,18737
60,18777
60,18828
60,19052
60,19103
60,19125
60,19164
60,19173
60,19227
60,19249
60,19252
60,19257
60,19263
60,19267
60,19291
60,19476
60,19494
60,19589
60,19624
60,19655
60,19670
60,19685
60,19816
60,19852
60,19881
60,19898
60,19906
60,19936
60,20007
60,20032
60,20078
60,20224
60,20318
60,20369
60,20383
60,20535
60,20537
60,20626
60,20632
60,20684
60,20731
60,20795
60,20840
60,20874
60,20985
60,20995
60,21149
60,21223
60,21237
60,21246
60,21300
60,21326
60,21363
60,21378
60,21390
60,21421
60,21432
60,21508
60,21520
60,21536
60,21559
60,21621
60,21638
60,21743
60,21767
60,21856
60,21903
60,21988
60,22000
60,22001
60,22043
60,22087
60,22091
60,22157
60,22162
60,22188
60,22322
60,22388
60,22436
60,22438
60,22451
60,22507
60,22524
60,22568
60,22571
60,22578
60,22605
60,22686
60,22694
60,22710
60,22759
60,22769
60,22887
60,22890
60,23027
60,23083
60,23096
60,23112
60,23244
60,23248
60,23338
60,23371
60,23410
60,23417
60,23421
60,23461
60,23571
60,23584
60,23591
60,23606
60,23609
60,23617
60,23654
60,23710
60,23773
60,23838
60,23857
60,23883
60,24081
60,24115
60,24172
60,24270
60,24363
60,24376
60,24547
60,24561
60,24562
60,24577
60,24620
60,24721
60,24771
60,24852
60,24867
60,24880
60,24902
60,24920
60,24951
60,25003
60,25181
60,25321
60,25327
60,25476
60,25502
60,25642
60,25670
60,25671
60,25713
60,25798
60,25826
60,25829
60,25832
60,25838
60,25865
60,25881
60,25919
60,25975
60,25993
60,25999
60,26088
60,26140
60,26163
60,26291
60,26301
60,26305
60,26399
60,26491
60,26509
60,26542
60,26552
60,26605
60,26672
60,26676
60,26721
60,26848
60,26883
60,26908
60,27016
60,27152
60,27157
60,27234
60,27258
60,27266
60,27343
60,27351
60,27487
60,27549
60,27555
60,27625
60,27638
60,27641
60,27690
60,27739
60,27765
60,27917
60,28014
60,28044
60,28186
60,28214
60,28216
60,28230
60,28275
60,28320
60,28327
60,28410
60,28480
60,28496
60,28515
60,28619
60,28635
60,28689
60,28729
60,28790
60,28880
60,28884
60,28903
60,29039
60,29072
60,29113
60,29114
60,29131
60,29243
60,29263
60,29428
60,29441
60,29493
60,29506
60,29523
61,64
61,93
61,145
61,470
61,499
61,626
61,661
61,790
61,807
61,837
61,860
61,867
61,908
61,921
61,971
61,995
61,1050
61,1104
61,1131
61,1150
61,1177
61,1250
61,1294
61,1307
61,1348
61,1413
61,1446
61,1451
61,1471
61,1519
61,1537
61,1546
61,1556
61,1589
61,1619
61,1636
61,1675
61,1783
61,1789
61,1876
61,1914
61,1949
61,1977
61,1993
61,2054
61,2122
61,2166
61,2191
61,2291
61,2310
61,2382
61,2400
61,2581
61,2689
61,2710
61,2809
61,2836
61,2859
61,2870
61,2904
61,2938
61,2961
61,3008
61,3010
61,3026
61,3038
61,3053
61,3094
61,3185
61,3197
61,3314
61,3322
61,3367
61,3408
61,3477
61,3488
61,3498
61,3554
61,3556
61,3703
61,3775
61,3870
61,3896
61,3906
61,3938
61,3939
61,4039
61,4101
61,4139
61,4151
61,4191
61,4334
61,4351
61,4503
61,4615
61,4617
61,4769
61,4875
61,4898
61,4992
61,5001
61,5005
61,5016
61,5102
61,5200
61,5281
61,5378
61,5420
61,5430
61,5583
61,5625
61,5763
61,5790
61,5971
61,6015
61,6180
61,6254
61,6272
61,6295
61,6322
61,6355
61,6382
61,6499
61,6518
61,6523
61,6543
61,6598
61,6688
61,6766
61,6822
61,6848
61,6921
61,7010
61,7011
61,7051
61,7084
61,7171
61,7200
61,7276
61,7281
61,7305
61,7457
61,7471
61,7480
61,7498
61,7578
61,7652
61,7784
61,7940
61,7987
61,8023
61,8076
61,8121
61,8219
61,8296
61,8351
61,8389
61,8391
61,8450
61,8516
61,8523
61,8530
61,8765
61,9071
61,9108
61,9117
61,9124
61,9348
61,9370
61,9435
61,9453
61,9536
61,9579
61,9639
61,9741
61,9745
61,9756
61,9763
61,9840
61,9872
61,9917
61,9954
61,10017
61,10053
61,10071
61,10171
61,10412
61,10423
61,10440
61,10453
61,10490
61,10515
61,10522
61,10525
61,10594
61,10733
61,10806
61,10855
61,10995
61,11001
61,11015
61,11019
61,11132
61,11222
61,11317
61,11318
61,11437
61,11453
61,11537
61,11544
61,11562
61,11583
61,11587
61,11725
61,11887
61,11928
61,11962
61,12036
61,12128
61,12167
61,12237
61,12264
61,12266
61,12338
61,12397
61,12651
61,12696
61,12869
61,12953
61,12970
61,13027
61,13030
61,13040
61,13064
61,13178
61,13244
61,13268
61,13316
61,13351
61,13395
61,13477
61,13608
61,13706
61,13710
61,13712
61,13737
61,13841
61,13844
61,13867
61,13908
61,13945
61,13953
61,13956
61,13961
61,13969
61,14008
61,14189
61,14283
61,14317
61,14331
61,14374
61,14379
61,14396
61,14417
61,14520
61,14550
61,14580
61,14762
61,14894
61,14925
61,14964
61,14971
61,15187
61,15222
61,15237
61,15268
61,15281
61,15303
61,15316
61,15466
61,15552
61,15625
61,15782
61,15802
61,15823
61,15844
61,15932
61,15949
61,16028
61,16211
61,16285
61,16301
61,16391
61,16395
61,16583
61,16594
61,16597
61,16658
61,16674
61,16679
61,16730
61,16913
61,16914
61,16989
61,17046
61,17048
61,17116
61,17148
61,17203
61,17305
61,17348
61,17380
61,17415
61,17440
61,17451
61,17556
61,17574
61,17580
61,17593
61,17602
61,17698
61,17741
61,17798
61,17855
61,17878
61,17883
61,17895
61,17936
61,17970
61,18016
61,18148
61,18179
61,18271
61,18317
61,18324
61,18416
61,18437
61,18460
61,18531
61,18565
61,18656
61,18731
61,18753
61,18802
61,18850
61,19024
61,19059
61,19109
61,19116
61,19123
61,19133
61,19170
61,19206
61,19394
61,19431
61,19437
61,19529
61,19564
61,19604
61,19756
61,19789
61,19828
61,19964
61,19989
61,20033
61,20071
61,20103
61,20104
61,20169
61,20239
61,20378
61,20454
61,20466
61,20494
61,20539
61,20567
61,20569
61,20581
61,20602
61,20620
61,20633
61,20640
61,20685
61,20731
61,20738
61,20742
61,20782
61,20803
61,20857
61,20949
61,20951
61,20960
61,21012
61,21054
61,21213
61,21220
61,21232
61,21299
61,21305
61,21380
61,21381
61,21404
61,21478
61,21482
61,21533
61,21534
61,21552
61,21600
61,21629
61,21678
61,21713
61,21716
61,21722
61,21790
61,21802
61,21805
61,21806
61,22135
61,22166
61,22179
61,22199
61,22241
61,22305
61,22378
61,22429
61,22440
61,22445
61,22507
61,22509
61,22540
61,22548
61,22587
61,22646
61,22677
61,22707
61,22768
61,22794
61,22816
61,22880
61,22918
61,23078
61,23113
61,23120
61,23284
61,23403
61,23450
61,23468
61,23576
61,23583
61,23585
61,23589
61,23701
61,23778
61,23788
61,23877
61,24039
61,24040
61,24079
61,24118
61,24158
61,24208
61,24212
61,24253
61,24308
61,24328
61,24440
61,24737
61,24831
61,24857
61,24874
61,24921
61,24950
61,24980
61,25045
61,25064
61,25152
61,25193
61,25213
61,25217
61,25219
61,25345
61,25367
61,25401
61,25451
61,25477
61,25568
61,25595
61,25599
61,25608
61,25616
61,25671
61,25728
61,25748
61,25773
61,25780
61,25799
61,25807
61,25820
61,25969
61,25974
61,25989
61,26025
61,26034
61,26102
61,26103
61,26105
61,26190
61,26273
61,26330
61,26364
61,26390
61,26457
61,26511
61,26512
61,26523
61,26633
61,26669
61,26707
61,26825
61,26854
61,26877
61,26947
61,26954
61,26962
61,27209
61,27230
61,27291
61,27306
61,27315
61,27368
61,27407
61,27422
61,27436
61,27486
61,27507
61,27576
61,27593
61,27693
61,27874
61,27888
61,27923
61,27935
61,27979
61,28020
61,28053
61,28173
61,28176
61,28192
61,28216
61,28347
61,28350
61,28383
61,28394
61,28402
61,28559
61,28700
61,28721
61,28803
61,28815
61,28827
61,28865
61,28867
61,28896
61,28929
61,28959
61,28967
61,28973
61,29063
61,29109
61,29127
61,29258
61,29433
61,29492
61,29525
61,29546
61,29567
62,46
62,90
62,249
62,379
62,383
62,409
62,419
62,426
62,431
62,438
62,564
62,769
62,844
62,1032
62,1128
62,1139
62,1258
62,1387
62,1409
62,1415
62,1677
62,1743
62,1754
62,1759
62,1881
62,1904
62,1930
62,2187
62,2188
62,2212
62,2349
62,2466
62,2516
62,2555
62,2589
62,2677
62,2726
62,2736
62,2741
62,2742
62,2843
62,2863
62,2895
62,3186
62,3257
62,3370
62,3410
62,3457
62,3529
62,3568
62,3593
62,3602
62,3617
62,3620
62,3736
62,3794
62,4000
62,4024
62,4104
62,4143
62,4159
62,4166
62,4181
62,4183
62,4253
62,4269
62,4589
62,4722
62,4831
62,4835
62,5144
62,5202
62,5230
62,5256
62,5376
62,5396
62,5406
62,5536
62,5542
62,5588
62,5590
62,5650
62,5668
62,5676
62,5718
62,5844
62,5856
62,5882
62,6296
62,6312
62,6348
62,6387
62,6635
62,6640
62,6660
62,6855
62,6878
62,6943
62,7162
62,7165
62,7360
62,7400
62,7450
62,7569
62,7646
62,7668
62,7723
62,7727
62,7732
62,7753
62,7786
62,7855
62,7976
62,7985
62,8022
62,8097
62,8105
62,8115
62,8139
62,8178
62,8287
62,8304
62,8371
62,8390
62,8398
62,8583
62,8590
62,8610
62,8612
62,8614
62,8625
62,8656
62,8676
62,8710
62,8749
62,8811
62,8874
62,8880
62,8952
62,9020
62,9257
62,9303
62,9308
62,9311
62,9335
62,9392
62,9465
62,9481
62,9533
62,9563
62,9708
62,9713
62,9715
62,9735
62,9997
62,10112
62,10119
62,10181
62,10254
62,10333
62,10443
62,10452
62,10573
62,10666
62,10758
62,10883
62,11006
62,11113
62,11193
62,11332
62,11357
62,11407
62,11432
62,11550
62,11599
62,11809
62,11870
62,11918
62,11973
62,11987
62,12036
62,12081
62,12107
62,12122
62,12241
62,12263
62,12342
62,12561
62,12562
62,12603
62,12653
62,12658
62,12840
62,12869
62,12888
62,12961
62,13002
62,13042
62,13247
62,13275
62,13370
62,13459
62,13525
62,13739
62,13824
62,13874
62,14221
62,14255
62,14256
62,14419
62,14532
62,14551
62,14631
62,14635
62,14724
62,14944
62,14958
62,14987
62,15070
62,15175
62,15443
62,15493
62,15575
62,15685
62,15696
62,15740
62,15823
62,15826
62,15924
62,16181
62,16198
62,16262
62,16263
62,16272
62,16279
62,16323
62,16389
62,16390
62,16417
62,16560
62,16582
62,16599
62,16826
62,16844
62,16854
62,16855
62,16871
62,16929
62,16942
62,16957
62,16975
62,16999
62,17060
62,17114
62,17322
62,17395
62,17562
62,17613
62,17623
62,17671
62,17723
62,17821
62,17876
62,17904
62,17915
62,18206
62,18241
62,18325
62,18355
62,18442
62,18463
62,18483
62,18496
62,18534
62,18671
62,18679
62,18700
62,18728
62,18775
62,18803
62,18919
62,19068
62,19099
62,19173
62,19197
62,19214
62,19313
62,19451
62,19577
62,19732
62,19769
62,19792
62,19909
62,19931
62,19982
62,20169
62,20211
62,20246
62,20388
62,20523
62,20596
62,20753
62,20772
62,20830
62,20862
62,20907
62,20924
62,20952
62,21002
62,21092
62,21138
62,21150
62,21156
62,21250
62,21339
62,21355
62,21390
62,21420
62,21432
62,21488
62,21519
62,21613
62,21640
62,21660
62,21707
62,21813
62,21886
62,21959
62,21961
62,21965
62,22000
62,22104
62,22112
62,22146
62,22185
62,22255
62,22371
62,22471
62,22502
62,22525
62,22671
62,22737
62,22792
62,22906
62,22959
62,23086
62,23151
62,23325
62,23415
62,23490
62,23518
62,23579
62,23661
62,23856
62,23929
62,23949
62,24047
62,24080
62,24140
62,24141
62,24160
62,24166
62,24290
62,24384
62,24393
62,24395
62,24460
62,24503
62,24513
62,24515
62,24518
62,24611
62,24614
62,24616
62,24661
62,24731
62,24747
62,24881
62,24901
62,24957
62,25032
62,25060
62,25115
62,25121
62,25128
62,25305
62,25335
62,25376
62,25456
62,25480
62,25590
62,25644
62,25660
62,25679
62,25702
62,25854
62,25868
62,25967
62,26032
62,26042
62,26072
62,26096
62,26214
62,26318
62,26334
62,26420
62,26646
62,26647
62,26720
62,26760
62,26763
62,26877
62,26909
62,26930
62,26937
62,26943
62,26971
62,26994
62,27200
62,27247
62,27322
62,27352
62,27355
62,27422
62,27463
62,27499
62,27517
62,27550
62,27562
62,27752
62,27829
62,27930
62,27997
62,28011
62,28203
62,28328
62,28483
62,28624
62,28712
62,28721
62,28802
62,28828
62,28840
62,28967
62,29015
62,29190
62,29199
62,29240
62,29264
62,29314
62,29420
63,9
63,122
63,158
63,212
63,229
63,241
63,330
63,389
63,486
63,735
63,778
63,910
63,1047
63,1113
63,1212
63,1252
63,1383
63,1477
63,1742
63,1929
63,2058
63,2068
63,2069
63,2146
63,2160
63,2529
63,2549
63,2554
63,2636
63,2666
63,2769
63,2912
63,3000
63,3044
63,3053
63,3113
63,3179
63,3542
63,3596
63,3633
63,3683
63,3741
63,3809
63,3823
63,3924
63,3929
63,3941
63,4119
63,4153
63,4276
63,4543
63,4578
63,4630
63,4738
63,4769
63,4790
63,5015
63,5027
63,5054
63,5091
63,5106
63,5154
63,5182
63,5293
63,5351
63,5673
63,5722
63,5776
63,5899
63,5918
63,6009
63,6174
63,6193
63,6307
63,6444
63,6475
63,6543
63,6593
63,6692
63,6723
63,6726
63,6742
63,6834
63,6846
63,6914
63,6924
63,6988
63,7073
63,7101
63,7173
63,7189
63,7220
63,7296
63,7327
63,7385
63,7511
63,7537
63,7606
63,7737
63,7865
63,7961
63,7987
63,8010
63,8109
63,8212
63,8355
63,8377
63,8441
63,8547
63,8570
63,8614
63,8992
63,9109
63,9136
63,9151
63,9184
63,9206
63,9279
63,9290
63,9310
63,9443
63,9541
63,9586
63,9663
63,9797
63,9869
63,9871
63,9895
63,9905
63,10000
63,10199
63,10281
63,10297
63,10351
63,10369
63,10400
63,10413
63,10601
63,10602
63,10716
63,10859
63,11033
63,11074
63,11176
63,11228
63,11375
63,11422
63,11560
63,11699
63,11758
63,11800
63,11968
63,12068
63,12073
63,12075
63,12078
63,12094
63,12202
63,12240
63,12328
63,12503
63,12825
63,12867
63,13036
63,13070
63,13173
63,13563
63,13593
63,13704
63,13724
63,13732
63,13743
63,13793
63,13905
63,13996
63,14182
63,14249
63,14255
63,14583
63,14633
63,14657
63,14769
63,14925
63,14959
63,14971
63,15080
63,15089
63,15110
63,15126
63,15244
63,15302
63,15590
63,15652
63,15697
63,15734
63,15779
63,15796
63,15809
63,15858
63,16023
63,16084
63,16127
63,16191
63,16225
63,16231
63,16431
63,16455
63,16580
63,16658
63,16710
63,16761
63,16784
63,17014
63,17218
63,17224
63,17268
63,17301
63,17414
63,17450
63,17454
63,17602
63,17626
63,17699
63,17729
63,17825
63,17838
63,17913
63,18007
63,18147
63,18223
63,18249
63,18267
63,18316
63,18361
63,18634
63,18825
63,18920
63,18949
63,19019
63,19068
63,19129
63,19150
63,19224
63,19344
63,19420
63,19442
63,19521
63,19532
63,19663
63,19670
63,19713
63,19734
63,19747
63,19913
63,19936
63,19979
63,20012
63,20078
63,20320
63,20337
63,20478
63,20628
63,20631
63,20643
63,20808
63,20846
63,20853
63,20906
63,20993
63,21051
63,21186
63,21247
63,21354
63,21403
63,21540
63,21666
63,21744
63,21841
63,21871
63,21876
63,22041
63,22110
63,22193
63,22415
63,22524
63,22608
63,22704
63,22802
63,22893
63,22898
63,22985
63,23121
63,23168
63,23238
63,23287
63,23325
63,23331
63,23355
63,23409
63,23415
63,23458
63,23493
63,23630
63,23692
63,23831
63,23903
63,23907
63,23953
63,24078
63,24137
63,24146
63,24156
63,24160
63,24261
63,24279
63,24522
63,24680
63,24823
63,24930
63,25008
63,25055
63,25101
63,25342
63,25363
63,25469
63,25492
63,25604
63,25635
63,25636
63,25638
63,25697
63,25842
63,25872
63,25881
63,25933
63,25991
63,26068
63,26077
63,26178
63,26298
63,26487
63,26687
63,26762
63,26808
63,26857
63,27069
63,27070
63,27126
63,27132
63,27133
63,27137
63,27269
63,27270
63,27273
63,27312
63,27331
63,27344
63,27356
63,27416
63,27447
63,27472
63,27692
63,27845
63,28170
63,28226
63,28350
63,28485
63,28513
63,28517
63,28702
63,28742
63,28767
63,28818
63,28886
63,28928
63,28999
63,29055
63,29122
63,29231
63,29285
63,29359
63,29363
63,29434
63,29545
64,161
64,188
64,196
64,267
64,313
64,315
64,359
64,392
64,442
64,445
64,602
64,712
64,778
64,852
64,876
64,998
64,1084
64,1153
64,1158
64,1211
64,1305
64,1310
64,1348
64,1380
64,1393
64,1489
64,1538
64,1578
64,1599
64,1651
64,1737
64,1860
64,1893
64,2042
64,2095
64,2193
64,2197
64,2257
64,2258
64,2377
64,2432
64,2436
64,2456
64,2476
64,2709
64,2755
64,2785
64,2862
64,2944
64,3211
64,3343
64,3367
64,3414
64,3563
64,3717
64,3802
64,3841
64,3846
64,3867
64,4111
64,4135
64,4207
64,4209
64,4226
64,4381
64,4396
64,4433
64,4561
64,4607
64,4685
64,4784
64,4828
64,4933
64,5000
64,5060
64,5090
64,5238
64,5277
64,5312
64,5340
64,5575
64,5608
64,5616
64,5733
64,5776
64,5797
64,5868
64,5875
64,5894
64,5899
64,5946
64,5960
64,5993
64,6090
64,6100
64,6162
64,6282
64,6290
64,6309
64,6366
64,6472
64,6760
64,6855
64,6858
64,6895
64,6963
64,7128
64,7482
64,7535
64,7613
64,7684
64,8193
64,8258
64,8529
64,8548
64,8582
64,8606
64,8611
64,8662
64,8747
64,8823
64,8835
64,8946
64,8952
64,9015
64,9136
64,9180
64,9285
64,9344
64,9453
64,9477
64,9610
64,9638
64,9969
64,10039
64,10121
64,10312
64,10348
64,10475
64,10565
64,10601
64,10708
64,10729
64,10762
64,10798
64,10799
64,10876
64,10920
64,11216
64,11222
64,11244
64,11496
64,11544
64,11643
64,11727
64,11768
64,11774
64,11800
64,11851
64,11861
64,11895
64,12246
64,12308
64,12321
64,12357
64,12469
64,12569
64,12662
64,12697
64,13003
64,13163
64,13222
64,13224
64,13339
64,13379
64,13414
64,13499
64,13555
64,13626
64,13739
64,13854
64,13888
64,13907
64,13980
64,14040
64,14217
64,14292
64,14387
64,14478
64,14509
64,14615
64,14777
64,14824
64,14913
64,14966
64,15043
64,15104
64,15157
64,15178
64,15206
64,15365
64,15494
64,15592
64,15681
64,15700
64,15711
64,15752
64,15812
64,15906
64,15911
64,16055
64,16100
64,16115
64,16149
64,16160
64,16208
64,16236
64,16280
64,16286
64,16349
64,16497
64,16503
64,16599
64,16694
64,16788
64,16794
64,16803
64,16875
64,16922
64,16997
64,16999
64,17031
64,17137
64,17153
64,17195
64,17206
64,17218
64,17244
64,17308
64,17427
64,17465
64,17480
64,17488
64,17501
64,17580
64,17728
64,17770
64,18005
64,18100
64,18126
64,18208
64,18318
64,18408
64,18488
64,18585
64,18655
64,18803
64,18844
64,18852
64,18864
64,18901
64,18945
64,19026
64,19033
64,19079
64,19093
64,19168
64,19282
64,19294
64,19386
64,19397
64,19703
64,19933
64,20062
64,20111
64,20130
64,20252
64,20329
64,20508
64,20510
64,20546
64,20598
64,20779
64,20806
64,20873
64,20880
64,20919
64,20940
64,20958
64,20973
64,21008
64,21070
64,21185
64,21197
64,21204
64,21232
64,21316
64,21475
64,21605
64,21655
64,21809
64,21822
64,22002
64,22158
64,22171
64,22215
64,22407
64,22640
64,22774
64,22952
64,22979
64,23234
64,23274
64,23317
64,23335
64,23339
64,23553
64,23601
64,23646
64,23675
64,23718
64,23721
64,23806
64,23812
64,23970
64,23991
64,24030
64,24127
64,24435
64,24500
64,24518
64,24682
64,24750
64,24789
64,24888
64,24938
64,24985
64,25093
64,25179
64,25184
64,25209
64,25381
64,25404
64,25468
64,25779
64,25996
64,26038
64,26072
64,26087
64,26320
64,26893
64,27149
64,27326
64,27466
64,27479
64,27553
64,27622
64,27836
64,27982
64,28048
64,28082
64,28138
64,28139
64,28344
64,28415
64,28769
64,28975
64,28996
64,29035
64,29041
64,29242
64,29526
65,58
65,120
65,138
65,217
65,252
65,540
65,679
65,856
65,981
65,1101
65,1178
65,1232
65,1312
65,1390
65,1408
65,1575
65,1677
65,1826
65,1845
65,1865
65,1973
65,2136
65,2176
65,2395
65,2598
65,2806
65,2840
65,3164
65,3174
65,3243
65,3244
65,3269
65,3347
65,3386
65,3511
65,3601
65,3762
65,3804
65,3926
65,4100
65,4167
65,4177
65,4179
65,4344
65,4460
65,4461
65,4623
65,4645
65,4670
65,4732
65,4837
65,4899
65,4972
65,4981
65,5089
65,5293
65,5322
65,5509
65,5540
65,5551
65,5577
65,5613
65,5635
65,5642
65,5653
65,5765
65,5821
65,5854
65,5891
65,5899
65,5907
65,5936
65,5958
65,6001
65,6003
65,6114
65,6263
65,6311
65,6316
65,6330
65,6343
65,6448
65,6608
65,6636
65,6671
65,6695
65,6744
65,6761
65,6762
65,6902
65,6993
65,6994
65,7074
65,7142
65,7490
65,7659
65,7902
65,7944
65,7959
65,8258
65,8269
65,8377
65,8546
65,8708
65,8727
65,8784
65,8807
65,8821
65,8934
65,8948
65,8971
65,8981
65,9020
65,9185
65,9220
65,9324
65,9362
65,9386
65,9427
65,9672
65,9768
65,9804
65,9923
65,9996
65,10057
65,10147
65,10159
65,10405
65,10435
65,10476
65,10579
65,10616
65,10694
65,10845
65,10944
65,10959
65,11089
65,11098
65,11177
65,11219
65,11319
65,11343
65,11417
65,11467
65,11553
65,11674
65,11678
65,11968
65,12030
65,12162
65,12165
65,12330
65,12544
65,12782
65,12882
65,13136
65,13230
65,13252
65,13301
65,13410
65,13563
65,13584
65,13659
65,13700
65,13775
65,13869
65,13910
65,13957
65,14011
65,14058
65,14059
65,14229
65,14269
65,14424
65,14530
65,14570
65,14672
65,14722
65,14870
65,14900
65,14903
65,15046
65,15088
65,15214
65,15454
65,15455
65,15708
65,15752
65,15754
65,15913
65,15988
65,16026
65,16167
65,16239
65,16280
65,16530
65,16729
65,16747
65,16850
65,16917
65,16929
65,17035
65,17179
65,17282
65,17455
65,17511
65,17567
65,17729
65,17862
65,17959
65,17962
65,18040
65,18122
65,18194
65,18333
65,18349
65,18536
65,18604
65,18726
65,18863
65,18979
65,18993
65,19008
65,19051
65,19053
65,19249
65,19468
65,19566
65,19619
65,19871
65,19881
65,19913
65,20068
65,20234
65,20301
65,20386
65,20569
65,20592
65,20614
65,20644
65,20682
65,20914
65,20922
65,21135
65,21161
65,21229
65,21262
65,21337
65,21573
65,21762
65,21794
65,21817
65,22067
65,22297
65,22430
65,22551
65,22561
65,22681
65,22965
65,22990
65,23028
65,23198
65,23237
65,23384
65,23489
65,23543
65,23552
65,23607
65,23639
65,23703
65,23781
65,23845
65,23863
65,24109
65,24256
65,24353
65,24365
65,24459
65,24473
65,24684
65,24700
65,24765
65,24785
65,24909
65,24925
65,24996
65,25055
65,25303
65,25304
65,25420
65,25542
65,25749
65,25874
65,25889
65,25961
65,26053
65,26079
65,26326
65,26481
65,26608
65,26698
65,26713
65,26763
65,26849
65,26928
65,26935
65,27059
65,27108
65,27322
65,27384
65,27416
65,27531
65,27540
65,27596
65,27715
65,27727
65,27745
65,27852
65,27857
65,27877
65,27940
65,28074
65,28075
65,28182
65,28198
65,28401
65,28431
65,28625
65,28893
65,28931
65,28940
65,29123
65,29142
65,29155
65,29358
65,29370
66,241
66,287
66,396
66,418
66,441
66,456
66,480
66,682
66,706
66,1052
66,1162
66,1224
66,1335
66,1394
66,1429
66,1821
66,1900
66,2026
66,2071
66,2083
66,2085
66,2145
66,2154
66,2201
66,2321
66,2326
66,2459
66,2600
66,2728
66,2741
66,2915
66,3334
66,3475
66,3717
66,3826
66,3836
66,3940
66,3989
66,4208
66,4232
66,4399
66,4417
66,4718
66,4794
66,4849
66,4956
66,5018
66,5094
66,5301
66,5354
66,5523
66,6142
66,6189
66,6296
66,6347
66,6470
66,6525
66,6654
66,6675
66,6823
66,6859
66,6979
66,7095
66,7166
66,7440
66,7638
66,7673
66,7759
66,7978
66,8011
66,8034
66,8110
66,8178
66,8318
66,8512
66,8626
66,8894
66,8959
66,9081
66,9274
66,9328
66,9556
66,9857
66,9961
66,9965
66,10101
66,10436
66,10644
66,10793
66,10853
66,10939
66,10959
66,11246
66,11288
66,11324
66,11860
66,11963
66,11968
66,12100
66,12310
66,12358
66,12427
66,12494
66,12560
66,12603
66,12610
66,12656
66,12777
66,12875
66,12904
66,12911
66,12916
66,12991
66,13026
66,13039
66,13371
66,13392
66,13539
66,13725
66,13740
66,13751
66,13817
66,14203
66,14206
66,14362
66,14658
66,14923
66,15136
66,15158
66,15231
66,15798
66,15891
66,15935
66,16038
66,16074
66,16219
66,16248
66,16253
66,16399
66,16480
66,16592
66,16841
66,16862
66,16910
66,16971
66,17017
66,17074
66,17200
66,17286
66,17342
66,17411
66,17426
66,17458
66,17695
66,17792
66,17805
66,18017
66,18046
66,18161
66,18171
66,18453
66,18484
66,18589
66,18698
66,18864
66,18914
66,18966
66,18971
66,19013
66,19125
66,19530
66,19700
66,19720
66,19993
66,20045
66,20410
66,20454
66,20899
66,20984
66,21001
66,21436
66,21441
66,21486
66,21597
66,21777
66,21873
66,21901
66,21955
66,22153
66,22272
66,22295
66,22360
66,22555
66,22604
66,22710
66,22794
66,22816
66,22856
66,23166
66,23177
66,23343
66,23600
66,23601
66,23644
66,23803
66,23818
66,23985
66,24111
66,24164
66,24307
66,24523
66,24988
66,25131
66,25153
66,25175
66,25232
66,25363
66,25627
66,25772
66,25812
66,25839
66,25886
66,25954
66,26248
66,26257
66,26624
66,26692
66,26778
66,26782
66,26823
66,26857
66,27005
66,27037
66,27094
66,27218
66,27334
66,27356
66,27508
66,27510
66,27894
66,28013
66,28075
66,28315
66,28518
66,28808
66,28943
66,29084
66,29112
66,29200
66,29266
66,29280
66,29362
66,29425
66,29428
66,29438
67,25
67,34
67,122
67,131
67,142
67,149
67,415
67,573
67,582
67,670
67,690
67,708
67,864
67,875
67,1080
67,1135
67,1137
67,1138
67,1153
67,1171
67,1218
67,1271
67,1397
67,1496
67,1654
67,1695
67,1698
67,1834
67,1880
67,2140
67,2207
67,2285
67,2479
67,2514
67,2546
67,2678
67,2841
67,2876
67,2944
67,3012
67,3150
67,3222
67,3230
67,3243
67,3296
67,3366
67,3498
67,3571
67,3657
67,3799
67,3868
67,4159
67,4215
67,4263
67,4300
67,4330
67,4349
67,4419
67,4538
67,4593
67,4595
67,4612
67,4850
67,4951
67,5166
67,5206
67,5537
67,5573
67,5624
67,5640
67,5656
67,6079
67,6125
67,6221
67,6296
67,6389
67,6448
67,6589
67,6606
67,6729
67,6737
67,6768
67,6805
67,7254
67,7321
67,7351
67,7597
67,7610
67,7849
67,7900
67,7974
67,8156
67,8168
67,8256
67,8286
67,8303
67,8334
67,8547
67,8568
67,8610
67,8634
67,8705
67,8965
67,9051
67,9331
67,9374
67,9399
67,9591
67,9730
67,9739
67,9742
67,9864
67,10085
67,10107
67,10326
67,10485
67,10591
67,10606
67,10855
67,10899
67,11134
67,11163
67,11200
67,11545
67,11601
67,11761
67,11763
67,11797
67,11862
67,12052
67,12078
67,12084
67,12152
67,12288
67,12319
67,12331
67,12491
67,12554
67,12709
67,12730
67,12995
67,13153
67,13158
67,13229
67,13248
67,13263
67,13615
67,13648
67,13849
67,13971
67,14267
67,14333
67,14338
67,14490
67,14598
67,14886
67,14996
67,15006
67,15021
67,15079
67,15113
67,15152
67,15159
67,15165
67,15203
67,15269
67,15304
67,15393
67,15475
67,15593
67,16089
67,16138
67,16417
67,16595
67,16635
67,16776
67,16832
67,16845
67,16926
67,16963
67,17128
67,17155
67,17160
67,17258
67,17274
67,17496
67,17800
67,17833
67,17858
67,17875
67,17907
67,17922
67,17931
67,17935
67,18351
67,18386
67,18690
67,18710
67,18750
67,18889
67,19241
67,19279
67,19317
67,19326
67,19334
67,19386
67,19427
67,19496
67,19844
67,19929
67,20081
67,20209
67,20227
67,20272
67,20382
67,20386
67,20390
67,20442
67,20585
67,20658
67,20685
67,20727
67,20784
67,20806
67,20841
67,20856
67,20983
67,21073
67,21125
67,21221
67,21273
67,21299
67,21312
67,21351
67,21385
67,21460
67,21469
67,21506
67,21538
67,21560
67,21627
67,21700
67,21896
67,22139
67,22567
67,22741
67,22959
67,22988
67,23115
67,23151
67,23518
67,23622
67,23659
67,23663
67,23690
67,23694
67,23765
67,23803
67,23847
67,24002
67,24032
67,24159
67,24204
67,24252
67,24695
67,24723
67,24819
67,24885
67,25175
67,25224
67,25257
67,25479
67,25495
67,25537
67,25548
67,25566
67,25938
67,26000
67,26170
67,26174
67,26338
67,26387
67,26419
67,26517
67,26547
67,26649
67,26667
67,26743
67,27074
67,27312
67,27339
67,27449
67,27506
67,27531
67,27562
67,27564
67,27595
67,27622
67,27657
67,27664
67,27891
67,27905
67,27921
67,28150
67,28406
67,28412
67,28466
67,28578
67,28655
67,28703
67,28732
67,28796
67,28940
67,29014
67,29036
67,29066
67,29094
67,29096
67,29108
67,29411
67,29516
67,29545
68,135
68,249
68,290
68,293
68,343
68,477
68,632
68,656
68,683
68,724
68,748
68,994
68,1004
68,1075
68,1093
68,1187
68,1386
68,1577
68,1581
68,1586
68,1804
68,1805
68,2051
68,2063
68,2178
68,2379
68,2492
68,2514
68,2573
68,2661
68,2732
68,2796
68,3182
68,3349
68,3529
68,3541
68,3595
68,3672
68,3757
68,3878
68,3888
68,3925
68,3963
68,3991
68,4019
68,4086
68,4169
68,4779
68,4853
68,4877
68,4925
68,5064
68,5137
68,5247
68,5262
68,5280
68,5398
68,5547
68,5639
68,5733
68,6138
68,6213
68,6224
68,6594
68,6730
68,6737
68,6941
68,6970
68,7101
68,7264
68,7286
68,7306
68,7456
68,7581
68,7631
68,7746
68,8085
68,8117
68,8172
68,8225
68,8359
68,8455
68,8460
68,8482
68,8486
68,8546
68,8571
68,8640
68,8656
68,8683
68,8831
68,8854
68,8883
68,8895
68,8990
68,9129
68,9157
68,9392
68,9415
68,9482
68,9592
68,9747
68,10012
68,10079
68,10168
68,10353
68,10382
68,10416
68,10427
68,10646
68,10664
68,10882
68,10950
68,11001
68,11005
68,11076
68,11309
68,11368
68,11581
68,11689
68,11856
68,11956
68,12002
68,12038
68,12200
68,12629
68,12640
68,12702
68,12740
68,13063
68,13141
68,13222
68,13405
68,13451
68,13494
68,13705
68,13904
68,13994
68,14003
68,14047
68,14066
68,14112
68,14216
68,14340
68,14428
68,14516
68,15032
68,15202
68,15315
68,15363
68,15446
68,15527
68,15529
68,15539
68,15567
68,15572
68,15628
68,16017
68,16355
68,16453
68,16747
68,17216
68,17239
68,17320
68,17403
68,17517
68,17637
68,17650
68,17669
68,17670
68,17834
68,17849
68,17977
68,18055
68,18065
68,18130
68,18261
68,18396
68,18406
68,18415
68,18500
68,18529
68,18700
68,18715
68,18716
68,18804
68,18825
68,19061
68,19269
68,19278
68,19339
68,19343
68,19375
68,19398
68,19418
68,19555
68,19592
68,19647
68,19734
68,19942
68,19997
68,20124
68,20154
68,20403
68,20652
68,20751
68,20756
68,20773
68,20795
68,20889
68,20952
68,21085
68,21095
68,21196
68,21275
68,21278
68,21329
68,21382
68,21464
68,21568
68,21600
68,21746
68,21754
68,21763
68,21862
68,21944
68,22117
68,22156
68,22237
68,22406
68,22648
68,22740
68,22989
68,22993
68,23018
68,23319
68,23329
68,23345
68,23352
68,23396
68,23402
68,23592
68,23684
68,23729
68,23750
68,23762
68,23778
68,23869
68,23886
68,24325
68,24411
68,24531
68,24793
68,24906
68,24948
68,25030
68,25261
68,25283
68,25350
68,25373
68,25458
68,25584
68,25631
68,25703
68,25725
68,25866
68,26159
68,26273
68,26285
68,26494
68,26641
68,26648
68,26691
68,26849
68,26939
68,26968
68,27210
68,27307
68,27387
68,27619
68,27652
68,27718
68,27725
68,28187
68,28216
68,28242
68,28521
68,28596
68,28683
68,28702
68,28757
68,28780
68,28862
68,28934
68,28957
68,28994
68,29162
68,29173
68,29211
68,29337
68,29358
68,29361
68,29389
68,29481
68,29544
69,140
69,246
69,253
69,360
69,481
69,521
69,568
69,647
69,706
69,824
69,1090
69,1147
69,1366
69,1496
69,1590
69,1623
69,1647
69,1662
69,1666
69,1973
69,2017
69,2023
69,2099
69,2254
69,2527
69,2545
69,2764
69,2918
69,2996
69,3155
69,3245
69,3269
69,3360
69,3696
69,3766
69,3767
69,3799
69,3862
69,4108
69,4244
69,4357
69,4391
69,4422
69,4501
69,4858
69,4983
69,5010
69,5018
69,5052
69,5334
69,5409
69,5411
69,5580
69,5624
69,5769
69,5921
69,5993
69,6031
69,6224
69,6237
69,6332
69,6336
69,6341
69,6697
69,6704
69,6755
69,6802
69,6819
69,6851
69,6852
69,6896
69,6949
69,6968
69,7126
69,7139
69,7307
69,7326
69,7335
69,7563
69,7624
69,7673
69,7778
69,7791
69,7849
69,8078
69,8531
69,8647
69,8692
69,8714
69,8793
69,8863
69,8948
69,8957
69,8992
69,9016
69,9361
69,9441
69,9527
69,9530
69,9532
69,9629
69,9802
69,9899
69,9926
69,9949
69,10155
69,10274
69,10543
69,10864
69,10936
69,10944
69,10985
69,11088
69,11160
69,11205
69,11420
69,11452
69,11513
69,11546
69,11793
69,12065
69,12079
69,12323
69,12356
69,12364
69,12417
69,12607
69,12670
69,12790
69,12792
69,12984
69,13045
69,13281
69,13303
69,13400
69,13540
69,13637
69,13663
69,13674
69,14004
69,14008
69,14169
69,14205
69,14293
69,14410
69,14447
69,14473
69,14594
69,14781
69,14854
69,14940
69,14983
69,15021
69,15266
69,15276
69,15296
69,15663
69,15837
69,15879
69,16040
69,16196
69,16390
69,16570
69,16682
69,16699
69,16821
69,16890
69,16899
69,17203
69,17211
69,17227
69,17232
69,17272
69,17331
69,17335
69,17340
69,17390
69,17586
69,17692
69,17863
69,17983
69,18077
69,18099
69,18195
69,18514
69,18609
69,18874
69,18885
69,19058
69,19070
69,19110
69,19124
69,19271
69,19456
69,19535
69,19630
69,19813
69,19873
69,20079
69,20124
69,20326
69,20405
69,20514
69,20565
69,20649
69,20703
69,20777
69,20949
69,21007
69,21222
69,21266
69,21282
69,21338
69,21469
69,21556
69,21614
69,21744
69,21752
69,21768
69,21805
69,22108
69,22347
69,22379
69,22408
69,22420
69,22462
69,22538
69,22672
69,22812
69,22916
69,22941
69,23154
69,23333
69,23350
69,23532
69,23573
69,23595
69,23661
69,23992
69,24319
69,24587
69,24627
69,24928
69,24949
69,25242
69,25461
69,25575
69,25597
69,25791
69,26151
69,26232
69,26402
69,26431
69,26451
69,26486
69,26785
69,26848
69,26959
69,27720
69,27757
69,27822
69,27871
69,28044
69,28178
69,28369
69,28401
69,28438
69,28493
69,28645
69,29013
69,29151
69,29187
69,29427
69,29467
70,2
70,117
70,133
70,151
70,184
70,530
70,642
70,811
70,891
70,897
70,927
70,1061
70,1115
70,1129
70,1455
70,1510
70,1595
70,1706
70,1866
70,1888
70,1985
70,1999
70,2073
70,2145
70,2181
70,2186
70,2202
70,2229
70,2306
70,2372
70,2415
70,2450
70,2518
70,2534
70,2643
70,2649
70,2691
70,2772
70,2851
70,2976
70,3033
70,3512
70,3538
70,3740
70,3916
70,3918
70,4007
70,4070
70,4114
70,4128
70,4189
70,4228
70,4259
70,4324
70,4360
70,4515
70,4532
70,4627
70,4744
70,4792
70,4965
70,5076
70,5182
70,5185
70,5251
70,5356
70,5543
70,5729
70,5737
70,5853
70,6211
70,6231
70,6373
70,6375
70,6548
70,6615
70,6665
70,7031
70,7201
70,7231
70,7254
70,7505
70,7547
70,7935
70,8249
70,8322
70,8369
70,8719
70,8746
70,8750
70,8827
70,8946
70,8953
70,9010
70,9107
70,9142
70,9363
70,9428
70,9664
70,9745
70,9773
70,9856
70,9903
70,9984
70,10119
70,10290
70,10385
70,10404
70,10638
70,10717
70,10749
70,10893
70,10922
70,10998
70,11069
70,11310
70,11311
70,11562
70,11652
70,11772
70,12046
70,12047
70,12338
70,12420
70,12482
70,12600
70,12870
70,12932
70,12974
70,13162
70,13286
70,13331
70,13353
70,13362
70,13437
70,13487
70,13585
70,13627
70,13808
70,13839
70,13857
70,14076
70,14167
70,14249
70,14387
70,14435
70,14765
70,14832
70,14865
70,15231
70,15286
70,15662
70,15711
70,16030
70,16206
70,16233
70,16284
70,16302
70,16391
70,16434
70,16626
70,16656
70,16681
70,17029
70,17055
70,17288
70,17476
70,17598
70,17679
70,18548
70,18561
70,18605
70,19006
70,19098
70,19423
70,19536
70,19860
70,19954
70,19965
70,20014
70,20051
70,20090
70,20120
70,20300
70,20315
70,20337
70,20421
70,20585
70,20682
70,20840
70,20846
70,20888
70,20965
70,20979
70,21077
70,21079
70,21126
70,21151
70,21466
70,21477
70,21783
70,21825
70,21900
70,22018
70,22019
70,22075
70,22166
70,22369
70,22388
70,22471
70,22619
70,22822
70,23013
70,23143
70,23319
70,23410
70,23459
70,23476
70,23527
70,23590
70,23850
70,23960
70,24012
70,24135
70,24291
70,24550
70,24702
70,24725
70,25090
70,25160
70,25225
70,25323
70,26031
70,26188
70,26211
70,26224
70,26360
70,26387
70,26576
70,26629
70,26941
70,27020
70,27144
70,27289
70,27328
70,27435
70,27489
70,27538
70,27756
70,28099
70,28142
70,28186
70,28423
70,28489
70,28620
70,28707
70,28869
70,29122
70,29181
70,29185
70,29199
70,29323
70,29419
71,452
71,479
71,1001
71,1304
71,1324
71,1475
71,2032
71,2186
71,2776
71,2819
71,2945
71,3381
71,3467
71,4012
71,4074
71,4228
71,4238
71,4310
71,4409
71,4443
71,4712
71,4722
71,4725
71,4769
71,4875
71,4930
71,5011
71,5365
71,5557
71,5625
71,5686
71,5870
71,5973
71,6019
71,6310
71,6413
71,6692
71,6826
71,6963
71,6988
71,7011
71,7123
71,7219
71,7224
71,7375
71,7404
71,7539
71,7630
71,7696
71,7908
71,8126
71,8173
71,8398
71,8455
71,8658
71,8675
71,8730
71,8743
71,8976
71,9069
71,9147
71,9204
71,9383
71,9411
71,9454
71,9654
71,9933
71,10197
71,10198
71,10309
71,10345
71,10472
71,10825
71,11260
71,11275
71,11302
71,11401
71,11460
71,11535
71,11634
71,12289
71,12596
71,12626
71,12691
71,13002
71,13061
71,13471
71,13776
71,13788
71,13806
71,14299
71,14400
71,14509
71,14562
71,14640
71,14874
71,15041
71,15184
71,15240
71,15274
71,15467
71,15619
71,15865
71,16239
71,16571
71,16648
71,17006
71,17237
71,17321
71,17328
71,17423
71,17535
71,17617
71,17773
71,17821
71,17932
71,18062
71,18150
71,18450
71,18584
71,18621
71,18822
71,19031
71,19100
71,19424
71,19609
71,19636
71,19642
71,19827
71,19831
71,19918
71,20212
71,20300
71,20457
71,20476
71,20722
71,20844
71,21027
71,21183
71,21304
71,21408
71,21789
71,21945
71,22037
71,22544
71,22712
71,22715
71,22737
71,22900
71,22920
71,22927
71,22969
71,23069
71,23345
71,23405
71,23646
71,23658
71,23843
71,23869
71,24088
71,24107
71,24127
71,24178
71,24186
71,24303
71,24451
71,24536
71,25553
71,25765
71,25770
71,25888
71,25916
71,26021
71,26841
71,26974
71,27321
71,27341
71,27351
71,27695
71,27711
71,27780
71,27874
71,27925
71,28106
71,28114
71,28189
71,28584
71,28600
71,28610
71,28702
71,28705
71,28950
71,28955
71,29451
72,99
72,288
72,375
72,387
72,610
72,643
72,859
72,881
72,1164
72,1203
72,1414
72,1443
72,1466
72,1478
72,1816
72,1854
72,2066
72,2068
72,2135
72,2187
72,2334
72,2485
72,2515
72,2679
72,2683
72,3046
72,3287
72,3360
72,3653
72,4056
72,4143
72,4162
72,4202
72,4225
72,4495
72,4513
72,5261
72,5262
72,5520
72,5611
72,5710
72,5788
72,6126
72,6351
72,6479
72,6492
72,6597
72,6759
72,6783
72,7003
72,7046
72,7165
72,7303
72,7384
72,7435
72,7464
72,7943
72,8136
72,8559
72,8578
72,8698
72,9115
72,9296
72,9625
72,9678
72,9708
72,9710
72,9752
72,9893
72,10072
72,10093
72,10194
72,10409
72,10597
72,10606
72,10963
72,11048
72,11294
72,11431
72,12125
72,12182
72,12632
72,12860
72,12995
72,13005
72,13149
72,13269
72,13611
72,13733
72,13756
72,13883
72,13903
72,14026
72,14282
72,14775
72,14777
72,14808
72,14935
72,15387
72,15506
72,15802
72,15970
72,16232
72,16422
72,16550
72,16598
72,16784
72,16899
72,17376
72,17637
72,17819
72,17854
72,18058
72,18072
72,18365
72,18400
72,18512
72,18526
72,18789
72,19146
72,19435
72,19487
72,19975
72,20078
72,20296
72,20543
72,20784
72,20845
72,20851
72,21019
72,21125
72,21777
72,21789
72,21893
72,21930
72,22038
72,22065
72,22132
72,22149
72,22343
72,22917
72,23210
72,23390
72,23825
72,24044
72,24056
72,24061
72,24283
72,24596
72,24621
72,24712
72,24739
72,24957
72,24998
72,25035
72,25216
72,25231
72,25264
72,25313
72,25355
72,25588
72,25593
72,25626
72,25651
72,25787
72,25843
72,25886
72,25924
72,26161
72,26513
72,26882
72,26942
72,26954
72,27295
72,27972
72,28219
72,28238
72,28392
72,28400
72,28465
72,28646
72,29091
72,29222
72,29336
72,29382
72,29468
73,292
73,308
73,684
73,782
73,1416
73,1756
73,2094
73,2463
73,2525
73,2687
73,2801
73,2823
73,2869
73,3277
73,3541
73,3588
73,3690
73,4069
73,4398
73,5604
73,5710
73,5767
73,5794
73,5887
73,5926
73,6331
73,6401
73,6407
73,6424
73,6522
73,6550
73,6753
73,7031
73,7676
73,7832
73,8046
73,8227
73,8373
73,8626
73,8651
73,8660
73,8701
73,8864
73,9141
73,9304
73,9465
73,9468
73,9499
73,9876
73,9891
73,10042
73,10045
73,10136
73,10433
73,10591
73,10692
73,11074
73,11158
73,11272
73,12069
73,12200
73,12451
73,12515
73,12521
73,12871
73,12937
73,13016
73,13085
73,13100
73,13337
73,13365
73,13465
73,13514
73,13551
73,13666
73,14415
73,14746
73,14777
73,14880
73,14969
73,15190
73,15230
73,15534
73,15658
73,15740
73,15853
73,15933
73,16068
73,16216
73,16247
73,16827
73,17087
73,17096
73,17104
73,17705
73,17968
73,18051
73,18660
73,18669
73,18685
73,18862
73,19349
73,19767
73,20212
73,20535
73,20693
73,20702
73,21220
73,21415
73,21477
73,21828
73,21945
73,22175
73,22227
73,22427
73,22562
73,22769
73,23101
73,23139
73,23512
73,23607
73,23634
73,23796
73,23804
73,23973
73,24034
73,24154
73,24157
73,24210
73,24308
73,24311
73,24347
73,24376
73,24501
73,24546
73,24930
73,25156
73,25196
73,25392
73,25631
73,25673
73,25931
73,26083
73,26098
73,26143
73,26423
73,26565
73,26770
73,27000
73,27144
73,27363
73,28233
73,28895
73,29022
73,29238
73,29261
73,29295
73,29374
73,29396
73,29483
73,29537
74,91
74,217
74,572
74,606
74,713
74,1016
74,1099
74,1242
74,1291
74,1383
74,1404
74,1420
74,1981
74,2135
74,2286
74,2522
74,2558
74,2562
74,2567
74,2579
74,2606
74,2629
74,2634
74,2697
74,2709
74,2790
74,2878
74,2925
74,3174
74,3407
74,3560
74,3669
74,4199
74,4596
74,4694
74,4769
74,4823
74,4929
74,5385
74,5495
74,5770
74,5966
74,6079
74,6399
74,6527
74,6631
74,6688
74,6799
74,6840
74,7091
74,7668
74,7990
74,8321
74,8530
74,8631
74,8708
74,8947
74,8996
74,9032
74,9538
74,9546
74,9683
74,9798
74,10020
74,10056
74,10243
74,10280
74,10350
74,10364
74,10724
74,10772
74,10837
74,11054
74,11103
74,11124
74,11270
74,11790
74,11795
74,11866
74,12177
74,12212
74,12578
74,12597
74,12737
74,13064
74,13581
74,13584
74,13602
74,13779
74,14010
74,14142
74,14299
74,14498
74,14533
74,14547
74,14673
74,14767
74,14873
74,15143
74,15353
74,15379
74,15469
74,15826
74,15963
74,16034
74,16213
74,16688
74,16826
74,16991
74,17004
74,17113
74,17327
74,17694
74,17718
74,17817
74,18154
74,18165
74,18386
74,18559
74,19040
74,19562
74,19581
74,19928
74,19953
74,20393
74,20714
74,20876
74,21070
74,21373
74,21417
74,21608
74,21612
74,21700
74,21790
74,21873
74,21889
74,22070
74,22204
74,22381
74,22588
74,22727
74,22738
74,22802
74,23092
74,23204
74,23324
74,23373
74,23405
74,23474
74,23482
74,23544
74,23855
74,23996
74,24041
74,24058
74,25203
74,25376
74,25430
74,25452
74,25529
74,25564
74,26189
74,26261
74,26468
74,27132
74,27158
74,27500
74,27512
74,27563
74,27686
74,27708
74,27722
74,27961
74,28146
74,28225
74,28279
74,28715
74,28859
74,28861
74,28870
74,29069
74,29075
74,29155
74,29189
74,29192
75,46
75,135
75,253
75,395
75,542
75,608
75,713
75,789
75,914
75,926
75,1093
75,1426
75,2018
75,2170
75,2288
75,2524
75,2676
75,2974
75,3318
75,3639
75,3724
75,3740
75,3807
75,3974
75,4127
75,4173
75,4295
75,4340
75,4436
75,4466
75,4486
75,4536
75,4974
75,5245
75,5673
75,5772
75,5785
75,5809
75,5885
75,6168
75,6552
75,6628
75,6801
75,6811
75,6892
75,7119
75,7168
75,7305
75,7500
75,7562
75,7584
75,7679
75,7771
75,7779
75,7828
75,7967
75,8150
75,8385
75,8446
75,8482
75,8519
75,8564
75,8643
75,8736
75,8796
75,8834
75,8991
75,9052
75,9069
75,9265
75,9327
75,9367
75,9824
75,10021
75,10180
75,10296
75,10401
75,10673
75,10774
75,10866
75,10952
75,11399
75,11478
75,12322
75,12385
75,12412
75,12430
75,12937
75,13000
75,13071
75,13172
75,13290
75,13362
75,13401
75,13461
75,13600
75,14371
75,14385
75,14497
75,14514
75,14628
75,14975
75,15154
75,15249
75,15641
75,15718
75,16228
75,16255
75,16411
75,16431
75,16586
75,16630
75,16896
75,17042
75,17045
75,17198
75,17237
75,17458
75,17481
75,17489
75,17541
75,17643
75,17924
75,18139
75,18271
75,18326
75,18608
75,19454
75,19808
75,19969
75,20230
75,20620
75,20812
75,21172
75,21338
75,21396
75,21576
75,21593
75,21923
75,22083
75,22213
75,22650
75,22929
75,22951
75,23134
75,23178
75,23454
75,23539
75,23563
75,23773
75,23822
75,23909
75,24112
75,24187
75,24243
75,24254
75,24266
75,24742
75,24786
75,24949
75,24968
75,25330
75,25373
75,25501
75,25649
75,25827
75,25978
75,26099
75,26272
75,26486
75,26547
75,26638
75,26839
75,26899
75,27002
75,27039
75,27092
75,27195
75,27753
75,27821
75,27899
75,27917
75,28005
75,28018
75,28028
75,28484
75,28714
75,28821
75,28946
75,28991
75,29249
75,29324
75,29518
75,29545
76,5
76,53
76,220
76,300
76,313
76,507
76,580
76,808
76,838
76,1030
76,1095
76,1099
76,1148
76,1395
76,1560
76,1674
76,1708
76,2021
76,2281
76,2317
76,2334
76,2366
76,2464
76,2581
76,2651
76,2718
76,2835
76,3221
76,3758
76,3798
76,3848
76,3972
76,3988
76,4030
76,4124
76,4450
76,4495
76,4770
76,4783
76,4889
76,4905
76,5054
76,5156
76,5230
76,5341
76,5685
76,5819
76,5827
76,5836
76,5987
76,6031
76,6090
76,6299
76,6318
76,6432
76,6738
76,6788
76,7081
76,7423
76,7570
76,7636
76,7893
76,7987
76,8363
76,8397
76,8422
76,8781
76,8818
76,8907
76,9017
76,9047
76,9124
76,9165
76,9174
76,9515
76,9671
76,9719
76,10162
76,10465
76,10676
76,10759
76,10863
76,11196
76,11318
76,11331
76,11396
76,11529
76,11729
76,11763
76,11797
76,11968
76,12301
76,12615
76,12643
76,12859
76,12928
76,13005
76,13131
76,13153
76,13181
76,13520
76,13602
76,13685
76,14008
76,14018
76,14096
76,14126
76,14231
76,14303
76,14486
76,14544
76,14796
76,14870
76,14942
76,15168
76,15199
76,15533
76,15594
76,15972
76,16075
76,16177
76,16231
76,16455
76,16639
76,16721
76,16858
76,17168
76,17227
76,17347
76,17538
76,17614
76,17692
76,17786
76,18419
76,18421
76,18517
76,18594
76,18824
76,18843
76,19230
76,19246
76,19289
76,19483
76,19627
76,19881
76,20168
76,20400
76,20587
76,20657
76,21292
76,21660
76,21688
76,22006
76,22219
76,22237
76,23185
76,23212
76,23280
76,23284
76,23448
76,23480
76,23715
76,23732
76,23778
76,24164
76,24295
76,24363
76,24398
76,24462
76,24581
76,24604
76,24776
76,24962
76,25203
76,25495
76,25524
76,25549
76,25711
76,26121
76,26145
76,26594
76,26618
76,26740
76,26792
76,26885
76,26976
76,27089
76,27321
76,27331
76,27349
76,27530
76,27642
76,27794
76,27823
76,27990
76,28175
76,28386
76,28536
76,28592
76,28645
76,28656
76,28691
76,28716
76,28735
76,28861
76,29065
76,29096
76,29114
76,29118
76,29240
76,29241
76,29242
76,29551
77,125
77,270
77,420
77,497
77,518
77,535
77,603
77,611
77,662
77,699
77,720
77,827
77,899
77,972
77,1161
77,1186
77,1244
77,1465
77,1543
77,1569
77,1634
77,1639
77,1964
77,2076
77,2174
77,2179
77,2332
77,2468
77,2478
77,2558
77,2626
77,2637
77,2671
77,2673
77,2756
77,2894
77,3105
77,3187
77,3239
77,3324
77,3344
77,3386
77,3451
77,3582
77,3764
77,3792
77,4273
77,4387
77,4482
77,4596
77,4689
77,4773
77,4786
77,4964
77,5026
77,5110
77,5294
77,5343
77,5460
77,5713
77,5861
77,5949
77,6164
77,6175
77,6202
77,6563
77,6816
77,6830
77,6838
77,6957
77,6965
77,7213
77,7327
77,7373
77,7484
77,7522
77,7643
77,7664
77,7751
77,7795
77,7905
77,7918
77,8124
77,8144
77,8341
77,8367
77,8405
77,8753
77,8789
77,8859
77,8896
77,9081
77,9197
77,9220
77,9235
77,9325
77,9362
77,9634
77,9780
77,9825
77,9866
77,9944
77,10238
77,10256
77,10346
77,10352
77,10362
77,10466
77,10559
77,10584
77,10607
77,10609
77,10614
77,10785
77,10796
77,10845
77,11084
77,11112
77,11142
77,11226
77,11238
77,11254
77,11340
77,11376
77,11569
77,11699
77,11912
77,12108
77,12114
77,12266
77,12491
77,12513
77,12621
77,12737
77,12756
77,12885
77,13055
77,13217
77,13268
77,13378
77,13453
77,13491
77,13610
77,13618
77,13825
77,13835
77,14044
77,14068
77,14141
77,14156
77,14205
77,14250
77,14263
77,14274
77,14568
77,14709
77,14864
77,14872
77,14873
77,14923
77,15026
77,15082
77,15147
77,15181
77,15438
77,15444
77,15480
77,15635
77,15761
77,15765
77,15781
77,15986
77,16126
77,16141
77,16204
77,16443
77,16496
77,16515
77,16539
77,16631
77,16640
77,16766
77,16834
77,16862
77,16927
77,16951
77,17036
77,17039
77,17129
77,17160
77,17377
77,17401
77,17890
77,17908
77,17956
77,18157
77,18187
77,18308
77,18390
77,18431
77,18434
77,18755
77,18884
77,18966
77,19030
77,19092
77,19285
77,19307
77,19320
77,19333
77,19520
77,19538
77,19643
77,19682
77,19829
77,19927
77,19966
77,20000
77,20217
77,20273
77,20281
77,20339
77,20417
77,20736
77,20774
77,20793
77,20836
77,21006
77,21105
77,21106
77,21178
77,21180
77,21394
77,21462
77,21489
77,21884
77,22069
77,22180
77,22220
77,22279
77,22284
77,22542
77,22620
77,22816
77,22838
77,22937
77,22958
77,23023
77,23041
77,23127
77,23149
77,23174
77,23211
77,23234
77,23349
77,23642
77,23714
77,23730
77,23759
77,23851
77,23881
77,24276
77,24281
77,24332
77,24397
77,24665
77,24747
77,24754
77,24959
77,25044
77,25090
77,25169
77,25176
77,25258
77,25356
77,25416
77,25554
77,25599
77,25670
77,25756
77,25794
77,25836
77,26011
77,26095
77,26207
77,26283
77,26316
77,26327
77,26341
77,26413
77,26423
77,26456
77,26472
77,26523
77,26722
77,26852
77,27043
77,27174
77,27272
77,27363
77,27442
77,27637
77,27732
77,27771
77,27887
77,27923
77,27934
77,28005
77,28127
77,28205
77,28714
77,28769
77,29007
77,29176
77,29182
77,29315
77,29344
77,29494
78,69
78,137
78,175
78,184
78,232
78,252
78,260
78,307
78,505
78,535
78,587
78,629
78,652
78,669
78,682
78,699
78,760
78,783
78,863
78,902
78,910
78,915
78,968
78,971
78,1049
78,1099
78,1164
78,1225
78,1254
78,1291
78,1390
78,1540
78,1608
78,1619
78,1637
78,1748
78,1784
78,1789
78,1987
78,2052
78,2207
78,2271
78,2364
78,2373
78,2393
78,2427
78,2458
78,2463
78,2556
78,2574
78,2576
78,2605
78,2664
78,2710
78,2721
78,2772
78,2822
78,2829
78,2839
78,2872
78,2879
78,2980
78,3063
78,3084
78,3160
78,3171
78,3191
78,3192
78,3254
78,3329
78,3358
78,3438
78,3488
78,3538
78,3580
78,3610
78,3689
78,3727
78,3802
78,3864
78,3890
78,4087
78,4136
78,4167
78,4197
78,4264
78,4324
78,4330
78,4340
78,4379
78,4638
78,4642
78,4660
78,4679
78,4753
78,4802
78,4887
78,4896
78,4923
78,4967
78,5010
78,5018
78,5032
78,5310
78,5362
78,5370
78,5407
78,5443
78,5535
78,5584
78,5604
78,5850
78,5884
78,5904
78,6001
78,6009
78,6063
78,6089
78,6117
78,6220
78,6291
78,6294
78,6307
78,6310
78,6404
78,6453
78,6464
78,6635
78,6720
78,6724
78,6777
78,6778
78,6844
78,6850
78,6965
78,7024
78,7071
78,7106
78,7110
78,7144
78,7161
78,7250
78,7320
78,7323
78,7480
78,7497
78,7537
78,7672
78,7739
78,7781
78,7850
78,7874
78,7986
78,8119
78,8232
78,8245
78,8252
78,8315
78,8387
78,8475
78,8507
78,8529
78,8623
78,8650
78,8683
78,8790
78,8850
78,8879
78,8917
78,8960
78,8982
78,8993
78,8998
78,9001
78,9100
78,9127
78,9177
78,9192
78,9209
78,9232
78,9261
78,9289
78,9296
78,9308
78,9552
78,9593
78,9706
78,9882
78,9958
78,9988
78,10006
78,10017
78,10091
78,10095
78,10141
78,10174
78,10253
78,10256
78,10275
78,10279
78,10280
78,10327
78,10391
78,10412
78,10470
78,10522
78,10589
78,10611
78,10620
78,10654
78,10656
78,10673
78,10739
78,10813
78,10903
78,10993
78,11034
78,11062
78,11138
78,11158
78,11204
78,11219
78,11275
78,11305
78,11510
78,11779
78,11840
78,11873
78,11963
78,12064
78,12092
78,12132
78,12141
78,12154
78,12177
78,12452
78,12466
78,12680
78,12696
78,12734
78,12747
78,12773
78,12803
78,12878
78,12881
78,12914
78,12916
78,12926
78,13101
78,13165
78,13170
78,13179
78,13243
78,13250
78,13263
78,13267
78,13301
78,13337
78,13361
78,13462
78,13607
78,13695
78,13749
78,13847
78,13895
78,14016
78,14032
78,14055
78,14220
78,14252
78,14259
78,14353
78,14361
78,14407
78,14551
78,14623
78,14626
78,14710
78,14718
78,14815
78,14855
78,14868
78,14954
78,14998
78,15100
78,15107
78,15217
78,15255
78,15292
78,15300
78,15338
78,15378
78,15443
78,15549
78,15627
78,15636
78,15651
78,15704
78,15773
78,15898
78,15948
78,15962
78,16055
78,16083
78,16090
78,16127
78,16161
78,16195
78,16235
78,16270
78,16364
78,16395
78,16426
78,16441
78,16498
78,16558
78,16585
78,16612
78,16646
78,16754
78,16770
78,16898
78,16958
78,16990
78,17040
78,17127
78,17273
78,17299
78,17325
78,17332
78,17356
78,17357
78,17367
78,17399
78,17401
78,17404
78,17451
78,17453
78,17566
78,17575
78,17752
78,17868
78,17944
78,18073
78,18095
78,18101
78,18168
78,18242
78,18245
78,18279
78,18367
78,18478
78,18516
78,18575
78,18580
78,18605
78,18696
78,18700
78,18738
78,18745
78,18761
78,18802
78,18856
78,18968
78,19028
78,19063
78,19189
78,19237
78,19554
78,19562
78,19572
78,19630
78,19667
78,19785
78,19941
78,20015
78,20021
78,20036
78,20051
78,20056
78,20115
78,20142
78,20156
78,20175
78,20316
78,20340
78,20403
78,20408
78,20409
78,20517
78,20606
78,20764
78,20916
78,21175
78,21209
78,21265
78,21412
78,21449
78,21727
78,21832
78,21972
78,21978
78,21991
78,22036
78,22073
78,22100
78,22163
78,22205
78,22267
78,22280
78,22412
78,22442
78,22466
78,22476
78,22493
78,22508
78,22746
78,22813
78,22859
78,22864
78,22943
78,22945
78,23037
78,23292
78,23335
78,23464
78,23539
78,23554
78,23600
78,23628
78,23696
78,23709
78,23744
78,23826
78,23848
78,23924
78,23953
78,23954
78,23959
78,23987
78,24112
78,24126
78,24131
78,24162
78,24200
78,24251
78,24412
78,24498
78,24499
78,24519
78,24531
78,24571
78,24586
78,24673
78,24690
78,24732
78,24733
78,24764
78,24822
78,24932
78,24958
78,24989
78,25091
78,25160
78,25241
78,25331
78,25367
78,25379
78,25385
78,25419
78,25433
78,25438
78,25507
78,25566
78,25573
78,25602
78,25677
78,25730
78,25776
78,25807
78,25861
78,25948
78,25997
78,26004
78,26111
78,26122
78,26220
78,26234
78,26254
78,26296
78,26305
78,26332
78,26342
78,26374
78,26512
78,26520
78,26526
78,26605
78,26676
78,26843
78,27099
78,27260
78,27326
78,27360
78,27547
78,27649
78,27793
78,27821
78,27914
78,27969
78,28138
78,28159
78,28349
78,28409
78,28419
78,28453
78,28492
78,28569
78,28580
78,28611
78,28861
78,28882
78,28924
78,28977
78,29023
78,29027
78,29060
78,29127
78,29130
78,29144
78,29522
78,29528
79,3
79,18
79,68
79,217
79,306
79,368
79,528
79,589
79,663
79,683
79,862
79,976
79,995
79,1019
79,1125
79,1245
79,1447
79,1602
79,1630
79,1695
79,1711
79,1791
79,1863
79,1946
79,1980
79,2102
79,2128
79,2142
79,2176
79,2197
79,2260
79,2263
79,2349
79,2360
79,2373
79,2419
79,2520
79,2526
79,2578
79,2615
79,2631
79,2672
79,2821
79,3007
79,3032
79,3056
79,3101
79,3107
79,3116
79,3126
79,3193
79,3284
79,3310
79,3311
79,3348
79,3363
79,3427
79,3456
79,3494
79,3747
79,3779
79,3860
79,3903
79,4061
79,4103
79,4176
79,4198
79,4255
79,4281
79,4335
79,4393
79,4422
79,4452
79,4473
79,4479
79,4509
79,4561
79,4821
79,4830
79,5023
79,5058
79,5233
79,5236
79,5247
79,5275
79,5364
79,5468
79,5474
79,5557
79,5716
79,5765
79,5771
79,5833
79,5911
79,5940
79,6031
79,6099
79,6121
79,6147
79,6236
79,6243
79,6262
79,6265
79,6306
79,6408
79,6416
79,6550
79,6587
79,6642
79,6663
79,6690
79,6772
79,6828
79,6899
79,7037
79,7076
79,7119
79,7160
79,7339
79,7404
79,7458
79,7462
79,7553
79,7584
79,7591
79,7639
79,7652
79,7713
79,7751
79,7929
79,7940
79,7945
79,7977
79,8105
79,8148
79,8165
79,8295
79,8339
79,8377
79,8398
79,8442
79,8480
79,8542
79,8672
79,8725
79,8911
79,8925
79,8928
79,9103
79,9203
79,9304
79,9454
79,9475
79,9517
79,9519
79,9561
79,9591
79,9598
79,9617
79,9710
79,9726
79,9950
79,9956
79,9983
79,10084
79,10271
79,10322
79,10427
79,10486
79,10548
79,10697
79,10714
79,10741
79,10786
79,10929
79,10976
79,11031
79,11037
79,11052
79,11062
79,11119
79,11133
79,11143
79,11182
79,11226
79,11244
79,11457
79,11463
79,11510
79,11549
79,11622
79,11660
79,11758
79,11878
79,11885
79,11931
79,11935
79,11946
79,11995
79,12014
79,12057
79,12072
79,12161
79,12214
79,12224
79,12260
79,12330
79,12351
79,12370
79,12372
79,12445
79,12477
79,12574
79,12636
79,12699
79,12743
79,12927
79,12994
79,13180
79,13189
79,13215
79,13470
79,13505
79,13598
79,13609
79,13760
79,13770
79,13816
79,13888
79,13907
79,13986
79,14063
79,14151
79,14291
79,14355
79,14423
79,14438
79,14566
79,14567
79,14579
79,14700
79,14726
79,14735
79,14821
79,14857
79,14895
79,14917
79,14959
79,15017
79,15063
79,15072
79,15089
79,15204
79,15315
79,15497
79,15602
79,15636
79,15655
79,15681
79,15699
79,15718
79,15735
79,15768
79,15843
79,15858
79,15886
79,15902
79,16006
79,16127
79,16167
79,16190
79,16210
79,16218
79,16316
79,16399
79,16475
79,16581
79,16636
79,16721
79,16727
79,16732
79,16890
79,16966
79,17051
79,17108
79,17131
79,17257
79,17288
79,17309
79,17472
79,17521
79,17738
79,17817
79,17867
79,17999
79,18088
79,18185
79,18191
79,18215
79,18219
79,18243
79,18295
79,18312
79,18383
79,18389
79,18458
79,18526
79,18546
79,18608
79,18740
79,18777
79,18850
79,18914
79,18957
79,18986
79,19045
79,19055
79,19058
79,19182
79,19256
79,19297
79,19317
79,19374
79,19549
79,19579
79,19664
79,19697
79,19750
79,19757
79,19788
79,19866
79,19895
79,20012
79,20040
79,20044
79,20048
79,20065
79,20107
79,20244
79,20257
79,20315
79,20320
79,20493
79,20649
79,20745
79,20765
79,20831
79,20863
79,20882
79,21022
79,21171
79,21290
79,21304
79,21364
79,21418
79,21457
79,21486
79,21517
79,21528
79,21552
79,21587
79,21618
79,21671
79,21676
79,21703
79,21727
79,21749
79,21764
79,21769
79,21820
79,21862
79,22007
79,22013
79,22128
79,22176
79,22211
79,22418
79,22472
79,22679
79,22706
79,22717
79,22726
79,22769
79,22843
79,22856
79,22889
79,22991
79,23125
79,23183
79,23300
79,23348
79,23424
79,23448
79,23450
79,23572
79,23662
79,23704
79,23795
79,23798
79,23960
79,24005
79,24066
79,24151
79,24188
79,24241
79,24266
79,24271
79,24341
79,24361
79,24421
79,24433
79,24448
79,24474
79,24496
79,24507
79,24525
79,24538
79,24564
79,24581
79,24692
79,24701
79,24916
79,25058
79,25228
79,25263
79,25308
79,25373
79,25430
79,25460
79,25493
79,25515
79,25548
79,25595
79,25619
79,25641
79,25688
79,25709
79,25744
79,25842
79,25862
79,25910
79,25986
79,26035
79,26238
79,26252
79,26326
79,26363
79,26402
79,26459
79,26521
79,26537
79,26570
79,26623
79,26663
79,26718
79,26768
79,26881
79,26921
79,27107
79,27108
79,27195
79,27221
79,27232
79,27237
79,27271
79,27370
79,27387
79,27451
79,27583
79,27724
79,27747
79,27748
79,27778
79,27840
79,27895
79,27897
79,27927
79,27996
79,28070
79,28104
79,28151
79,28239
79,28297
79,28349
79,28415
79,28591
79,28666
79,28668
79,28808
79,28914
79,28986
79,29008
79,29079
79,29185
79,29216
79,29221
79,29245
79,29255
79,29270
79,29293
79,29440
79,29449
79,29516
79,29526
79,29559
