layer,neuron
24,8243
24,10821
24,19144
24,22875
24,25956
24,28890
25,1877
25,3383
25,5658
25,5836
25,9631
25,23662
25,26273
25,26662
26,2894
26,3022
26,7434
26,9428
26,11091
26,11657
26,14947
26,17421
26,17815
26,18298
26,19973
26,20788
26,23617
26,25320
26,25610
26,26210
26,27436
26,28037
26,28469
27,318
27,686
27,1956
27,3107
27,3168
27,3715
27,3736
27,3780
27,4724
27,4903
27,5140
27,6402
27,7572
27,10422
27,10458
27,10552
27,11245
27,12018
27,13419
27,13459
27,13583
27,13814
27,13879
27,14288
27,14857
27,15525
27,16095
27,16390
27,16997
27,17370
27,18216
27,19190
27,19327
27,19497
27,19692
27,19994
27,20234
27,20498
27,20709
27,22194
27,23170
27,23276
27,23477
27,24853
27,26580
27,27174
27,27350
27,27645
27,29457
28,459
28,811
28,1061
28,1132
28,1255
28,1387
28,1571
28,1897
28,1905
28,2536
28,3129
28,4032
28,4721
28,4752
28,4828
28,4972
28,5664
28,5668
28,5740
28,6102
28,6138
28,6315
28,7014
28,7202
28,7305
28,7616
28,7708
28,9798
28,10022
28,10490
28,11418
28,11530
28,12015
28,12239
28,12246
28,12622
28,12723
28,13009
28,13021
28,13030
28,13776
28,13778
28,14576
28,15734
28,15970
28,16495
28,17910
28,18071
28,18548
28,18845
28,19093
28,19144
28,19501
28,20290
28,20781
28,21005
28,21923
28,22723
28,23274
28,23388
28,23499
28,23937
28,25192
28,26720
28,27035
28,27312
28,28585
28,29127
28,29176
29,308
29,408
29,785
29,1271
29,1353
29,1745
29,2019
29,2637
29,2820
29,3039
29,3665
29,4557
29,5054
29,5061
29,5118
29,5139
29,5172
29,5928
29,6125
29,7224
29,8111
29,8454
29,8614
29,8666
29,8962
29,9368
29,9699
29,9829
29,9938
29,10447
29,10996
29,12480
29,12500
29,12753
29,13140
29,13149
29,13614
29,13786
29,13811
29,14070
29,14104
29,14307
29,14818
29,14860
29,14995
29,15042
29,15338
29,15758
29,16050
29,16577
29,16999
29,17196
29,17197
29,17280
29,17563
29,17693
29,18109
29,18470
29,18519
29,18582
29,18670
29,18720
29,18890
29,19227
29,19538
29,19671
29,20271
29,20313
29,21037
29,21078
29,22306
29,22581
29,22601
29,22611
29,22796
29,22839
29,23195
29,23312
29,23619
29,23744
29,23813
29,23891
29,25369
29,26000
29,26526
29,26942
29,27737
29,27902
29,27920
29,27937
29,28038
29,28299
29,28437
29,28636
29,29305
29,29456
30,113
30,270
30,718
30,766
30,918
30,982
30,1029
30,1165
30,1329
30,1391
30,1424
30,1470
30,1523
30,1937
30,1984
30,2121
30,2126
30,2312
30,2319
30,2906
30,4265
30,4283
30,4303
30,4486
30,4581
30,4753
30,4802
30,5171
30,5937
30,6523
30,6600
30,6723
30,6912
30,6923
30,7702
30,7726
30,7740
30,7787
30,7797
30,8158
30,8251
30,8441
30,8457
30,8462
30,8985
30,9045
30,9105
30,9170
30,9172
30,9262
30,9406
30,9562
30,9690
30,9733
30,10171
30,10343
30,10609
30,10620
30,10724
30,10780
30,11159
30,11284
30,11301
30,11516
30,12100
30,12168
30,12218
30,12277
30,12284
30,12924
30,13019
30,13040
30,13162
30,13190
30,13225
30,13694
30,13894
30,13942
30,14178
30,14662
30,15372
30,15704
30,15732
30,15792
30,16225
30,16260
30,16311
30,16490
30,16659
30,16712
30,16970
30,17011
30,17082
30,18041
30,18187
30,18326
30,18367
30,18370
30,18573
30,18661
30,18867
30,19164
30,19454
30,19720
30,19797
30,19843
30,19844
30,19959
30,19986
30,20095
30,20310
30,20335
30,20636
30,20644
30,20652
30,20731
30,20856
30,21022
30,21164
30,21806
30,21850
30,21886
30,21942
30,21955
30,22287
30,22546
30,22645
30,22981
30,23171
30,23312
30,23329
30,23441
30,23649
30,23712
30,23806
30,23906
30,23912
30,24145
30,24268
30,24371
30,24443
30,24445
30,24551
30,24615
30,24906
30,25740
30,25763
30,25819
30,25885
30,25955
30,26032
30,26333
30,26461
30,26919
30,26924
30,26964
30,27328
30,27438
30,27551
30,27674
30,27690
30,28180
30,28192
30,28314
30,28332
30,28337
30,28379
30,28415
30,28445
30,28637
30,28804
30,28969
30,29235
31,108
31,149
31,177
31,183
31,184
31,502
31,626
31,781
31,1037
31,1259
31,1378
31,1461
31,1535
31,1569
31,1647
31,1681
31,1933
31,2017
31,2089
31,2248
31,2296
31,2384
31,2615
31,2626
31,2696
31,2767
31,2780
31,2854
31,2923
31,3081
31,3284
31,3317
31,3395
31,3556
31,3729
31,4083
31,4833
31,4977
31,5009
31,5148
31,5227
31,5275
31,5369
31,5439
31,5497
31,5861
31,6139
31,6216
31,6307
31,6415
31,6439
31,6488
31,6511
31,6630
31,6904
31,6968
31,7020
31,7021
31,7023
31,7179
31,7181
31,7377
31,7642
31,7665
31,8003
31,8096
31,8278
31,8301
31,8338
31,8351
31,8490
31,8894
31,8933
31,8938
31,8946
31,8960
31,8971
31,9011
31,9069
31,9385
31,9600
31,9815
31,9884
31,9912
31,10623
31,10644
31,10675
31,10763
31,10832
31,10834
31,10889
31,11023
31,11100
31,11189
31,11266
31,11397
31,11578
31,11948
31,12159
31,12193
31,12215
31,12869
31,13047
31,13138
31,13462
31,13573
31,13652
31,13886
31,13916
31,13943
31,13949
31,13974
31,14108
31,14130
31,14160
31,14565
31,14823
31,14858
31,14912
31,15204
31,15275
31,15624
31,15717
31,15760
31,15788
31,15839
31,15907
31,15960
31,15987
31,16228
31,16299
31,16543
31,16578
31,16974
31,16989
31,17316
31,17475
31,17547
31,17553
31,17620
31,17716
31,17929
31,18027
31,18139
31,18186
31,18197
31,18409
31,18574
31,18591
31,18762
31,18767
31,18794
31,18989
31,19008
31,19285
31,19456
31,19571
31,19677
31,19715
31,19781
31,19952
31,19958
31,20076
31,20213
31,20567
31,20734
31,20743
31,20822
31,21046
31,21088
31,21090
31,21138
31,21222
31,21326
31,21480
31,21522
31,21593
31,21842
31,21868
31,21941
31,22053
31,22268
31,22342
31,22357
31,22686
31,23117
31,23175
31,23185
31,23261
31,23579
31,23682
31,23754
31,24115
31,24604
31,24702
31,24747
31,24844
31,25149
31,25330
31,25337
31,25440
31,25497
31,25757
31,25839
31,25866
31,25927
31,26021
31,26063
31,26289
31,26350
31,26607
31,26877
31,26902
31,27022
31,27332
31,27357
31,27446
31,27465
31,27528
31,27538
31,27610
31,27644
31,27745
31,27851
31,28040
31,28139
31,28340
31,28493
31,28565
31,28613
31,28779
31,29001
31,29003
31,29009
31,29062
31,29132
31,29191
31,29353
32,250
32,285
32,301
32,386
32,562
32,668
32,958
32,970
32,984
32,1014
32,1203
32,1248
32,1420
32,1469
32,1550
32,1828
32,1860
32,1863
32,1928
32,1950
32,1977
32,2288
32,2683
32,2773
32,3057
32,3116
32,3262
32,3458
32,3636
32,3810
32,4105
32,4114
32,4152
32,4227
32,4369
32,4850
32,4969
32,4971
32,5032
32,5087
32,5171
32,5408
32,5452
32,5648
32,5727
32,5769
32,6023
32,6103
32,6250
32,7094
32,7149
32,7278
32,7326
32,7425
32,7826
32,8202
32,8271
32,8321
32,8327
32,8457
32,8520
32,8774
32,8788
32,8969
32,9079
32,9093
32,9599
32,9671
32,9834
32,10004
32,10036
32,10039
32,10043
32,10138
32,10453
32,10474
32,10492
32,10597
32,10639
32,10746
32,10758
32,10873
32,10897
32,10932
32,11124
32,11370
32,11409
32,11461
32,11508
32,11524
32,11531
32,11726
32,11802
32,12072
32,12223
32,12262
32,12427
32,12643
32,12703
32,12804
32,13018
32,13041
32,13153
32,13261
32,13531
32,13637
32,13662
32,13840
32,13939
32,14146
32,14351
32,14463
32,14610
32,14871
32,14986
32,15046
32,15206
32,15313
32,15350
32,15772
32,15795
32,15898
32,15963
32,16191
32,16313
32,16419
32,16444
32,16446
32,16497
32,16558
32,16657
32,17026
32,17052
32,17059
32,17315
32,17481
32,17554
32,17566
32,17629
32,17709
32,17850
32,17973
32,18069
32,18357
32,18808
32,18921
32,18979
32,19008
32,19146
32,19166
32,19289
32,19393
32,19625
32,19637
32,19770
32,20091
32,20101
32,20400
32,20416
32,20425
32,20452
32,20505
32,20615
32,20633
32,20821
32,20823
32,20848
32,20862
32,21370
32,21396
32,21503
32,21588
32,21797
32,22040
32,23035
32,23065
32,23423
32,23531
32,23693
32,23949
32,24014
32,24046
32,24251
32,24314
32,24501
32,24541
32,24627
32,24764
32,24804
32,24932
32,24936
32,25010
32,25348
32,25553
32,25598
32,25781
32,25956
32,26361
32,26378
32,26873
32,26905
32,27053
32,27104
32,27326
32,27479
32,27611
32,27837
32,27860
32,28065
32,28201
32,28254
32,28435
32,28463
32,28484
32,28789
32,28880
32,28917
32,29044
32,29135
32,29196
32,29273
32,29422
32,29452
33,85
33,279
33,337
33,344
33,570
33,785
33,1189
33,1227
33,1229
33,1238
33,1300
33,1317
33,1447
33,1527
33,1538
33,1552
33,1627
33,1996
33,2312
33,2417
33,2588
33,2646
33,2671
33,2807
33,2839
33,2914
33,2938
33,2958
33,3036
33,3055
33,3135
33,3142
33,3272
33,3284
33,3303
33,3432
33,3508
33,3601
33,3673
33,3680
33,3701
33,4143
33,4232
33,4376
33,4410
33,4431
33,4502
33,4558
33,4630
33,4754
33,4771
33,4789
33,4819
33,4883
33,4938
33,5297
33,5335
33,5353
33,5423
33,5479
33,5637
33,5671
33,5914
33,5989
33,5993
33,6106
33,6187
33,6259
33,6288
33,6434
33,6506
33,6632
33,6722
33,6767
33,6772
33,7046
33,7098
33,7192
33,7271
33,7278
33,7393
33,7582
33,7675
33,7716
33,7838
33,7959
33,7987
33,8102
33,8142
33,8171
33,8344
33,8492
33,8525
33,8584
33,8651
33,8713
33,8746
33,8818
33,8888
33,8890
33,9142
33,9178
33,9329
33,9349
33,9652
33,9706
33,9846
33,9914
33,9924
33,10018
33,10019
33,10065
33,10097
33,10181
33,10185
33,10199
33,10285
33,10439
33,10479
33,10483
33,10566
33,10633
33,10654
33,10684
33,10701
33,10714
33,11150
33,11177
33,11210
33,11236
33,11443
33,11575
33,11593
33,11682
33,11738
33,11739
33,11819
33,12001
33,12095
33,12402
33,12537
33,12870
33,12933
33,12984
33,13014
33,13566
33,13570
33,13600
33,13639
33,13683
33,13763
33,13792
33,13923
33,13937
33,14007
33,14039
33,14249
33,14438
33,14599
33,14615
33,14641
33,14735
33,14835
33,15228
33,15241
33,15493
33,15497
33,15529
33,15685
33,15954
33,15959
33,16055
33,16062
33,16108
33,16197
33,16271
33,16299
33,16316
33,16401
33,16432
33,16455
33,16629
33,16899
33,16901
33,16983
33,17071
33,17197
33,17298
33,17414
33,17644
33,17664
33,17745
33,17799
33,18126
33,18250
33,18292
33,18342
33,18381
33,18403
33,18469
33,18475
33,18533
33,18661
33,18688
33,18845
33,18993
33,19042
33,19070
33,19231
33,19281
33,19499
33,19581
33,19708
33,19850
33,19935
33,20100
33,20251
33,20294
33,20366
33,20588
33,20702
33,20719
33,20738
33,20786
33,21176
33,21292
33,21410
33,21465
33,22331
33,22348
33,22609
33,22845
33,22851
33,22987
33,23258
33,23328
33,23344
33,23371
33,23492
33,23567
33,23578
33,23617
33,23814
33,23842
33,24241
33,24324
33,24424
33,24509
33,24707
33,25056
33,25076
33,25147
33,25195
33,25266
33,25335
33,25499
33,25509
33,25889
33,25914
33,26102
33,26144
33,26154
33,26368
33,26519
33,26557
33,26562
33,26771
33,26781
33,26830
33,26913
33,27076
33,27150
33,27159
33,27314
33,27435
33,27547
33,27726
33,27773
33,27791
33,27847
33,27950
33,27967
33,28186
33,28326
33,28420
33,28574
33,28755
33,28817
33,28898
33,28943
33,29042
33,29109
33,29397
33,29413
33,29414
34,65
34,70
34,203
34,339
34,389
34,485
34,694
34,710
34,767
34,802
34,952
34,998
34,1072
34,1080
34,1239
34,1305
34,1324
34,1413
34,1537
34,1606
34,1783
34,1805
34,2010
34,2109
34,2285
34,2418
34,2477
34,2485
34,2517
34,2978
34,3049
34,3083
34,3111
34,3130
34,3383
34,3663
34,3706
34,3855
34,4017
34,4156
34,4359
34,4466
34,4539
34,4939
34,4970
34,5046
34,5083
34,5108
34,5293
34,5433
34,5539
34,5625
34,5750
34,5769
34,5777
34,5981
34,6000
34,6120
34,6150
34,6155
34,6401
34,6412
34,6495
34,6611
34,6639
34,6785
34,6857
34,7020
34,7147
34,7206
34,7388
34,7427
34,7677
34,7867
34,7869
34,7937
34,7956
34,7966
34,8336
34,8511
34,8580
34,8583
34,9029
34,9135
34,9347
34,9356
34,9476
34,9567
34,9597
34,9940
34,9970
34,10356
34,10498
34,10619
34,10669
34,10675
34,10753
34,11062
34,11105
34,11181
34,11200
34,11517
34,11706
34,11966
34,12009
34,12028
34,12047
34,12070
34,12545
34,12580
34,12822
34,12865
34,13015
34,13025
34,13032
34,13135
34,13224
34,13263
34,13468
34,13474
34,13614
34,13686
34,13711
34,13727
34,13840
34,13929
34,13951
34,14031
34,14073
34,14098
34,14113
34,14193
34,14207
34,14248
34,14262
34,14410
34,15012
34,15087
34,15192
34,15278
34,15310
34,15390
34,15904
34,15919
34,16035
34,16045
34,16092
34,16341
34,16469
34,16643
34,16861
34,16916
34,16951
34,16954
34,17018
34,17046
34,17182
34,17249
34,17440
34,17475
34,17600
34,17606
34,17670
34,17783
34,17870
34,17968
34,18018
34,18171
34,18190
34,18262
34,18330
34,18468
34,18742
34,18807
34,18906
34,19054
34,19365
34,19441
34,19647
34,19801
34,19922
34,19938
34,20475
34,20515
34,20688
34,20827
34,20871
34,21395
34,21399
34,21603
34,22348
34,22570
34,22786
34,22842
34,22977
34,23082
34,23274
34,23308
34,23334
34,23372
34,23469
34,23789
34,23814
34,23856
34,24192
34,24336
34,24352
34,24382
34,24730
34,24838
34,24896
34,25143
34,25162
34,25210
34,25307
34,25469
34,25555
34,25748
34,25995
34,26001
34,26163
34,26530
34,26742
34,26954
34,27009
34,27228
34,27364
34,27473
34,27543
34,27632
34,27664
34,27710
34,27791
34,27871
34,27976
34,28048
34,28126
34,28164
34,28396
34,28425
34,28446
34,28501
34,28565
34,28610
34,28670
34,28689
34,28806
34,28809
34,28894
34,28928
34,28980
34,29086
34,29287
34,29495
34,29540
35,131
35,212
35,367
35,507
35,588
35,653
35,681
35,739
35,865
35,985
35,1041
35,1057
35,1158
35,1181
35,1308
35,1466
35,1701
35,1860
35,2002
35,2158
35,2295
35,2530
35,2755
35,2775
35,2836
35,2988
35,3018
35,3131
35,3188
35,3246
35,3360
35,3400
35,3440
35,3578
35,3719
35,3792
35,3847
35,3850
35,4093
35,4233
35,4274
35,4276
35,4417
35,4462
35,4849
35,5028
35,5224
35,5445
35,5478
35,5521
35,5624
35,5823
35,5865
35,5878
35,6109
35,6174
35,6263
35,6529
35,6535
35,6623
35,6669
35,6718
35,6815
35,6879
35,7063
35,7166
35,7221
35,7284
35,7307
35,7340
35,7396
35,7779
35,7789
35,7875
35,7892
35,7925
35,7930
35,8003
35,8008
35,8204
35,8396
35,8421
35,8588
35,9000
35,9100
35,9113
35,9341
35,9520
35,9658
35,9944
35,10062
35,10219
35,10414
35,10534
35,10663
35,10719
35,10813
35,10818
35,10849
35,10942
35,10970
35,11047
35,11157
35,11162
35,11220
35,11388
35,11591
35,11700
35,11713
35,11972
35,12007
35,12041
35,12285
35,12310
35,12378
35,12446
35,12529
35,12742
35,12870
35,12920
35,13063
35,13180
35,13367
35,13493
35,13558
35,13665
35,13735
35,13858
35,13970
35,14435
35,14595
35,14631
35,14707
35,14728
35,14873
35,15190
35,15232
35,15301
35,15409
35,15488
35,15545
35,15604
35,15720
35,15803
35,15845
35,15933
35,15942
35,16052
35,16133
35,16170
35,16435
35,16482
35,16536
35,16692
35,16756
35,16771
35,16835
35,17016
35,17153
35,17386
35,17576
35,17663
35,17862
35,17989
35,18075
35,18129
35,18215
35,18221
35,18326
35,18381
35,18420
35,19019
35,19130
35,19257
35,19386
35,19481
35,19537
35,19557
35,19607
35,19769
35,19911
35,19943
35,20038
35,20119
35,20141
35,20246
35,20518
35,20589
35,20683
35,20731
35,20995
35,21163
35,21175
35,21385
35,21511
35,21536
35,21563
35,22033
35,22079
35,22093
35,22212
35,22215
35,22506
35,22614
35,23051
35,23124
35,23126
35,23194
35,23223
35,23274
35,23348
35,23364
35,23372
35,23441
35,23568
35,23751
35,23881
35,24558
35,24567
35,24587
35,24676
35,25339
35,25495
35,25509
35,25659
35,25796
35,25819
35,26052
35,26193
35,26201
35,26256
35,26283
35,26494
35,26606
35,26668
35,26919
35,27049
35,27076
35,27171
35,27251
35,27540
35,27609
35,27673
35,28081
35,28275
35,28472
35,28531
35,28545
35,28660
35,28926
35,29250
35,29296
35,29399
35,29402
35,29551
36,281
36,394
36,480
36,545
36,572
36,590
36,649
36,1085
36,1116
36,1148
36,1172
36,1452
36,1454
36,1516
36,1810
36,1988
36,1991
36,2127
36,2141
36,2265
36,2349
36,2427
36,2433
36,2560
36,2568
36,2584
36,2628
36,2708
36,2734
36,2749
36,2787
36,2821
36,3106
36,3113
36,3190
36,3199
36,3505
36,3513
36,3605
36,4000
36,4127
36,4511
36,4514
36,4581
36,4625
36,4655
36,4681
36,4773
36,4931
36,5042
36,5152
36,5209
36,5399
36,5442
36,5497
36,6039
36,6360
36,6512
36,6726
36,7058
36,7234
36,7247
36,7284
36,7363
36,7547
36,7623
36,8149
36,8167
36,8376
36,8418
36,8659
36,8666
36,8747
36,8774
36,8789
36,9286
36,9488
36,9549
36,9562
36,9590
36,9616
36,9815
36,9831
36,9933
36,10107
36,10188
36,10214
36,10293
36,10354
36,10365
36,10511
36,10513
36,10527
36,10569
36,10670
36,10673
36,10756
36,10783
36,11232
36,11284
36,11346
36,11372
36,11431
36,11492
36,11499
36,11767
36,11769
36,11780
36,11795
36,11947
36,12113
36,12126
36,12159
36,12198
36,12251
36,12252
36,12344
36,12416
36,12552
36,12582
36,12664
36,13023
36,13318
36,13399
36,13508
36,13553
36,13726
36,13744
36,13855
36,13926
36,14018
36,14123
36,14453
36,14555
36,14556
36,14685
36,14724
36,14921
36,14944
36,14959
36,15105
36,15146
36,15220
36,15281
36,15320
36,15359
36,15421
36,15457
36,15479
36,15646
36,15862
36,15986
36,16119
36,16122
36,16195
36,16256
36,16325
36,16453
36,16547
36,16553
36,16764
36,16836
36,16908
36,17153
36,17185
36,17466
36,17489
36,17509
36,17511
36,17675
36,17719
36,17822
36,17834
36,18005
36,18639
36,18710
36,18734
36,18852
36,18984
36,19069
36,19071
36,19153
36,19154
36,19158
36,19335
36,19419
36,19421
36,19518
36,19603
36,19785
36,19870
36,19960
36,19966
36,20137
36,20226
36,20251
36,20310
36,20440
36,20866
36,21099
36,21228
36,21255
36,21477
36,21718
36,21796
36,21936
36,22095
36,22138
36,22437
36,22647
36,22685
36,22700
36,22726
36,22736
36,23046
36,23120
36,23168
36,23205
36,23292
36,23411
36,23426
36,23658
36,23840
36,23843
36,23943
36,23949
36,24050
36,24229
36,24242
36,24277
36,24288
36,24355
36,24363
36,24738
36,24999
36,25025
36,25204
36,25574
36,25713
36,25799
36,26005
36,26107
36,26140
36,26243
36,26257
36,26329
36,26332
36,26383
36,26411
36,26439
36,26522
36,26569
36,26579
36,26594
36,26694
36,27135
36,27166
36,27458
36,27767
36,27771
36,27796
36,27986
36,28014
36,28144
36,28293
36,28298
36,28303
36,28310
36,28501
36,28823
36,28831
36,28962
36,29036
36,29187
36,29210
36,29281
36,29435
36,29479
36,29536
36,29566
37,48
37,96
37,172
37,174
37,181
37,259
37,260
37,417
37,453
37,567
37,607
37,625
37,651
37,917
37,922
37,980
37,1018
37,1038
37,1082
37,1164
37,1175
37,1214
37,1221
37,1296
37,1329
37,1332
37,1338
37,1387
37,1455
37,1465
37,1512
37,1548
37,1581
37,1637
37,1778
37,1852
37,2020
37,2052
37,2147
37,2166
37,2264
37,2265
37,2469
37,2575
37,2620
37,2765
37,2878
37,3163
37,3190
37,3238
37,3486
37,3505
37,3509
37,3545
37,3550
37,3943
37,4016
37,4045
37,4130
37,4215
37,4353
37,4455
37,4542
37,4578
37,4793
37,4814
37,4950
37,5193
37,5377
37,5406
37,5477
37,5481
37,5642
37,5645
37,5682
37,5876
37,5963
37,5986
37,5998
37,6037
37,6094
37,6123
37,6190
37,6343
37,6515
37,6535
37,6664
37,6722
37,6904
37,6961
37,6997
37,7093
37,7175
37,7433
37,7464
37,7494
37,7495
37,7531
37,7616
37,7756
37,7809
37,7871
37,7873
37,7954
37,8089
37,8172
37,8204
37,8235
37,8294
37,8333
37,8756
37,8807
37,8819
37,8859
37,8900
37,8982
37,9096
37,9199
37,9242
37,9329
37,9342
37,9368
37,9371
37,9469
37,10185
37,10223
37,10316
37,10370
37,10710
37,10765
37,10848
37,10926
37,10980
37,10994
37,11152
37,11204
37,11342
37,11436
37,11494
37,11514
37,11684
37,11778
37,11787
37,11789
37,11982
37,12007
37,12143
37,12217
37,12294
37,12338
37,12384
37,12425
37,12623
37,12650
37,12653
37,12717
37,12730
37,12754
37,12824
37,12851
37,13044
37,13060
37,13099
37,13118
37,13156
37,13222
37,13318
37,13504
37,13568
37,13740
37,13761
37,13787
37,13791
37,14128
37,14140
37,14201
37,14234
37,14450
37,14465
37,14466
37,14540
37,14616
37,14623
37,14638
37,14641
37,14642
37,14750
37,14753
37,14854
37,15005
37,15156
37,15282
37,15496
37,15581
37,15587
37,15633
37,15704
37,15714
37,15737
37,15761
37,15784
37,15805
37,15821
37,15969
37,15996
37,16216
37,16360
37,16416
37,16453
37,16465
37,16479
37,16491
37,16568
37,16610
37,16712
37,16755
37,17271
37,17332
37,17340
37,17396
37,17466
37,17499
37,17658
37,17775
37,17916
37,18178
37,18334
37,18413
37,18456
37,18500
37,18576
37,18616
37,18644
37,18838
37,18953
37,19078
37,19136
37,19210
37,19256
37,19275
37,19501
37,19504
37,19610
37,19796
37,19828
37,19934
37,19962
37,19967
37,19976
37,20032
37,20061
37,20080
37,20081
37,20143
37,20198
37,20282
37,20345
37,20367
37,20493
37,20593
37,20797
37,20882
37,21109
37,21113
37,21183
37,21524
37,21588
37,21663
37,21683
37,21745
37,21748
37,21783
37,21827
37,21896
37,21903
37,21920
37,22141
37,22153
37,22181
37,22267
37,22271
37,22322
37,22478
37,22598
37,22605
37,22635
37,22706
37,22782
37,22805
37,22806
37,22932
37,22972
37,23006
37,23072
37,23102
37,23157
37,23282
37,23395
37,23419
37,23420
37,23490
37,23542
37,23565
37,23603
37,23834
37,23902
37,23951
37,24092
37,24122
37,24168
37,24278
37,24359
37,24504
37,24570
37,24800
37,24902
37,25078
37,25100
37,25159
37,25164
37,25344
37,25367
37,25386
37,25730
37,25733
37,25847
37,25970
37,25996
37,26147
37,26278
37,26330
37,26502
37,26605
37,26626
37,26698
37,26771
37,26808
37,26838
37,26874
37,26876
37,26917
37,26997
37,27001
37,27004
37,27077
37,27148
37,27150
37,27153
37,27166
37,27383
37,27408
37,27414
37,27436
37,27480
37,27510
37,27566
37,27571
37,27633
37,27698
37,27751
37,27894
37,28079
37,28098
37,28419
37,28426
37,28479
37,28515
37,28552
37,28594
37,28607
37,28637
37,28742
37,28815
37,28816
37,29153
37,29159
37,29161
37,29228
37,29254
37,29260
37,29298
37,29337
37,29350
37,29424
37,29494
37,29557
38,74
38,185
38,292
38,312
38,402
38,450
38,491
38,723
38,730
38,793
38,860
38,944
38,949
38,953
38,985
38,1016
38,1181
38,1184
38,1342
38,1356
38,1375
38,1412
38,1414
38,1418
38,1422
38,1426
38,1487
38,1491
38,1505
38,1518
38,1560
38,1607
38,1663
38,1669
38,1676
38,1697
38,1731
38,1786
38,1825
38,1926
38,1935
38,2045
38,2056
38,2178
38,2198
38,2220
38,2312
38,2366
38,2436
38,2477
38,2482
38,2490
38,2622
38,2645
38,2658
38,2676
38,2695
38,2802
38,2813
38,2854
38,3006
38,3173
38,3268
38,3341
38,3345
38,3569
38,3573
38,3581
38,3598
38,3623
38,3685
38,3740
38,3750
38,3797
38,3874
38,3916
38,3935
38,3983
38,4003
38,4060
38,4094
38,4323
38,4348
38,4363
38,4476
38,4503
38,4603
38,4618
38,4661
38,4695
38,4750
38,4759
38,4771
38,4847
38,4879
38,5058
38,5069
38,5126
38,5166
38,5214
38,5248
38,5285
38,5317
38,5343
38,5439
38,5451
38,5495
38,5496
38,5527
38,5542
38,5562
38,5611
38,5743
38,5773
38,5805
38,5807
38,5827
38,5870
38,5898
38,5971
38,6073
38,6101
38,6173
38,6225
38,6251
38,6354
38,6396
38,6541
38,6588
38,6750
38,6762
38,6779
38,6836
38,6862
38,6869
38,6886
38,7032
38,7099
38,7124
38,7153
38,7180
38,7186
38,7350
38,7367
38,7387
38,7461
38,7466
38,7517
38,7626
38,7644
38,7701
38,7707
38,7806
38,7828
38,7834
38,7895
38,7921
38,8046
38,8065
38,8158
38,8179
38,8288
38,8368
38,8451
38,8527
38,8536
38,8612
38,8634
38,8680
38,8721
38,8818
38,8848
38,8853
38,8910
38,8977
38,8998
38,9028
38,9127
38,9150
38,9168
38,9250
38,9252
38,9372
38,9448
38,9483
38,9489
38,9558
38,9711
38,9752
38,9785
38,9799
38,9868
38,9997
38,10038
38,10062
38,10118
38,10138
38,10209
38,10226
38,10257
38,10259
38,10263
38,10329
38,10381
38,10421
38,10429
38,10445
38,10484
38,10631
38,10733
38,10787
38,10836
38,10865
38,10952
38,10960
38,11089
38,11098
38,11155
38,11249
38,11259
38,11328
38,11431
38,11591
38,11603
38,11645
38,11906
38,11915
38,11943
38,12109
38,12149
38,12193
38,12247
38,12268
38,12279
38,12327
38,12340
38,12423
38,12453
38,12618
38,12647
38,12666
38,12711
38,12783
38,12808
38,12976
38,12991
38,13020
38,13077
38,13104
38,13123
38,13157
38,13267
38,13269
38,13283
38,13306
38,13388
38,13485
38,13568
38,13648
38,13688
38,13865
38,13925
38,13953
38,13980
38,13982
38,13983
38,14049
38,14063
38,14130
38,14196
38,14372
38,14376
38,14441
38,14473
38,14574
38,14816
38,14818
38,14838
38,14867
38,14956
38,14957
38,15003
38,15019
38,15021
38,15036
38,15104
38,15121
38,15153
38,15274
38,15283
38,15324
38,15368
38,15378
38,15402
38,15555
38,15563
38,15602
38,15650
38,15674
38,15799
38,15871
38,15927
38,16079
38,16102
38,16172
38,16184
38,16265
38,16303
38,16334
38,16392
38,16485
38,16502
38,16594
38,16599
38,16606
38,16648
38,16666
38,16710
38,16805
38,16810
38,16822
38,16839
38,16859
38,16871
38,16892
38,16903
38,16962
38,16971
38,17149
38,17237
38,17242
38,17300
38,17327
38,17348
38,17384
38,17394
38,17403
38,17457
38,17486
38,17517
38,17544
38,17562
38,17584
38,17697
38,17720
38,17785
38,17963
38,18061
38,18100
38,18162
38,18166
38,18297
38,18387
38,18663
38,18778
38,18971
38,18982
38,19022
38,19047
38,19048
38,19115
38,19117
38,19155
38,19168
38,19231
38,19257
38,19377
38,19394
38,19415
38,19430
38,19461
38,19586
38,19655
38,19701
38,19871
38,19926
38,20023
38,20043
38,20107
38,20112
38,20156
38,20190
38,20214
38,20235
38,20238
38,20272
38,20334
38,20377
38,20438
38,20480
38,20594
38,20601
38,20620
38,20930
38,20953
38,20972
38,20985
38,21025
38,21040
38,21103
38,21106
38,21261
38,21300
38,21329
38,21344
38,21367
38,21382
38,21403
38,21406
38,21471
38,21477
38,21480
38,21636
38,21637
38,21665
38,21690
38,21741
38,21756
38,21757
38,21825
38,21835
38,21877
38,21889
38,21914
38,21976
38,22019
38,22093
38,22095
38,22252
38,22437
38,22454
38,22455
38,22463
38,22539
38,22578
38,22598
38,22657
38,22839
38,22877
38,22895
38,22910
38,22911
38,22950
38,22972
38,22981
38,23032
38,23197
38,23203
38,23215
38,23272
38,23276
38,23311
38,23435
38,23448
38,23562
38,23564
38,23569
38,23654
38,23692
38,23783
38,23939
38,23988
38,24072
38,24100
38,24101
38,24126
38,24139
38,24345
38,24384
38,24394
38,24535
38,24611
38,24662
38,24746
38,24755
38,24821
38,24831
38,24870
38,24876
38,24924
38,24934
38,24937
38,24950
38,25014
38,25099
38,25143
38,25168
38,25204
38,25321
38,25366
38,25515
38,25528
38,25645
38,25835
38,25879
38,26087
38,26166
38,26186
38,26223
38,26244
38,26350
38,26353
38,26379
38,26382
38,26403
38,26424
38,26516
38,26524
38,26526
38,26558
38,26563
38,26661
38,26664
38,26727
38,26809
38,26849
38,26879
38,27024
38,27102
38,27312
38,27635
38,27664
38,27873
38,27925
38,27944
38,28069
38,28188
38,28199
38,28228
38,28236
38,28266
38,28340
38,28379
38,28451
38,28502
38,28506
38,28507
38,28534
38,28650
38,28729
38,28749
38,28784
38,28860
38,29039
38,29084
38,29168
38,29173
38,29219
38,29337
38,29342
38,29476
38,29509
38,29562
39,58
39,89
39,100
39,142
39,146
39,184
39,216
39,231
39,288
39,307
39,394
39,422
39,448
39,500
39,602
39,632
39,680
39,703
39,743
39,822
39,842
39,853
39,911
39,965
39,1039
39,1040
39,1056
39,1059
39,1095
39,1122
39,1137
39,1161
39,1381
39,1430
39,1631
39,1649
39,1712
39,1814
39,1855
39,1872
39,1896
39,1968
39,2015
39,2038
39,2055
39,2284
39,2318
39,2339
39,2373
39,2383
39,2387
39,2560
39,2563
39,2568
39,2596
39,2646
39,2662
39,3011
39,3018
39,3023
39,3201
39,3233
39,3298
39,3302
39,3325
39,3340
39,3382
39,3590
39,3605
39,3700
39,3837
39,3982
39,4027
39,4072
39,4123
39,4184
39,4211
39,4287
39,4304
39,4325
39,4398
39,4503
39,4510
39,4570
39,4623
39,4641
39,4651
39,4660
39,4739
39,4921
39,4970
39,5003
39,5007
39,5034
39,5043
39,5078
39,5086
39,5117
39,5173
39,5250
39,5272
39,5396
39,5410
39,5411
39,5432
39,5501
39,5512
39,5527
39,5571
39,5577
39,5625
39,5842
39,5880
39,5914
39,6066
39,6069
39,6105
39,6130
39,6159
39,6171
39,6229
39,6242
39,6335
39,6369
39,6376
39,6455
39,6469
39,6503
39,6573
39,6589
39,6622
39,6716
39,6746
39,6920
39,6922
39,6984
39,7044
39,7175
39,7182
39,7225
39,7227
39,7241
39,7285
39,7297
39,7335
39,7432
39,7446
39,7478
39,7483
39,7554
39,7559
39,7576
39,7615
39,7744
39,7867
39,7954
39,7959
39,7980
39,7991
39,7992
39,8008
39,8076
39,8104
39,8180
39,8300
39,8301
39,8334
39,8360
39,8380
39,8396
39,8412
39,8531
39,8556
39,8558
39,8732
39,8738
39,8822
39,8844
39,8857
39,8954
39,8975
39,9027
39,9030
39,9039
39,9231
39,9273
39,9303
39,9339
39,9464
39,9495
39,9541
39,9581
39,9634
39,9646
39,9717
39,9746
39,9792
39,9834
39,10000
39,10008
39,10026
39,10034
39,10043
39,10160
39,10190
39,10234
39,10254
39,10263
39,10311
39,10336
39,10520
39,10524
39,10546
39,10584
39,10626
39,10716
39,10724
39,10740
39,10744
39,10770
39,10791
39,10798
39,10808
39,10871
39,10882
39,11037
39,11083
39,11197
39,11218
39,11387
39,11395
39,11522
39,11614
39,11623
39,11750
39,11755
39,11867
39,11911
39,11923
39,12002
39,12067
39,12127
39,12173
39,12218
39,12258
39,12329
39,12349
39,12429
39,12443
39,12495
39,12521
39,12604
39,12607
39,12645
39,12786
39,12823
39,12863
39,12865
39,12918
39,12995
39,12996
39,13035
39,13063
39,13193
39,13292
39,13303
39,13306
39,13399
39,13418
39,13436
39,13438
39,13457
39,13487
39,13508
39,13532
39,13538
39,13544
39,13581
39,13649
39,13671
39,13692
39,13766
39,13891
39,13897
39,14086
39,14088
39,14222
39,14264
39,14285
39,14318
39,14363
39,14417
39,14445
39,14468
39,14492
39,14496
39,14508
39,14608
39,14620
39,14669
39,14696
39,14698
39,14718
39,14720
39,14826
39,14985
39,14997
39,15002
39,15013
39,15114
39,15156
39,15213
39,15255
39,15279
39,15320
39,15325
39,15413
39,15435
39,15469
39,15542
39,15560
39,15638
39,15707
39,15743
39,15790
39,15840
39,15881
39,16019
39,16058
39,16078
39,16091
39,16159
39,16166
39,16249
39,16307
39,16322
39,16341
39,16370
39,16387
39,16414
39,16480
39,16527
39,16533
39,16550
39,16562
39,16621
39,16631
39,16637
39,16661
39,16667
39,16922
39,16928
39,16929
39,16971
39,17013
39,17086
39,17102
39,17243
39,17380
39,17542
39,17588
39,17616
39,17676
39,17690
39,17747
39,17874
39,17963
39,17977
39,18019
39,18053
39,18239
39,18278
39,18333
39,18475
39,18538
39,18563
39,18653
39,18821
39,18822
39,18863
39,18882
39,18918
39,18980
39,19141
39,19192
39,19245
39,19246
39,19297
39,19342
39,19369
39,19427
39,19544
39,19580
39,19753
39,19777
39,19847
39,19897
39,19924
39,19927
39,19965
39,20094
39,20139
39,20158
39,20175
39,20256
39,20356
39,20383
39,20419
39,20507
39,20521
39,20543
39,20587
39,20684
39,20717
39,20743
39,20792
39,20972
39,20992
39,21053
39,21221
39,21257
39,21261
39,21372
39,21473
39,21493
39,21532
39,21555
39,21587
39,21593
39,21609
39,21668
39,21692
39,21696
39,21805
39,21888
39,22053
39,22062
39,22083
39,22105
39,22280
39,22373
39,22394
39,22431
39,22452
39,22499
39,22728
39,22772
39,22837
39,22840
39,22894
39,22912
39,22940
39,22957
39,22961
39,22966
39,23050
39,23127
39,23143
39,23191
39,23220
39,23261
39,23294
39,23391
39,23532
39,23574
39,23582
39,23605
39,23919
39,24036
39,24065
39,24127
39,24223
39,24229
39,24277
39,24286
39,24419
39,24537
39,24616
39,24740
39,24785
39,24787
39,24854
39,24914
39,24959
39,24960
39,25023
39,25140
39,25187
39,25211
39,25542
39,25548
39,25563
39,25692
39,25706
39,25729
39,25807
39,25822
39,25856
39,26002
39,26097
39,26209
39,26269
39,26324
39,26329
39,26349
39,26399
39,26436
39,26520
39,26535
39,26560
39,26584
39,26616
39,26694
39,26705
39,26744
39,26766
39,26769
39,26808
39,26828
39,26857
39,26887
39,26896
39,26901
39,27342
39,27353
39,27423
39,27466
39,27490
39,27614
39,27641
39,27684
39,27720
39,27885
39,27926
39,27956
39,28039
39,28187
39,28223
39,28341
39,28345
39,28370
39,28422
39,28424
39,28456
39,28540
39,28660
39,28680
39,28723
39,28797
39,28875
39,28884
39,28891
39,28968
39,29048
39,29063
39,29184
39,29190
39,29250
39,29280
39,29295
39,29312
39,29358
39,29374
39,29446
40,48
40,58
40,68
40,83
40,103
40,133
40,158
40,170
40,267
40,293
40,319
40,327
40,330
40,341
40,372
40,376
40,391
40,426
40,448
40,497
40,515
40,591
40,636
40,663
40,687
40,754
40,765
40,793
40,1075
40,1122
40,1181
40,1205
40,1216
40,1249
40,1288
40,1346
40,1384
40,1515
40,1599
40,1649
40,1807
40,1856
40,1864
40,1875
40,1927
40,1961
40,2066
40,2079
40,2132
40,2148
40,2151
40,2160
40,2290
40,2452
40,2459
40,2480
40,2493
40,2520
40,2598
40,2674
40,2770
40,2804
40,2807
40,2814
40,2949
40,3093
40,3107
40,3123
40,3129
40,3166
40,3192
40,3197
40,3236
40,3243
40,3247
40,3281
40,3319
40,3360
40,3380
40,3406
40,3495
40,3509
40,3557
40,3558
40,3582
40,3620
40,3684
40,3749
40,3831
40,3868
40,3912
40,3922
40,3931
40,3972
40,3989
40,4020
40,4058
40,4162
40,4262
40,4281
40,4317
40,4436
40,4483
40,4508
40,4514
40,4610
40,4618
40,4655
40,4712
40,4789
40,4850
40,4851
40,4885
40,4971
40,5037
40,5086
40,5089
40,5215
40,5284
40,5310
40,5438
40,5504
40,5577
40,5582
40,5628
40,5650
40,5660
40,5708
40,5732
40,5824
40,5830
40,5941
40,5945
40,6021
40,6046
40,6049
40,6112
40,6157
40,6243
40,6263
40,6290
40,6328
40,6372
40,6373
40,6383
40,6409
40,6461
40,6465
40,6541
40,6626
40,6666
40,6953
40,6954
40,7110
40,7254
40,7311
40,7331
40,7411
40,7456
40,7469
40,7494
40,7499
40,7512
40,7515
40,7535
40,7537
40,7575
40,7626
40,7630
40,7665
40,7710
40,7732
40,7754
40,7799
40,7828
40,7832
40,7871
40,7927
40,8042
40,8102
40,8181
40,8192
40,8209
40,8230
40,8304
40,8338
40,8384
40,8454
40,8495
40,8499
40,8520
40,8533
40,8535
40,8550
40,8566
40,8595
40,8626
40,8679
40,8759
40,8791
40,8793
40,8946
40,8968
40,9066
40,9094
40,9125
40,9308
40,9331
40,9377
40,9566
40,9586
40,9609
40,9711
40,9881
40,9944
40,9963
40,10016
40,10133
40,10143
40,10222
40,10240
40,10254
40,10299
40,10303
40,10379
40,10387
40,10405
40,10417
40,10547
40,10702
40,10767
40,10787
40,10793
40,10861
40,10944
40,11018
40,11019
40,11024
40,11048
40,11105
40,11137
40,11197
40,11218
40,11252
40,11392
40,11423
40,11479
40,11486
40,11681
40,11716
40,11756
40,11810
40,11814
40,11822
40,11838
40,11845
40,11910
40,11920
40,11954
40,11964
40,12032
40,12083
40,12097
40,12142
40,12153
40,12268
40,12379
40,12387
40,12512
40,12630
40,12721
40,12740
40,12797
40,12852
40,12885
40,12889
40,12909
40,12931
40,12941
40,13012
40,13045
40,13127
40,13148
40,13150
40,13156
40,13195
40,13198
40,13220
40,13250
40,13292
40,13411
40,13435
40,13505
40,13546
40,13617
40,13733
40,13779
40,13798
40,13856
40,13931
40,13971
40,13999
40,14009
40,14121
40,14375
40,14389
40,14416
40,14425
40,14439
40,14492
40,14521
40,14672
40,14701
40,14725
40,14739
40,14794
40,14839
40,15028
40,15134
40,15153
40,15326
40,15442
40,15469
40,15516
40,15649
40,15722
40,15752
40,15773
40,15876
40,15903
40,15956
40,15993
40,16072
40,16192
40,16255
40,16257
40,16353
40,16367
40,16387
40,16550
40,16557
40,16611
40,16626
40,16702
40,16715
40,16720
40,16766
40,16851
40,16857
40,17097
40,17259
40,17295
40,17334
40,17397
40,17445
40,17463
40,17468
40,17484
40,17606
40,17652
40,17726
40,17736
40,17738
40,17745
40,17807
40,17820
40,17821
40,17869
40,18059
40,18073
40,18097
40,18099
40,18198
40,18206
40,18444
40,18508
40,18512
40,18572
40,18576
40,18625
40,18766
40,18832
40,18946
40,18962
40,18996
40,19013
40,19061
40,19068
40,19089
40,19210
40,19231
40,19323
40,19379
40,19403
40,19447
40,19480
40,19521
40,19579
40,19679
40,19705
40,19708
40,19733
40,19752
40,19759
40,19779
40,19792
40,19835
40,19850
40,19857
40,19894
40,19897
40,19911
40,19922
40,19940
40,20043
40,20085
40,20114
40,20118
40,20157
40,20186
40,20212
40,20221
40,20247
40,20366
40,20409
40,20462
40,20715
40,20716
40,20723
40,20749
40,20759
40,20779
40,20783
40,20788
40,20847
40,20895
40,20963
40,20981
40,20994
40,21031
40,21036
40,21087
40,21100
40,21118
40,21210
40,21241
40,21253
40,21304
40,21491
40,21567
40,21574
40,21588
40,21707
40,21786
40,21822
40,21827
40,21848
40,21978
40,22006
40,22020
40,22023
40,22065
40,22076
40,22086
40,22159
40,22169
40,22286
40,22336
40,22352
40,22444
40,22494
40,22498
40,22539
40,22556
40,22602
40,22609
40,22672
40,22839
40,22845
40,22864
40,22867
40,22907
40,22990
40,23033
40,23228
40,23237
40,23304
40,23382
40,23391
40,23404
40,23429
40,23442
40,23453
40,23456
40,23461
40,23549
40,23562
40,23635
40,23720
40,23770
40,23795
40,23820
40,23826
40,23830
40,23845
40,23903
40,23969
40,23981
40,23998
40,24008
40,24020
40,24039
40,24045
40,24100
40,24161
40,24366
40,24393
40,24409
40,24436
40,24562
40,24645
40,24654
40,24658
40,24676
40,24707
40,24754
40,24803
40,24819
40,24915
40,24985
40,25021
40,25138
40,25180
40,25233
40,25340
40,25365
40,25372
40,25399
40,25441
40,25448
40,25454
40,25474
40,25493
40,25564
40,25571
40,25691
40,25777
40,25805
40,25807
40,25939
40,26144
40,26187
40,26252
40,26288
40,26341
40,26342
40,26376
40,26404
40,26429
40,26490
40,26515
40,26531
40,26553
40,26612
40,26616
40,26660
40,26662
40,26691
40,26706
40,26711
40,26725
40,26776
40,26934
40,26958
40,26983
40,26984
40,27005
40,27177
40,27266
40,27333
40,27411
40,27444
40,27617
40,27690
40,27817
40,27824
40,27858
40,27964
40,27982
40,27998
40,28112
40,28122
40,28149
40,28166
40,28175
40,28185
40,28228
40,28235
40,28239
40,28284
40,28307
40,28319
40,28563
40,28732
40,28767
40,28842
40,28916
40,28936
40,29061
40,29068
40,29140
40,29165
40,29248
40,29304
40,29313
40,29346
40,29395
40,29431
40,29475
40,29497
41,58
41,92
41,125
41,145
41,164
41,232
41,357
41,431
41,492
41,518
41,536
41,566
41,584
41,596
41,752
41,780
41,816
41,943
41,1008
41,1162
41,1311
41,1429
41,1430
41,1435
41,1447
41,1449
41,1504
41,1513
41,1647
41,1926
41,1928
41,1940
41,2052
41,2178
41,2234
41,2243
41,2296
41,2307
41,2347
41,2401
41,2405
41,2427
41,2544
41,2570
41,2632
41,2693
41,2700
41,2783
41,2843
41,2857
41,2886
41,2894
41,2903
41,3119
41,3144
41,3160
41,3221
41,3274
41,3332
41,3343
41,3438
41,3518
41,3539
41,3708
41,3724
41,3728
41,3740
41,3860
41,3980
41,3997
41,4022
41,4042
41,4056
41,4061
41,4116
41,4158
41,4201
41,4209
41,4340
41,4400
41,4460
41,4573
41,4578
41,4592
41,4600
41,4613
41,4633
41,4652
41,4657
41,4836
41,4882
41,4905
41,4923
41,5060
41,5063
41,5069
41,5140
41,5248
41,5261
41,5360
41,5361
41,5366
41,5383
41,5405
41,5437
41,5508
41,5532
41,5533
41,5563
41,5596
41,5625
41,5641
41,5642
41,5681
41,5745
41,5755
41,5824
41,5891
41,5921
41,5994
41,6034
41,6043
41,6044
41,6100
41,6104
41,6111
41,6126
41,6136
41,6143
41,6216
41,6258
41,6321
41,6362
41,6426
41,6462
41,6493
41,6725
41,6734
41,6742
41,6809
41,6816
41,6929
41,6987
41,7027
41,7064
41,7070
41,7107
41,7110
41,7120
41,7225
41,7254
41,7261
41,7265
41,7267
41,7319
41,7345
41,7379
41,7402
41,7457
41,7495
41,7534
41,7572
41,7588
41,7614
41,7649
41,7722
41,7724
41,7804
41,7819
41,7843
41,7876
41,7892
41,7893
41,8038
41,8215
41,8281
41,8304
41,8390
41,8438
41,8496
41,8507
41,8511
41,8570
41,8573
41,8670
41,8674
41,8694
41,8707
41,8820
41,8898
41,8917
41,8957
41,8965
41,9017
41,9156
41,9231
41,9273
41,9276
41,9301
41,9312
41,9329
41,9454
41,9538
41,9568
41,9573
41,9593
41,9652
41,9679
41,9706
41,9725
41,9873
41,10005
41,10220
41,10312
41,10328
41,10402
41,10473
41,10477
41,10497
41,10504
41,10527
41,10577
41,10601
41,10613
41,10626
41,10717
41,10758
41,10899
41,10970
41,11115
41,11129
41,11175
41,11207
41,11275
41,11379
41,11432
41,11519
41,11524
41,11576
41,11586
41,11627
41,11631
41,11669
41,11672
41,11794
41,11909
41,11931
41,11964
41,12060
41,12127
41,12132
41,12172
41,12185
41,12186
41,12227
41,12246
41,12268
41,12279
41,12385
41,12405
41,12564
41,12639
41,12790
41,12842
41,12860
41,13053
41,13073
41,13104
41,13171
41,13175
41,13240
41,13293
41,13333
41,13363
41,13428
41,13458
41,13559
41,13615
41,13638
41,13761
41,13781
41,13795
41,13820
41,13867
41,13889
41,13925
41,13938
41,13974
41,13978
41,13981
41,14002
41,14043
41,14125
41,14152
41,14178
41,14231
41,14303
41,14426
41,14459
41,14477
41,14517
41,14549
41,14644
41,14662
41,14715
41,14751
41,14753
41,14766
41,14788
41,14839
41,14937
41,14980
41,15025
41,15156
41,15159
41,15170
41,15200
41,15225
41,15235
41,15253
41,15302
41,15316
41,15369
41,15409
41,15419
41,15541
41,15546
41,15636
41,15702
41,15746
41,15803
41,15936
41,15989
41,16056
41,16074
41,16103
41,16113
41,16239
41,16261
41,16263
41,16324
41,16393
41,16438
41,16532
41,16534
41,16546
41,16565
41,16577
41,16648
41,16668
41,16700
41,16767
41,16782
41,16791
41,16794
41,16796
41,16882
41,16957
41,17053
41,17074
41,17118
41,17167
41,17195
41,17227
41,17235
41,17254
41,17313
41,17385
41,17391
41,17418
41,17463
41,17640
41,17741
41,17745
41,17788
41,17819
41,17852
41,17908
41,17990
41,18006
41,18049
41,18052
41,18075
41,18080
41,18108
41,18120
41,18147
41,18182
41,18196
41,18236
41,18242
41,18254
41,18278
41,18356
41,18358
41,18360
41,18501
41,18567
41,18637
41,18666
41,18693
41,18728
41,18745
41,18837
41,19043
41,19071
41,19096
41,19181
41,19278
41,19287
41,19313
41,19360
41,19413
41,19429
41,19463
41,19565
41,19612
41,19617
41,19628
41,19837
41,19840
41,19849
41,19873
41,19908
41,19909
41,20004
41,20010
41,20034
41,20117
41,20250
41,20284
41,20323
41,20366
41,20434
41,20478
41,20520
41,20589
41,20634
41,20651
41,20684
41,20752
41,20809
41,20836
41,20874
41,20966
41,20967
41,21150
41,21211
41,21256
41,21393
41,21419
41,21516
41,21585
41,21602
41,21616
41,21678
41,21691
41,21740
41,21782
41,21810
41,21815
41,21818
41,21819
41,21896
41,21897
41,21955
41,21971
41,21989
41,22024
41,22062
41,22072
41,22111
41,22126
41,22136
41,22142
41,22153
41,22186
41,22206
41,22283
41,22328
41,22356
41,22374
41,22381
41,22420
41,22444
41,22625
41,22683
41,22690
41,22800
41,22814
41,22823
41,22888
41,22980
41,22985
41,22995
41,23039
41,23134
41,23184
41,23214
41,23221
41,23275
41,23320
41,23333
41,23360
41,23383
41,23448
41,23489
41,23506
41,23534
41,23540
41,23562
41,23566
41,23673
41,23688
41,23705
41,23719
41,23753
41,23754
41,23792
41,23917
41,24052
41,24130
41,24222
41,24248
41,24256
41,24322
41,24336
41,24446
41,24494
41,24508
41,24512
41,24579
41,24628
41,24629
41,24630
41,24631
41,24652
41,24721
41,24972
41,24980
41,24994
41,25003
41,25070
41,25158
41,25217
41,25243
41,25252
41,25348
41,25380
41,25417
41,25546
41,25616
41,25684
41,25691
41,25720
41,25781
41,25923
41,25954
41,25977
41,26006
41,26103
41,26151
41,26164
41,26175
41,26201
41,26233
41,26241
41,26300
41,26309
41,26452
41,26464
41,26525
41,26566
41,26573
41,26597
41,26674
41,26691
41,26707
41,26729
41,26742
41,26751
41,26772
41,26775
41,26778
41,26849
41,26893
41,26929
41,26941
41,26952
41,27077
41,27092
41,27111
41,27156
41,27198
41,27284
41,27364
41,27402
41,27434
41,27573
41,27623
41,27624
41,27697
41,27761
41,27815
41,27865
41,27952
41,28065
41,28088
41,28110
41,28122
41,28178
41,28181
41,28244
41,28302
41,28325
41,28335
41,28429
41,28436
41,28441
41,28458
41,28491
41,28530
41,28537
41,28676
41,28677
41,28684
41,28776
41,28785
41,28791
41,28856
41,28907
41,28910
41,28923
41,28986
41,28992
41,29001
41,29115
41,29167
41,29298
41,29539
42,145
42,155
42,193
42,207
42,234
42,262
42,275
42,293
42,294
42,315
42,350
42,352
42,413
42,440
42,463
42,475
42,493
42,529
42,663
42,675
42,714
42,727
42,751
42,853
42,855
42,863
42,957
42,1011
42,1055
42,1072
42,1133
42,1187
42,1288
42,1304
42,1322
42,1332
42,1336
42,1364
42,1365
42,1380
42,1440
42,1564
42,1590
42,1597
42,1611
42,1715
42,1875
42,1897
42,2019
42,2039
42,2051
42,2063
42,2100
42,2138
42,2149
42,2235
42,2307
42,2310
42,2331
42,2363
42,2546
42,2579
42,2649
42,2779
42,2815
42,2837
42,2894
42,2957
42,3259
42,3328
42,3418
42,3444
42,3479
42,3547
42,3549
42,3694
42,3720
42,3745
42,3758
42,3804
42,3826
42,3871
42,3878
42,3922
42,4105
42,4181
42,4254
42,4266
42,4284
42,4306
42,4314
42,4424
42,4429
42,4449
42,4466
42,4514
42,4564
42,4612
42,4620
42,4623
42,4768
42,4784
42,4815
42,4823
42,4869
42,4919
42,5001
42,5035
42,5075
42,5087
42,5145
42,5163
42,5194
42,5222
42,5270
42,5316
42,5434
42,5464
42,5466
42,5539
42,5547
42,5562
42,5724
42,5741
42,5777
42,5794
42,5796
42,5823
42,5849
42,6000
42,6083
42,6104
42,6108
42,6113
42,6129
42,6155
42,6220
42,6352
42,6514
42,6560
42,6565
42,6588
42,6612
42,6624
42,6633
42,6663
42,6677
42,6705
42,6724
42,6746
42,6808
42,6858
42,6948
42,7003
42,7062
42,7100
42,7234
42,7244
42,7251
42,7264
42,7403
42,7427
42,7447
42,7526
42,7689
42,7701
42,7761
42,7858
42,7882
42,7890
42,7931
42,7993
42,8011
42,8021
42,8073
42,8158
42,8296
42,8348
42,8500
42,8509
42,8510
42,8545
42,8553
42,8571
42,8661
42,8694
42,8720
42,8751
42,8763
42,8787
42,8807
42,9138
42,9175
42,9183
42,9245
42,9274
42,9277
42,9280
42,9311
42,9366
42,9387
42,9394
42,9439
42,9505
42,9515
42,9528
42,9563
42,9621
42,9650
42,9781
42,9790
42,9793
42,9796
42,9869
42,9889
42,9899
42,10091
42,10177
42,10182
42,10224
42,10229
42,10294
42,10306
42,10315
42,10359
42,10360
42,10380
42,10394
42,10402
42,10443
42,10466
42,10492
42,10596
42,10770
42,10795
42,10811
42,10868
42,10882
42,11002
42,11036
42,11042
42,11055
42,11106
42,11154
42,11178
42,11188
42,11210
42,11411
42,11415
42,11610
42,11747
42,11788
42,11932
42,12024
42,12035
42,12037
42,12117
42,12163
42,12216
42,12239
42,12256
42,12411
42,12437
42,12477
42,12502
42,12629
42,12685
42,12705
42,12732
42,12734
42,12745
42,12823
42,12852
42,12870
42,12963
42,12971
42,13018
42,13069
42,13100
42,13127
42,13161
42,13172
42,13194
42,13201
42,13224
42,13247
42,13401
42,13485
42,13570
42,13650
42,13690
42,13719
42,13739
42,13769
42,13979
42,13982
42,13984
42,14025
42,14076
42,14162
42,14194
42,14203
42,14225
42,14233
42,14236
42,14262
42,14285
42,14323
42,14384
42,14406
42,14463
42,14675
42,14705
42,14917
42,14949
42,14960
42,15037
42,15045
42,15046
42,15115
42,15194
42,15204
42,15289
42,15339
42,15380
42,15413
42,15432
42,15514
42,15517
42,15540
42,15567
42,15660
42,15699
42,15764
42,15789
42,15852
42,15880
42,15901
42,15949
42,15957
42,16009
42,16211
42,16229
42,16242
42,16316
42,16341
42,16368
42,16378
42,16390
42,16491
42,16513
42,16717
42,16763
42,16903
42,17037
42,17095
42,17098
42,17176
42,17295
42,17323
42,17337
42,17577
42,17616
42,17653
42,17676
42,17716
42,17718
42,17815
42,17871
42,17929
42,17944
42,17979
42,17996
42,17998
42,18046
42,18090
42,18184
42,18196
42,18205
42,18220
42,18240
42,18246
42,18271
42,18278
42,18376
42,18397
42,18486
42,18507
42,18518
42,18550
42,18556
42,18602
42,18608
42,18734
42,18737
42,18746
42,18818
42,18823
42,18857
42,18895
42,18896
42,18906
42,18984
42,18989
42,19037
42,19054
42,19106
42,19109
42,19229
42,19297
42,19374
42,19409
42,19432
42,19462
42,19482
42,19487
42,19570
42,19580
42,19638
42,19680
42,19733
42,19795
42,19797
42,19798
42,19852
42,19857
42,19884
42,19931
42,19948
42,19964
42,19995
42,20007
42,20032
42,20083
42,20115
42,20251
42,20373
42,20426
42,20440
42,20477
42,20543
42,20591
42,20607
42,20617
42,20633
42,20657
42,20688
42,20708
42,20711
42,20740
42,20777
42,20809
42,20829
42,20840
42,20891
42,21279
42,21281
42,21367
42,21373
42,21380
42,21387
42,21403
42,21465
42,21474
42,21517
42,21618
42,21650
42,21789
42,21833
42,21895
42,21970
42,22011
42,22049
42,22052
42,22068
42,22097
42,22108
42,22143
42,22236
42,22252
42,22259
42,22304
42,22332
42,22361
42,22393
42,22429
42,22478
42,22627
42,22669
42,22722
42,22726
42,22737
42,22780
42,22802
42,22852
42,22855
42,22916
42,22926
42,22951
42,22984
42,22998
42,23086
42,23089
42,23215
42,23247
42,23266
42,23296
42,23307
42,23369
42,23415
42,23455
42,23478
42,23483
42,23575
42,23717
42,23725
42,23781
42,23873
42,23953
42,24054
42,24185
42,24186
42,24226
42,24229
42,24293
42,24323
42,24352
42,24429
42,24510
42,24524
42,24590
42,24614
42,24651
42,24662
42,24709
42,24720
42,24769
42,25018
42,25045
42,25067
42,25082
42,25097
42,25101
42,25120
42,25157
42,25165
42,25211
42,25233
42,25262
42,25271
42,25308
42,25336
42,25345
42,25479
42,25529
42,25543
42,25624
42,25649
42,25823
42,25921
42,25931
42,25977
42,25990
42,25992
42,26000
42,26061
42,26091
42,26103
42,26109
42,26133
42,26147
42,26183
42,26213
42,26302
42,26334
42,26352
42,26441
42,26458
42,26549
42,26679
42,26718
42,26738
42,26748
42,26753
42,26858
42,26908
42,26952
42,26956
42,26959
42,26983
42,27072
42,27123
42,27131
42,27143
42,27152
42,27199
42,27272
42,27286
42,27292
42,27355
42,27383
42,27440
42,27486
42,27516
42,27554
42,27606
42,27681
42,27789
42,27814
42,27835
42,27899
42,27904
42,27914
42,27922
42,27924
42,27980
42,28028
42,28044
42,28173
42,28191
42,28213
42,28217
42,28234
42,28257
42,28321
42,28348
42,28507
42,28599
42,28627
42,28632
42,28811
42,28827
42,28859
42,28892
42,28905
42,28966
42,28989
42,29050
42,29098
42,29166
42,29179
42,29202
42,29238
42,29462
42,29464
42,29487
42,29498
42,29514
42,29520
42,29532
42,29561
43,47
43,54
43,122
43,145
43,210
43,233
43,331
43,342
43,346
43,432
43,479
43,525
43,540
43,628
43,632
43,755
43,791
43,805
43,813
43,888
43,1035
43,1093
43,1194
43,1205
43,1261
43,1297
43,1318
43,1323
43,1405
43,1412
43,1465
43,1473
43,1542
43,1545
43,1577
43,1589
43,1623
43,1645
43,1788
43,1819
43,1881
43,1945
43,1956
43,1961
43,1990
43,2006
43,2111
43,2124
43,2187
43,2353
43,2397
43,2420
43,2491
43,2572
43,2599
43,2652
43,2758
43,2778
43,2825
43,2866
43,2951
43,3110
43,3117
43,3139
43,3187
43,3193
43,3246
43,3267
43,3268
43,3289
43,3425
43,3477
43,3529
43,3539
43,3577
43,3641
43,3677
43,3730
43,3765
43,3844
43,3880
43,3894
43,3921
43,4013
43,4060
43,4212
43,4270
43,4277
43,4360
43,4412
43,4549
43,4647
43,4722
43,4766
43,4784
43,4845
43,4926
43,4966
43,4989
43,5030
43,5077
43,5242
43,5258
43,5283
43,5291
43,5341
43,5346
43,5404
43,5438
43,5478
43,5495
43,5517
43,5524
43,5558
43,5559
43,5611
43,5693
43,5779
43,5788
43,5793
43,5814
43,5918
43,5921
43,5934
43,5949
43,6055
43,6093
43,6250
43,6274
43,6290
43,6322
43,6323
43,6470
43,6478
43,6587
43,6667
43,6732
43,6884
43,7048
43,7062
43,7071
43,7076
43,7101
43,7135
43,7195
43,7247
43,7260
43,7293
43,7371
43,7539
43,7541
43,7569
43,7587
43,7644
43,7689
43,7698
43,7700
43,7702
43,7736
43,7858
43,7859
43,7921
43,7929
43,7931
43,7980
43,7982
43,8031
43,8072
43,8177
43,8407
43,8524
43,8541
43,8560
43,8565
43,8647
43,8737
43,8740
43,8772
43,8811
43,8888
43,8977
43,8999
43,9058
43,9061
43,9076
43,9107
43,9210
43,9218
43,9221
43,9258
43,9273
43,9275
43,9316
43,9423
43,9430
43,9455
43,9464
43,9566
43,9610
43,9710
43,9754
43,9755
43,9762
43,9773
43,9777
43,9812
43,9814
43,9821
43,9929
43,9943
43,9959
43,9981
43,10007
43,10098
43,10099
43,10104
43,10261
43,10336
43,10597
43,10602
43,10641
43,10646
43,10652
43,10665
43,10667
43,10750
43,10752
43,10753
43,10778
43,10798
43,10800
43,10814
43,10941
43,10953
43,10974
43,10992
43,11016
43,11041
43,11060
43,11163
43,11195
43,11236
43,11336
43,11359
43,11463
43,11494
43,11581
43,11591
43,11604
43,11626
43,11659
43,11665
43,11703
43,11707
43,11720
43,11779
43,11957
43,12004
43,12028
43,12034
43,12045
43,12048
43,12068
43,12168
43,12279
43,12302
43,12334
43,12392
43,12507
43,12530
43,12567
43,12640
43,12667
43,12679
43,12853
43,12935
43,12936
43,12966
43,12978
43,12993
43,13005
43,13042
43,13068
43,13107
43,13128
43,13186
43,13250
43,13299
43,13341
43,13394
43,13463
43,13558
43,13667
43,13685
43,13707
43,13719
43,13843
43,13949
43,14039
43,14107
43,14141
43,14202
43,14231
43,14258
43,14359
43,14451
43,14488
43,14511
43,14589
43,14593
43,14597
43,14682
43,14687
43,14751
43,14794
43,14799
43,14805
43,14833
43,14935
43,14951
43,15098
43,15176
43,15201
43,15260
43,15274
43,15275
43,15319
43,15330
43,15470
43,15479
43,15513
43,15518
43,15527
43,15532
43,15597
43,15603
43,15609
43,15681
43,15740
43,15754
43,15777
43,15803
43,15835
43,15868
43,15874
43,15929
43,15973
43,16022
43,16042
43,16218
43,16364
43,16366
43,16381
43,16411
43,16423
43,16477
43,16538
43,16629
43,16745
43,16803
43,16906
43,17035
43,17139
43,17189
43,17205
43,17217
43,17351
43,17395
43,17407
43,17446
43,17475
43,17480
43,17506
43,17573
43,17656
43,17670
43,17721
43,17731
43,17810
43,17821
43,17823
43,17827
43,17869
43,17922
43,17951
43,17973
43,17989
43,18018
43,18023
43,18024
43,18115
43,18118
43,18192
43,18207
43,18218
43,18260
43,18309
43,18362
43,18404
43,18407
43,18458
43,18463
43,18470
43,18478
43,18538
43,18544
43,18580
43,18645
43,18712
43,18726
43,18823
43,18841
43,18860
43,18890
43,18941
43,18965
43,19008
43,19020
43,19081
43,19191
43,19289
43,19300
43,19321
43,19424
43,19429
43,19437
43,19479
43,19525
43,19528
43,19537
43,19581
43,19618
43,19623
43,19638
43,19712
43,19740
43,19771
43,19841
43,19866
43,19885
43,19912
43,19920
43,19929
43,20133
43,20205
43,20222
43,20234
43,20266
43,20269
43,20277
43,20298
43,20340
43,20341
43,20396
43,20400
43,20416
43,20446
43,20461
43,20483
43,20487
43,20490
43,20494
43,20558
43,20559
43,20564
43,20608
43,20641
43,20748
43,20761
43,20791
43,20802
43,20928
43,20992
43,21047
43,21048
43,21067
43,21070
43,21084
43,21203
43,21219
43,21226
43,21271
43,21284
43,21482
43,21509
43,21517
43,21537
43,21557
43,21578
43,21594
43,21608
43,21666
43,21670
43,21762
43,21784
43,21819
43,21839
43,21899
43,22017
43,22060
43,22091
43,22195
43,22223
43,22254
43,22279
43,22348
43,22383
43,22402
43,22419
43,22433
43,22485
43,22521
43,22533
43,22549
43,22560
43,22676
43,22761
43,22880
43,22926
43,23068
43,23081
43,23106
43,23145
43,23238
43,23260
43,23276
43,23303
43,23319
43,23332
43,23385
43,23481
43,23491
43,23547
43,23591
43,23614
43,23625
43,23653
43,23812
43,23854
43,23884
43,23891
43,23900
43,23901
43,23905
43,23960
43,24013
43,24116
43,24123
43,24151
43,24254
43,24276
43,24331
43,24367
43,24385
43,24388
43,24405
43,24430
43,24504
43,24526
43,24530
43,24552
43,24654
43,24692
43,24714
43,24795
43,24847
43,24865
43,24906
43,24911
43,25003
43,25020
43,25025
43,25207
43,25210
43,25306
43,25367
43,25373
43,25570
43,25621
43,25643
43,25661
43,25702
43,25755
43,25784
43,25823
43,25824
43,25858
43,25875
43,25948
43,25962
43,25995
43,26062
43,26068
43,26081
43,26114
43,26125
43,26187
43,26192
43,26205
43,26221
43,26230
43,26242
43,26251
43,26353
43,26444
43,26454
43,26505
43,26528
43,26536
43,26580
43,26651
43,26705
43,26723
43,26744
43,26793
43,26811
43,26820
43,26930
43,26954
43,27004
43,27005
43,27012
43,27038
43,27041
43,27082
43,27123
43,27130
43,27258
43,27281
43,27289
43,27350
43,27380
43,27424
43,27432
43,27487
43,27497
43,27538
43,27611
43,27628
43,27661
43,27728
43,27738
43,27851
43,27889
43,27935
43,28041
43,28132
43,28207
43,28214
43,28219
43,28251
43,28262
43,28292
43,28295
43,28341
43,28363
43,28572
43,28605
43,28616
43,28685
43,28704
43,28717
43,28878
43,28927
43,28965
43,28974
43,28994
43,29016
43,29112
43,29113
43,29119
43,29237
43,29257
43,29369
43,29372
43,29427
43,29508
43,29509
43,29524
43,29551
44,76
44,111
44,213
44,339
44,502
44,577
44,696
44,747
44,766
44,841
44,871
44,894
44,919
44,931
44,1013
44,1095
44,1290
44,1350
44,1353
44,1396
44,1413
44,1483
44,1718
44,1723
44,1835
44,1876
44,1890
44,1966
44,1969
44,2056
44,2149
44,2214
44,2218
44,2384
44,2427
44,2470
44,2483
44,2505
44,2552
44,2566
44,2579
44,2630
44,2693
44,2713
44,2767
44,2791
44,2806
44,2886
44,3318
44,3343
44,3357
44,3411
44,3468
44,3729
44,3810
44,3814
44,3826
44,3875
44,3929
44,3960
44,3974
44,4011
44,4038
44,4235
44,4248
44,4277
44,4402
44,4406
44,4464
44,4520
44,4744
44,4759
44,4872
44,4946
44,5009
44,5104
44,5122
44,5132
44,5136
44,5154
44,5244
44,5276
44,5277
44,5420
44,5439
44,5483
44,5521
44,5608
44,5630
44,5672
44,5673
44,5892
44,6069
44,6137
44,6248
44,6352
44,6582
44,6698
44,6796
44,6828
44,6881
44,6898
44,6928
44,7010
44,7020
44,7033
44,7042
44,7045
44,7067
44,7206
44,7219
44,7285
44,7350
44,7359
44,7506
44,7548
44,7568
44,7648
44,7663
44,7689
44,7722
44,7767
44,7821
44,7828
44,7886
44,7887
44,7910
44,8009
44,8014
44,8163
44,8230
44,8299
44,8310
44,8455
44,8621
44,8638
44,8652
44,8704
44,9083
44,9128
44,9147
44,9248
44,9268
44,9311
44,9322
44,9340
44,9420
44,9466
44,9475
44,9492
44,9568
44,9601
44,9658
44,9695
44,9837
44,10033
44,10082
44,10091
44,10104
44,10258
44,10320
44,10501
44,10646
44,10798
44,10811
44,10815
44,10833
44,10851
44,10932
44,10979
44,11036
44,11184
44,11262
44,11270
44,11300
44,11395
44,11403
44,11460
44,11574
44,11653
44,11665
44,11686
44,11736
44,11764
44,11797
44,11826
44,11872
44,11911
44,11929
44,11933
44,11974
44,12032
44,12043
44,12083
44,12152
44,12180
44,12208
44,12265
44,12336
44,12443
44,12446
44,12460
44,12572
44,12647
44,12765
44,12782
44,12799
44,12929
44,12975
44,13167
44,13269
44,13288
44,13318
44,13346
44,13549
44,13552
44,13719
44,13739
44,13749
44,13759
44,13762
44,13798
44,13892
44,13925
44,14013
44,14057
44,14077
44,14117
44,14162
44,14171
44,14220
44,14537
44,14609
44,14624
44,14854
44,14860
44,14888
44,14906
44,15059
44,15103
44,15109
44,15123
44,15223
44,15255
44,15286
44,15319
44,15358
44,15568
44,15597
44,15621
44,15631
44,15638
44,15762
44,15877
44,15972
44,15979
44,16018
44,16117
44,16135
44,16217
44,16254
44,16286
44,16326
44,16525
44,16671
44,16673
44,16774
44,16850
44,16935
44,17014
44,17095
44,17111
44,17172
44,17203
44,17225
44,17307
44,17346
44,17409
44,17417
44,17424
44,17457
44,17520
44,17528
44,17587
44,17609
44,17697
44,17749
44,17796
44,17823
44,17874
44,17923
44,17947
44,17961
44,18005
44,18068
44,18085
44,18126
44,18169
44,18184
44,18189
44,18207
44,18273
44,18423
44,18499
44,18881
44,18900
44,19026
44,19063
44,19207
44,19227
44,19240
44,19265
44,19373
44,19467
44,19470
44,19594
44,19634
44,19686
44,19695
44,19704
44,19706
44,19707
44,19799
44,19812
44,19855
44,19908
44,19985
44,19995
44,20003
44,20065
44,20173
44,20224
44,20243
44,20248
44,20260
44,20315
44,20334
44,20349
44,20362
44,20370
44,20403
44,20447
44,20449
44,20531
44,20752
44,20832
44,20844
44,20912
44,20918
44,21011
44,21079
44,21120
44,21138
44,21185
44,21253
44,21259
44,21267
44,21324
44,21350
44,21356
44,21392
44,21407
44,21474
44,21480
44,21495
44,21530
44,21718
44,21724
44,21771
44,21784
44,21877
44,21978
44,21993
44,22024
44,22067
44,22135
44,22138
44,22167
44,22197
44,22338
44,22344
44,22395
44,22496
44,22503
44,22566
44,22690
44,22719
44,22764
44,22822
44,22828
44,22845
44,22877
44,22913
44,22933
44,22981
44,22985
44,23014
44,23160
44,23204
44,23270
44,23378
44,23481
44,23507
44,23522
44,23533
44,23574
44,23616
44,23643
44,23693
44,23757
44,23827
44,23840
44,23842
44,23847
44,23905
44,23944
44,24006
44,24021
44,24076
44,24159
44,24219
44,24243
44,24257
44,24430
44,24431
44,24489
44,24519
44,24595
44,24602
44,24607
44,24674
44,24725
44,24768
44,24839
44,24900
44,24914
44,24923
44,24947
44,24958
44,24980
44,25076
44,25087
44,25322
44,25332
44,25392
44,25465
44,25630
44,25745
44,25803
44,25863
44,25931
44,25955
44,25972
44,25997
44,26001
44,26002
44,26003
44,26021
44,26036
44,26039
44,26141
44,26214
44,26232
44,26343
44,26503
44,26588
44,26643
44,26669
44,26740
44,26747
44,26873
44,26908
44,26932
44,26971
44,27020
44,27050
44,27262
44,27306
44,27331
44,27350
44,27393
44,27489
44,27524
44,27561
44,27591
44,27686
44,27720
44,27803
44,27862
44,27911
44,27925
44,27971
44,28088
44,28092
44,28328
44,28372
44,28409
44,28421
44,28473
44,28475
44,28481
44,28484
44,28555
44,28702
44,28806
44,28827
44,28911
44,28969
44,28981
44,29020
44,29060
44,29065
44,29072
44,29081
44,29123
44,29132
44,29171
44,29194
44,29237
44,29276
44,29294
44,29298
44,29374
44,29388
44,29457
44,29468
44,29475
44,29510
44,29522
44,29543
45,0
45,27
45,134
45,148
45,234
45,252
45,600
45,639
45,738
45,742
45,779
45,910
45,1068
45,1109
45,1128
45,1153
45,1157
45,1267
45,1522
45,1571
45,1593
45,1603
45,1611
45,1654
45,1706
45,1760
45,1810
45,1868
45,1872
45,2009
45,2024
45,2026
45,2062
45,2124
45,2236
45,2249
45,2400
45,2466
45,2495
45,2558
45,2560
45,2599
45,2711
45,2781
45,2910
45,2966
45,3010
45,3072
45,3137
45,3181
45,3184
45,3248
45,3258
45,3369
45,3482
45,3527
45,3558
45,3577
45,3620
45,3671
45,3719
45,3838
45,4081
45,4110
45,4201
45,4248
45,4405
45,4536
45,4548
45,4588
45,4619
45,4634
45,4665
45,4923
45,5019
45,5030
45,5195
45,5634
45,5644
45,5727
45,5748
45,5857
45,5977
45,5980
45,5998
45,6081
45,6085
45,6098
45,6135
45,6151
45,6179
45,6180
45,6192
45,6219
45,6232
45,6267
45,6375
45,6434
45,6617
45,6817
45,6920
45,6972
45,7010
45,7071
45,7171
45,7174
45,7306
45,7367
45,7374
45,7413
45,7542
45,7572
45,7590
45,7665
45,7724
45,7854
45,7982
45,7999
45,8037
45,8156
45,8262
45,8333
45,8489
45,8546
45,8652
45,8653
45,8662
45,8726
45,8745
45,8962
45,9077
45,9227
45,9268
45,9317
45,9342
45,9385
45,9714
45,9765
45,9776
45,9790
45,9832
45,9862
45,9909
45,9933
45,10000
45,10004
45,10116
45,10176
45,10200
45,10217
45,10248
45,10254
45,10369
45,10410
45,10473
45,10776
45,10795
45,10863
45,11040
45,11092
45,11111
45,11113
45,11216
45,11235
45,11315
45,11322
45,11479
45,11492
45,11507
45,11564
45,11601
45,11700
45,11962
45,11976
45,12004
45,12032
45,12233
45,12299
45,12328
45,12386
45,12411
45,12428
45,12469
45,12479
45,12501
45,12521
45,12641
45,12672
45,12716
45,12789
45,12844
45,12923
45,13019
45,13126
45,13200
45,13219
45,13224
45,13268
45,13326
45,13346
45,13693
45,13711
45,13712
45,13722
45,13746
45,13758
45,14075
45,14101
45,14192
45,14272
45,14358
45,14413
45,14468
45,14521
45,14639
45,14643
45,14684
45,14688
45,14731
45,14766
45,14889
45,14901
45,14946
45,14948
45,14950
45,15010
45,15019
45,15032
45,15047
45,15085
45,15102
45,15153
45,15297
45,15322
45,15350
45,15366
45,15401
45,15487
45,15497
45,15754
45,15762
45,15949
45,16066
45,16107
45,16177
45,16190
45,16218
45,16262
45,16300
45,16369
45,16573
45,16714
45,16868
45,16925
45,16975
45,17007
45,17069
45,17133
45,17233
45,17325
45,17361
45,17496
45,17579
45,17606
45,17635
45,17701
45,17813
45,17819
45,17841
45,17910
45,17912
45,18072
45,18083
45,18152
45,18215
45,18286
45,18347
45,18406
45,18409
45,18412
45,18413
45,18429
45,18481
45,18539
45,18541
45,18593
45,18602
45,18609
45,18761
45,18809
45,18832
45,18851
45,18861
45,19382
45,19402
45,19535
45,19541
45,19641
45,19744
45,19780
45,19802
45,19974
45,20015
45,20090
45,20225
45,20528
45,20637
45,20686
45,20748
45,20798
45,20827
45,20885
45,20890
45,20915
45,21008
45,21014
45,21116
45,21179
45,21193
45,21276
45,21333
45,21345
45,21412
45,21488
45,21513
45,21874
45,21898
45,22141
45,22188
45,22280
45,22346
45,22365
45,22381
45,22413
45,22479
45,22495
45,22550
45,22622
45,22653
45,22797
45,22847
45,22860
45,22960
45,23168
45,23236
45,23247
45,23252
45,23254
45,23265
45,23314
45,23376
45,23420
45,23536
45,23545
45,23654
45,23691
45,23700
45,23787
45,23810
45,23904
45,23930
45,23939
45,24092
45,24148
45,24331
45,24592
45,24669
45,24714
45,24767
45,24909
45,24928
45,24992
45,25043
45,25123
45,25140
45,25323
45,25360
45,25373
45,25406
45,25439
45,25658
45,25680
45,26042
45,26045
45,26115
45,26306
45,26493
45,26652
45,26670
45,26724
45,26766
45,26987
45,27020
45,27112
45,27126
45,27213
45,27230
45,27336
45,27380
45,27465
45,27470
45,27494
45,27541
45,27741
45,27945
45,28064
45,28072
45,28087
45,28092
45,28199
45,28200
45,28238
45,28259
45,28262
45,28284
45,28539
45,28597
45,28621
45,28634
45,28658
45,28678
45,28700
45,28768
45,28847
45,28955
45,28963
45,28981
45,29054
45,29192
45,29209
45,29223
45,29274
45,29287
45,29302
45,29309
45,29325
45,29540
46,21
46,46
46,91
46,129
46,177
46,253
46,358
46,420
46,464
46,476
46,550
46,593
46,713
46,820
46,841
46,1080
46,1088
46,1095
46,1119
46,1230
46,1373
46,1476
46,1501
46,1707
46,1853
46,1951
46,1954
46,1964
46,1988
46,2011
46,2027
46,2104
46,2113
46,2147
46,2205
46,2333
46,2368
46,2400
46,2462
46,2571
46,2661
46,2666
46,2678
46,2734
46,2745
46,2788
46,2858
46,2872
46,3121
46,3366
46,3371
46,3387
46,3576
46,3646
46,3647
46,3692
46,3764
46,3799
46,3875
46,3930
46,3991
46,4024
46,4033
46,4040
46,4090
46,4307
46,4404
46,4411
46,4512
46,4691
46,4745
46,4774
46,4919
46,4989
46,5083
46,5167
46,5256
46,5319
46,5367
46,5416
46,5440
46,5498
46,5600
46,5602
46,5641
46,5739
46,5748
46,5899
46,5939
46,6045
46,6053
46,6155
46,6195
46,6204
46,6346
46,6419
46,6434
46,6529
46,6565
46,6620
46,6756
46,6806
46,6909
46,6915
46,6935
46,7027
46,7047
46,7166
46,7200
46,7242
46,7300
46,7516
46,7566
46,7585
46,7588
46,7687
46,7761
46,7893
46,8055
46,8070
46,8195
46,8330
46,8334
46,8393
46,8524
46,8542
46,8586
46,8636
46,8747
46,8814
46,8821
46,8871
46,8881
46,8978
46,8987
46,9037
46,9049
46,9089
46,9096
46,9127
46,9132
46,9134
46,9159
46,9425
46,9431
46,9533
46,9569
46,9589
46,9634
46,9807
46,9880
46,9951
46,9965
46,10027
46,10071
46,10206
46,10314
46,10488
46,10499
46,10542
46,10573
46,10585
46,10641
46,10650
46,10673
46,10692
46,10762
46,10775
46,10864
46,10984
46,11083
46,11116
46,11178
46,11194
46,11209
46,11220
46,11225
46,11235
46,11338
46,11384
46,11514
46,11567
46,11570
46,11722
46,11747
46,11841
46,12065
46,12228
46,12238
46,12323
46,12367
46,12376
46,12415
46,12489
46,12516
46,12556
46,12695
46,12780
46,12793
46,12839
46,12998
46,13014
46,13038
46,13163
46,13184
46,13188
46,13223
46,13240
46,13266
46,13373
46,13608
46,13693
46,13720
46,13744
46,13853
46,13881
46,13947
46,13968
46,14053
46,14139
46,14147
46,14149
46,14156
46,14239
46,14243
46,14357
46,14363
46,14439
46,14513
46,14525
46,14659
46,14681
46,14770
46,14842
46,15049
46,15098
46,15206
46,15385
46,15442
46,15474
46,15572
46,15590
46,15656
46,15681
46,15686
46,15749
46,15791
46,15824
46,16040
46,16060
46,16279
46,16344
46,16462
46,16465
46,16514
46,16656
46,16720
46,16916
46,16926
46,16999
46,17079
46,17128
46,17168
46,17210
46,17241
46,17274
46,17297
46,17319
46,17340
46,17379
46,17390
46,17392
46,17569
46,17663
46,17674
46,17708
46,17731
46,17818
46,17929
46,17957
46,17958
46,17962
46,18032
46,18038
46,18090
46,18099
46,18146
46,18167
46,18278
46,18300
46,18353
46,18405
46,18416
46,18483
46,18694
46,18775
46,18794
46,18797
46,18949
46,18957
46,19111
46,19171
46,19190
46,19328
46,19376
46,19436
46,19546
46,19578
46,19592
46,19611
46,19712
46,19760
46,19761
46,19810
46,19841
46,19871
46,19905
46,19964
46,19973
46,19982
46,20014
46,20019
46,20065
46,20074
46,20124
46,20175
46,20273
46,20353
46,20394
46,20461
46,20474
46,20633
46,20680
46,20718
46,20752
46,20815
46,20821
46,20833
46,20963
46,21017
46,21111
46,21172
46,21185
46,21207
46,21220
46,21290
46,21300
46,21463
46,21858
46,21978
46,22075
46,22101
46,22164
46,22237
46,22341
46,22353
46,22396
46,22404
46,22413
46,22535
46,22641
46,22772
46,22810
46,22863
46,22888
46,22906
46,22910
46,22928
46,22951
46,22976
46,23065
46,23101
46,23110
46,23279
46,23334
46,23435
46,23453
46,23479
46,23492
46,23516
46,23536
46,23582
46,23585
46,23762
46,23778
46,23792
46,23805
46,23834
46,23837
46,23870
46,23928
46,23985
46,24153
46,24248
46,24322
46,24337
46,24339
46,24427
46,24464
46,24564
46,24568
46,24608
46,24647
46,24692
46,25015
46,25050
46,25122
46,25204
46,25248
46,25275
46,25311
46,25315
46,25489
46,25532
46,25554
46,25574
46,25586
46,25600
46,25618
46,25623
46,25677
46,25738
46,25774
46,25788
46,25931
46,26242
46,26339
46,26365
46,26404
46,26471
46,26473
46,26481
46,26528
46,26624
46,26626
46,26634
46,26653
46,26718
46,26910
46,26993
46,27093
46,27154
46,27244
46,27258
46,27396
46,27401
46,27414
46,27449
46,27582
46,27622
46,27742
46,27754
46,28011
46,28029
46,28054
46,28174
46,28212
46,28260
46,28405
46,28423
46,28438
46,28460
46,28469
46,28484
46,28579
46,28663
46,28765
46,28789
46,28908
46,28934
46,29008
46,29053
46,29071
46,29096
46,29139
46,29227
46,29261
46,29393
46,29455
46,29523
47,124
47,136
47,147
47,199
47,291
47,358
47,366
47,427
47,562
47,612
47,772
47,814
47,1088
47,1099
47,1210
47,1275
47,1290
47,1339
47,1342
47,1354
47,1387
47,1389
47,1395
47,1458
47,1526
47,1566
47,1619
47,1723
47,1739
47,1814
47,1851
47,1952
47,2147
47,2164
47,2257
47,2377
47,2456
47,2479
47,2506
47,2507
47,2535
47,2604
47,2623
47,2648
47,2667
47,2731
47,2744
47,2756
47,2762
47,2783
47,2784
47,2796
47,2872
47,2891
47,2913
47,3018
47,3073
47,3086
47,3123
47,3124
47,3225
47,3328
47,3339
47,3452
47,3486
47,3559
47,3603
47,3649
47,3744
47,3755
47,3807
47,3811
47,3816
47,3887
47,3899
47,4116
47,4152
47,4185
47,4242
47,4351
47,4366
47,4425
47,4587
47,4654
47,4705
47,4836
47,4840
47,4850
47,4883
47,4898
47,5086
47,5117
47,5166
47,5250
47,5285
47,5375
47,5397
47,5399
47,5424
47,5471
47,5681
47,5694
47,5698
47,5765
47,5767
47,5771
47,5809
47,5820
47,5852
47,5893
47,5900
47,5905
47,5906
47,5912
47,5967
47,5969
47,5985
47,6027
47,6032
47,6155
47,6166
47,6216
47,6232
47,6235
47,6325
47,6346
47,6399
47,6430
47,6554
47,6596
47,6631
47,6672
47,6769
47,6810
47,6893
47,6968
47,7037
47,7079
47,7098
47,7133
47,7230
47,7364
47,7379
47,7494
47,7559
47,7573
47,7639
47,7723
47,7812
47,7815
47,7828
47,7898
47,7922
47,7984
47,7985
47,7995
47,7999
47,8026
47,8058
47,8108
47,8210
47,8246
47,8345
47,8351
47,8418
47,8497
47,8509
47,8655
47,8764
47,8909
47,8931
47,8948
47,9039
47,9045
47,9096
47,9108
47,9133
47,9187
47,9198
47,9232
47,9318
47,9437
47,9529
47,9571
47,9573
47,9665
47,9735
47,9755
47,9777
47,9817
47,9854
47,10043
47,10051
47,10111
47,10163
47,10205
47,10245
47,10288
47,10297
47,10386
47,10428
47,10457
47,10468
47,10502
47,10506
47,10601
47,10654
47,10764
47,10774
47,10860
47,10883
47,10964
47,11009
47,11069
47,11150
47,11175
47,11227
47,11300
47,11351
47,11355
47,11448
47,11523
47,11561
47,11569
47,11666
47,11678
47,11685
47,11699
47,11734
47,11747
47,11803
47,11940
47,11947
47,11983
47,12011
47,12176
47,12185
47,12187
47,12192
47,12235
47,12253
47,12301
47,12383
47,12386
47,12450
47,12539
47,12555
47,12596
47,12618
47,12647
47,12693
47,12695
47,12737
47,12787
47,12825
47,12836
47,12942
47,13017
47,13023
47,13036
47,13111
47,13180
47,13183
47,13196
47,13210
47,13253
47,13349
47,13374
47,13378
47,13494
47,13524
47,13537
47,13619
47,13695
47,13777
47,13782
47,13789
47,13821
47,13827
47,13884
47,13971
47,14085
47,14086
47,14098
47,14240
47,14442
47,14450
47,14457
47,14474
47,14506
47,14671
47,14716
47,14740
47,14834
47,14865
47,14917
47,14934
47,14941
47,14946
47,15053
47,15056
47,15087
47,15126
47,15230
47,15310
47,15332
47,15441
47,15584
47,15633
47,15756
47,15793
47,15797
47,15887
47,15989
47,15991
47,16137
47,16164
47,16167
47,16188
47,16299
47,16314
47,16359
47,16371
47,16405
47,16411
47,16456
47,16498
47,16549
47,16565
47,16614
47,16690
47,16702
47,16744
47,16768
47,16801
47,16876
47,16911
47,16985
47,16986
47,17064
47,17229
47,17355
47,17385
47,17419
47,17526
47,17635
47,17660
47,17692
47,17780
47,17817
47,17875
47,17878
47,17885
47,17887
47,17911
47,18003
47,18063
47,18213
47,18215
47,18279
47,18288
47,18302
47,18324
47,18409
47,18440
47,18464
47,18485
47,18560
47,18636
47,18649
47,18750
47,18838
47,18935
47,18942
47,19061
47,19067
47,19086
47,19112
47,19115
47,19122
47,19148
47,19182
47,19194
47,19301
47,19352
47,19412
47,19433
47,19461
47,19507
47,19575
47,19599
47,19620
47,19669
47,19823
47,19834
47,19851
47,19885
47,20080
47,20109
47,20159
47,20228
47,20338
47,20356
47,20456
47,20482
47,20695
47,20865
47,20870
47,20976
47,21015
47,21049
47,21082
47,21142
47,21148
47,21334
47,21336
47,21512
47,21548
47,21586
47,21593
47,21694
47,21831
47,21890
47,21917
47,21938
47,21955
47,22032
47,22048
47,22106
47,22161
47,22183
47,22214
47,22221
47,22288
47,22363
47,22380
47,22428
47,22444
47,22530
47,22536
47,22544
47,22565
47,22743
47,22901
47,22971
47,22988
47,23095
47,23132
47,23156
47,23257
47,23261
47,23288
47,23309
47,23443
47,23520
47,23523
47,23586
47,23590
47,23619
47,23669
47,23724
47,23725
47,23824
47,23825
47,23849
47,23871
47,23884
47,23906
47,23959
47,24030
47,24161
47,24168
47,24249
47,24278
47,24334
47,24370
47,24395
47,24411
47,24431
47,24446
47,24530
47,24607
47,24611
47,24612
47,24660
47,24716
47,24765
47,24776
47,24792
47,24819
47,24954
47,24975
47,24979
47,24989
47,25004
47,25029
47,25282
47,25330
47,25346
47,25449
47,25457
47,25481
47,25487
47,25502
47,25503
47,25535
47,25616
47,25749
47,25804
47,25838
47,25881
47,25882
47,26144
47,26199
47,26347
47,26356
47,26537
47,26575
47,26680
47,26772
47,26773
47,26794
47,26809
47,26837
47,26965
47,26986
47,27030
47,27051
47,27089
47,27108
47,27116
47,27188
47,27233
47,27306
47,27319
47,27336
47,27370
47,27478
47,27587
47,27654
47,27731
47,27816
47,27825
47,27896
47,27901
47,27985
47,27986
47,28025
47,28039
47,28101
47,28189
47,28323
47,28376
47,28391
47,28456
47,28466
47,28501
47,28631
47,28633
47,28672
47,28678
47,28698
47,28849
47,28909
47,28935
47,28991
47,29070
47,29117
47,29119
47,29192
47,29272
47,29410
47,29477
47,29517
48,72
48,100
48,154
48,196
48,242
48,286
48,306
48,308
48,318
48,331
48,397
48,443
48,449
48,488
48,490
48,505
48,566
48,585
48,724
48,744
48,751
48,813
48,847
48,854
48,872
48,912
48,913
48,932
48,942
48,958
48,972
48,985
48,1023
48,1025
48,1028
48,1049
48,1088
48,1136
48,1183
48,1309
48,1310
48,1326
48,1378
48,1406
48,1425
48,1456
48,1459
48,1486
48,1516
48,1529
48,1583
48,1617
48,1626
48,1647
48,1707
48,1811
48,1816
48,1862
48,1864
48,1927
48,1965
48,2106
48,2146
48,2167
48,2191
48,2329
48,2358
48,2379
48,2381
48,2477
48,2587
48,2617
48,2635
48,2647
48,2660
48,2678
48,2721
48,2743
48,2803
48,2808
48,2823
48,2851
48,2884
48,2902
48,2903
48,2947
48,2950
48,3009
48,3022
48,3094
48,3122
48,3203
48,3205
48,3225
48,3242
48,3337
48,3345
48,3367
48,3381
48,3487
48,3556
48,3573
48,3605
48,3688
48,3693
48,3755
48,3771
48,3861
48,3878
48,3882
48,3949
48,3961
48,4021
48,4044
48,4050
48,4083
48,4098
48,4150
48,4345
48,4355
48,4356
48,4381
48,4445
48,4566
48,4591
48,4626
48,4642
48,4658
48,4730
48,4749
48,4807
48,4929
48,4933
48,4969
48,5002
48,5034
48,5035
48,5074
48,5101
48,5116
48,5120
48,5133
48,5153
48,5197
48,5198
48,5200
48,5363
48,5379
48,5436
48,5446
48,5471
48,5518
48,5523
48,5560
48,5564
48,5591
48,5625
48,5670
48,5772
48,5790
48,5834
48,5867
48,5905
48,5907
48,5944
48,6018
48,6030
48,6045
48,6181
48,6226
48,6258
48,6400
48,6452
48,6637
48,6641
48,6650
48,6697
48,6744
48,6754
48,6795
48,6847
48,6910
48,6922
48,6923
48,6939
48,7028
48,7073
48,7135
48,7147
48,7275
48,7280
48,7289
48,7308
48,7316
48,7435
48,7456
48,7476
48,7482
48,7521
48,7526
48,7533
48,7560
48,7672
48,7682
48,7697
48,7706
48,7768
48,7806
48,7847
48,7857
48,7976
48,8047
48,8049
48,8065
48,8089
48,8129
48,8135
48,8205
48,8267
48,8273
48,8288
48,8336
48,8383
48,8423
48,8430
48,8489
48,8490
48,8507
48,8590
48,8658
48,8675
48,8695
48,8777
48,8853
48,8947
48,8989
48,8999
48,9018
48,9023
48,9183
48,9210
48,9222
48,9264
48,9308
48,9360
48,9366
48,9410
48,9461
48,9486
48,9557
48,9561
48,9589
48,9636
48,9672
48,9700
48,9713
48,9739
48,9743
48,9779
48,9802
48,9823
48,9859
48,9878
48,9896
48,9923
48,9953
48,9976
48,10114
48,10133
48,10165
48,10250
48,10340
48,10477
48,10514
48,10524
48,10595
48,10607
48,10648
48,10679
48,10729
48,10895
48,10965
48,10966
48,10988
48,11042
48,11047
48,11110
48,11138
48,11171
48,11205
48,11214
48,11438
48,11461
48,11497
48,11519
48,11540
48,11581
48,11584
48,11587
48,11594
48,11608
48,11618
48,11689
48,11734
48,11740
48,11752
48,11754
48,11805
48,11821
48,11918
48,11926
48,11951
48,11958
48,11986
48,11998
48,12005
48,12018
48,12122
48,12128
48,12168
48,12182
48,12198
48,12258
48,12279
48,12281
48,12351
48,12400
48,12453
48,12471
48,12557
48,12578
48,12594
48,12622
48,12627
48,12633
48,12667
48,12692
48,12722
48,12726
48,12745
48,12765
48,12815
48,12844
48,13006
48,13007
48,13016
48,13026
48,13088
48,13107
48,13162
48,13165
48,13187
48,13218
48,13231
48,13269
48,13346
48,13387
48,13391
48,13460
48,13474
48,13502
48,13504
48,13506
48,13526
48,13530
48,13543
48,13544
48,13706
48,13707
48,13728
48,13855
48,13860
48,13897
48,13899
48,13941
48,13975
48,14039
48,14044
48,14108
48,14157
48,14193
48,14198
48,14228
48,14279
48,14303
48,14314
48,14355
48,14388
48,14391
48,14419
48,14457
48,14504
48,14564
48,14569
48,14579
48,14592
48,14658
48,14710
48,14735
48,14736
48,14750
48,14754
48,14818
48,14860
48,14882
48,15085
48,15274
48,15425
48,15452
48,15466
48,15490
48,15601
48,15608
48,15658
48,15661
48,15713
48,15715
48,15746
48,15748
48,15749
48,15787
48,15802
48,15834
48,15856
48,15891
48,15904
48,15906
48,15920
48,15949
48,15960
48,16038
48,16044
48,16052
48,16055
48,16097
48,16127
48,16133
48,16184
48,16195
48,16199
48,16242
48,16326
48,16331
48,16332
48,16395
48,16485
48,16513
48,16514
48,16517
48,16537
48,16550
48,16612
48,16625
48,16667
48,16786
48,16987
48,17073
48,17088
48,17094
48,17237
48,17343
48,17409
48,17422
48,17464
48,17465
48,17478
48,17479
48,17481
48,17482
48,17488
48,17496
48,17535
48,17537
48,17546
48,17600
48,17629
48,17709
48,17764
48,17798
48,17816
48,17861
48,17886
48,17941
48,17952
48,17954
48,17966
48,18032
48,18064
48,18111
48,18173
48,18213
48,18217
48,18233
48,18247
48,18257
48,18387
48,18426
48,18481
48,18546
48,18578
48,18597
48,18613
48,18727
48,18750
48,18753
48,18764
48,18776
48,18787
48,18823
48,18826
48,18892
48,18906
48,18908
48,18925
48,18966
48,18991
48,19010
48,19041
48,19045
48,19109
48,19111
48,19122
48,19128
48,19181
48,19204
48,19249
48,19286
48,19313
48,19389
48,19391
48,19489
48,19544
48,19565
48,19587
48,19594
48,19597
48,19600
48,19603
48,19630
48,19642
48,19649
48,19683
48,19743
48,19749
48,19760
48,19799
48,19917
48,19924
48,19981
48,20008
48,20032
48,20047
48,20070
48,20072
48,20089
48,20142
48,20247
48,20248
48,20295
48,20308
48,20314
48,20321
48,20345
48,20388
48,20410
48,20454
48,20471
48,20514
48,20535
48,20588
48,20598
48,20613
48,20683
48,20726
48,20736
48,20754
48,20808
48,20851
48,20859
48,20865
48,21030
48,21064
48,21073
48,21126
48,21131
48,21136
48,21150
48,21183
48,21219
48,21223
48,21289
48,21320
48,21333
48,21426
48,21468
48,21470
48,21512
48,21522
48,21526
48,21561
48,21572
48,21648
48,21697
48,21810
48,21983
48,22052
48,22091
48,22208
48,22299
48,22312
48,22340
48,22342
48,22361
48,22405
48,22424
48,22432
48,22459
48,22511
48,22529
48,22572
48,22620
48,22644
48,22683
48,22689
48,22741
48,22744
48,22781
48,22785
48,22863
48,22916
48,22917
48,22928
48,22967
48,22976
48,22987
48,23018
48,23132
48,23158
48,23178
48,23200
48,23206
48,23208
48,23211
48,23247
48,23302
48,23309
48,23340
48,23435
48,23448
48,23513
48,23528
48,23543
48,23585
48,23606
48,23641
48,23735
48,23749
48,23830
48,23978
48,24009
48,24027
48,24030
48,24048
48,24066
48,24075
48,24161
48,24209
48,24212
48,24244
48,24254
48,24350
48,24387
48,24453
48,24460
48,24475
48,24493
48,24514
48,24539
48,24554
48,24642
48,24648
48,24709
48,24714
48,24742
48,24768
48,24863
48,24964
48,24968
48,25050
48,25076
48,25085
48,25127
48,25210
48,25289
48,25306
48,25323
48,25331
48,25346
48,25411
48,25433
48,25444
48,25486
48,25534
48,25602
48,25622
48,25634
48,25686
48,25694
48,25734
48,25786
48,25847
48,25871
48,25942
48,25955
48,25982
48,25990
48,25991
48,25998
48,26028
48,26066
48,26078
48,26171
48,26207
48,26243
48,26259
48,26260
48,26265
48,26289
48,26303
48,26350
48,26440
48,26486
48,26568
48,26615
48,26702
48,26704
48,26824
48,26880
48,26918
48,26930
48,26943
48,26989
48,26995
48,27070
48,27072
48,27246
48,27282
48,27310
48,27329
48,27352
48,27358
48,27475
48,27507
48,27537
48,27549
48,27558
48,27566
48,27703
48,27709
48,27733
48,27748
48,27779
48,27797
48,27888
48,27890
48,27928
48,28060
48,28077
48,28079
48,28080
48,28143
48,28150
48,28283
48,28308
48,28329
48,28333
48,28425
48,28427
48,28441
48,28452
48,28466
48,28468
48,28570
48,28585
48,28629
48,28636
48,28647
48,28670
48,28740
48,28791
48,28825
48,28928
48,29021
48,29025
48,29035
48,29129
48,29185
48,29197
48,29220
48,29246
48,29281
48,29317
48,29359
48,29435
48,29437
48,29457
48,29469
48,29489
48,29549
49,54
49,77
49,91
49,136
49,276
49,286
49,307
49,406
49,409
49,422
49,515
49,557
49,696
49,731
49,764
49,787
49,840
49,930
49,1004
49,1025
49,1061
49,1108
49,1172
49,1417
49,1578
49,1629
49,1666
49,1726
49,1737
49,1810
49,1877
49,1895
49,1940
49,1951
49,2012
49,2048
49,2076
49,2079
49,2099
49,2148
49,2184
49,2227
49,2231
49,2241
49,2251
49,2254
49,2281
49,2303
49,2380
49,2390
49,2447
49,2494
49,2501
49,2587
49,2646
49,2655
49,2681
49,2722
49,2807
49,2840
49,2853
49,2866
49,2924
49,2990
49,3155
49,3187
49,3237
49,3443
49,3444
49,3496
49,3531
49,3601
49,3733
49,3773
49,3777
49,3822
49,3841
49,3856
49,3898
49,3937
49,3993
49,4043
49,4060
49,4076
49,4192
49,4248
49,4271
49,4291
49,4304
49,4370
49,4378
49,4385
49,4393
49,4409
49,4506
49,4537
49,4583
49,4588
49,4671
49,4672
49,4859
49,4905
49,5027
49,5093
49,5208
49,5231
49,5379
49,5410
49,5435
49,5464
49,5569
49,5639
49,5727
49,5729
49,5752
49,5777
49,5849
49,5908
49,5949
49,5975
49,5986
49,6091
49,6092
49,6229
49,6269
49,6282
49,6315
49,6316
49,6421
49,6506
49,6553
49,6570
49,6572
49,6644
49,6728
49,6836
49,6838
49,6857
49,6882
49,6899
49,6979
49,7008
49,7009
49,7045
49,7061
49,7103
49,7141
49,7192
49,7219
49,7257
49,7329
49,7333
49,7385
49,7391
49,7443
49,7466
49,7505
49,7529
49,7552
49,7614
49,7619
49,7687
49,7741
49,7766
49,7773
49,7781
49,7787
49,7817
49,7868
49,7870
49,7916
49,7939
49,7943
49,7947
49,7994
49,8036
49,8042
49,8144
49,8240
49,8272
49,8281
49,8449
49,8460
49,8466
49,8476
49,8545
49,8578
49,8589
49,8595
49,8644
49,8670
49,8688
49,8774
49,8836
49,9061
49,9091
49,9109
49,9141
49,9218
49,9248
49,9317
49,9322
49,9331
49,9338
49,9383
49,9405
49,9587
49,9589
49,9668
49,9818
49,9821
49,9840
49,9849
49,9851
49,9985
49,10040
49,10051
49,10278
49,10297
49,10301
49,10356
49,10423
49,10497
49,10516
49,10611
49,10744
49,10748
49,10757
49,10768
49,10769
49,10794
49,10875
49,10884
49,10896
49,10918
49,10934
49,10938
49,10958
49,11045
49,11061
49,11079
49,11111
49,11136
49,11219
49,11220
49,11301
49,11318
49,11345
49,11372
49,11424
49,11536
49,11549
49,11556
49,11609
49,11618
49,11636
49,11643
49,11675
49,11746
49,11765
49,11849
49,11909
49,11923
49,11966
49,11980
49,12064
49,12107
49,12292
49,12340
49,12391
49,12410
49,12469
49,12518
49,12627
49,12666
49,12680
49,12721
49,12730
49,12787
49,12834
49,12998
49,13002
49,13062
49,13143
49,13270
49,13335
49,13392
49,13529
49,13550
49,13574
49,13703
49,13729
49,13773
49,13774
49,13794
49,13874
49,13914
49,13929
49,13982
49,14047
49,14108
49,14158
49,14159
49,14175
49,14182
49,14188
49,14223
49,14281
49,14366
49,14369
49,14383
49,14394
49,14428
49,14457
49,14495
49,14529
49,14624
49,14657
49,14779
49,14855
49,14894
49,14896
49,14970
49,14987
49,15016
49,15051
49,15054
49,15111
49,15113
49,15116
49,15154
49,15230
49,15306
49,15311
49,15314
49,15324
49,15351
49,15389
49,15428
49,15475
49,15547
49,15575
49,15585
49,15589
49,15945
49,15969
49,16028
49,16064
49,16079
49,16101
49,16111
49,16121
49,16213
49,16226
49,16351
49,16353
49,16378
49,16454
49,16520
49,16533
49,16544
49,16576
49,16594
49,16620
49,16662
49,16664
49,16679
49,16711
49,16743
49,16785
49,16797
49,16849
49,16995
49,16998
49,17048
49,17083
49,17102
49,17209
49,17275
49,17309
49,17316
49,17329
49,17340
49,17343
49,17349
49,17451
49,17473
49,17656
49,17678
49,17748
49,17765
49,17803
49,17830
49,17844
49,18003
49,18036
49,18092
49,18127
49,18170
49,18172
49,18203
49,18226
49,18230
49,18240
49,18245
49,18321
49,18356
49,18493
49,18553
49,18560
49,18585
49,18637
49,18661
49,18849
49,18889
49,18920
49,19142
49,19191
49,19272
49,19291
49,19355
49,19389
49,19423
49,19468
49,19472
49,19479
49,19481
49,19496
49,19511
49,19642
49,19713
49,19818
49,19966
49,20057
49,20067
49,20074
49,20097
49,20134
49,20208
49,20290
49,20346
49,20495
49,20508
49,20515
49,20532
49,20564
49,20573
49,20702
49,20772
49,20818
49,20828
49,20862
49,20867
49,20881
49,20928
49,20992
49,21037
49,21041
49,21060
49,21117
49,21247
49,21252
49,21259
49,21427
49,21567
49,21568
49,21638
49,21640
49,21647
49,21771
49,21782
49,21788
49,21809
49,21848
49,21870
49,21950
49,22001
49,22021
49,22131
49,22236
49,22238
49,22255
49,22303
49,22319
49,22320
49,22351
49,22397
49,22420
49,22425
49,22433
49,22492
49,22536
49,22594
49,22617
49,22642
49,22662
49,22690
49,22692
49,22822
49,22973
49,22986
49,22995
49,23007
49,23037
49,23242
49,23490
49,23504
49,23576
49,23587
49,23669
49,23732
49,23759
49,23838
49,23896
49,23953
49,24004
49,24101
49,24141
49,24154
49,24202
49,24265
49,24299
49,24304
49,24489
49,24496
49,24573
49,24617
49,24710
49,24787
49,24803
49,24837
49,25004
49,25030
49,25094
49,25118
49,25153
49,25157
49,25224
49,25248
49,25289
49,25387
49,25404
49,25418
49,25497
49,25609
49,25630
49,25665
49,25692
49,25719
49,25859
49,25860
49,25872
49,25902
49,25942
49,25943
49,25966
49,26045
49,26127
49,26171
49,26198
49,26234
49,26248
49,26422
49,26506
49,26555
49,26567
49,26691
49,26765
49,26864
49,26883
49,26884
49,26898
49,27072
49,27124
49,27142
49,27161
49,27273
49,27280
49,27296
49,27297
49,27324
49,27400
49,27415
49,27433
49,27434
49,27460
49,27468
49,27488
49,27629
49,27646
49,27647
49,27668
49,27669
49,27701
49,27740
49,27744
49,27769
49,27896
49,27923
49,28043
49,28063
49,28189
49,28199
49,28208
49,28438
49,28592
49,28620
49,28663
49,28667
49,28785
49,28791
49,28859
49,29043
49,29071
49,29076
49,29081
49,29100
49,29104
49,29166
49,29168
49,29214
49,29231
49,29275
49,29333
49,29377
49,29412
49,29426
49,29447
49,29455
49,29468
49,29470
49,29524
49,29566
50,44
50,99
50,235
50,295
50,307
50,361
50,407
50,422
50,442
50,492
50,554
50,619
50,634
50,668
50,724
50,798
50,981
50,991
50,995
50,1090
50,1095
50,1247
50,1277
50,1297
50,1339
50,1403
50,1434
50,1448
50,1550
50,1710
50,1821
50,1888
50,1889
50,1896
50,1925
50,1966
50,2022
50,2041
50,2047
50,2056
50,2100
50,2170
50,2247
50,2282
50,2336
50,2356
50,2373
50,2408
50,2430
50,2432
50,2557
50,2667
50,2693
50,2732
50,2771
50,2796
50,2824
50,2828
50,2883
50,2927
50,3005
50,3116
50,3233
50,3313
50,3353
50,3380
50,3500
50,3522
50,3579
50,3619
50,3639
50,3676
50,3699
50,3765
50,3797
50,3854
50,3861
50,3946
50,3947
50,4009
50,4033
50,4060
50,4118
50,4191
50,4196
50,4206
50,4259
50,4377
50,4421
50,4459
50,4494
50,4509
50,4514
50,4561
50,4632
50,4641
50,4663
50,4688
50,4776
50,4807
50,4881
50,4922
50,4935
50,4980
50,5051
50,5083
50,5120
50,5138
50,5174
50,5261
50,5341
50,5358
50,5416
50,5427
50,5531
50,5546
50,5628
50,5831
50,5925
50,5931
50,6011
50,6017
50,6067
50,6084
50,6146
50,6175
50,6344
50,6356
50,6386
50,6435
50,6443
50,6511
50,6593
50,6603
50,6644
50,6658
50,6661
50,6870
50,6948
50,6990
50,7049
50,7177
50,7196
50,7230
50,7244
50,7309
50,7363
50,7365
50,7527
50,7598
50,7605
50,7650
50,7678
50,7694
50,7768
50,7807
50,7816
50,7843
50,7887
50,7909
50,7930
50,8011
50,8019
50,8026
50,8082
50,8149
50,8241
50,8267
50,8326
50,8327
50,8438
50,8447
50,8464
50,8472
50,8543
50,8553
50,8644
50,8712
50,8722
50,8732
50,8830
50,8862
50,8989
50,9072
50,9155
50,9251
50,9279
50,9326
50,9375
50,9436
50,9549
50,9577
50,9615
50,9708
50,9730
50,9917
50,9950
50,9957
50,9968
50,10009
50,10046
50,10071
50,10089
50,10140
50,10254
50,10314
50,10320
50,10509
50,10620
50,10662
50,10684
50,10693
50,10743
50,10800
50,10926
50,11022
50,11154
50,11245
50,11370
50,11415
50,11419
50,11612
50,11616
50,11739
50,11743
50,11769
50,11781
50,11815
50,11830
50,11864
50,11932
50,11973
50,12137
50,12150
50,12165
50,12198
50,12246
50,12396
50,12451
50,12484
50,12516
50,12576
50,12586
50,12616
50,12704
50,12756
50,12761
50,12770
50,12815
50,12943
50,12970
50,12971
50,13094
50,13151
50,13209
50,13214
50,13226
50,13232
50,13278
50,13370
50,13373
50,13389
50,13412
50,13429
50,13435
50,13474
50,13623
50,13634
50,13641
50,13654
50,13877
50,13914
50,14043
50,14045
50,14058
50,14066
50,14127
50,14187
50,14215
50,14241
50,14642
50,14720
50,14723
50,14782
50,14784
50,14835
50,14855
50,14908
50,14927
50,15002
50,15032
50,15040
50,15080
50,15231
50,15242
50,15261
50,15334
50,15394
50,15434
50,15482
50,15533
50,15591
50,15593
50,15667
50,15783
50,15869
50,15872
50,15911
50,15916
50,15948
50,15952
50,16035
50,16126
50,16147
50,16237
50,16286
50,16311
50,16437
50,16514
50,16532
50,16535
50,16548
50,16561
50,16562
50,16578
50,16584
50,16756
50,16794
50,16807
50,16817
50,16828
50,16838
50,16913
50,16968
50,16987
50,17007
50,17035
50,17057
50,17060
50,17135
50,17146
50,17162
50,17185
50,17324
50,17326
50,17335
50,17347
50,17362
50,17374
50,17396
50,17409
50,17484
50,17693
50,17800
50,17801
50,17868
50,17882
50,17887
50,17916
50,17985
50,18017
50,18116
50,18157
50,18179
50,18298
50,18364
50,18377
50,18444
50,18451
50,18518
50,18597
50,18616
50,18674
50,18722
50,18726
50,18792
50,18805
50,18822
50,18885
50,18932
50,18965
50,18971
50,19000
50,19099
50,19150
50,19174
50,19302
50,19303
50,19401
50,19418
50,19443
50,19478
50,19534
50,19576
50,19624
50,19654
50,19722
50,19725
50,19762
50,19767
50,19803
50,19913
50,19915
50,19935
50,20146
50,20204
50,20256
50,20301
50,20319
50,20334
50,20345
50,20380
50,20437
50,20535
50,20636
50,20737
50,20766
50,20788
50,20816
50,20859
50,20908
50,20910
50,20915
50,20920
50,20981
50,21127
50,21147
50,21217
50,21293
50,21299
50,21373
50,21381
50,21463
50,21721
50,21828
50,21830
50,21911
50,21920
50,21938
50,21958
50,21965
50,21974
50,22010
50,22055
50,22070
50,22108
50,22261
50,22308
50,22419
50,22441
50,22480
50,22507
50,22667
50,22681
50,22685
50,22817
50,22845
50,22862
50,22945
50,23052
50,23088
50,23157
50,23208
50,23291
50,23297
50,23379
50,23394
50,23431
50,23446
50,23492
50,23595
50,23645
50,23681
50,23707
50,23801
50,23869
50,24013
50,24169
50,24173
50,24175
50,24181
50,24248
50,24252
50,24271
50,24368
50,24393
50,24427
50,24490
50,24544
50,24618
50,24643
50,24864
50,24874
50,24902
50,24905
50,24968
50,25070
50,25109
50,25149
50,25150
50,25165
50,25194
50,25253
50,25259
50,25266
50,25353
50,25394
50,25439
50,25508
50,25510
50,25555
50,25567
50,25677
50,25753
50,25778
50,25780
50,25786
50,25788
50,25883
50,25914
50,25927
50,25952
50,25960
50,26044
50,26187
50,26229
50,26237
50,26240
50,26280
50,26374
50,26493
50,26500
50,26572
50,26575
50,26576
50,26614
50,26649
50,26679
50,26697
50,26705
50,26733
50,26749
50,26837
50,26862
50,26913
50,27000
50,27003
50,27039
50,27086
50,27250
50,27281
50,27365
50,27370
50,27373
50,27414
50,27436
50,27481
50,27541
50,27591
50,27632
50,27683
50,27748
50,27756
50,27787
50,27808
50,27810
50,27823
50,27825
50,27892
50,27980
50,28000
50,28109
50,28209
50,28218
50,28251
50,28264
50,28308
50,28320
50,28552
50,28582
50,28610
50,28771
50,28801
50,28811
50,28905
50,28955
50,28963
50,28981
50,29052
50,29156
50,29175
50,29214
50,29274
50,29280
50,29298
50,29532
51,32
51,37
51,38
51,53
51,66
51,242
51,264
51,407
51,422
51,455
51,492
51,511
51,626
51,629
51,631
51,635
51,643
51,653
51,690
51,749
51,876
51,940
51,1016
51,1039
51,1062
51,1265
51,1276
51,1319
51,1502
51,1534
51,1536
51,1556
51,1589
51,1590
51,1644
51,1673
51,1681
51,1690
51,1747
51,1766
51,1793
51,1795
51,1802
51,1832
51,1929
51,1943
51,1962
51,1977
51,2040
51,2104
51,2126
51,2149
51,2190
51,2205
51,2213
51,2221
51,2266
51,2339
51,2348
51,2447
51,2487
51,2679
51,2771
51,2777
51,2827
51,2942
51,2965
51,2978
51,3015
51,3157
51,3186
51,3216
51,3247
51,3273
51,3304
51,3397
51,3514
51,3525
51,3554
51,3576
51,3631
51,3721
51,3774
51,3895
51,3950
51,3957
51,4079
51,4141
51,4148
51,4174
51,4243
51,4508
51,4609
51,4780
51,4874
51,4892
51,4901
51,5061
51,5076
51,5143
51,5211
51,5222
51,5383
51,5385
51,5387
51,5426
51,5450
51,5452
51,5455
51,5458
51,5472
51,5543
51,5559
51,5738
51,5787
51,5837
51,5912
51,5919
51,5924
51,5957
51,5977
51,6324
51,6467
51,6612
51,6637
51,6674
51,6771
51,6802
51,6839
51,6858
51,6862
51,6896
51,7056
51,7214
51,7304
51,7329
51,7337
51,7358
51,7484
51,7592
51,7647
51,7721
51,7772
51,7845
51,7890
51,8081
51,8125
51,8143
51,8194
51,8230
51,8277
51,8337
51,8409
51,8471
51,8534
51,8602
51,8675
51,8730
51,8756
51,8801
51,8854
51,8910
51,8936
51,8948
51,9061
51,9075
51,9111
51,9138
51,9168
51,9218
51,9249
51,9264
51,9277
51,9310
51,9325
51,9414
51,9570
51,9847
51,9881
51,9929
51,9946
51,10016
51,10145
51,10176
51,10182
51,10232
51,10294
51,10295
51,10297
51,10428
51,10633
51,10657
51,10704
51,10734
51,10735
51,10869
51,10871
51,10880
51,10930
51,10939
51,10950
51,10985
51,11082
51,11086
51,11148
51,11164
51,11260
51,11261
51,11365
51,11697
51,11721
51,11758
51,11978
51,12071
51,12180
51,12201
51,12246
51,12320
51,12333
51,12366
51,12415
51,12457
51,12777
51,12824
51,12845
51,12923
51,13050
51,13059
51,13125
51,13189
51,13256
51,13320
51,13510
51,13530
51,13575
51,13626
51,13763
51,13765
51,13770
51,13835
51,13864
51,13948
51,14016
51,14069
51,14142
51,14152
51,14206
51,14247
51,14270
51,14318
51,14324
51,14328
51,14465
51,14486
51,14548
51,14576
51,14581
51,14605
51,14667
51,14730
51,14794
51,14995
51,15010
51,15037
51,15157
51,15210
51,15266
51,15300
51,15317
51,15336
51,15399
51,15415
51,15522
51,15541
51,15679
51,15686
51,15719
51,15790
51,15834
51,15850
51,15867
51,15896
51,16080
51,16087
51,16091
51,16097
51,16104
51,16152
51,16156
51,16230
51,16271
51,16381
51,16475
51,16481
51,16497
51,16502
51,16719
51,16821
51,16888
51,16898
51,16949
51,17027
51,17059
51,17137
51,17296
51,17322
51,17352
51,17399
51,17412
51,17428
51,17441
51,17662
51,17717
51,17722
51,17730
51,17786
51,17790
51,17890
51,17939
51,18060
51,18127
51,18293
51,18374
51,18425
51,18463
51,18539
51,18626
51,18660
51,18704
51,18718
51,18735
51,18761
51,18804
51,18806
51,18816
51,18844
51,18858
51,18900
51,18969
51,19043
51,19062
51,19115
51,19218
51,19347
51,19501
51,19559
51,19632
51,19656
51,19689
51,19726
51,19734
51,19787
51,19814
51,19817
51,19926
51,19927
51,19936
51,20050
51,20062
51,20071
51,20262
51,20283
51,20417
51,20481
51,20606
51,20692
51,20717
51,20725
51,20740
51,20857
51,20866
51,21033
51,21100
51,21185
51,21197
51,21202
51,21308
51,21346
51,21363
51,21427
51,21436
51,21461
51,21509
51,21598
51,21603
51,21783
51,21998
51,22081
51,22166
51,22202
51,22237
51,22251
51,22252
51,22283
51,22304
51,22309
51,22537
51,22580
51,22608
51,22658
51,22707
51,22752
51,22782
51,22805
51,22850
51,23144
51,23147
51,23161
51,23301
51,23369
51,23429
51,23466
51,23498
51,23556
51,23560
51,23569
51,23673
51,23792
51,23863
51,23914
51,23951
51,24038
51,24113
51,24119
51,24174
51,24199
51,24209
51,24219
51,24256
51,24306
51,24387
51,24405
51,24464
51,24522
51,24527
51,24603
51,24629
51,24634
51,24840
51,24920
51,24946
51,25024
51,25046
51,25111
51,25128
51,25153
51,25157
51,25176
51,25187
51,25201
51,25226
51,25277
51,25283
51,25312
51,25360
51,25366
51,25506
51,25518
51,25545
51,25562
51,25624
51,25761
51,25774
51,25788
51,25895
51,26002
51,26074
51,26154
51,26183
51,26269
51,26285
51,26305
51,26547
51,26768
51,26808
51,26861
51,26923
51,26967
51,27092
51,27223
51,27272
51,27334
51,27345
51,27450
51,27476
51,27573
51,27698
51,27705
51,27734
51,27846
51,27919
51,27977
51,27991
51,27998
51,28078
51,28079
51,28101
51,28202
51,28307
51,28323
51,28502
51,28506
51,28531
51,28557
51,28589
51,28631
51,28704
51,28706
51,28790
51,28830
51,28834
51,28902
51,28927
51,28996
51,29004
51,29057
51,29221
51,29314
51,29316
51,29399
51,29401
51,29499
51,29500
51,29565
52,31
52,144
52,147
52,187
52,206
52,308
52,334
52,429
52,443
52,456
52,459
52,500
52,527
52,626
52,678
52,694
52,752
52,796
52,812
52,844
52,1069
52,1073
52,1075
52,1204
52,1348
52,1350
52,1359
52,1360
52,1401
52,1442
52,1555
52,1576
52,1610
52,1617
52,1624
52,1660
52,1745
52,1760
52,1942
52,2003
52,2200
52,2236
52,2245
52,2259
52,2313
52,2325
52,2389
52,2433
52,2443
52,2496
52,2572
52,2645
52,2684
52,2708
52,2775
52,2949
52,2983
52,3020
52,3158
52,3295
52,3502
52,3543
52,3694
52,3736
52,3741
52,3765
52,3791
52,4128
52,4174
52,4177
52,4252
52,4351
52,4402
52,4410
52,4444
52,4481
52,4526
52,4585
52,4636
52,4673
52,4680
52,4741
52,4799
52,4837
52,4858
52,4865
52,4873
52,4914
52,4997
52,5071
52,5088
52,5098
52,5131
52,5205
52,5267
52,5433
52,5501
52,5504
52,5509
52,5527
52,5646
52,5656
52,5860
52,5881
52,5894
52,5940
52,5949
52,6134
52,6203
52,6244
52,6261
52,6300
52,6474
52,6511
52,6613
52,6623
52,6800
52,6827
52,6836
52,6872
52,6942
52,7008
52,7020
52,7045
52,7135
52,7347
52,7455
52,7484
52,7525
52,7535
52,7573
52,7630
52,7667
52,7731
52,7776
52,7792
52,7805
52,7807
52,7808
52,7839
52,7889
52,7938
52,7941
52,7942
52,7975
52,7976
52,7996
52,8003
52,8017
52,8098
52,8120
52,8140
52,8156
52,8188
52,8234
52,8305
52,8397
52,8425
52,8439
52,8464
52,8467
52,8497
52,8531
52,8585
52,8729
52,8774
52,8928
52,8961
52,8974
52,9007
52,9026
52,9048
52,9054
52,9108
52,9176
52,9199
52,9229
52,9317
52,9318
52,9326
52,9479
52,9561
52,9736
52,9826
52,9841
52,9885
52,9907
52,10004
52,10016
52,10061
52,10077
52,10091
52,10093
52,10113
52,10149
52,10258
52,10282
52,10426
52,10433
52,10549
52,10560
52,10634
52,10676
52,10787
52,10854
52,10860
52,10915
52,10917
52,10929
52,10993
52,11007
52,11172
52,11179
52,11245
52,11375
52,11379
52,11397
52,11398
52,11453
52,11470
52,11489
52,11509
52,11512
52,11513
52,11538
52,11591
52,11610
52,11886
52,11986
52,12022
52,12052
52,12199
52,12351
52,12581
52,12646
52,12714
52,12733
52,12782
52,12858
52,12880
52,12993
52,13100
52,13131
52,13196
52,13278
52,13308
52,13324
52,13368
52,13471
52,13479
52,13495
52,13506
52,13574
52,13598
52,13600
52,13868
52,13910
52,13987
52,14076
52,14120
52,14164
52,14184
52,14256
52,14303
52,14325
52,14374
52,14429
52,14543
52,14605
52,14623
52,14658
52,14669
52,14702
52,14716
52,14746
52,14836
52,14871
52,15082
52,15094
52,15129
52,15207
52,15235
52,15271
52,15342
52,15345
52,15391
52,15409
52,15433
52,15460
52,15461
52,15506
52,15513
52,15582
52,15590
52,15605
52,15608
52,15636
52,15721
52,15758
52,15860
52,15914
52,16119
52,16158
52,16167
52,16174
52,16262
52,16284
52,16286
52,16398
52,16410
52,16431
52,16444
52,16495
52,16728
52,16823
52,16826
52,16849
52,17015
52,17065
52,17132
52,17135
52,17210
52,17290
52,17302
52,17382
52,17474
52,17499
52,17637
52,17641
52,17718
52,17752
52,17773
52,17775
52,17853
52,17882
52,17946
52,17972
52,18006
52,18061
52,18148
52,18195
52,18244
52,18310
52,18328
52,18349
52,18389
52,18390
52,18414
52,18473
52,18494
52,18627
52,18697
52,18734
52,18736
52,19021
52,19035
52,19128
52,19155
52,19203
52,19262
52,19351
52,19361
52,19363
52,19404
52,19464
52,19483
52,19509
52,19594
52,19598
52,19613
52,19633
52,19773
52,19839
52,19863
52,19999
52,20002
52,20035
52,20107
52,20113
52,20259
52,20260
52,20294
52,20345
52,20443
52,20500
52,20630
52,20740
52,20782
52,20914
52,20968
52,21002
52,21026
52,21034
52,21046
52,21059
52,21110
52,21155
52,21156
52,21263
52,21302
52,21313
52,21361
52,21399
52,21430
52,21474
52,21674
52,21839
52,21869
52,21905
52,21925
52,21945
52,21972
52,22017
52,22069
52,22109
52,22171
52,22192
52,22372
52,22408
52,22574
52,22593
52,22601
52,22626
52,22652
52,22668
52,22747
52,22755
52,22853
52,22871
52,22877
52,22879
52,22888
52,22918
52,22961
52,23085
52,23090
52,23117
52,23125
52,23239
52,23360
52,23377
52,23445
52,23644
52,23667
52,23672
52,23711
52,23817
52,23849
52,23909
52,23915
52,24112
52,24116
52,24169
52,24186
52,24312
52,24326
52,24409
52,24574
52,24591
52,24637
52,24647
52,24683
52,24702
52,24920
52,24922
52,25021
52,25027
52,25047
52,25067
52,25084
52,25198
52,25219
52,25226
52,25299
52,25325
52,25336
52,25436
52,25448
52,25472
52,25479
52,25619
52,25648
52,25731
52,25732
52,25780
52,25787
52,25794
52,25823
52,25830
52,25913
52,26014
52,26068
52,26195
52,26200
52,26291
52,26321
52,26374
52,26381
52,26535
52,26550
52,26790
52,26802
52,26831
52,26939
52,26997
52,27034
52,27109
52,27159
52,27180
52,27185
52,27206
52,27207
52,27278
52,27280
52,27529
52,27530
52,27670
52,27711
52,27762
52,27879
52,27917
52,27935
52,27975
52,27977
52,28022
52,28034
52,28123
52,28147
52,28153
52,28220
52,28228
52,28259
52,28298
52,28305
52,28386
52,28462
52,28557
52,28716
52,28756
52,28778
52,28867
52,28882
52,28891
52,29132
52,29223
52,29309
52,29392
52,29416
52,29475
52,29502
52,29520
53,44
53,81
53,98
53,177
53,242
53,302
53,430
53,437
53,441
53,477
53,544
53,580
53,605
53,628
53,801
53,921
53,946
53,957
53,1061
53,1343
53,1377
53,1378
53,1451
53,1467
53,1504
53,1536
53,1648
53,1929
53,1946
53,1996
53,2044
53,2080
53,2175
53,2183
53,2204
53,2271
53,2332
53,2387
53,2412
53,2516
53,2537
53,2540
53,2562
53,2564
53,2568
53,2611
53,2671
53,2737
53,2782
53,2930
53,2963
53,2981
53,2996
53,2997
53,3058
53,3105
53,3170
53,3189
53,3194
53,3261
53,3343
53,3386
53,3414
53,3462
53,3472
53,3500
53,3658
53,3683
53,3733
53,3885
53,3987
53,4036
53,4100
53,4228
53,4240
53,4318
53,4342
53,4353
53,4415
53,4470
53,4474
53,4521
53,4586
53,4602
53,4678
53,4772
53,4889
53,4926
53,4980
53,5052
53,5115
53,5119
53,5121
53,5122
53,5142
53,5152
53,5190
53,5195
53,5222
53,5322
53,5432
53,5595
53,5695
53,5698
53,5774
53,5777
53,5805
53,5910
53,5947
53,5971
53,5981
53,5984
53,6131
53,6159
53,6239
53,6302
53,6343
53,6355
53,6397
53,6411
53,6412
53,6414
53,6415
53,6470
53,6562
53,6603
53,6646
53,6731
53,6738
53,6753
53,6762
53,6832
53,6936
53,6942
53,6995
53,7059
53,7086
53,7175
53,7177
53,7237
53,7309
53,7332
53,7337
53,7408
53,7444
53,7452
53,7544
53,7749
53,7828
53,7864
53,7900
53,7904
53,7919
53,7940
53,8148
53,8156
53,8201
53,8280
53,8288
53,8463
53,8634
53,8660
53,8736
53,8832
53,8853
53,8901
53,9011
53,9020
53,9022
53,9104
53,9183
53,9241
53,9334
53,9470
53,9526
53,9542
53,9613
53,9618
53,9629
53,9666
53,9692
53,9797
53,9853
53,9880
53,9887
53,9914
53,9968
53,9982
53,10022
53,10044
53,10065
53,10111
53,10165
53,10237
53,10277
53,10306
53,10310
53,10320
53,10364
53,10378
53,10385
53,10403
53,10429
53,10430
53,10493
53,10533
53,10550
53,10562
53,10637
53,10696
53,10750
53,10806
53,10810
53,10812
53,10959
53,10966
53,10984
53,10993
53,11020
53,11132
53,11133
53,11199
53,11280
53,11289
53,11304
53,11333
53,11443
53,11482
53,11700
53,11713
53,11759
53,11767
53,11802
53,11836
53,11858
53,11965
53,12015
53,12128
53,12131
53,12236
53,12450
53,12492
53,12534
53,12563
53,12599
53,12743
53,12746
53,12789
53,12796
53,12813
53,12857
53,12897
53,12926
53,12944
53,12948
53,12979
53,12985
53,13010
53,13022
53,13212
53,13240
53,13268
53,13269
53,13356
53,13386
53,13399
53,13413
53,13495
53,13524
53,13561
53,13571
53,13613
53,13995
53,14125
53,14167
53,14169
53,14286
53,14305
53,14406
53,14422
53,14483
53,14522
53,14539
53,14557
53,14725
53,14802
53,14832
53,14837
53,14855
53,14900
53,14932
53,14988
53,14991
53,15077
53,15091
53,15095
53,15111
53,15144
53,15252
53,15257
53,15343
53,15384
53,15477
53,15536
53,15541
53,15598
53,15603
53,15651
53,15690
53,15813
53,15830
53,15839
53,16141
53,16200
53,16298
53,16377
53,16550
53,16578
53,16611
53,16712
53,16715
53,16873
53,16874
53,16976
53,17023
53,17061
53,17213
53,17367
53,17378
53,17508
53,17599
53,17633
53,17696
53,17716
53,17757
53,17765
53,17774
53,17787
53,17799
53,17844
53,17896
53,17981
53,17995
53,18002
53,18040
53,18260
53,18317
53,18318
53,18335
53,18395
53,18432
53,18444
53,18452
53,18485
53,18489
53,18533
53,18537
53,18558
53,18694
53,18759
53,18762
53,18799
53,18837
53,19017
53,19019
53,19070
53,19093
53,19200
53,19228
53,19280
53,19368
53,19396
53,19446
53,19501
53,19571
53,19605
53,19644
53,19696
53,19717
53,19729
53,19745
53,19749
53,19884
53,19890
53,19958
53,20041
53,20124
53,20144
53,20260
53,20263
53,20285
53,20340
53,20404
53,20409
53,20497
53,20560
53,20568
53,20596
53,20624
53,20666
53,20681
53,20716
53,20861
53,20888
53,20949
53,21006
53,21042
53,21086
53,21207
53,21254
53,21343
53,21407
53,21467
53,21559
53,21699
53,21738
53,21894
53,21942
53,21952
53,21984
53,22062
53,22115
53,22232
53,22256
53,22362
53,22369
53,22404
53,22464
53,22472
53,22527
53,22684
53,22780
53,22797
53,22855
53,22901
53,22917
53,22926
53,22960
53,23002
53,23008
53,23104
53,23106
53,23126
53,23139
53,23255
53,23289
53,23326
53,23330
53,23376
53,23389
53,23447
53,23524
53,23552
53,23556
53,23608
53,23651
53,23658
53,23694
53,23743
53,23759
53,23771
53,23960
53,24048
53,24086
53,24098
53,24125
53,24149
53,24164
53,24222
53,24248
53,24301
53,24455
53,24494
53,24650
53,24680
53,24849
53,24853
53,24860
53,24966
53,24975
53,25003
53,25021
53,25060
53,25080
53,25190
53,25305
53,25392
53,25410
53,25525
53,25612
53,25739
53,25744
53,25747
53,25754
53,25755
53,25860
53,25885
53,26050
53,26263
53,26318
53,26327
53,26334
53,26337
53,26461
53,26502
53,26609
53,26634
53,26668
53,26705
53,26734
53,26757
53,26774
53,26775
53,26805
53,26831
53,26849
53,26857
53,26911
53,27074
53,27145
53,27199
53,27384
53,27392
53,27394
53,27426
53,27433
53,27533
53,27546
53,27573
53,27595
53,27683
53,27684
53,27690
53,27732
53,27748
53,27773
53,27793
53,27974
53,28069
53,28095
53,28113
53,28213
53,28328
53,28360
53,28369
53,28409
53,28539
53,28580
53,28685
53,28708
53,28734
53,28747
53,28879
53,28885
53,28934
53,29063
53,29151
53,29184
53,29213
53,29302
53,29459
53,29538
54,43
54,76
54,110
54,112
54,234
54,294
54,310
54,347
54,350
54,489
54,716
54,735
54,782
54,824
54,861
54,906
54,921
54,937
54,967
54,1051
54,1096
54,1120
54,1129
54,1243
54,1245
54,1270
54,1335
54,1596
54,1629
54,1641
54,1645
54,1723
54,1755
54,1765
54,1846
54,1852
54,1961
54,2031
54,2041
54,2061
54,2160
54,2190
54,2208
54,2374
54,2375
54,2464
54,2580
54,2585
54,2624
54,2660
54,2664
54,2670
54,2677
54,2679
54,2706
54,2838
54,2850
54,2880
54,2919
54,3003
54,3045
54,3071
54,3141
54,3148
54,3177
54,3183
54,3189
54,3236
54,3304
54,3512
54,3619
54,3642
54,3669
54,3767
54,3964
54,4003
54,4025
54,4036
54,4086
54,4112
54,4334
54,4359
54,4379
54,4487
54,4566
54,4582
54,4597
54,4652
54,4682
54,4710
54,4750
54,4819
54,4821
54,4824
54,4843
54,4862
54,4962
54,4996
54,5096
54,5221
54,5242
54,5328
54,5368
54,5396
54,5438
54,5450
54,5567
54,5719
54,5733
54,5774
54,5778
54,5784
54,5792
54,5822
54,5832
54,5857
54,5935
54,6014
54,6086
54,6097
54,6117
54,6226
54,6237
54,6239
54,6246
54,6261
54,6277
54,6280
54,6300
54,6329
54,6341
54,6390
54,6453
54,6469
54,6509
54,6512
54,6540
54,6553
54,6637
54,6810
54,6835
54,6905
54,6955
54,6998
54,7006
54,7056
54,7073
54,7096
54,7112
54,7186
54,7220
54,7242
54,7307
54,7321
54,7406
54,7428
54,7504
54,7510
54,7518
54,7564
54,7568
54,7569
54,7582
54,7609
54,7615
54,7685
54,7691
54,7838
54,7879
54,7932
54,7939
54,7953
54,7976
54,8033
54,8044
54,8062
54,8120
54,8144
54,8186
54,8188
54,8235
54,8273
54,8441
54,8492
54,8523
54,8543
54,8568
54,8585
54,8589
54,8639
54,8728
54,8778
54,8798
54,8921
54,8933
54,9054
54,9079
54,9091
54,9236
54,9269
54,9366
54,9482
54,9495
54,9498
54,9522
54,9570
54,9637
54,9741
54,9750
54,9751
54,9839
54,9916
54,10030
54,10097
54,10101
54,10140
54,10271
54,10319
54,10344
54,10524
54,10576
54,10735
54,10742
54,10792
54,10818
54,10867
54,10898
54,10905
54,11044
54,11146
54,11150
54,11420
54,11427
54,11482
54,11647
54,11687
54,11814
54,11872
54,12035
54,12100
54,12134
54,12179
54,12181
54,12203
54,12283
54,12331
54,12401
54,12585
54,12612
54,12668
54,12859
54,12922
54,12995
54,13032
54,13060
54,13077
54,13136
54,13181
54,13277
54,13291
54,13303
54,13311
54,13347
54,13395
54,13429
54,13471
54,13509
54,13566
54,13608
54,13671
54,13680
54,13761
54,13800
54,13805
54,13816
54,13823
54,13927
54,13967
54,13968
54,13972
54,13996
54,14027
54,14040
54,14169
54,14219
54,14272
54,14352
54,14390
54,14394
54,14400
54,14486
54,14499
54,14505
54,14569
54,14608
54,14640
54,14656
54,14685
54,14798
54,14853
54,14879
54,15111
54,15122
54,15131
54,15201
54,15202
54,15236
54,15367
54,15630
54,15638
54,15672
54,15730
54,15770
54,15810
54,15822
54,15835
54,15906
54,15963
54,15966
54,15982
54,16034
54,16042
54,16137
54,16153
54,16181
54,16341
54,16366
54,16444
54,16536
54,16551
54,16603
54,16610
54,16700
54,16825
54,16896
54,16919
54,16947
54,16968
54,16992
54,16995
54,17031
54,17042
54,17070
54,17097
54,17141
54,17273
54,17307
54,17316
54,17478
54,17557
54,17719
54,17841
54,17900
54,17922
54,17948
54,17992
54,18186
54,18219
54,18320
54,18392
54,18428
54,18432
54,18434
54,18452
54,18453
54,18484
54,18569
54,18573
54,18627
54,18650
54,18695
54,18731
54,18831
54,18923
54,18963
54,18967
54,19057
54,19289
54,19446
54,19492
54,19512
54,19523
54,19602
54,19605
54,19626
54,19628
54,19640
54,19658
54,19706
54,19718
54,19727
54,19755
54,19772
54,19945
54,19947
54,19961
54,20193
54,20203
54,20208
54,20231
54,20254
54,20269
54,20274
54,20344
54,20363
54,20399
54,20415
54,20458
54,20490
54,20525
54,20539
54,20551
54,20695
54,20711
54,20719
54,20810
54,20829
54,20858
54,20883
54,20892
54,21077
54,21121
54,21135
54,21203
54,21217
54,21355
54,21367
54,21382
54,21546
54,21616
54,21699
54,21740
54,21775
54,21797
54,21886
54,21935
54,21957
54,21967
54,22062
54,22081
54,22107
54,22178
54,22272
54,22352
54,22354
54,22557
54,22562
54,22577
54,22699
54,22910
54,23068
54,23109
54,23122
54,23186
54,23257
54,23265
54,23308
54,23359
54,23391
54,23448
54,23496
54,23589
54,23605
54,23655
54,23740
54,23798
54,23854
54,23886
54,23939
54,23976
54,24007
54,24009
54,24082
54,24088
54,24114
54,24119
54,24127
54,24200
54,24202
54,24266
54,24285
54,24311
54,24382
54,24385
54,24432
54,24536
54,24549
54,24635
54,24688
54,24699
54,24783
54,24809
54,24870
54,25126
54,25140
54,25176
54,25246
54,25294
54,25301
54,25304
54,25366
54,25379
54,25380
54,25437
54,25527
54,25534
54,25569
54,25656
54,25692
54,25700
54,25782
54,25830
54,25882
54,26137
54,26260
54,26301
54,26314
54,26365
54,26416
54,26514
54,26516
54,26560
54,26577
54,26585
54,26682
54,26691
54,26692
54,26741
54,26774
54,27002
54,27025
54,27028
54,27049
54,27103
54,27132
54,27145
54,27177
54,27186
54,27227
54,27230
54,27287
54,27351
54,27397
54,27418
54,27499
54,27614
54,27725
54,27849
54,27872
54,27936
54,28179
54,28267
54,28286
54,28328
54,28389
54,28395
54,28397
54,28416
54,28425
54,28532
54,28558
54,28702
54,28751
54,28790
54,28794
54,28797
54,28843
54,28924
54,28942
54,29020
54,29027
54,29075
54,29109
54,29287
54,29346
54,29347
54,29366
54,29389
54,29453
54,29505
54,29555
55,75
55,105
55,134
55,212
55,284
55,299
55,333
55,418
55,441
55,645
55,653
55,697
55,783
55,796
55,865
55,867
55,876
55,879
55,887
55,911
55,1224
55,1396
55,1490
55,1495
55,1611
55,1753
55,1863
55,1877
55,1903
55,1926
55,1937
55,2051
55,2079
55,2113
55,2256
55,2335
55,2370
55,2488
55,2580
55,2663
55,2709
55,2740
55,2750
55,2752
55,2795
55,2849
55,2858
55,2875
55,2987
55,2998
55,3046
55,3048
55,3056
55,3073
55,3292
55,3336
55,3399
55,3482
55,3601
55,3878
55,3896
55,3966
55,3970
55,4086
55,4098
55,4105
55,4119
55,4131
55,4133
55,4247
55,4252
55,4258
55,4331
55,4340
55,4428
55,4461
55,4585
55,4602
55,4680
55,4772
55,4916
55,4990
55,4999
55,5057
55,5065
55,5100
55,5157
55,5240
55,5344
55,5406
55,5415
55,5444
55,5460
55,5464
55,5467
55,5494
55,5509
55,5538
55,5543
55,5559
55,5601
55,5626
55,5652
55,5663
55,5708
55,5794
55,5799
55,5946
55,6051
55,6126
55,6180
55,6198
55,6310
55,6314
55,6343
55,6386
55,6610
55,6763
55,6808
55,6833
55,6834
55,6857
55,6909
55,6922
55,6929
55,7028
55,7064
55,7071
55,7097
55,7124
55,7173
55,7254
55,7256
55,7448
55,7488
55,7503
55,7556
55,7565
55,7645
55,7672
55,7793
55,7831
55,7885
55,7973
55,8026
55,8037
55,8091
55,8201
55,8253
55,8401
55,8432
55,8536
55,8628
55,8641
55,8793
55,8838
55,8885
55,8903
55,8921
55,8925
55,9008
55,9039
55,9041
55,9070
55,9080
55,9106
55,9169
55,9207
55,9579
55,9597
55,9621
55,9643
55,9669
55,9780
55,9833
55,9847
55,10038
55,10056
55,10071
55,10072
55,10074
55,10172
55,10216
55,10229
55,10254
55,10481
55,10551
55,10669
55,10709
55,10797
55,10811
55,10836
55,10866
55,10982
55,11015
55,11030
55,11039
55,11097
55,11120
55,11204
55,11258
55,11312
55,11495
55,11640
55,11719
55,11746
55,11788
55,11816
55,11836
55,11911
55,11930
55,11933
55,11950
55,12032
55,12090
55,12188
55,12223
55,12240
55,12326
55,12455
55,12544
55,12579
55,12597
55,12619
55,12623
55,12667
55,12710
55,12721
55,12722
55,12835
55,12926
55,12936
55,12967
55,13095
55,13136
55,13187
55,13247
55,13348
55,13413
55,13435
55,13451
55,13470
55,13474
55,13475
55,13620
55,13662
55,13844
55,13917
55,13946
55,14149
55,14194
55,14244
55,14283
55,14297
55,14553
55,14823
55,14874
55,14911
55,14971
55,15038
55,15198
55,15253
55,15300
55,15305
55,15308
55,15320
55,15333
55,15451
55,15535
55,15582
55,15586
55,15627
55,15672
55,15702
55,15735
55,15850
55,15882
55,15916
55,15944
55,16044
55,16068
55,16085
55,16135
55,16154
55,16194
55,16233
55,16253
55,16374
55,16385
55,16433
55,16442
55,16464
55,16479
55,16524
55,16595
55,16601
55,16668
55,16687
55,16705
55,16819
55,16859
55,16871
55,16901
55,16911
55,16963
55,16974
55,16979
55,17051
55,17146
55,17255
55,17310
55,17344
55,17414
55,17445
55,17490
55,17506
55,17554
55,17590
55,17595
55,17610
55,17653
55,17866
55,17935
55,17958
55,17988
55,18079
55,18104
55,18171
55,18185
55,18197
55,18205
55,18207
55,18231
55,18339
55,18435
55,18461
55,18560
55,18690
55,18769
55,18776
55,19057
55,19193
55,19317
55,19432
55,19525
55,19529
55,19651
55,19738
55,19747
55,19766
55,19771
55,19804
55,19825
55,19855
55,19916
55,19927
55,20110
55,20488
55,20525
55,20552
55,20567
55,20694
55,20703
55,20713
55,20867
55,20955
55,21051
55,21200
55,21211
55,21429
55,21456
55,21498
55,21527
55,21529
55,21661
55,21703
55,21798
55,21888
55,22017
55,22022
55,22056
55,22117
55,22141
55,22215
55,22289
55,22301
55,22339
55,22368
55,22407
55,22412
55,22426
55,22734
55,22735
55,22740
55,22743
55,22884
55,22892
55,22920
55,22983
55,23002
55,23097
55,23109
55,23163
55,23383
55,23551
55,23647
55,23775
55,23801
55,23953
55,23962
55,23980
55,23988
55,24127
55,24146
55,24203
55,24223
55,24373
55,24380
55,24454
55,24575
55,24605
55,24747
55,24748
55,24783
55,24810
55,24818
55,24840
55,24909
55,24913
55,24925
55,24941
55,24988
55,25000
55,25008
55,25041
55,25143
55,25189
55,25190
55,25244
55,25266
55,25271
55,25350
55,25386
55,25394
55,25507
55,25541
55,25557
55,25651
55,25660
55,25730
55,25737
55,25750
55,25789
55,25804
55,25807
55,25837
55,25948
55,26100
55,26118
55,26177
55,26189
55,26233
55,26305
55,26307
55,26381
55,26408
55,26432
55,26465
55,26497
55,26546
55,26617
55,26772
55,26829
55,26839
55,26863
55,26944
55,26959
55,26999
55,27066
55,27199
55,27263
55,27337
55,27530
55,27597
55,27661
55,27746
55,27871
55,27897
55,27983
55,28017
55,28041
55,28047
55,28128
55,28147
55,28179
55,28302
55,28323
55,28340
55,28407
55,28436
55,28452
55,28458
55,28465
55,28475
55,28607
55,28633
55,28846
55,28920
55,29074
55,29113
55,29132
55,29253
55,29349
55,29382
55,29492
55,29494
55,29506
55,29532
56,30
56,37
56,371
56,386
56,391
56,417
56,446
56,481
56,483
56,584
56,627
56,664
56,674
56,716
56,757
56,778
56,793
56,815
56,928
56,956
56,960
56,966
56,992
56,1023
56,1218
56,1265
56,1266
56,1295
56,1392
56,1415
56,1442
56,1453
56,1491
56,1558
56,1661
56,1670
56,1696
56,1704
56,1804
56,1851
56,1900
56,1950
56,1991
56,2038
56,2237
56,2315
56,2347
56,2352
56,2413
56,2445
56,2459
56,2503
56,2508
56,2601
56,2689
56,2698
56,2715
56,2718
56,2735
56,2832
56,2903
56,2944
56,3121
56,3165
56,3210
56,3265
56,3370
56,3417
56,3464
56,3681
56,3740
56,3803
56,3824
56,3959
56,3966
56,3984
56,4062
56,4071
56,4304
56,4361
56,4371
56,4447
56,4458
56,4642
56,4660
56,4681
56,4684
56,4692
56,4745
56,4888
56,4958
56,4992
56,5116
56,5146
56,5156
56,5412
56,5424
56,5566
56,5591
56,5596
56,5731
56,5768
56,5915
56,5950
56,5951
56,5958
56,5967
56,5981
56,6026
56,6027
56,6059
56,6147
56,6149
56,6179
56,6215
56,6262
56,6291
56,6340
56,6347
56,6384
56,6450
56,6474
56,6484
56,6521
56,6678
56,6725
56,6793
56,6810
56,6939
56,6944
56,7028
56,7133
56,7147
56,7291
56,7332
56,7431
56,7438
56,7440
56,7462
56,7515
56,7525
56,7529
56,7553
56,7642
56,7748
56,7866
56,7950
56,7981
56,8041
56,8137
56,8245
56,8272
56,8346
56,8385
56,8395
56,8540
56,8557
56,8621
56,8712
56,8715
56,8736
56,8751
56,8771
56,8803
56,8853
56,8914
56,8920
56,9035
56,9070
56,9078
56,9100
56,9265
56,9284
56,9294
56,9347
56,9415
56,9462
56,9473
56,9481
56,9521
56,9544
56,9585
56,9595
56,9610
56,9651
56,9670
56,9857
56,9858
56,10217
56,10236
56,10289
56,10316
56,10322
56,10391
56,10410
56,10473
56,10540
56,10553
56,10608
56,10731
56,10806
56,10847
56,10858
56,10869
56,10904
56,10908
56,10954
56,10965
56,10976
56,11025
56,11065
56,11116
56,11237
56,11279
56,11318
56,11319
56,11325
56,11327
56,11354
56,11479
56,11503
56,11511
56,11543
56,11544
56,11564
56,11598
56,11635
56,11650
56,11683
56,11729
56,11763
56,11840
56,11923
56,11935
56,12011
56,12035
56,12051
56,12120
56,12121
56,12185
56,12264
56,12266
56,12298
56,12301
56,12330
56,12425
56,12481
56,12484
56,12502
56,12525
56,12530
56,12617
56,12623
56,12675
56,12711
56,12764
56,12798
56,12898
56,12905
56,12940
56,13087
56,13096
56,13122
56,13205
56,13279
56,13330
56,13349
56,13350
56,13368
56,13408
56,13419
56,13430
56,13457
56,13493
56,13506
56,13507
56,13518
56,13525
56,13590
56,13614
56,13624
56,13649
56,13730
56,13798
56,13813
56,13837
56,13908
56,13911
56,13915
56,13945
56,13976
56,14000
56,14069
56,14072
56,14081
56,14183
56,14200
56,14241
56,14284
56,14300
56,14320
56,14331
56,14382
56,14402
56,14425
56,14573
56,14597
56,14636
56,14676
56,14679
56,14704
56,14762
56,14769
56,14773
56,14852
56,14868
56,14875
56,14883
56,14911
56,15020
56,15085
56,15089
56,15097
56,15107
56,15154
56,15197
56,15426
56,15443
56,15462
56,15508
56,15522
56,15546
56,15585
56,15632
56,15643
56,15655
56,15801
56,15817
56,15890
56,15916
56,15925
56,15937
56,16066
56,16152
56,16207
56,16235
56,16251
56,16404
56,16451
56,16506
56,16533
56,16608
56,16614
56,16781
56,16853
56,16909
56,16914
56,16917
56,16969
56,17011
56,17138
56,17196
56,17206
56,17236
56,17268
56,17400
56,17424
56,17430
56,17459
56,17564
56,17584
56,17590
56,17595
56,17660
56,17705
56,17743
56,17745
56,17755
56,17767
56,17835
56,17847
56,17882
56,17916
56,17964
56,18012
56,18086
56,18132
56,18133
56,18266
56,18287
56,18338
56,18355
56,18444
56,18565
56,18577
56,18599
56,18621
56,18666
56,18729
56,18742
56,18784
56,18793
56,18867
56,18916
56,18940
56,19014
56,19042
56,19054
56,19332
56,19481
56,19492
56,19508
56,19510
56,19523
56,19527
56,19555
56,19564
56,19569
56,19595
56,19605
56,19631
56,19645
56,19778
56,19792
56,19823
56,19862
56,19876
56,19932
56,19975
56,20029
56,20147
56,20218
56,20270
56,20301
56,20303
56,20317
56,20376
56,20429
56,20507
56,20528
56,20567
56,20601
56,20650
56,20721
56,20755
56,20758
56,20792
56,20824
56,20827
56,20833
56,20876
56,20893
56,20898
56,20912
56,20936
56,21063
56,21078
56,21113
56,21152
56,21161
56,21177
56,21268
56,21315
56,21322
56,21515
56,21546
56,21641
56,21660
56,21663
56,21741
56,21749
56,21765
56,21796
56,21849
56,21936
56,21994
56,22007
56,22061
56,22066
56,22083
56,22112
56,22127
56,22164
56,22170
56,22180
56,22221
56,22256
56,22263
56,22330
56,22341
56,22342
56,22343
56,22457
56,22464
56,22490
56,22677
56,22695
56,22789
56,22876
56,22908
56,22929
56,23103
56,23238
56,23261
56,23432
56,23488
56,23676
56,23702
56,23712
56,23769
56,23824
56,23840
56,23902
56,23920
56,23925
56,24002
56,24012
56,24024
56,24041
56,24056
56,24115
56,24116
56,24128
56,24234
56,24319
56,24421
56,24422
56,24458
56,24484
56,24497
56,24515
56,24566
56,24645
56,24679
56,24717
56,24770
56,24897
56,24921
56,25114
56,25237
56,25244
56,25251
56,25278
56,25328
56,25347
56,25365
56,25437
56,25439
56,25455
56,25556
56,25572
56,25580
56,25767
56,25773
56,25852
56,25860
56,25872
56,25909
56,26023
56,26145
56,26155
56,26181
56,26207
56,26227
56,26248
56,26276
56,26278
56,26309
56,26310
56,26347
56,26410
56,26416
56,26534
56,26602
56,26610
56,26624
56,26627
56,26630
56,26711
56,26771
56,26846
56,26849
56,27025
56,27092
56,27093
56,27106
56,27130
56,27134
56,27139
56,27150
56,27236
56,27386
56,27411
56,27570
56,27622
56,27656
56,27668
56,27670
56,27761
56,27795
56,27907
56,28064
56,28068
56,28094
56,28177
56,28220
56,28264
56,28279
56,28306
56,28314
56,28441
56,28540
56,28558
56,28566
56,28597
56,28623
56,28751
56,28777
56,28803
56,28870
56,28960
56,28978
56,28993
56,29011
56,29184
56,29194
56,29215
56,29260
56,29286
56,29298
56,29322
56,29402
56,29444
56,29454
56,29456
56,29511
56,29524
57,112
57,138
57,156
57,158
57,231
57,269
57,379
57,443
57,587
57,610
57,726
57,732
57,859
57,917
57,967
57,978
57,1008
57,1094
57,1107
57,1151
57,1357
57,1475
57,1506
57,1539
57,1578
57,1597
57,1611
57,1814
57,1836
57,1843
57,1875
57,1926
57,1960
57,2010
57,2054
57,2078
57,2121
57,2181
57,2208
57,2251
57,2296
57,2343
57,2359
57,2363
57,2426
57,2483
57,2511
57,2534
57,2564
57,2568
57,2634
57,2646
57,2722
57,2789
57,2802
57,2871
57,2986
57,3004
57,3038
57,3150
57,3214
57,3276
57,3349
57,3357
57,3379
57,3459
57,3564
57,3572
57,3574
57,3581
57,3603
57,3623
57,3646
57,3674
57,3676
57,3683
57,3753
57,3811
57,3849
57,3879
57,4077
57,4099
57,4113
57,4143
57,4206
57,4214
57,4258
57,4285
57,4286
57,4308
57,4348
57,4413
57,4415
57,4471
57,4522
57,4528
57,4555
57,4558
57,4577
57,4809
57,4822
57,4823
57,4909
57,4928
57,4931
57,4933
57,4948
57,4958
57,4970
57,5016
57,5055
57,5058
57,5072
57,5083
57,5127
57,5162
57,5188
57,5197
57,5207
57,5255
57,5276
57,5282
57,5285
57,5292
57,5302
57,5312
57,5353
57,5366
57,5473
57,5480
57,5581
57,5622
57,5623
57,5678
57,5735
57,5798
57,5864
57,5932
57,5972
57,5976
57,5988
57,6014
57,6040
57,6093
57,6102
57,6141
57,6262
57,6263
57,6273
57,6314
57,6362
57,6388
57,6394
57,6402
57,6470
57,6499
57,6520
57,6551
57,6575
57,6582
57,6598
57,6608
57,6740
57,6844
57,6877
57,6891
57,6930
57,7043
57,7055
57,7062
57,7125
57,7129
57,7192
57,7196
57,7241
57,7322
57,7394
57,7406
57,7440
57,7499
57,7503
57,7588
57,7622
57,7640
57,7735
57,7811
57,7825
57,7875
57,7972
57,8043
57,8080
57,8085
57,8125
57,8136
57,8138
57,8173
57,8250
57,8259
57,8272
57,8282
57,8337
57,8340
57,8366
57,8478
57,8500
57,8529
57,8531
57,8561
57,8637
57,8696
57,8743
57,8755
57,8774
57,8775
57,8786
57,8813
57,8835
57,8859
57,8927
57,8930
57,8931
57,9019
57,9050
57,9104
57,9126
57,9156
57,9174
57,9416
57,9487
57,9566
57,9574
57,9602
57,9604
57,9608
57,9620
57,9683
57,9691
57,9736
57,9737
57,9869
57,9881
57,9892
57,9952
57,9966
57,10020
57,10024
57,10047
57,10086
57,10121
57,10126
57,10132
57,10156
57,10169
57,10184
57,10270
57,10363
57,10386
57,10487
57,10512
57,10564
57,10565
57,10579
57,10626
57,10647
57,10751
57,10770
57,10778
57,10779
57,10780
57,10805
57,10885
57,10909
57,10910
57,10912
57,10917
57,10981
57,10982
57,11019
57,11050
57,11078
57,11095
57,11163
57,11211
57,11240
57,11304
57,11331
57,11363
57,11424
57,11438
57,11444
57,11546
57,11569
57,11597
57,11600
57,11629
57,11739
57,11790
57,11892
57,11930
57,11992
57,12055
57,12089
57,12122
57,12152
57,12192
57,12209
57,12221
57,12289
57,12343
57,12345
57,12377
57,12429
57,12492
57,12527
57,12578
57,12584
57,12608
57,12670
57,12705
57,12758
57,12790
57,12799
57,12813
57,12935
57,12953
57,12971
57,13011
57,13032
57,13124
57,13141
57,13216
57,13220
57,13243
57,13253
57,13400
57,13405
57,13451
57,13498
57,13577
57,13636
57,13684
57,13699
57,13706
57,13733
57,13748
57,13989
57,14018
57,14022
57,14033
57,14051
57,14150
57,14160
57,14261
57,14281
57,14364
57,14370
57,14410
57,14625
57,14784
57,14800
57,14824
57,14879
57,15006
57,15011
57,15058
57,15070
57,15088
57,15092
57,15170
57,15178
57,15187
57,15214
57,15268
57,15269
57,15324
57,15355
57,15409
57,15421
57,15423
57,15436
57,15448
57,15594
57,15602
57,15658
57,15690
57,15694
57,15703
57,15812
57,15857
57,16036
57,16081
57,16155
57,16164
57,16215
57,16248
57,16252
57,16290
57,16327
57,16489
57,16512
57,16606
57,16626
57,16632
57,16653
57,16742
57,16783
57,16787
57,16793
57,16799
57,16848
57,16859
57,16869
57,16871
57,16874
57,16895
57,16896
57,17010
57,17013
57,17054
57,17221
57,17224
57,17300
57,17348
57,17382
57,17416
57,17446
57,17485
57,17496
57,17513
57,17522
57,17526
57,17533
57,17547
57,17594
57,17684
57,17685
57,17691
57,17799
57,17803
57,17840
57,17875
57,17905
57,17909
57,17967
57,17994
57,18015
57,18063
57,18082
57,18126
57,18200
57,18210
57,18220
57,18450
57,18465
57,18472
57,18489
57,18492
57,18494
57,18502
57,18708
57,18717
57,18736
57,18743
57,18852
57,18887
57,18941
57,19013
57,19020
57,19027
57,19034
57,19075
57,19117
57,19167
57,19185
57,19284
57,19285
57,19298
57,19338
57,19442
57,19466
57,19500
57,19523
57,19703
57,19774
57,19836
57,19856
57,19866
57,19914
57,19929
57,19934
57,19954
57,19963
57,19977
57,19986
57,19995
57,19996
57,20030
57,20057
57,20062
57,20121
57,20137
57,20165
57,20189
57,20191
57,20223
57,20234
57,20380
57,20390
57,20471
57,20535
57,20583
57,20588
57,20607
57,20718
57,20865
57,20912
57,20921
57,20995
57,21025
57,21033
57,21075
57,21204
57,21212
57,21233
57,21234
57,21303
57,21309
57,21330
57,21335
57,21374
57,21467
57,21473
57,21563
57,21584
57,21610
57,21620
57,21639
57,21642
57,21684
57,21685
57,21711
57,21741
57,21832
57,21873
57,21934
57,21950
57,21954
57,22056
57,22059
57,22081
57,22085
57,22107
57,22112
57,22225
57,22226
57,22235
57,22350
57,22452
57,22459
57,22467
57,22495
57,22684
57,22729
57,22771
57,22775
57,22780
57,22788
57,22803
57,22853
57,22877
57,22905
57,22993
57,23010
57,23115
57,23124
57,23201
57,23342
57,23351
57,23362
57,23386
57,23418
57,23479
57,23522
57,23525
57,23543
57,23571
57,23577
57,23590
57,23710
57,23736
57,23782
57,23829
57,23900
57,23985
57,24012
57,24013
57,24068
57,24113
57,24130
57,24148
57,24156
57,24220
57,24245
57,24278
57,24294
57,24310
57,24360
57,24393
57,24414
57,24511
57,24523
57,24546
57,24567
57,24599
57,24763
57,24824
57,24861
57,24865
57,24948
57,25021
57,25109
57,25111
57,25178
57,25186
57,25190
57,25194
57,25211
57,25226
57,25277
57,25291
57,25323
57,25334
57,25372
57,25373
57,25396
57,25426
57,25446
57,25495
57,25508
57,25550
57,25569
57,25572
57,25612
57,25703
57,25704
57,25709
57,25784
57,25788
57,25790
57,25811
57,25829
57,25943
57,25962
57,25995
57,25997
57,26037
57,26226
57,26274
57,26323
57,26336
57,26441
57,26442
57,26451
57,26509
57,26517
57,26518
57,26590
57,26598
57,26696
57,26709
57,26902
57,26908
57,26932
57,27024
57,27042
57,27047
57,27063
57,27084
57,27096
57,27100
57,27107
57,27188
57,27253
57,27287
57,27312
57,27323
57,27410
57,27420
57,27458
57,27472
57,27499
57,27520
57,27521
57,27716
57,27741
57,27752
57,27792
57,27793
57,27856
57,27868
57,27891
57,27955
57,27970
57,27975
57,27995
57,28109
57,28112
57,28154
57,28178
57,28180
57,28230
57,28323
57,28433
57,28462
57,28463
57,28470
57,28524
57,28539
57,28548
57,28559
57,28564
57,28566
57,28599
57,28694
57,28731
57,28815
57,28927
57,28963
57,28975
57,29010
57,29038
57,29049
57,29050
57,29207
57,29236
57,29244
57,29258
57,29296
57,29406
57,29426
57,29438
57,29481
57,29535
58,101
58,142
58,161
58,195
58,251
58,253
58,257
58,274
58,305
58,351
58,386
58,414
58,423
58,433
58,474
58,489
58,503
58,541
58,565
58,676
58,684
58,696
58,707
58,738
58,767
58,778
58,816
58,846
58,858
58,874
58,951
58,957
58,988
58,990
58,1012
58,1045
58,1058
58,1067
58,1109
58,1180
58,1203
58,1260
58,1266
58,1286
58,1325
58,1354
58,1376
58,1390
58,1401
58,1475
58,1507
58,1536
58,1576
58,1584
58,1599
58,1716
58,1763
58,1799
58,1806
58,1876
58,1880
58,1916
58,1921
58,1954
58,1955
58,2014
58,2044
58,2139
58,2159
58,2185
58,2193
58,2200
58,2231
58,2300
58,2315
58,2323
58,2334
58,2353
58,2356
58,2386
58,2412
58,2438
58,2476
58,2491
58,2493
58,2502
58,2524
58,2555
58,2557
58,2598
58,2624
58,2636
58,2745
58,2862
58,2900
58,2937
58,2977
58,2992
58,3022
58,3060
58,3064
58,3121
58,3170
58,3171
58,3188
58,3238
58,3266
58,3281
58,3328
58,3380
58,3407
58,3420
58,3492
58,3493
58,3495
58,3521
58,3601
58,3658
58,3696
58,3724
58,3734
58,3790
58,3798
58,3964
58,4094
58,4160
58,4235
58,4244
58,4261
58,4280
58,4295
58,4317
58,4362
58,4388
58,4548
58,4580
58,4629
58,4641
58,4689
58,4718
58,4765
58,4778
58,4786
58,4870
58,4966
58,5003
58,5074
58,5079
58,5092
58,5107
58,5156
58,5167
58,5200
58,5237
58,5241
58,5336
58,5382
58,5401
58,5427
58,5487
58,5528
58,5560
58,5587
58,5602
58,5609
58,5670
58,5684
58,5785
58,5807
58,5902
58,5925
58,5988
58,6044
58,6091
58,6228
58,6240
58,6268
58,6269
58,6270
58,6290
58,6307
58,6308
58,6309
58,6319
58,6359
58,6368
58,6422
58,6453
58,6492
58,6621
58,6740
58,6745
58,6764
58,6846
58,6847
58,6885
58,6948
58,6964
58,6993
58,6999
58,7120
58,7131
58,7139
58,7173
58,7188
58,7367
58,7439
58,7473
58,7572
58,7590
58,7623
58,7675
58,7713
58,7785
58,7807
58,7866
58,7884
58,7903
58,7956
58,7995
58,8008
58,8064
58,8093
58,8100
58,8113
58,8161
58,8162
58,8236
58,8237
58,8278
58,8294
58,8327
58,8329
58,8382
58,8419
58,8426
58,8462
58,8481
58,8497
58,8532
58,8536
58,8577
58,8589
58,8639
58,8667
58,8671
58,8702
58,8734
58,8749
58,8771
58,8806
58,8811
58,8826
58,8836
58,8854
58,9053
58,9067
58,9103
58,9114
58,9128
58,9131
58,9207
58,9253
58,9297
58,9301
58,9334
58,9351
58,9410
58,9433
58,9461
58,9680
58,9694
58,9700
58,9708
58,9730
58,9798
58,9803
58,9865
58,9956
58,10014
58,10023
58,10038
58,10072
58,10087
58,10118
58,10162
58,10164
58,10186
58,10198
58,10221
58,10232
58,10301
58,10320
58,10323
58,10358
58,10375
58,10464
58,10516
58,10517
58,10549
58,10576
58,10778
58,10803
58,10891
58,10969
58,10974
58,11010
58,11041
58,11159
58,11194
58,11246
58,11263
58,11269
58,11289
58,11397
58,11417
58,11474
58,11494
58,11496
58,11527
58,11557
58,11589
58,11614
58,11648
58,11684
58,11730
58,11740
58,11791
58,11799
58,11900
58,11903
58,11989
58,12007
58,12010
58,12053
58,12058
58,12088
58,12133
58,12159
58,12189
58,12200
58,12221
58,12263
58,12307
58,12317
58,12364
58,12442
58,12461
58,12495
58,12513
58,12514
58,12531
58,12539
58,12549
58,12607
58,12643
58,12709
58,12743
58,12773
58,12841
58,12936
58,12939
58,13022
58,13048
58,13059
58,13100
58,13117
58,13169
58,13183
58,13198
58,13318
58,13368
58,13433
58,13470
58,13495
58,13574
58,13675
58,13708
58,13821
58,13868
58,13873
58,13881
58,13895
58,13910
58,13918
58,13927
58,13934
58,13951
58,14015
58,14063
58,14112
58,14139
58,14163
58,14168
58,14239
58,14318
58,14323
58,14338
58,14355
58,14387
58,14406
58,14439
58,14450
58,14478
58,14487
58,14533
58,14544
58,14571
58,14587
58,14597
58,14630
58,14646
58,14664
58,14670
58,14675
58,14699
58,14751
58,14772
58,14807
58,14816
58,14876
58,14885
58,14982
58,15097
58,15105
58,15135
58,15152
58,15168
58,15203
58,15225
58,15249
58,15299
58,15391
58,15416
58,15431
58,15433
58,15488
58,15492
58,15503
58,15509
58,15584
58,15625
58,15657
58,15752
58,15753
58,15773
58,15782
58,15971
58,16048
58,16128
58,16166
58,16182
58,16183
58,16205
58,16220
58,16228
58,16293
58,16329
58,16356
58,16368
58,16416
58,16447
58,16535
58,16603
58,16609
58,16630
58,16675
58,16732
58,16733
58,16767
58,16815
58,16892
58,16930
58,17031
58,17128
58,17196
58,17209
58,17221
58,17246
58,17276
58,17280
58,17338
58,17366
58,17412
58,17471
58,17570
58,17576
58,17578
58,17609
58,17636
58,17639
58,17671
58,17707
58,17708
58,17740
58,17749
58,17753
58,17788
58,17796
58,17801
58,17853
58,17903
58,17927
58,17978
58,17990
58,18040
58,18129
58,18221
58,18235
58,18254
58,18277
58,18302
58,18344
58,18379
58,18416
58,18482
58,18491
58,18536
58,18542
58,18594
58,18600
58,18630
58,18671
58,18684
58,18715
58,18741
58,18742
58,18815
58,18828
58,18894
58,18900
58,18926
58,18934
58,19113
58,19118
58,19131
58,19136
58,19209
58,19305
58,19337
58,19347
58,19380
58,19394
58,19399
58,19465
58,19477
58,19543
58,19571
58,19679
58,19695
58,19751
58,19773
58,19945
58,20008
58,20041
58,20059
58,20107
58,20139
58,20162
58,20186
58,20199
58,20235
58,20307
58,20346
58,20359
58,20386
58,20426
58,20431
58,20483
58,20499
58,20510
58,20531
58,20612
58,20643
58,20650
58,20686
58,20693
58,20709
58,20714
58,20744
58,20774
58,20849
58,20856
58,20866
58,20990
58,21022
58,21050
58,21210
58,21251
58,21255
58,21270
58,21287
58,21290
58,21350
58,21498
58,21514
58,21533
58,21548
58,21617
58,21622
58,21671
58,21707
58,21730
58,21740
58,21757
58,21839
58,21917
58,21983
58,22035
58,22122
58,22132
58,22256
58,22266
58,22438
58,22451
58,22458
58,22498
58,22513
58,22534
58,22619
58,22650
58,22658
58,22718
58,22730
58,22745
58,22755
58,22782
58,22836
58,22873
58,22893
58,22911
58,22947
58,22953
58,22962
58,22978
58,23044
58,23148
58,23180
58,23197
58,23199
58,23276
58,23317
58,23541
58,23553
58,23682
58,23693
58,23738
58,23753
58,23781
58,23823
58,23831
58,23840
58,23854
58,23857
58,23858
58,23868
58,23926
58,23948
58,23963
58,23970
58,24093
58,24096
58,24147
58,24168
58,24202
58,24242
58,24302
58,24319
58,24387
58,24409
58,24417
58,24454
58,24463
58,24523
58,24578
58,24608
58,24658
58,24680
58,24783
58,24825
58,24826
58,24837
58,24847
58,24896
58,24929
58,24980
58,25052
58,25133
58,25157
58,25183
58,25201
58,25202
58,25231
58,25319
58,25321
58,25324
58,25329
58,25331
58,25335
58,25351
58,25492
58,25589
58,25612
58,25620
58,25713
58,25728
58,25791
58,25819
58,25861
58,25867
58,25880
58,26011
58,26055
58,26072
58,26126
58,26160
58,26290
58,26319
58,26320
58,26322
58,26352
58,26361
58,26406
58,26433
58,26493
58,26502
58,26524
58,26559
58,26596
58,26643
58,26676
58,26687
58,26700
58,26769
58,26792
58,26799
58,26812
58,26984
58,27092
58,27285
58,27298
58,27433
58,27442
58,27464
58,27558
58,27589
58,27608
58,27631
58,27668
58,27675
58,27737
58,27751
58,27763
58,27778
58,27817
58,27837
58,27879
58,27900
58,27926
58,27934
58,28009
58,28071
58,28072
58,28086
58,28087
58,28192
58,28221
58,28252
58,28270
58,28304
58,28307
58,28325
58,28390
58,28442
58,28519
58,28542
58,28547
58,28561
58,28573
58,28625
58,28689
58,28722
58,28770
58,28810
58,28823
58,28905
58,28969
58,29003
58,29047
58,29048
58,29065
58,29088
58,29090
58,29124
58,29195
58,29242
58,29296
58,29303
58,29352
58,29380
58,29414
58,29442
58,29449
58,29498
58,29546
58,29561
59,17
59,38
59,142
59,197
59,339
59,377
59,541
59,651
59,796
59,821
59,866
59,868
59,969
59,987
59,1004
59,1016
59,1062
59,1109
59,1110
59,1233
59,1281
59,1297
59,1408
59,1504
59,1582
59,1718
59,1751
59,1766
59,1935
59,2051
59,2063
59,2092
59,2129
59,2158
59,2187
59,2206
59,2347
59,2367
59,2390
59,2520
59,2528
59,2623
59,2633
59,2635
59,2664
59,2698
59,2735
59,2769
59,2856
59,2938
59,2967
59,2986
59,2987
59,3022
59,3066
59,3174
59,3252
59,3405
59,3419
59,3507
59,3558
59,3572
59,3609
59,3620
59,3700
59,3766
59,3801
59,3858
59,3907
59,3971
59,3972
59,3975
59,4103
59,4135
59,4187
59,4209
59,4280
59,4344
59,4354
59,4517
59,4586
59,4639
59,4642
59,4705
59,4721
59,4743
59,4745
59,4802
59,4834
59,4871
59,4877
59,4947
59,4954
59,4966
59,4990
59,5048
59,5117
59,5164
59,5221
59,5314
59,5351
59,5370
59,5506
59,5534
59,5586
59,5654
59,5673
59,5681
59,5683
59,5975
59,5977
59,6086
59,6110
59,6223
59,6224
59,6320
59,6367
59,6391
59,6399
59,6428
59,6463
59,6486
59,6607
59,6700
59,6756
59,6781
59,6787
59,6802
59,6845
59,6851
59,7053
59,7080
59,7090
59,7144
59,7173
59,7199
59,7243
59,7395
59,7523
59,7544
59,7551
59,7556
59,7560
59,7607
59,7629
59,7763
59,7784
59,7883
59,7888
59,7912
59,7916
59,7917
59,7974
59,7989
59,8028
59,8064
59,8101
59,8122
59,8159
59,8238
59,8240
59,8399
59,8537
59,8550
59,8658
59,8681
59,8684
59,8713
59,8737
59,8781
59,8984
59,8995
59,9196
59,9213
59,9227
59,9267
59,9309
59,9509
59,9522
59,9548
59,9580
59,9602
59,9640
59,9675
59,9747
59,9849
59,9903
59,9913
59,10048
59,10094
59,10103
59,10234
59,10271
59,10365
59,10438
59,10521
59,10539
59,10638
59,10821
59,10832
59,10860
59,10917
59,10940
59,10941
59,10990
59,11004
59,11289
59,11492
59,11570
59,11596
59,11630
59,11640
59,11696
59,11787
59,11823
59,11897
59,11913
59,11953
59,11989
59,12135
59,12185
59,12209
59,12249
59,12345
59,12369
59,12441
59,12527
59,12544
59,12579
59,12604
59,12793
59,12883
59,12978
59,12994
59,13038
59,13048
59,13057
59,13058
59,13059
59,13188
59,13200
59,13237
59,13354
59,13381
59,13446
59,13471
59,13532
59,13568
59,13663
59,13677
59,13706
59,13799
59,13871
59,13906
59,14032
59,14034
59,14095
59,14097
59,14159
59,14197
59,14245
59,14265
59,14436
59,14485
59,14512
59,14697
59,14739
59,14782
59,14900
59,14965
59,14971
59,15000
59,15033
59,15154
59,15160
59,15183
59,15270
59,15303
59,15339
59,15363
59,15387
59,15538
59,15552
59,15609
59,15627
59,15645
59,15722
59,15746
59,15816
59,15995
59,16059
59,16069
59,16111
59,16120
59,16223
59,16234
59,16291
59,16330
59,16384
59,16386
59,16399
59,16446
59,16454
59,16464
59,16653
59,16717
59,16806
59,16828
59,16921
59,16972
59,16984
59,16988
59,17035
59,17100
59,17306
59,17637
59,17638
59,17694
59,17766
59,17807
59,17823
59,17880
59,17915
59,18004
59,18025
59,18032
59,18075
59,18118
59,18171
59,18173
59,18357
59,18385
59,18388
59,18416
59,18428
59,18452
59,18461
59,18474
59,18598
59,18629
59,18710
59,18726
59,18733
59,18743
59,18763
59,18839
59,18870
59,18931
59,19226
59,19285
59,19361
59,19394
59,19401
59,19430
59,19641
59,19818
59,19913
59,19928
59,19932
59,19944
59,19947
59,19988
59,19992
59,20036
59,20094
59,20153
59,20160
59,20165
59,20359
59,20421
59,20425
59,20459
59,20496
59,20508
59,20537
59,20561
59,20562
59,20675
59,20731
59,20755
59,20760
59,20768
59,20864
59,20937
59,20938
59,21050
59,21076
59,21086
59,21283
59,21302
59,21312
59,21357
59,21381
59,21419
59,21486
59,21578
59,21635
59,21718
59,21786
59,21831
59,21964
59,21973
59,22001
59,22007
59,22022
59,22047
59,22051
59,22084
59,22100
59,22132
59,22154
59,22162
59,22165
59,22220
59,22280
59,22429
59,22462
59,22491
59,22504
59,22523
59,22555
59,22593
59,22627
59,22674
59,22731
59,22737
59,22753
59,23015
59,23080
59,23082
59,23164
59,23184
59,23307
59,23371
59,23459
59,23470
59,23482
59,23603
59,23612
59,23646
59,23734
59,23833
59,23866
59,23903
59,23912
59,23949
59,23972
59,23982
59,24068
59,24212
59,24245
59,24351
59,24369
59,24382
59,24393
59,24432
59,24489
59,24505
59,24519
59,24558
59,24660
59,24715
59,24737
59,24759
59,24783
59,24810
59,24815
59,24849
59,24948
59,25080
59,25082
59,25182
59,25220
59,25295
59,25320
59,25384
59,25556
59,25626
59,25636
59,25919
59,25933
59,26057
59,26142
59,26162
59,26165
59,26229
59,26324
59,26372
59,26452
59,26457
59,26587
59,26652
59,26717
59,26816
59,26875
59,26877
59,26901
59,27064
59,27068
59,27083
59,27131
59,27137
59,27172
59,27334
59,27411
59,27665
59,27831
59,27982
59,28071
59,28086
59,28253
59,28315
59,28331
59,28381
59,28423
59,28485
59,28512
59,28540
59,28579
59,28661
59,28694
59,28703
59,29013
59,29092
59,29096
59,29252
59,29358
59,29372
59,29478
60,14
60,217
60,347
60,493
60,506
60,574
60,580
60,600
60,636
60,669
60,717
60,807
60,849
60,857
60,975
60,1060
60,1213
60,1244
60,1298
60,1321
60,1334
60,1368
60,1393
60,1408
60,1461
60,1483
60,1597
60,1756
60,1879
60,1886
60,1892
60,1964
60,2103
60,2156
60,2190
60,2209
60,2218
60,2247
60,2287
60,2315
60,2317
60,2374
60,2461
60,2480
60,2523
60,2544
60,2551
60,2583
60,2645
60,2652
60,2709
60,2740
60,2749
60,2762
60,2763
60,2912
60,2936
60,2948
60,2960
60,3008
60,3099
60,3164
60,3264
60,3269
60,3287
60,3301
60,3310
60,3398
60,3430
60,3550
60,3679
60,3704
60,3756
60,3770
60,3807
60,3812
60,3859
60,3935
60,3940
60,4018
60,4081
60,4177
60,4178
60,4222
60,4284
60,4343
60,4395
60,4425
60,4712
60,4842
60,4852
60,4948
60,4977
60,5011
60,5090
60,5098
60,5148
60,5157
60,5165
60,5186
60,5215
60,5311
60,5652
60,5690
60,5721
60,5766
60,5795
60,5864
60,5895
60,5918
60,5970
60,5996
60,6019
60,6040
60,6054
60,6108
60,6113
60,6179
60,6228
60,6278
60,6282
60,6329
60,6446
60,6448
60,6533
60,6540
60,6555
60,6584
60,6585
60,6658
60,6659
60,6671
60,6675
60,6722
60,6769
60,6782
60,6797
60,6823
60,6874
60,6905
60,6916
60,6952
60,7071
60,7111
60,7114
60,7276
60,7350
60,7371
60,7391
60,7401
60,7470
60,7493
60,7583
60,7590
60,7611
60,7616
60,7636
60,7648
60,7765
60,7790
60,7866
60,7897
60,7947
60,7951
60,7964
60,8112
60,8155
60,8156
60,8317
60,8591
60,8620
60,8718
60,8819
60,8828
60,8834
60,8859
60,8930
60,8934
60,8969
60,9001
60,9006
60,9013
60,9039
60,9101
60,9120
60,9227
60,9279
60,9312
60,9342
60,9387
60,9398
60,9453
60,9503
60,9525
60,9741
60,9746
60,9805
60,9889
60,9953
60,9985
60,10055
60,10061
60,10163
60,10190
60,10192
60,10219
60,10228
60,10238
60,10373
60,10431
60,10478
60,10495
60,10497
60,10580
60,10604
60,10646
60,10734
60,10778
60,10914
60,10937
60,10986
60,10993
60,11020
60,11050
60,11108
60,11157
60,11216
60,11285
60,11371
60,11520
60,11607
60,11708
60,11716
60,11734
60,11769
60,11824
60,11850
60,11871
60,11873
60,11892
60,11903
60,11963
60,12146
60,12222
60,12305
60,12556
60,12569
60,12584
60,12867
60,12928
60,12930
60,13036
60,13109
60,13133
60,13180
60,13265
60,13275
60,13306
60,13311
60,13369
60,13378
60,13379
60,13390
60,13404
60,13442
60,13462
60,13586
60,13590
60,13615
60,13650
60,13923
60,13995
60,14008
60,14060
60,14091
60,14099
60,14149
60,14261
60,14339
60,14347
60,14481
60,14609
60,14617
60,14624
60,14674
60,14747
60,14760
60,14898
60,14903
60,14908
60,14940
60,14961
60,15070
60,15138
60,15179
60,15208
60,15215
60,15289
60,15291
60,15298
60,15301
60,15318
60,15340
60,15556
60,15563
60,15575
60,15588
60,15615
60,15617
60,15619
60,15624
60,15652
60,15669
60,15673
60,15710
60,15733
60,15755
60,15759
60,15875
60,16047
60,16054
60,16097
60,16160
60,16197
60,16320
60,16328
60,16363
60,16445
60,16470
60,16499
60,16556
60,16563
60,16636
60,16639
60,16652
60,16657
60,16683
60,16759
60,16795
60,16836
60,16919
60,17087
60,17150
60,17172
60,17196
60,17204
60,17235
60,17320
60,17362
60,17419
60,17460
60,17658
60,17700
60,17765
60,17814
60,17840
60,17848
60,17855
60,17880
60,18055
60,18272
60,18312
60,18321
60,18350
60,18398
60,18412
60,18424
60,18452
60,18456
60,18459
60,18504
60,18751
60,18782
60,18826
60,18828
60,18954
60,18962
60,19052
60,19066
60,19103
60,19125
60,19197
60,19225
60,19227
60,19249
60,19257
60,19476
60,19816
60,19824
60,19852
60,19857
60,19876
60,19936
60,20032
60,20056
60,20065
60,20078
60,20096
60,20127
60,20224
60,20318
60,20324
60,20373
60,20535
60,20537
60,20626
60,20684
60,20795
60,20874
60,20891
60,20985
60,21149
60,21223
60,21238
60,21294
60,21326
60,21394
60,21432
60,21520
60,21536
60,21621
60,21856
60,21988
60,22000
60,22083
60,22087
60,22188
60,22322
60,22381
60,22388
60,22438
60,22507
60,22524
60,22532
60,22568
60,22605
60,22684
60,22686
60,22701
60,22769
60,22890
60,22972
60,23027
60,23083
60,23096
60,23147
60,23244
60,23247
60,23295
60,23338
60,23417
60,23470
60,23547
60,23571
60,23591
60,23654
60,23697
60,23730
60,23773
60,23829
60,23838
60,23857
60,23883
60,24045
60,24065
60,24067
60,24137
60,24172
60,24233
60,24335
60,24348
60,24412
60,24508
60,24547
60,24562
60,24620
60,24637
60,24703
60,24730
60,24766
60,24847
60,24852
60,24920
60,24951
60,25003
60,25051
60,25173
60,25179
60,25253
60,25321
60,25323
60,25350
60,25461
60,25631
60,25670
60,25734
60,25791
60,25798
60,25865
60,25882
60,25902
60,25919
60,25926
60,25933
60,25986
60,25993
60,25999
60,26088
60,26163
60,26509
60,26525
60,26672
60,26722
60,26815
60,26848
60,27103
60,27178
60,27234
60,27244
60,27266
60,27437
60,27518
60,27555
60,27624
60,27625
60,27630
60,27638
60,27681
60,27690
60,27713
60,27739
60,27765
60,27810
60,27877
60,27917
60,27940
60,28143
60,28161
60,28186
60,28214
60,28230
60,28312
60,28327
60,28354
60,28398
60,28424
60,28496
60,28508
60,28515
60,28608
60,28619
60,28689
60,28700
60,28790
60,28903
60,28910
60,28984
60,29039
60,29066
60,29072
60,29077
60,29111
60,29113
60,29131
60,29135
60,29261
60,29348
60,29394
60,29428
60,29493
60,29523
61,425
61,439
61,470
61,604
61,661
61,692
61,776
61,790
61,807
61,866
61,908
61,971
61,995
61,1081
61,1104
61,1131
61,1250
61,1294
61,1322
61,1348
61,1360
61,1391
61,1471
61,1589
61,1636
61,1675
61,1876
61,1949
61,1977
61,2007
61,2054
61,2166
61,2191
61,2279
61,2291
61,2382
61,2581
61,2689
61,2710
61,2766
61,2804
61,2836
61,2859
61,2870
61,2904
61,2938
61,2961
61,3008
61,3018
61,3053
61,3094
61,3213
61,3391
61,3498
61,3554
61,3739
61,3870
61,3939
61,4030
61,4151
61,4191
61,4291
61,4303
61,4334
61,4503
61,4615
61,4745
61,4752
61,4769
61,4898
61,4992
61,5001
61,5005
61,5008
61,5016
61,5102
61,5152
61,5281
61,5320
61,5420
61,5430
61,5442
61,5583
61,5641
61,5705
61,5751
61,5761
61,5763
61,5790
61,5971
61,5983
61,6005
61,6033
61,6119
61,6157
61,6272
61,6288
61,6322
61,6355
61,6388
61,6499
61,6598
61,6766
61,6806
61,6822
61,6918
61,7011
61,7051
61,7171
61,7194
61,7200
61,7226
61,7273
61,7305
61,7393
61,7457
61,7471
61,7479
61,7480
61,7482
61,7723
61,7849
61,7952
61,7957
61,8023
61,8076
61,8117
61,8219
61,8296
61,8351
61,8389
61,8391
61,8516
61,8529
61,8530
61,8614
61,8617
61,8755
61,8765
61,8833
61,8892
61,8928
61,8970
61,9117
61,9124
61,9149
61,9217
61,9348
61,9355
61,9437
61,9453
61,9471
61,9639
61,9655
61,9727
61,9735
61,9741
61,9756
61,9763
61,9800
61,9808
61,9840
61,9862
61,9872
61,9917
61,10035
61,10053
61,10171
61,10232
61,10412
61,10423
61,10453
61,10459
61,10490
61,10522
61,10591
61,10692
61,10701
61,10732
61,10733
61,10806
61,10995
61,11001
61,11033
61,11116
61,11317
61,11453
61,11461
61,11544
61,11562
61,11583
61,11725
61,11815
61,11962
61,12095
61,12167
61,12200
61,12266
61,12325
61,12338
61,12578
61,12643
61,12715
61,12827
61,12857
61,12869
61,12912
61,12953
61,12970
61,12990
61,13064
61,13127
61,13139
61,13178
61,13244
61,13316
61,13342
61,13477
61,13488
61,13499
61,13597
61,13706
61,13710
61,13737
61,13841
61,13867
61,13894
61,13959
61,13969
61,14008
61,14173
61,14189
61,14283
61,14317
61,14328
61,14334
61,14374
61,14396
61,14417
61,14453
61,14463
61,14520
61,14527
61,14645
61,14762
61,14894
61,14906
61,14925
61,14971
61,15132
61,15154
61,15237
61,15281
61,15291
61,15300
61,15316
61,15382
61,15432
61,15466
61,15552
61,15662
61,15782
61,15802
61,15823
61,15949
61,16080
61,16132
61,16211
61,16301
61,16306
61,16313
61,16508
61,16583
61,16617
61,16658
61,16660
61,16679
61,16717
61,16778
61,16810
61,16934
61,16989
61,17018
61,17036
61,17046
61,17047
61,17048
61,17049
61,17088
61,17175
61,17377
61,17414
61,17440
61,17457
61,17556
61,17574
61,17580
61,17602
61,17698
61,17701
61,17741
61,17798
61,17826
61,17855
61,17860
61,17895
61,17939
61,17943
61,17970
61,18016
61,18032
61,18042
61,18066
61,18110
61,18179
61,18213
61,18379
61,18416
61,18528
61,18543
61,18573
61,18652
61,18656
61,18731
61,18753
61,18802
61,18850
61,18907
61,19024
61,19059
61,19102
61,19122
61,19133
61,19160
61,19206
61,19315
61,19394
61,19413
61,19431
61,19475
61,19529
61,19629
61,19675
61,19679
61,19789
61,19828
61,19924
61,19964
61,19989
61,19999
61,20033
61,20104
61,20169
61,20239
61,20378
61,20494
61,20548
61,20567
61,20569
61,20597
61,20620
61,20621
61,20640
61,20685
61,20742
61,20782
61,20803
61,20926
61,20960
61,21012
61,21070
61,21220
61,21305
61,21312
61,21381
61,21533
61,21534
61,21552
61,21713
61,21716
61,21725
61,21805
61,21806
61,21892
61,22135
61,22179
61,22212
61,22255
61,22305
61,22310
61,22429
61,22445
61,22548
61,22677
61,22707
61,22794
61,22837
61,22918
61,22987
61,23078
61,23113
61,23120
61,23284
61,23335
61,23356
61,23403
61,23431
61,23450
61,23455
61,23468
61,23583
61,23589
61,23710
61,23774
61,23778
61,23818
61,23877
61,23904
61,23923
61,24079
61,24165
61,24208
61,24212
61,24304
61,24328
61,24372
61,24515
61,24561
61,24665
61,24713
61,24831
61,24874
61,24889
61,24921
61,25152
61,25193
61,25217
61,25219
61,25281
61,25345
61,25367
61,25451
61,25464
61,25568
61,25595
61,25608
61,25616
61,25671
61,25770
61,25780
61,25799
61,25802
61,25807
61,25828
61,25890
61,25969
61,25974
61,25989
61,26025
61,26034
61,26105
61,26151
61,26166
61,26180
61,26273
61,26364
61,26441
61,26523
61,26571
61,26598
61,26669
61,26707
61,26733
61,26777
61,26782
61,26792
61,26947
61,26954
61,26962
61,26999
61,27020
61,27027
61,27040
61,27069
61,27209
61,27276
61,27306
61,27463
61,27486
61,27567
61,27576
61,27593
61,27660
61,27884
61,27895
61,27923
61,27935
61,27979
61,28009
61,28020
61,28072
61,28139
61,28216
61,28270
61,28277
61,28327
61,28383
61,28401
61,28402
61,28559
61,28594
61,28602
61,28700
61,28721
61,28763
61,28815
61,28861
61,28865
61,28921
61,28929
61,28938
61,28959
61,28967
61,29063
61,29109
61,29189
61,29372
61,29491
61,29525
61,29536
61,29546
61,29552
61,29567
62,50
62,90
62,321
62,379
62,409
62,426
62,431
62,564
62,694
62,758
62,769
62,830
62,844
62,845
62,1032
62,1128
62,1387
62,1409
62,1415
62,1529
62,1754
62,1872
62,2040
62,2114
62,2187
62,2188
62,2215
62,2286
62,2555
62,2589
62,2677
62,2726
62,2736
62,2784
62,2843
62,3002
62,3128
62,3186
62,3363
62,3365
62,3410
62,3576
62,3602
62,3617
62,3620
62,3794
62,4010
62,4024
62,4029
62,4069
62,4104
62,4159
62,4166
62,4181
62,4183
62,4253
62,4269
62,4722
62,4739
62,4831
62,4913
62,4993
62,5141
62,5230
62,5256
62,5279
62,5376
62,5396
62,5406
62,5542
62,5588
62,5650
62,5668
62,5718
62,5726
62,5769
62,5844
62,5856
62,5882
62,5979
62,6280
62,6293
62,6296
62,6312
62,6387
62,6847
62,6853
62,6886
62,6937
62,7041
62,7120
62,7162
62,7442
62,7630
62,7701
62,7727
62,7753
62,7786
62,7855
62,7976
62,8027
62,8097
62,8105
62,8139
62,8287
62,8292
62,8304
62,8335
62,8371
62,8390
62,8583
62,8607
62,8625
62,8656
62,8676
62,8710
62,8749
62,8811
62,8952
62,8997
62,9020
62,9201
62,9257
62,9303
62,9308
62,9311
62,9335
62,9436
62,9511
62,9602
62,9713
62,9735
62,10031
62,10119
62,10181
62,10182
62,10254
62,10256
62,10443
62,10502
62,10566
62,10573
62,10582
62,10719
62,11065
62,11332
62,11357
62,11407
62,11432
62,11554
62,11598
62,11599
62,11809
62,11859
62,11870
62,11876
62,11987
62,12081
62,12241
62,12263
62,12377
62,12562
62,12653
62,12658
62,12758
62,12840
62,12888
62,12961
62,12968
62,13002
62,13012
62,13042
62,13073
62,13138
62,13191
62,13258
62,13272
62,13370
62,13459
62,13525
62,13562
62,13599
62,13824
62,13874
62,14029
62,14153
62,14165
62,14221
62,14312
62,14440
62,14464
62,14512
62,14551
62,14631
62,14724
62,14944
62,14958
62,14988
62,15016
62,15175
62,15330
62,15441
62,15476
62,15575
62,15577
62,15647
62,15696
62,15740
62,15766
62,15823
62,15826
62,15924
62,15948
62,15982
62,16198
62,16279
62,16373
62,16468
62,16560
62,16599
62,16712
62,16715
62,16719
62,16844
62,16854
62,16855
62,16871
62,16944
62,17060
62,17114
62,17128
62,17260
62,17322
62,17385
62,17395
62,17623
62,17690
62,17821
62,17849
62,17856
62,17904
62,17915
62,17925
62,18206
62,18241
62,18301
62,18325
62,18355
62,18424
62,18442
62,18463
62,18496
62,18534
62,18551
62,18562
62,18582
62,18679
62,18698
62,19068
62,19099
62,19173
62,19197
62,19214
62,19451
62,19738
62,19769
62,19792
62,19931
62,19982
62,20088
62,20169
62,20211
62,20274
62,20388
62,20437
62,20514
62,20596
62,20753
62,20772
62,20907
62,20924
62,20982
62,21138
62,21150
62,21156
62,21227
62,21392
62,21432
62,21488
62,21526
62,21557
62,21582
62,21664
62,21707
62,21813
62,21867
62,21886
62,21961
62,21965
62,22000
62,22104
62,22112
62,22180
62,22185
62,22262
62,22350
62,22371
62,22471
62,22502
62,22525
62,22671
62,22692
62,22740
62,22792
62,22912
62,22949
62,22959
62,22963
62,23031
62,23086
62,23108
62,23151
62,23305
62,23325
62,23500
62,23518
62,23579
62,23616
62,23641
62,23822
62,24047
62,24080
62,24140
62,24141
62,24160
62,24166
62,24290
62,24384
62,24393
62,24395
62,24435
62,24446
62,24460
62,24518
62,24551
62,24661
62,24731
62,24747
62,24786
62,24805
62,24881
62,24901
62,24957
62,25032
62,25115
62,25128
62,25290
62,25301
62,25305
62,25345
62,25456
62,25465
62,25511
62,25512
62,25590
62,25644
62,25660
62,25854
62,25897
62,25967
62,25974
62,26032
62,26042
62,26091
62,26096
62,26195
62,26214
62,26219
62,26318
62,26334
62,26558
62,26575
62,26605
62,26647
62,26658
62,26720
62,26757
62,26760
62,26763
62,26778
62,26896
62,26937
62,26971
62,26973
62,26994
62,27097
62,27100
62,27200
62,27288
62,27322
62,27352
62,27355
62,27463
62,27517
62,27550
62,27633
62,27673
62,27703
62,27713
62,27924
62,27930
62,27937
62,27997
62,28288
62,28328
62,28386
62,28562
62,28585
62,28624
62,28638
62,28712
62,28828
62,28840
62,28956
62,29159
62,29187
62,29190
62,29199
62,29264
62,29314
62,29420
63,9
63,25
63,122
63,158
63,212
63,241
63,330
63,389
63,408
63,413
63,435
63,730
63,735
63,765
63,778
63,910
63,978
63,1113
63,1151
63,1167
63,1212
63,1477
63,1605
63,1738
63,1742
63,1769
63,1872
63,1991
63,2058
63,2061
63,2069
63,2146
63,2270
63,2549
63,2550
63,2554
63,2604
63,2636
63,2666
63,2669
63,2743
63,2769
63,2779
63,2791
63,2912
63,2940
63,3113
63,3185
63,3596
63,3633
63,3683
63,3741
63,3809
63,3924
63,3941
63,4119
63,4153
63,4276
63,4397
63,4554
63,4568
63,4630
63,4660
63,4738
63,4769
63,4785
63,4916
63,5004
63,5015
63,5027
63,5054
63,5544
63,5722
63,5899
63,5977
63,6009
63,6174
63,6208
63,6307
63,6444
63,6579
63,6692
63,6701
63,6723
63,6846
63,6914
63,6924
63,6988
63,7073
63,7101
63,7173
63,7218
63,7296
63,7366
63,7476
63,7537
63,7613
63,7737
63,7777
63,7817
63,7857
63,7865
63,7892
63,7930
63,7946
63,7987
63,8036
63,8187
63,8292
63,8355
63,8377
63,8441
63,8547
63,8614
63,9184
63,9206
63,9279
63,9310
63,9760
63,9797
63,9871
63,9895
63,9905
63,10199
63,10281
63,10351
63,10369
63,10371
63,10413
63,10601
63,10602
63,10716
63,10874
63,10992
63,11114
63,11378
63,11560
63,11699
63,11734
63,11800
63,11968
63,12051
63,12068
63,12073
63,12094
63,12129
63,12240
63,12325
63,12328
63,12503
63,12580
63,12825
63,12859
63,12985
63,13011
63,13175
63,13312
63,13404
63,13541
63,13649
63,13732
63,13747
63,13757
63,13896
63,13996
63,14255
63,14626
63,14633
63,14684
63,14693
63,14759
63,14769
63,14959
63,15080
63,15126
63,15133
63,15590
63,15591
63,15645
63,15652
63,15686
63,15697
63,15734
63,15773
63,15796
63,15858
63,15990
63,16084
63,16127
63,16191
63,16231
63,16262
63,16281
63,16319
63,16431
63,16449
63,16541
63,16550
63,16553
63,16580
63,16761
63,16784
63,17216
63,17218
63,17224
63,17268
63,17309
63,17330
63,17414
63,17454
63,17602
63,17626
63,17729
63,17770
63,17825
63,17913
63,18002
63,18007
63,18055
63,18121
63,18147
63,18267
63,18316
63,18361
63,18542
63,18573
63,18603
63,18611
63,18663
63,18825
63,18959
63,19019
63,19129
63,19224
63,19363
63,19420
63,19438
63,19521
63,19532
63,19534
63,19763
63,19913
63,19936
63,19979
63,20078
63,20240
63,20364
63,20478
63,20621
63,20628
63,20700
63,20798
63,20853
63,20871
63,20928
63,20993
63,21186
63,21460
63,21540
63,21666
63,21679
63,21748
63,21841
63,21871
63,21958
63,22057
63,22110
63,22184
63,22616
63,22802
63,22845
63,22856
63,22898
63,22992
63,23121
63,23154
63,23168
63,23238
63,23325
63,23692
63,23858
63,23903
63,24078
63,24137
63,24146
63,24160
63,24189
63,24261
63,24377
63,24727
63,24823
63,24930
63,24995
63,25008
63,25059
63,25069
63,25101
63,25226
63,25388
63,25465
63,25469
63,25604
63,25697
63,25748
63,25806
63,25809
63,25836
63,25872
63,25940
63,26133
63,26147
63,26178
63,26284
63,26298
63,26306
63,26415
63,26426
63,26433
63,26487
63,26687
63,26797
63,26806
63,26808
63,26924
63,27069
63,27126
63,27132
63,27133
63,27137
63,27270
63,27331
63,27344
63,27356
63,27391
63,27472
63,27692
63,27779
63,27810
63,27909
63,28170
63,28226
63,28234
63,28284
63,28288
63,28289
63,28292
63,28350
63,28485
63,28490
63,28513
63,28713
63,28886
63,28990
63,28999
63,29055
63,29122
63,29225
63,29231
63,29359
63,29545
64,4
64,188
64,267
64,315
64,349
64,392
64,433
64,445
64,503
64,602
64,778
64,876
64,1153
64,1161
64,1211
64,1236
64,1310
64,1380
64,1393
64,1452
64,1538
64,1578
64,1651
64,1737
64,1860
64,1887
64,1893
64,2193
64,2197
64,2257
64,2377
64,2432
64,2436
64,2446
64,2708
64,2785
64,2830
64,3003
64,3094
64,3343
64,3367
64,3495
64,3704
64,3721
64,3802
64,3867
64,3949
64,4042
64,4226
64,4381
64,4396
64,4507
64,4607
64,4784
64,4828
64,4933
64,5090
64,5200
64,5312
64,5317
64,5616
64,5868
64,5875
64,5894
64,5946
64,5960
64,5993
64,6090
64,6100
64,6178
64,6358
64,6366
64,6539
64,6572
64,6595
64,6620
64,6760
64,6802
64,6858
64,7056
64,7093
64,7181
64,7388
64,7401
64,7482
64,7546
64,7613
64,7636
64,7660
64,7780
64,8193
64,8258
64,8313
64,8548
64,8551
64,8606
64,8662
64,8747
64,9015
64,9020
64,9125
64,9249
64,9276
64,9344
64,9477
64,9604
64,9782
64,9969
64,9987
64,9994
64,10027
64,10121
64,10161
64,10312
64,10348
64,10565
64,10601
64,10799
64,10806
64,10920
64,11208
64,11222
64,11244
64,11289
64,11304
64,11462
64,11496
64,11643
64,11800
64,11837
64,11851
64,12065
64,12082
64,12321
64,12572
64,12662
64,12697
64,13113
64,13163
64,13339
64,13351
64,13379
64,13414
64,13555
64,13626
64,13679
64,13854
64,13888
64,13980
64,14069
64,14247
64,14292
64,14392
64,14655
64,14824
64,14913
64,15178
64,15206
64,15355
64,15494
64,15752
64,15911
64,15926
64,16149
64,16208
64,16286
64,16342
64,16442
64,16497
64,16503
64,16599
64,16794
64,16907
64,16922
64,17031
64,17179
64,17206
64,17264
64,17308
64,17398
64,17465
64,17480
64,17488
64,17501
64,17580
64,17728
64,17770
64,17949
64,18100
64,18126
64,18133
64,18370
64,18388
64,18408
64,18655
64,18752
64,18803
64,18844
64,18864
64,18943
64,19079
64,19168
64,19216
64,19397
64,19933
64,19958
64,20062
64,20111
64,20229
64,20238
64,20275
64,20329
64,20508
64,20510
64,20543
64,20598
64,20767
64,20790
64,20806
64,20880
64,20957
64,20962
64,21100
64,21120
64,21185
64,21204
64,21232
64,21316
64,21475
64,21605
64,21641
64,21655
64,21809
64,21816
64,21880
64,21998
64,22158
64,22171
64,22215
64,22245
64,22407
64,22763
64,23044
64,23054
64,23119
64,23317
64,23335
64,23553
64,23601
64,23639
64,23806
64,23849
64,23850
64,23970
64,24008
64,24030
64,24265
64,24323
64,24449
64,24500
64,24508
64,24682
64,24689
64,24732
64,24750
64,24789
64,24905
64,24938
64,24985
64,25404
64,25468
64,25624
64,25957
64,25996
64,26038
64,26072
64,26838
64,26893
64,26967
64,26985
64,27303
64,27466
64,27553
64,27579
64,27651
64,27843
64,27982
64,28048
64,28082
64,28138
64,28415
64,28592
64,28873
64,28901
64,29035
64,29041
64,29554
65,120
65,177
65,211
65,252
65,528
65,679
65,956
65,981
65,1101
65,1178
65,1335
65,1390
65,1416
65,1496
65,1554
65,1575
65,1795
65,1973
65,1999
65,2136
65,2176
65,2218
65,2395
65,2646
65,3156
65,3157
65,3219
65,3243
65,3490
65,3601
65,3667
65,3762
65,3804
65,3926
65,4100
65,4177
65,4179
65,4258
65,4335
65,4344
65,4379
65,4623
65,4670
65,4840
65,4899
65,4972
65,4981
65,5224
65,5322
65,5561
65,5577
65,5613
65,5765
65,5840
65,5891
65,5899
65,5907
65,6003
65,6015
65,6114
65,6316
65,6448
65,6506
65,6514
65,6636
65,6761
65,6762
65,6902
65,6993
65,6994
65,7050
65,7490
65,7570
65,7804
65,7837
65,7959
65,7976
65,8269
65,8377
65,8546
65,8602
65,8727
65,8825
65,8934
65,8971
65,8981
65,9020
65,9075
65,9185
65,9220
65,9309
65,9386
65,9768
65,9923
65,9996
65,10035
65,10057
65,10147
65,10435
65,10474
65,10476
65,10502
65,10579
65,10874
65,10944
65,10959
65,11081
65,11177
65,11191
65,11219
65,11297
65,11319
65,11553
65,11676
65,11858
65,11905
65,11928
65,12030
65,12087
65,12162
65,12262
65,12333
65,12782
65,12882
65,12883
65,12913
65,13136
65,13230
65,13252
65,13301
65,13410
65,13563
65,13584
65,13659
65,13880
65,13986
65,14011
65,14058
65,14059
65,14394
65,14463
65,14530
65,14672
65,14722
65,14804
65,14870
65,15088
65,15282
65,15454
65,15752
65,15797
65,15845
65,15988
65,15993
65,16026
65,16407
65,16530
65,16553
65,16607
65,16721
65,16747
65,17035
65,17185
65,17282
65,17284
65,17567
65,17688
65,17729
65,17809
65,17862
65,17962
65,18109
65,18122
65,18194
65,18222
65,18279
65,18333
65,18349
65,18502
65,18536
65,18612
65,18681
65,18726
65,18863
65,19008
65,19051
65,19468
65,19913
65,19951
65,20068
65,20081
65,20234
65,20271
65,20569
65,20614
65,20688
65,20914
65,20922
65,21135
65,21161
65,21182
65,21573
65,21653
65,21814
65,21817
65,22067
65,22204
65,22430
65,22510
65,22541
65,22606
65,22813
65,22919
65,23091
65,23100
65,23177
65,23198
65,23299
65,23489
65,23543
65,23607
65,23639
65,23781
65,23794
65,23845
65,23926
65,24053
65,24109
65,24214
65,24225
65,24256
65,24350
65,24365
65,24459
65,24473
65,24785
65,25055
65,25304
65,25542
65,25874
65,25889
65,25935
65,26146
65,26326
65,26481
65,26608
65,26763
65,26849
65,26890
65,26928
65,26947
65,26985
65,27059
65,27108
65,27416
65,27531
65,27540
65,27560
65,27715
65,27727
65,27779
65,27838
65,27852
65,28075
65,28325
65,28416
65,28431
65,28893
65,28940
65,29080
65,29155
65,29358
65,29370
66,241
66,283
66,396
66,418
66,456
66,578
66,682
66,704
66,738
66,810
66,922
66,1054
66,1102
66,1162
66,1224
66,1394
66,1821
66,1994
66,2026
66,2071
66,2145
66,2201
66,2321
66,2326
66,2459
66,2546
66,2600
66,2728
66,2741
66,2974
66,3331
66,3435
66,3717
66,3725
66,3836
66,3940
66,4367
66,4665
66,4718
66,4944
66,4956
66,5094
66,5241
66,5301
66,5354
66,5403
66,5490
66,5523
66,5883
66,5980
66,6189
66,6296
66,6347
66,6388
66,6525
66,6615
66,6749
66,6823
66,6859
66,6983
66,7107
66,7166
66,7440
66,7480
66,7602
66,7619
66,7673
66,7759
66,8050
66,8064
66,8072
66,8318
66,8399
66,8512
66,8626
66,8823
66,9081
66,9274
66,9328
66,9394
66,9930
66,9961
66,9965
66,10101
66,10107
66,10242
66,10793
66,10853
66,11009
66,11288
66,11324
66,11422
66,11472
66,11757
66,11860
66,11875
66,11953
66,11963
66,12204
66,12290
66,12310
66,12382
66,12603
66,12610
66,12623
66,12656
66,12777
66,12991
66,13026
66,13268
66,13304
66,13327
66,13371
66,13392
66,13637
66,13647
66,13740
66,13751
66,13817
66,13905
66,14203
66,14206
66,14827
66,14923
66,15161
66,15509
66,15622
66,15677
66,15798
66,15891
66,16074
66,16164
66,16248
66,16253
66,16401
66,16480
66,16610
66,16687
66,16841
66,16862
66,16910
66,17074
66,17226
66,17235
66,17411
66,17458
66,17792
66,17805
66,18017
66,18024
66,18046
66,18161
66,18328
66,18371
66,18453
66,18467
66,18484
66,18589
66,18864
66,18914
66,18966
66,19013
66,19045
66,19125
66,19310
66,19530
66,19616
66,19632
66,19647
66,19660
66,20045
66,20410
66,20603
66,20899
66,21145
66,21194
66,21339
66,21436
66,21441
66,21486
66,21487
66,21852
66,21873
66,21898
66,21955
66,22272
66,22295
66,22360
66,22555
66,22769
66,22794
66,22816
66,23343
66,23544
66,23587
66,23600
66,23601
66,23644
66,23808
66,23818
66,23828
66,23985
66,24523
66,24537
66,24539
66,24808
66,24921
66,25049
66,25131
66,25153
66,25232
66,25336
66,25363
66,25755
66,25772
66,25812
66,25886
66,25935
66,26011
66,26145
66,26299
66,26345
66,26349
66,26692
66,26782
66,26823
66,26857
66,27005
66,27094
66,27218
66,27281
66,27348
66,27508
66,27830
66,27894
66,27915
66,28315
66,28452
66,28625
66,28760
66,28808
66,28941
66,29084
66,29112
66,29362
66,29411
66,29425
66,29438
67,25
67,34
67,131
67,302
67,415
67,573
67,582
67,670
67,708
67,783
67,864
67,875
67,1080
67,1137
67,1142
67,1218
67,1271
67,1378
67,1397
67,1496
67,1654
67,1695
67,1698
67,1834
67,1988
67,2140
67,2435
67,2659
67,2678
67,2836
67,2876
67,2944
67,2963
67,3012
67,3150
67,3230
67,3243
67,3296
67,3459
67,3498
67,3700
67,3756
67,3799
67,3868
67,4021
67,4159
67,4215
67,4263
67,4330
67,4349
67,4418
67,4419
67,4499
67,4593
67,4595
67,4612
67,4626
67,4739
67,4850
67,5134
67,5155
67,5166
67,5206
67,5236
67,5537
67,5590
67,5624
67,5640
67,5902
67,5921
67,5978
67,6125
67,6221
67,6512
67,6529
67,6589
67,6606
67,6693
67,6729
67,6735
67,6795
67,6901
67,7224
67,7254
67,7321
67,7341
67,7351
67,7433
67,7488
67,7849
67,8043
67,8156
67,8168
67,8358
67,8566
67,8596
67,8609
67,8610
67,8634
67,8659
67,8700
67,8870
67,8923
67,9231
67,9295
67,9331
67,9454
67,9591
67,9739
67,9742
67,9864
67,10067
67,10085
67,10237
67,10326
67,10405
67,11134
67,11163
67,11797
67,11799
67,11983
67,12052
67,12078
67,12084
67,12106
67,12152
67,12281
67,12319
67,12331
67,12491
67,12709
67,12730
67,12805
67,12929
67,13263
67,13615
67,13648
67,13849
67,13855
67,13878
67,13971
67,14233
67,14267
67,14285
67,14338
67,14345
67,14389
67,14765
67,14996
67,15006
67,15035
67,15079
67,15159
67,15203
67,15393
67,15400
67,15475
67,15593
67,15748
67,15769
67,15780
67,15821
67,16016
67,16026
67,16089
67,16138
67,16336
67,16345
67,16368
67,16431
67,16635
67,16650
67,16711
67,16776
67,16898
67,16926
67,17070
67,17103
67,17155
67,17160
67,17258
67,17274
67,17496
67,17687
67,17712
67,17738
67,17833
67,17907
67,17931
67,18073
67,18213
67,18283
67,18299
67,18386
67,18690
67,18750
67,18806
67,18837
67,18889
67,19046
67,19317
67,19326
67,19427
67,19659
67,19677
67,19893
67,19920
67,20209
67,20272
67,20382
67,20386
67,20390
67,20442
67,20585
67,20641
67,20727
67,20787
67,20856
67,20983
67,21073
67,21083
67,21125
67,21141
67,21221
67,21312
67,21342
67,21351
67,21416
67,21469
67,21484
67,21538
67,21560
67,21624
67,21627
67,21639
67,21700
67,21896
67,22653
67,22741
67,22908
67,22959
67,22988
67,23115
67,23151
67,23518
67,23659
67,23690
67,23694
67,23749
67,23765
67,23847
67,24032
67,24066
67,24132
67,24155
67,24159
67,24204
67,24252
67,24254
67,24494
67,24517
67,24527
67,24557
67,24652
67,24723
67,24885
67,24886
67,24952
67,25175
67,25257
67,25315
67,25479
67,25537
67,25566
67,25723
67,25798
67,25824
67,25868
67,25920
67,25938
67,25940
67,25953
67,26000
67,26149
67,26174
67,26243
67,26280
67,26354
67,26373
67,26458
67,26525
67,26540
67,26632
67,26667
67,26911
67,27074
67,27108
67,27219
67,27238
67,27241
67,27312
67,27339
67,27355
67,27394
67,27531
67,27562
67,27564
67,27622
67,27664
67,27710
67,27966
67,28214
67,28412
67,28703
67,28732
67,28797
67,28943
67,29094
67,29096
67,29108
67,29203
67,29348
68,58
68,80
68,290
68,293
68,386
68,571
68,656
68,724
68,798
68,859
68,1022
68,1039
68,1075
68,1182
68,1396
68,1450
68,1581
68,1586
68,1804
68,1830
68,2051
68,2063
68,2178
68,2379
68,2492
68,2514
68,2573
68,2732
68,2842
68,2960
68,3182
68,3227
68,3349
68,3529
68,3553
68,3595
68,3757
68,3878
68,3902
68,3963
68,3991
68,4001
68,4060
68,4086
68,4318
68,4347
68,4587
68,4708
68,4853
68,4872
68,5064
68,5210
68,5280
68,5484
68,5639
68,5714
68,5725
68,5733
68,5925
68,6213
68,6224
68,6229
68,6309
68,6514
68,6730
68,6941
68,6970
68,7078
68,7101
68,7201
68,7264
68,7270
68,7456
68,7466
68,7538
68,7602
68,7631
68,7720
68,7746
68,7784
68,8085
68,8117
68,8172
68,8225
68,8253
68,8340
68,8359
68,8409
68,8455
68,8486
68,8546
68,8604
68,8628
68,8649
68,8683
68,8729
68,8831
68,8854
68,8895
68,8955
68,8981
68,9129
68,9157
68,9453
68,9482
68,9511
68,9718
68,9733
68,9738
68,9747
68,10012
68,10079
68,10166
68,10353
68,10382
68,10427
68,10598
68,10646
68,10717
68,10817
68,10882
68,10950
68,10955
68,10964
68,11016
68,11075
68,11076
68,11308
68,11309
68,11581
68,11619
68,11689
68,11856
68,11956
68,12038
68,12076
68,12192
68,12200
68,12235
68,12489
68,12568
68,12629
68,12680
68,12682
68,12702
68,12740
68,12784
68,13063
68,13222
68,13405
68,13425
68,13438
68,13451
68,13494
68,13705
68,13904
68,14003
68,14047
68,14112
68,14216
68,14428
68,14531
68,15012
68,15187
68,15202
68,15315
68,15527
68,15539
68,15567
68,15572
68,15628
68,15824
68,16017
68,16062
68,16338
68,16449
68,16453
68,16747
68,17024
68,17059
68,17216
68,17240
68,17517
68,17656
68,17669
68,17670
68,17849
68,17941
68,17977
68,18065
68,18232
68,18247
68,18396
68,18415
68,18529
68,18715
68,18716
68,18804
68,18825
68,19269
68,19278
68,19339
68,19375
68,19398
68,19418
68,19544
68,19555
68,19592
68,19647
68,19734
68,19942
68,20124
68,20154
68,20344
68,20563
68,20569
68,20652
68,20766
68,20773
68,20795
68,20827
68,20889
68,20952
68,21095
68,21225
68,21275
68,21329
68,21464
68,21496
68,21562
68,21568
68,21587
68,21673
68,21763
68,21862
68,21944
68,22117
68,22151
68,22237
68,22272
68,22406
68,22648
68,22989
68,22993
68,23018
68,23329
68,23352
68,23592
68,23626
68,23667
68,23768
68,23778
68,23814
68,23838
68,23886
68,23947
68,24212
68,24325
68,24413
68,24531
68,24548
68,24793
68,24948
68,25030
68,25079
68,25186
68,25247
68,25261
68,25334
68,25350
68,25373
68,25458
68,25703
68,26219
68,26313
68,26641
68,26849
68,26968
68,27135
68,27211
68,27307
68,27377
68,27433
68,27562
68,27619
68,27717
68,27718
68,27762
68,27867
68,28065
68,28188
68,28242
68,28331
68,28417
68,28521
68,28596
68,28683
68,28702
68,28757
68,28780
68,28957
68,29358
68,29381
68,29389
68,29402
68,29481
68,29544
69,67
69,110
69,140
69,224
69,246
69,360
69,481
69,568
69,647
69,706
69,824
69,1057
69,1147
69,1366
69,1590
69,1623
69,1647
69,1756
69,1779
69,2017
69,2023
69,2099
69,2268
69,2289
69,2545
69,2569
69,2650
69,2881
69,2918
69,2996
69,3245
69,3360
69,3639
69,3696
69,3766
69,3767
69,3799
69,3844
69,3862
69,3950
69,4292
69,4330
69,4357
69,4422
69,4669
69,4858
69,4886
69,4983
69,5029
69,5052
69,5106
69,5334
69,5409
69,5411
69,5466
69,5539
69,5575
69,5624
69,5649
69,5925
69,6224
69,6307
69,6332
69,6336
69,6341
69,6693
69,6755
69,6802
69,6819
69,6851
69,6896
69,6949
69,6952
69,6968
69,7117
69,7126
69,7307
69,7311
69,7326
69,7410
69,7624
69,7651
69,7791
69,7861
69,7996
69,8260
69,8398
69,8414
69,8531
69,8597
69,8647
69,8692
69,8714
69,8765
69,8793
69,8819
69,8948
69,8957
69,8992
69,9016
69,9022
69,9063
69,9095
69,9361
69,9441
69,9530
69,9532
69,9629
69,9630
69,9802
69,9899
69,9926
69,10121
69,10155
69,10240
69,10274
69,10386
69,10443
69,10543
69,10830
69,10936
69,11160
69,11205
69,11420
69,11428
69,11452
69,11513
69,11546
69,11595
69,11664
69,11783
69,11793
69,11838
69,12011
69,12079
69,12099
69,12215
69,12356
69,12364
69,12607
69,12670
69,12790
69,12792
69,12984
69,13045
69,13281
69,13300
69,13303
69,13637
69,14004
69,14043
69,14305
69,14417
69,14447
69,14473
69,14482
69,14594
69,14766
69,14781
69,14794
69,14854
69,14895
69,14940
69,15134
69,15354
69,15607
69,15636
69,15663
69,15837
69,16040
69,16185
69,16190
69,16390
69,16522
69,16570
69,16670
69,16682
69,16711
69,16821
69,16851
69,17017
69,17227
69,17232
69,17340
69,17370
69,17390
69,17586
69,17629
69,17703
69,17707
69,17811
69,17863
69,18031
69,18077
69,18099
69,18194
69,18514
69,18549
69,18609
69,18812
69,18861
69,18874
69,19110
69,19456
69,19535
69,19630
69,19813
69,20094
69,20124
69,20224
69,20387
69,20492
69,20620
69,20649
69,20703
69,20777
69,21007
69,21338
69,21388
69,21469
69,21556
69,21614
69,21694
69,21752
69,21805
69,21976
69,22108
69,22347
69,22355
69,22408
69,22672
69,22812
69,22844
69,23070
69,23154
69,23333
69,23358
69,23522
69,23532
69,23573
69,23595
69,23656
69,23661
69,23857
69,23991
69,23992
69,24000
69,24009
69,24213
69,24319
69,24433
69,24587
69,24627
69,24928
69,24949
69,25064
69,25575
69,25597
69,25639
69,25791
69,26083
69,26215
69,26368
69,26371
69,26402
69,26451
69,26473
69,26486
69,26595
69,26704
69,26785
69,26904
69,26959
69,27522
69,27681
69,27720
69,27726
69,27822
69,27871
69,27940
69,28063
69,28111
69,28401
69,28427
69,28461
69,28493
69,28645
69,28677
69,29187
69,29324
69,29467
70,2
70,133
70,151
70,184
70,274
70,429
70,642
70,684
70,811
70,891
70,897
70,916
70,927
70,1455
70,1590
70,1595
70,1866
70,1888
70,1901
70,1999
70,2038
70,2202
70,2229
70,2372
70,2380
70,2415
70,2450
70,2534
70,2643
70,2691
70,2772
70,2851
70,2976
70,3186
70,3732
70,3918
70,3942
70,4069
70,4128
70,4135
70,4189
70,4259
70,4324
70,4338
70,4360
70,4532
70,4694
70,4952
70,4965
70,5058
70,5076
70,5182
70,5185
70,5251
70,5298
70,5641
70,5729
70,5779
70,5853
70,5895
70,6211
70,6373
70,6374
70,6375
70,6548
70,6615
70,6642
70,6667
70,6759
70,7026
70,7120
70,7201
70,7231
70,7254
70,7422
70,7935
70,8470
70,8750
70,8827
70,8953
70,8994
70,9008
70,9010
70,9011
70,9142
70,9363
70,9428
70,9584
70,9664
70,9856
70,10013
70,10119
70,10124
70,10194
70,10203
70,10355
70,10404
70,10503
70,10527
70,10638
70,10850
70,10893
70,10922
70,10998
70,11311
70,11474
70,11562
70,11607
70,11647
70,11652
70,11940
70,11975
70,12047
70,12176
70,12258
70,12338
70,12420
70,12600
70,12825
70,12870
70,12873
70,12932
70,13018
70,13362
70,13585
70,13627
70,13857
70,13870
70,14076
70,14167
70,14236
70,14249
70,14366
70,14435
70,14765
70,14799
70,14832
70,14865
70,15124
70,15491
70,15622
70,15662
70,15922
70,16228
70,16233
70,16284
70,16302
70,16392
70,16626
70,16752
70,17029
70,17055
70,17483
70,17598
70,17951
70,17999
70,18130
70,18481
70,18486
70,18541
70,18561
70,18680
70,19006
70,19098
70,19285
70,19423
70,19475
70,19481
70,19536
70,19583
70,19623
70,19772
70,19807
70,19824
70,19837
70,20014
70,20120
70,20226
70,20300
70,20315
70,20421
70,20585
70,20840
70,20888
70,20965
70,20979
70,21077
70,21079
70,21142
70,21167
70,21224
70,21315
70,21378
70,21466
70,21783
70,21924
70,22018
70,22019
70,22075
70,22312
70,22471
70,22619
70,22652
70,22712
70,23013
70,23046
70,23143
70,23379
70,23410
70,23527
70,23703
70,23960
70,24135
70,24550
70,24617
70,24630
70,24885
70,25080
70,25090
70,25160
70,25222
70,25245
70,25323
70,25472
70,25635
70,25883
70,26031
70,26125
70,26188
70,26248
70,26360
70,26370
70,26371
70,26429
70,26576
70,26615
70,26640
70,26830
70,26941
70,27144
70,27163
70,27192
70,27328
70,27435
70,27738
70,28096
70,28099
70,28205
70,28295
70,28423
70,28620
70,28707
70,28763
70,29435
70,29444
71,293
71,452
71,756
71,849
71,1001
71,1475
71,1761
71,1808
71,2582
71,2771
71,2776
71,2819
71,3467
71,3612
71,3662
71,4074
71,4228
71,4239
71,4310
71,4409
71,4419
71,4443
71,4470
71,4487
71,4712
71,4769
71,4875
71,4930
71,5011
71,5147
71,5575
71,5625
71,5686
71,5870
71,6121
71,6310
71,6413
71,6514
71,6692
71,6826
71,6963
71,7052
71,7095
71,7163
71,7224
71,7375
71,7404
71,7539
71,7630
71,7664
71,7696
71,7918
71,8093
71,8173
71,8273
71,8398
71,8455
71,8540
71,8629
71,8658
71,8827
71,8904
71,9061
71,9248
71,9383
71,9413
71,9423
71,9654
71,10197
71,10345
71,10472
71,10986
71,11260
71,11275
71,11401
71,11460
71,11634
71,11755
71,11899
71,12338
71,12575
71,12602
71,12626
71,12638
71,13152
71,13776
71,13788
71,13901
71,14474
71,14510
71,14562
71,15041
71,15274
71,15465
71,15467
71,15513
71,15864
71,15865
71,16648
71,16727
71,16979
71,17321
71,17322
71,17328
71,17423
71,17773
71,17814
71,17821
71,18004
71,18450
71,18621
71,18715
71,19100
71,19417
71,19720
71,19789
71,19827
71,19831
71,19838
71,19918
71,20212
71,20232
71,21027
71,21104
71,21160
71,21183
71,21304
71,21336
71,21466
71,21559
71,21740
71,21789
71,21982
71,22037
71,22226
71,22544
71,22715
71,22729
71,22737
71,22812
71,22920
71,22927
71,22969
71,23069
71,23122
71,23236
71,23345
71,23405
71,23658
71,23674
71,23747
71,23843
71,23869
71,23963
71,24088
71,24178
71,24194
71,24229
71,24451
71,24615
71,24890
71,24915
71,24987
71,25070
71,25366
71,25574
71,25699
71,25770
71,25916
71,26330
71,26463
71,26565
71,26841
71,26962
71,26974
71,27168
71,27194
71,27321
71,27351
71,27611
71,27711
71,27780
71,27925
71,27941
71,28106
71,28114
71,28250
71,28584
71,28600
71,28702
71,28955
72,99
72,342
72,375
72,386
72,527
72,852
72,881
72,1443
72,1877
72,2068
72,2135
72,2209
72,2334
72,2485
72,3046
72,3163
72,3214
72,3287
72,3360
72,3440
72,3653
72,3725
72,3777
72,3801
72,3878
72,4056
72,4143
72,4162
72,4495
72,4790
72,4915
72,5144
72,5261
72,5262
72,5520
72,5611
72,5710
72,5801
72,5854
72,5943
72,6126
72,6253
72,6351
72,6385
72,6410
72,6492
72,6759
72,6783
72,7068
72,7245
72,7303
72,8136
72,8454
72,8578
72,8698
72,9372
72,9417
72,9708
72,9752
72,9893
72,10082
72,10093
72,10401
72,10409
72,10597
72,10606
72,10857
72,11037
72,11048
72,11404
72,12125
72,12182
72,12757
72,12840
72,12995
72,13005
72,13269
72,13733
72,13756
72,13903
72,14026
72,14606
72,14784
72,14808
72,15494
72,15802
72,15970
72,16232
72,16257
72,16261
72,16330
72,16363
72,16550
72,16598
72,16757
72,17121
72,17376
72,17478
72,17637
72,18072
72,18250
72,18365
72,18400
72,18417
72,18512
72,18526
72,18753
72,18789
72,18795
72,19118
72,19487
72,19611
72,19975
72,20078
72,20249
72,20296
72,20543
72,20694
72,21789
72,21871
72,21893
72,22038
72,22132
72,22249
72,22526
72,22692
72,23210
72,23390
72,23790
72,23825
72,23936
72,24044
72,24061
72,24283
72,24414
72,24495
72,24675
72,24739
72,24957
72,25035
72,25215
72,25216
72,25313
72,25323
72,25324
72,25651
72,25716
72,25729
72,25787
72,25843
72,25861
72,25867
72,25886
72,26350
72,26410
72,26513
72,26590
72,26954
72,27295
72,27544
72,27835
72,28392
72,28400
72,28442
72,28646
72,28842
72,29089
72,29091
72,29382
73,292
73,684
73,782
73,846
73,870
73,875
73,913
73,1003
73,1395
73,1416
73,1560
73,2094
73,2304
73,2525
73,2656
73,2687
73,2786
73,2801
73,2823
73,2869
73,2922
73,3277
73,3315
73,3541
73,4177
73,4254
73,4614
73,4691
73,4867
73,5469
73,5710
73,5738
73,5827
73,6113
73,6114
73,6331
73,6401
73,6407
73,6550
73,7265
73,7505
73,7676
73,7832
73,8160
73,8411
73,8476
73,8660
73,8701
73,8809
73,8864
73,9080
73,9346
73,9465
73,9499
73,9632
73,9876
73,9891
73,9968
73,10041
73,10042
73,10136
73,10183
73,10433
73,10546
73,10591
73,10993
73,11158
73,11272
73,11500
73,11769
73,11877
73,12102
73,12110
73,12160
73,12200
73,12451
73,12606
73,12867
73,13085
73,13109
73,13148
73,13157
73,13337
73,13551
73,13666
73,13720
73,14060
73,14355
73,14880
73,14926
73,14969
73,15534
73,15563
73,15853
73,15933
73,16247
73,16262
73,16827
73,17087
73,17096
73,18086
73,18256
73,18583
73,18685
73,19272
73,19349
73,19767
73,19769
73,20212
73,20507
73,20535
73,20569
73,20702
73,21220
73,21348
73,21363
73,21404
73,21706
73,21881
73,22175
73,22227
73,22427
73,22769
73,22849
73,23101
73,23139
73,23312
73,23540
73,23735
73,23754
73,23973
73,24154
73,24190
73,24271
73,24308
73,24311
73,24546
73,24707
73,24730
73,25093
73,25196
73,25392
73,25445
73,25627
73,25631
73,25651
73,25931
73,26098
73,26143
73,26268
73,26423
73,26507
73,26565
73,26609
73,26651
73,27000
73,27144
73,27363
73,27589
73,27618
73,27697
73,27732
73,28191
73,28288
73,28612
73,28895
73,29022
73,29248
73,29261
73,29374
73,29483
73,29537
74,26
74,91
74,606
74,664
74,713
74,1114
74,1242
74,1244
74,1291
74,1389
74,1404
74,1420
74,1537
74,2522
74,2558
74,2562
74,2606
74,2629
74,2709
74,2711
74,2878
74,3124
74,3389
74,3407
74,3494
74,3816
74,4313
74,4596
74,4748
74,4929
74,5058
74,5289
74,5745
74,5966
74,6079
74,6301
74,6799
74,6840
74,7217
74,7429
74,7581
74,7990
74,8067
74,8095
74,8397
74,8708
74,8947
74,9181
74,9257
74,9538
74,9753
74,10020
74,10056
74,10341
74,10627
74,10669
74,10724
74,10772
74,11054
74,11124
74,11235
74,11270
74,11795
74,11866
74,12049
74,12212
74,12298
74,12373
74,12499
74,12578
74,12597
74,12616
74,13064
74,13227
74,13602
74,13781
74,14010
74,14142
74,14299
74,14533
74,14547
74,14596
74,14652
74,14767
74,14873
74,14977
74,15281
74,15469
74,15506
74,15782
74,15826
74,15912
74,15963
74,16034
74,16154
74,16213
74,16239
74,16688
74,16741
74,16826
74,17004
74,17092
74,17098
74,17113
74,17168
74,17176
74,17327
74,17396
74,17662
74,17811
74,17817
74,17898
74,18154
74,18165
74,18327
74,18460
74,19040
74,19191
74,19276
74,19443
74,19581
74,19679
74,19779
74,19929
74,20219
74,20364
74,20608
74,20799
74,20876
74,21064
74,21211
74,21373
74,21417
74,21562
74,21612
74,21790
74,21873
74,21980
74,22070
74,22362
74,22381
74,22588
74,22704
74,22727
74,23092
74,23127
74,23204
74,23315
74,23324
74,23373
74,23400
74,23544
74,23638
74,23996
74,24058
74,24222
74,24635
74,24664
74,24944
74,24993
74,25203
74,25376
74,25529
74,25564
74,25615
74,25922
74,25934
74,26189
74,26259
74,26261
74,27512
74,27660
74,27686
74,27708
74,27722
74,27956
74,27961
74,28146
74,28225
74,28279
74,28610
74,28861
74,28870
74,29075
74,29155
74,29189
75,46
75,135
75,250
75,387
75,455
75,713
75,775
75,1093
75,1184
75,1309
75,1426
75,1847
75,2035
75,2170
75,2521
75,2766
75,2874
75,2965
75,3061
75,3332
75,3639
75,3690
75,3740
75,3813
75,3954
75,3974
75,4011
75,4127
75,4173
75,4270
75,4340
75,4536
75,4974
75,5245
75,5362
75,5810
75,6339
75,6529
75,6552
75,6628
75,6811
75,6897
75,7288
75,7305
75,7390
75,7397
75,7407
75,7554
75,7562
75,7679
75,7768
75,7779
75,7822
75,7884
75,8231
75,8320
75,8416
75,8446
75,8564
75,8634
75,8643
75,8699
75,8736
75,8796
75,8991
75,9069
75,9265
75,9455
75,9670
75,9744
75,9824
75,10044
75,10558
75,10673
75,10689
75,10701
75,10958
75,11014
75,11305
75,11374
75,11785
75,12018
75,12027
75,12322
75,12412
75,13001
75,13071
75,13124
75,13140
75,13172
75,13290
75,13401
75,13461
75,13600
75,13921
75,13987
75,14371
75,14497
75,14628
75,14837
75,14975
75,15604
75,15617
75,15641
75,15718
75,15846
75,15994
75,16228
75,16345
75,16431
75,16630
75,16896
75,17030
75,17045
75,17198
75,17541
75,17608
75,17896
75,17924
75,18139
75,18193
75,18458
75,18464
75,18608
75,18997
75,19189
75,19400
75,19454
75,19529
75,19808
75,19861
75,19944
75,19969
75,20230
75,20524
75,20620
75,20812
75,20875
75,21172
75,21195
75,21593
75,21886
75,21894
75,22650
75,22723
75,22884
75,22929
75,23116
75,23134
75,23178
75,23180
75,23281
75,23457
75,23550
75,23563
75,24243
75,24254
75,24445
75,24643
75,24776
75,24786
75,24968
75,25330
75,25373
75,25501
75,25827
75,25978
75,26044
75,26099
75,26272
75,26288
75,26455
75,26456
75,26731
75,26839
75,26884
75,26899
75,27092
75,27195
75,27449
75,27544
75,27598
75,27753
75,27917
75,28028
75,28276
75,28366
75,28714
75,28860
75,28946
75,28991
75,29101
75,29249
75,29324
75,29518
75,29545
76,5
76,53
76,146
76,214
76,313
76,507
76,805
76,838
76,1030
76,1099
76,1148
76,1560
76,1708
76,2003
76,2021
76,2281
76,2317
76,2334
76,2613
76,2651
76,2718
76,2835
76,3089
76,3163
76,3221
76,3575
76,3789
76,3848
76,3972
76,4053
76,4210
76,4495
76,5054
76,5156
76,5230
76,5341
76,5619
76,5819
76,5827
76,5836
76,5987
76,6090
76,6299
76,6318
76,6432
76,6548
76,6714
76,6788
76,7009
76,7081
76,7450
76,7636
76,7727
76,7893
76,7949
76,7987
76,8159
76,8193
76,8363
76,8397
76,8422
76,8781
76,8816
76,8818
76,8910
76,9017
76,9047
76,9165
76,9515
76,9560
76,9573
76,9617
76,9668
76,9671
76,9965
76,10205
76,10255
76,10304
76,10465
76,10863
76,11196
76,11201
76,11318
76,11458
76,11529
76,11763
76,11775
76,11797
76,11968
76,12190
76,12249
76,12528
76,12615
76,12643
76,12781
76,13005
76,13520
76,13601
76,13624
76,13685
76,13723
76,13803
76,14096
76,14118
76,14126
76,14224
76,14231
76,14258
76,14303
76,14486
76,14556
76,14620
76,14623
76,14638
76,14780
76,14942
76,15168
76,15199
76,15273
76,15594
76,15598
76,15846
76,15972
76,16075
76,16177
76,16231
76,16719
76,16721
76,16858
76,17407
76,17614
76,17661
76,17786
76,17955
76,18419
76,18421
76,18542
76,18586
76,18594
76,18747
76,18843
76,19230
76,19289
76,19627
76,19881
76,20057
76,20138
76,20168
76,20412
76,20521
76,20587
76,20806
76,21032
76,21354
76,21357
76,21576
76,21594
76,21660
76,21988
76,22219
76,22345
76,22526
76,22626
76,23133
76,23175
76,23185
76,23284
76,23448
76,23480
76,23715
76,23732
76,24164
76,24189
76,24398
76,24482
76,24581
76,24604
76,24776
76,24962
76,25203
76,25495
76,25584
76,25615
76,25711
76,25716
76,25881
76,26105
76,26121
76,26145
76,26618
76,26657
76,26828
76,26884
76,26885
76,26902
76,26976
76,27152
76,27253
76,27349
76,27530
76,27840
76,27894
76,28175
76,28386
76,28536
76,28580
76,28592
76,28656
76,28683
76,28735
76,28977
76,29065
76,29114
77,270
77,420
77,518
77,535
77,596
77,611
77,720
77,827
77,829
77,972
77,1066
77,1141
77,1186
77,1244
77,1491
77,1543
77,1634
77,1697
77,1991
77,2174
77,2219
77,2264
77,2265
77,2348
77,2468
77,2478
77,2558
77,2626
77,2671
77,2673
77,2713
77,2756
77,2928
77,3076
77,3184
77,3239
77,3344
77,3351
77,3373
77,3386
77,3451
77,3582
77,3878
77,3897
77,4273
77,4375
77,4712
77,4716
77,4786
77,4810
77,4964
77,5026
77,5082
77,5343
77,5460
77,5499
77,5701
77,5712
77,5713
77,5861
77,5949
77,6164
77,6175
77,6563
77,6770
77,6816
77,6830
77,6838
77,6957
77,6965
77,7189
77,7277
77,7327
77,7373
77,7383
77,7471
77,7484
77,7643
77,7664
77,7792
77,7795
77,8019
77,8029
77,8144
77,8341
77,8405
77,8436
77,8662
77,8705
77,8753
77,8789
77,8791
77,8843
77,8859
77,9114
77,9125
77,9220
77,9325
77,9362
77,9384
77,9626
77,9836
77,9866
77,10021
77,10238
77,10307
77,10346
77,10352
77,10362
77,10366
77,10559
77,10572
77,10584
77,10614
77,10646
77,10705
77,10785
77,10789
77,10796
77,11142
77,11254
77,11340
77,11699
77,11900
77,12108
77,12513
77,12599
77,12885
77,13001
77,13002
77,13055
77,13217
77,13313
77,13372
77,13422
77,13453
77,13610
77,13618
77,13706
77,13752
77,13800
77,13825
77,13848
77,14022
77,14044
77,14068
77,14156
77,14250
77,14263
77,14274
77,14342
77,14568
77,14741
77,14850
77,14873
77,14895
77,15007
77,15026
77,15067
77,15082
77,15147
77,15243
77,15444
77,15635
77,15761
77,15765
77,15781
77,15816
77,16141
77,16443
77,16515
77,16539
77,16640
77,16665
77,16766
77,16787
77,16834
77,17039
77,17129
77,17160
77,17252
77,17289
77,17377
77,17401
77,17496
77,17806
77,17870
77,17890
77,17896
77,17908
77,17910
77,18272
77,18308
77,18431
77,18595
77,18727
77,18755
77,18767
77,18884
77,19030
77,19062
77,19134
77,19285
77,19307
77,19320
77,19333
77,19387
77,19504
77,19643
77,19682
77,19734
77,19966
77,19977
77,20000
77,20217
77,20339
77,20420
77,20637
77,20688
77,20736
77,20774
77,20890
77,20993
77,21106
77,21178
77,21280
77,21339
77,21373
77,21462
77,21489
77,21558
77,21564
77,21696
77,21884
77,21991
77,22069
77,22180
77,22182
77,22279
77,22542
77,22563
77,22620
77,22739
77,22838
77,22937
77,23041
77,23116
77,23127
77,23149
77,23174
77,23349
77,23714
77,23759
77,23817
77,23938
77,23987
77,24063
77,24265
77,24271
77,24276
77,24281
77,24332
77,24432
77,24665
77,24754
77,25044
77,25053
77,25146
77,25169
77,25176
77,25258
77,25356
77,25416
77,25599
77,25756
77,25836
77,26237
77,26341
77,26423
77,26434
77,26456
77,26523
77,26535
77,26722
77,26857
77,26952
77,27043
77,27174
77,27291
77,27457
77,27469
77,27637
77,27771
77,27887
77,27923
77,27934
77,28005
77,28127
77,28205
77,28257
77,28343
77,28689
77,28769
77,28807
77,29176
77,29182
77,29186
77,29306
77,29315
77,29327
77,29344
77,29494
77,29566
78,69
78,131
78,137
78,175
78,225
78,260
78,388
78,410
78,424
78,505
78,535
78,587
78,629
78,652
78,682
78,760
78,783
78,902
78,915
78,971
78,1049
78,1099
78,1164
78,1177
78,1244
78,1254
78,1291
78,1304
78,1384
78,1390
78,1458
78,1540
78,1572
78,1601
78,1608
78,1619
78,1637
78,1784
78,1789
78,1799
78,1987
78,2052
78,2088
78,2271
78,2342
78,2364
78,2373
78,2458
78,2531
78,2574
78,2710
78,2731
78,2739
78,2762
78,2829
78,2872
78,2879
78,2892
78,2900
78,3055
78,3058
78,3079
78,3084
78,3171
78,3191
78,3192
78,3425
78,3464
78,3472
78,3488
78,3538
78,3568
78,3653
78,3802
78,3920
78,3931
78,4162
78,4167
78,4197
78,4220
78,4264
78,4324
78,4379
78,4613
78,4638
78,4642
78,4663
78,4802
78,4863
78,4887
78,4896
78,4952
78,4956
78,4967
78,5010
78,5018
78,5259
78,5362
78,5370
78,5401
78,5407
78,5610
78,5638
78,5653
78,5677
78,5692
78,5850
78,5904
78,5957
78,6014
78,6039
78,6117
78,6182
78,6220
78,6247
78,6261
78,6303
78,6307
78,6348
78,6404
78,6590
78,6635
78,6661
78,6708
78,6720
78,6724
78,6773
78,6778
78,6844
78,6965
78,7024
78,7053
78,7060
78,7071
78,7106
78,7144
78,7161
78,7222
78,7250
78,7320
78,7478
78,7497
78,7530
78,7537
78,7677
78,7850
78,7874
78,7941
78,8117
78,8119
78,8232
78,8273
78,8377
78,8387
78,8496
78,8507
78,8529
78,8623
78,8769
78,8850
78,8917
78,8960
78,8982
78,8993
78,8998
78,9001
78,9127
78,9132
78,9177
78,9192
78,9209
78,9296
78,9550
78,9552
78,9593
78,9706
78,9882
78,9941
78,9958
78,9988
78,10006
78,10017
78,10085
78,10091
78,10111
78,10119
78,10156
78,10253
78,10275
78,10279
78,10280
78,10327
78,10522
78,10620
78,10644
78,10654
78,10656
78,10673
78,10976
78,10993
78,11034
78,11133
78,11158
78,11204
78,11219
78,11275
78,11305
78,11356
78,11448
78,11468
78,11570
78,11618
78,11644
78,11674
78,11779
78,11840
78,11849
78,11957
78,12010
78,12042
78,12064
78,12092
78,12132
78,12141
78,12154
78,12245
78,12330
78,12397
78,12398
78,12452
78,12460
78,12494
78,12558
78,12591
78,12747
78,12773
78,12782
78,12881
78,12909
78,12914
78,12992
78,13083
78,13170
78,13181
78,13263
78,13301
78,13451
78,13462
78,13510
78,13515
78,13609
78,13626
78,13695
78,13788
78,13847
78,13881
78,13999
78,14016
78,14031
78,14032
78,14055
78,14089
78,14156
78,14220
78,14353
78,14361
78,14407
78,14547
78,14551
78,14589
78,14626
78,14710
78,14744
78,14844
78,14855
78,14962
78,14965
78,14998
78,15005
78,15107
78,15300
78,15338
78,15341
78,15378
78,15443
78,15504
78,15549
78,15627
78,15636
78,15645
78,15758
78,15773
78,16083
78,16090
78,16127
78,16161
78,16195
78,16282
78,16389
78,16426
78,16441
78,16463
78,16498
78,16511
78,16513
78,16558
78,16585
78,16612
78,16646
78,16741
78,16754
78,16770
78,16898
78,16925
78,17127
78,17197
78,17213
78,17221
78,17292
78,17325
78,17356
78,17367
78,17443
78,17451
78,17453
78,17566
78,17596
78,17639
78,17665
78,17752
78,17761
78,17882
78,17962
78,18095
78,18101
78,18168
78,18242
78,18245
78,18268
78,18330
78,18343
78,18378
78,18481
78,18575
78,18580
78,18700
78,18738
78,18745
78,18802
78,18856
78,18968
78,19022
78,19153
78,19189
78,19248
78,19455
78,19554
78,19562
78,19572
78,19630
78,19667
78,19737
78,19766
78,19941
78,20036
78,20051
78,20056
78,20115
78,20156
78,20175
78,20323
78,20403
78,20409
78,20517
78,20559
78,20578
78,20692
78,20783
78,20868
78,20880
78,21043
78,21283
78,21412
78,21437
78,21449
78,21545
78,21556
78,21753
78,21800
78,21832
78,21972
78,21978
78,21986
78,21991
78,22014
78,22036
78,22060
78,22073
78,22078
78,22100
78,22108
78,22267
78,22280
78,22312
78,22466
78,22493
78,22508
78,22557
78,22645
78,22746
78,22756
78,22859
78,22864
78,22904
78,23154
78,23190
78,23290
78,23292
78,23464
78,23554
78,23600
78,23628
78,23645
78,23696
78,23709
78,23826
78,23917
78,23924
78,23954
78,23967
78,23987
78,24126
78,24130
78,24131
78,24150
78,24162
78,24192
78,24193
78,24200
78,24243
78,24251
78,24258
78,24412
78,24499
78,24514
78,24519
78,24531
78,24702
78,24732
78,24733
78,24764
78,24776
78,24808
78,24841
78,24989
78,25044
78,25091
78,25160
78,25241
78,25245
78,25379
78,25385
78,25393
78,25419
78,25433
78,25516
78,25566
78,25611
78,25654
78,25707
78,25730
78,25776
78,25815
78,25839
78,25861
78,25863
78,25985
78,25997
78,26013
78,26019
78,26034
78,26102
78,26182
78,26225
78,26234
78,26296
78,26342
78,26364
78,26374
78,26394
78,26415
78,26526
78,26605
78,26676
78,26677
78,26747
78,26769
78,26778
78,26788
78,26843
78,27087
78,27260
78,27274
78,27547
78,27566
78,27649
78,27821
78,27878
78,27890
78,27914
78,28061
78,28106
78,28138
78,28207
78,28409
78,28419
78,28453
78,28569
78,28580
78,28611
78,28647
78,28977
78,28980
78,29002
78,29023
78,29027
78,29060
78,29119
78,29127
78,29144
78,29188
78,29231
78,29522
79,3
79,18
79,31
79,68
79,368
79,477
79,528
79,549
79,683
79,862
79,995
79,1019
79,1154
79,1197
79,1245
79,1279
79,1447
79,1602
79,1630
79,1711
79,1791
79,1863
79,2085
79,2102
79,2169
79,2176
79,2184
79,2237
79,2349
79,2360
79,2373
79,2455
79,2520
79,2526
79,2615
79,2631
79,2821
79,2955
79,3007
79,3014
79,3056
79,3101
79,3107
79,3126
79,3142
79,3162
79,3193
79,3283
79,3348
79,3456
79,3494
79,3693
79,3860
79,3903
79,3947
79,4033
79,4176
79,4198
79,4281
79,4335
79,4393
79,4473
79,4509
79,4561
79,4800
79,5023
79,5052
79,5058
79,5112
79,5169
79,5187
79,5233
79,5247
79,5275
79,5284
79,5473
79,5535
79,5771
79,5894
79,5911
79,6069
79,6099
79,6236
79,6265
79,6400
79,6408
79,6485
79,6548
79,6550
79,6587
79,6623
79,6642
79,6663
79,6678
79,6690
79,6828
79,6900
79,6913
79,6938
79,7037
79,7047
79,7066
79,7076
79,7106
79,7160
79,7462
79,7465
79,7489
79,7584
79,7652
79,7929
79,7940
79,8105
79,8246
79,8280
79,8292
79,8398
79,8422
79,8430
79,8511
79,8542
79,8729
79,8826
79,8925
79,8928
79,9042
79,9045
79,9051
79,9103
79,9203
79,9337
79,9413
79,9532
79,9561
79,9591
79,9597
79,9598
79,9617
79,9622
79,9710
79,9932
79,10072
79,10099
79,10124
79,10271
79,10322
79,10389
79,10427
79,10477
79,10486
79,10660
79,10697
79,10976
79,11062
79,11119
79,11143
79,11182
79,11291
79,11457
79,11510
79,11627
79,11660
79,11771
79,11816
79,11878
79,11885
79,11931
79,11995
79,12072
79,12161
79,12189
79,12214
79,12224
79,12322
79,12330
79,12636
79,12699
79,12743
79,12764
79,12775
79,12927
79,12933
79,12963
79,12994
79,13159
79,13180
79,13439
79,13468
79,13470
79,13505
79,13609
79,13673
79,13760
79,13816
79,13902
79,13906
79,13907
79,13909
79,13911
79,14063
79,14151
79,14212
79,14291
79,14438
79,14566
79,14567
79,14726
79,14735
79,14780
79,14821
79,14857
79,14895
79,15017
79,15072
79,15089
79,15162
79,15204
79,15224
79,15284
79,15304
79,15367
79,15497
79,15563
79,15681
79,15699
79,15735
79,15763
79,15858
79,15869
79,15878
79,15886
79,15899
79,15902
79,15953
79,16006
79,16032
79,16102
79,16127
79,16167
79,16190
79,16218
79,16316
79,16399
79,16405
79,16419
79,16581
79,16636
79,16721
79,16727
79,16732
79,17051
79,17108
79,17210
79,17253
79,17257
79,17288
79,17324
79,17327
79,17417
79,17521
79,17541
79,17650
79,17710
79,17711
79,17738
79,17793
79,18088
79,18120
79,18191
79,18215
79,18219
79,18228
79,18295
79,18312
79,18383
79,18526
79,18551
79,18608
79,18730
79,18740
79,18841
79,18850
79,18912
79,18914
79,18957
79,18986
79,19007
79,19012
79,19055
79,19087
79,19137
79,19138
79,19256
79,19297
79,19374
79,19697
79,19742
79,19788
79,19792
79,19795
79,19895
79,20040
79,20065
79,20106
79,20107
79,20210
79,20257
79,20320
79,20357
79,20536
79,20577
79,20765
79,20774
79,20831
79,20863
79,20882
79,20898
79,21029
79,21275
79,21290
79,21304
79,21335
79,21364
79,21418
79,21517
79,21528
79,21618
79,21634
79,21641
79,21678
79,21699
79,21820
79,21862
79,21920
79,21946
79,21993
79,22186
79,22199
79,22211
79,22212
79,22290
79,22418
79,22590
79,22646
79,22726
79,22769
79,22889
79,22991
79,23078
79,23125
79,23144
79,23183
79,23207
79,23244
79,23337
79,23348
79,23448
79,23450
79,23538
79,23705
79,23792
79,23909
79,23945
79,24066
79,24088
79,24095
79,24128
79,24146
79,24208
79,24266
79,24283
79,24341
79,24359
79,24433
79,24446
79,24448
79,24493
79,24496
79,24507
79,24538
79,24564
79,24602
79,24605
79,24750
79,24862
79,24916
79,24988
79,25092
79,25097
79,25263
79,25345
79,25373
79,25411
79,25430
79,25493
79,25502
79,25515
79,25548
79,25666
79,25704
79,25709
79,25794
79,25796
79,25842
79,25986
79,26095
79,26128
79,26252
79,26326
79,26395
79,26459
79,26623
79,26663
79,26718
79,26768
79,26881
79,26935
79,26967
79,27047
79,27108
79,27113
79,27195
79,27246
79,27385
79,27420
79,27451
79,27583
79,27724
79,27778
79,27830
79,27840
79,27897
79,27927
79,27966
79,28022
79,28104
79,28157
79,28239
79,28297
79,28415
79,28470
79,28666
79,28668
79,28808
79,28840
79,28914
79,28986
79,29008
79,29073
79,29079
79,29100
79,29194
79,29221
79,29293
79,29378
79,29391
79,29440
79,29449
79,29488
79,29516
79,29526
79,29559
