layer,neuron
16,21397
17,17471
24,7176
24,16783
24,22875
25,4417
25,11386
25,17524
25,18953
25,25655
25,26188
26,135
26,2168
26,2171
26,2931
26,3662
26,3892
26,5075
26,5147
26,5410
26,7236
26,7249
26,11091
26,14352
26,14505
26,17243
26,17907
26,19841
26,22913
26,23646
26,25368
26,26529
26,27327
26,27500
26,27626
26,27932
26,28037
26,28425
26,28754
27,176
27,660
27,686
27,869
27,2241
27,2267
27,2460
27,3045
27,3300
27,3780
27,3793
27,4220
27,4603
27,5750
27,6065
27,6117
27,6275
27,6952
27,7291
27,7333
27,7405
27,7572
27,8892
27,9347
27,9386
27,9730
27,9895
27,9941
27,9969
27,10090
27,11329
27,11912
27,12018
27,12051
27,12736
27,13100
27,13197
27,13327
27,13377
27,13419
27,13634
27,13707
27,13712
27,13792
27,13903
27,14219
27,14314
27,14466
27,14812
27,14868
27,14899
27,14944
27,15328
27,15340
27,15555
27,15902
27,16076
27,16266
27,16707
27,16841
27,17474
27,17759
27,17785
27,17980
27,18238
27,18607
27,18836
27,19190
27,19559
27,19967
27,20035
27,20712
27,20797
27,21029
27,21208
27,21326
27,21718
27,21766
27,22036
27,22677
27,23160
27,23244
27,23276
27,23620
27,23980
27,24311
27,24506
27,24581
27,25630
27,25778
27,25892
27,26038
27,26558
27,26607
27,26752
27,26777
27,26936
27,27683
27,27709
27,27821
27,28003
27,28079
27,28110
27,28955
27,29137
27,29272
27,29432
28,146
28,608
28,1074
28,1714
28,1905
28,2383
28,2605
28,2825
28,3470
28,3807
28,4343
28,4475
28,4501
28,4521
28,4752
28,4771
28,4828
28,4857
28,5156
28,5562
28,5587
28,5899
28,5940
28,6102
28,6126
28,6386
28,6670
28,6830
28,7336
28,7420
28,7503
28,7902
28,8059
28,8208
28,8220
28,8476
28,8528
28,8546
28,8808
28,8812
28,8861
28,8874
28,9346
28,9449
28,9697
28,9766
28,9798
28,9904
28,10009
28,10232
28,10823
28,11263
28,11349
28,11418
28,11804
28,12049
28,12544
28,12558
28,12723
28,12897
28,13059
28,13084
28,13239
28,13660
28,13713
28,13791
28,14668
28,15465
28,15486
28,15715
28,16516
28,17037
28,17091
28,17368
28,17709
28,18253
28,18260
28,18658
28,18813
28,19093
28,19105
28,19194
28,19208
28,20003
28,20005
28,20030
28,20127
28,20274
28,20309
28,20475
28,20899
28,21054
28,22025
28,22797
28,22807
28,22873
28,23364
28,23388
28,23416
28,23649
28,23817
28,24002
28,24121
28,24548
28,25050
28,25096
28,25470
28,25849
28,26016
28,26109
28,26720
28,26929
28,26943
28,27090
28,27172
28,27200
28,27482
28,27693
28,28233
28,28265
28,28286
28,28520
28,28955
28,29164
29,221
29,536
29,607
29,609
29,664
29,791
29,813
29,1051
29,1063
29,1541
29,1644
29,1753
29,2066
29,2074
29,2086
29,2376
29,2474
29,2573
29,2743
29,2771
29,2864
29,2984
29,3255
29,3291
29,3343
29,3350
29,3397
29,3555
29,3606
29,3703
29,3707
29,3822
29,3860
29,4033
29,4053
29,4104
29,4145
29,4157
29,4195
29,4383
29,4518
29,4542
29,4972
29,5016
29,5054
29,5307
29,5348
29,5363
29,5406
29,5554
29,5616
29,5674
29,5831
29,6094
29,6142
29,6249
29,6349
29,6550
29,6697
29,6895
29,7050
29,7477
29,7547
29,7769
29,7905
29,7917
29,7965
29,8118
29,8188
29,8253
29,8422
29,8470
29,8478
29,8594
29,8738
29,8743
29,8926
29,8998
29,9048
29,9051
29,9067
29,9161
29,9283
29,9581
29,9772
29,9829
29,9873
29,10020
29,10068
29,10114
29,10154
29,10228
29,10325
29,10447
29,10498
29,10571
29,10688
29,10698
29,10852
29,11027
29,11107
29,11474
29,11605
29,11726
29,11736
29,11806
29,11809
29,11828
29,11859
29,11889
29,11904
29,12142
29,12301
29,12364
29,12502
29,12638
29,12660
29,13031
29,13050
29,13063
29,13072
29,13100
29,13140
29,13324
29,13436
29,13702
29,13712
29,13786
29,13960
29,14220
29,14545
29,14664
29,14818
29,14837
29,14877
29,15123
29,15190
29,15453
29,15527
29,15636
29,15697
29,15711
29,15915
29,16168
29,16226
29,16498
29,16547
29,16787
29,16943
29,17082
29,17271
29,17410
29,17563
29,17637
29,17788
29,17821
29,17899
29,17911
29,18160
29,18188
29,18470
29,18505
29,18544
29,18557
29,18660
29,18677
29,18729
29,18803
29,18866
29,18890
29,19005
29,19024
29,19154
29,19296
29,19353
29,19410
29,19496
29,19531
29,19679
29,19769
29,20115
29,20265
29,20321
29,20394
29,20404
29,20414
29,20504
29,20578
29,20858
29,20870
29,20913
29,20918
29,20931
29,21311
29,21422
29,21541
29,21575
29,21585
29,21623
29,21659
29,21682
29,21751
29,22095
29,22246
29,22310
29,22482
29,22518
29,22550
29,22571
29,22896
29,22947
29,23004
29,23091
29,23249
29,23250
29,23583
29,23600
29,23609
29,23619
29,23706
29,24018
29,24252
29,24447
29,24505
29,24520
29,24543
29,24614
29,24649
29,24835
29,24849
29,25129
29,25253
29,25274
29,25466
29,25596
29,25623
29,25988
29,26182
29,26247
29,26303
29,26506
29,26640
29,26648
29,26945
29,27702
29,27737
29,27920
29,27956
29,28050
29,28070
29,28118
29,28167
29,28198
29,28235
29,28514
29,28935
29,28997
29,29065
29,29426
29,29549
30,206
30,328
30,353
30,430
30,726
30,827
30,911
30,1153
30,1165
30,1176
30,1333
30,1347
30,1360
30,1422
30,1734
30,1817
30,1908
30,1915
30,1920
30,1945
30,1960
30,1991
30,1994
30,2121
30,2186
30,2209
30,2240
30,2264
30,2278
30,2312
30,2382
30,2383
30,2468
30,2471
30,2556
30,2570
30,2573
30,2617
30,2651
30,2673
30,2793
30,3003
30,3040
30,3144
30,3274
30,3374
30,3502
30,3654
30,3678
30,3692
30,3742
30,3762
30,3895
30,4076
30,4219
30,4285
30,4297
30,4478
30,4507
30,4523
30,4581
30,4792
30,4808
30,4836
30,4914
30,4948
30,4960
30,4981
30,5052
30,5057
30,5071
30,5100
30,5228
30,5236
30,5295
30,5316
30,5673
30,5743
30,5812
30,5855
30,5906
30,5942
30,5968
30,6175
30,6177
30,6182
30,6258
30,6352
30,6437
30,6491
30,6634
30,6753
30,6914
30,6915
30,7014
30,7045
30,7218
30,7304
30,7452
30,7483
30,7485
30,7542
30,7545
30,7550
30,7575
30,7637
30,7675
30,7777
30,7782
30,7797
30,7886
30,8234
30,8245
30,8373
30,8383
30,8507
30,8509
30,8603
30,8653
30,8768
30,8771
30,8795
30,8872
30,8908
30,8979
30,9254
30,9262
30,9389
30,9506
30,9544
30,9562
30,9596
30,9625
30,9628
30,9638
30,9660
30,9661
30,9690
30,9714
30,9734
30,9761
30,9838
30,9869
30,9935
30,9979
30,10087
30,10294
30,10313
30,10417
30,10504
30,10511
30,10713
30,10734
30,10757
30,10808
30,10818
30,10819
30,10823
30,10968
30,11006
30,11093
30,11103
30,11189
30,11249
30,11357
30,11382
30,11389
30,11412
30,11503
30,11516
30,11531
30,11682
30,11731
30,11738
30,11755
30,11779
30,11786
30,11792
30,11856
30,12109
30,12169
30,12185
30,12284
30,12356
30,12374
30,12401
30,12467
30,12562
30,12730
30,12837
30,12886
30,12909
30,13190
30,13257
30,13332
30,13368
30,13405
30,13411
30,13417
30,13546
30,13589
30,13674
30,13943
30,13952
30,14037
30,14049
30,14094
30,14153
30,14235
30,14295
30,14298
30,14306
30,14389
30,14503
30,14523
30,14551
30,14570
30,14589
30,14699
30,14781
30,14847
30,14912
30,14944
30,14961
30,15150
30,15154
30,15194
30,15255
30,15280
30,15436
30,15443
30,15445
30,15611
30,15890
30,15916
30,15925
30,15936
30,16008
30,16060
30,16165
30,16181
30,16546
30,16654
30,16668
30,16696
30,16807
30,17180
30,17249
30,17335
30,17449
30,17461
30,17518
30,17523
30,17548
30,17648
30,17671
30,18039
30,18070
30,18080
30,18136
30,18144
30,18202
30,18278
30,18370
30,18383
30,18408
30,18450
30,18607
30,18610
30,18615
30,18833
30,18957
30,18962
30,19042
30,19079
30,19184
30,19222
30,19289
30,19417
30,19425
30,19440
30,19581
30,19664
30,19741
30,19843
30,19928
30,20264
30,20280
30,20310
30,20332
30,20351
30,20383
30,20409
30,20428
30,20497
30,20511
30,20538
30,20553
30,20608
30,20623
30,20704
30,20731
30,20820
30,20828
30,20838
30,20903
30,20953
30,21052
30,21093
30,21107
30,21134
30,21141
30,21165
30,21197
30,21227
30,21277
30,21301
30,21311
30,21500
30,21506
30,21515
30,21536
30,21634
30,21697
30,21717
30,21738
30,21882
30,21970
30,22052
30,22087
30,22103
30,22210
30,22244
30,22287
30,22391
30,22395
30,22462
30,22473
30,22610
30,22685
30,22686
30,22740
30,22742
30,22761
30,22798
30,22851
30,22985
30,23159
30,23171
30,23198
30,23329
30,23365
30,23396
30,23439
30,23447
30,23495
30,23546
30,23579
30,23590
30,23711
30,23714
30,23757
30,23763
30,23776
30,23849
30,23861
30,23973
30,23976
30,23994
30,24038
30,24127
30,24245
30,24253
30,24268
30,24270
30,24311
30,24409
30,24510
30,24527
30,24570
30,24582
30,24758
30,24781
30,24854
30,24858
30,24878
30,24997
30,25183
30,25208
30,25224
30,25300
30,25411
30,25461
30,25593
30,25601
30,25703
30,25706
30,25717
30,25795
30,25983
30,26055
30,26060
30,26167
30,26208
30,26283
30,26284
30,26311
30,26321
30,26421
30,26438
30,26495
30,26564
30,26592
30,26616
30,26670
30,26746
30,26799
30,26875
30,26888
30,26940
30,26986
30,27038
30,27043
30,27051
30,27153
30,27398
30,27415
30,27586
30,27948
30,28068
30,28211
30,28223
30,28240
30,28294
30,28337
30,28384
30,28444
30,28484
30,28638
30,28650
30,28710
30,28791
30,28796
30,28804
30,28868
30,28899
30,28925
30,28994
30,29009
30,29154
30,29298
30,29319
30,29332
30,29335
30,29377
30,29383
30,29401
30,29416
30,29527
31,19
31,54
31,69
31,98
31,131
31,302
31,310
31,321
31,337
31,341
31,381
31,413
31,419
31,453
31,490
31,534
31,602
31,651
31,695
31,881
31,904
31,979
31,1031
31,1037
31,1048
31,1115
31,1121
31,1145
31,1259
31,1264
31,1295
31,1340
31,1344
31,1404
31,1438
31,1443
31,1464
31,1478
31,1490
31,1511
31,1535
31,1553
31,1647
31,1669
31,1713
31,1753
31,1801
31,1877
31,1946
31,1989
31,2043
31,2089
31,2115
31,2159
31,2221
31,2226
31,2227
31,2248
31,2249
31,2282
31,2312
31,2375
31,2377
31,2444
31,2543
31,2577
31,2688
31,2708
31,2722
31,2772
31,2790
31,2808
31,2818
31,2821
31,2832
31,2843
31,2846
31,2873
31,2892
31,2921
31,2930
31,2967
31,2985
31,3020
31,3050
31,3088
31,3137
31,3186
31,3202
31,3206
31,3273
31,3393
31,3395
31,3433
31,3530
31,3545
31,3577
31,3738
31,3756
31,3788
31,3869
31,3900
31,3960
31,3961
31,3987
31,4071
31,4085
31,4088
31,4309
31,4347
31,4353
31,4356
31,4364
31,4397
31,4399
31,4430
31,4464
31,4478
31,4532
31,4574
31,4719
31,4795
31,4808
31,4836
31,4845
31,4865
31,4883
31,4922
31,4976
31,4980
31,5005
31,5030
31,5071
31,5239
31,5247
31,5249
31,5283
31,5303
31,5370
31,5377
31,5419
31,5536
31,5538
31,5608
31,5621
31,5623
31,5703
31,5715
31,5788
31,5811
31,5963
31,6109
31,6139
31,6229
31,6304
31,6307
31,6341
31,6347
31,6366
31,6374
31,6405
31,6468
31,6484
31,6519
31,6540
31,6603
31,6650
31,6658
31,6708
31,6732
31,6745
31,6812
31,6910
31,6934
31,6940
31,6966
31,6992
31,7262
31,7279
31,7381
31,7480
31,7535
31,7598
31,7624
31,7665
31,7693
31,7794
31,7814
31,7849
31,7854
31,7859
31,7868
31,7897
31,7903
31,7912
31,7926
31,7982
31,8015
31,8051
31,8191
31,8200
31,8204
31,8280
31,8326
31,8497
31,8577
31,8600
31,8609
31,8636
31,8668
31,8670
31,8680
31,8706
31,8736
31,8752
31,8797
31,8833
31,8837
31,8885
31,8894
31,8931
31,8952
31,8957
31,8968
31,9076
31,9079
31,9087
31,9104
31,9116
31,9139
31,9157
31,9292
31,9299
31,9306
31,9319
31,9331
31,9371
31,9431
31,9449
31,9511
31,9522
31,9567
31,9595
31,9596
31,9614
31,9718
31,9766
31,9817
31,9840
31,9867
31,9919
31,9952
31,9957
31,9988
31,9991
31,10098
31,10128
31,10149
31,10157
31,10339
31,10470
31,10510
31,10518
31,10591
31,10599
31,10629
31,10633
31,10637
31,10680
31,10692
31,10698
31,10726
31,10763
31,10805
31,10915
31,10954
31,11027
31,11097
31,11101
31,11107
31,11110
31,11148
31,11153
31,11236
31,11244
31,11258
31,11343
31,11462
31,11489
31,11490
31,11501
31,11572
31,11584
31,11590
31,11605
31,11670
31,11718
31,11770
31,11802
31,11804
31,11834
31,11856
31,11903
31,11959
31,11996
31,12089
31,12117
31,12120
31,12351
31,12406
31,12435
31,12446
31,12476
31,12592
31,12602
31,12662
31,12687
31,12690
31,12716
31,12909
31,12939
31,12959
31,13047
31,13051
31,13088
31,13123
31,13190
31,13236
31,13252
31,13274
31,13279
31,13352
31,13359
31,13382
31,13462
31,13498
31,13526
31,13684
31,13688
31,13758
31,13765
31,13849
31,13863
31,13876
31,13885
31,13886
31,13947
31,13976
31,13986
31,13996
31,14045
31,14103
31,14106
31,14108
31,14203
31,14234
31,14241
31,14344
31,14409
31,14425
31,14517
31,14526
31,14556
31,14558
31,14587
31,14616
31,14690
31,14695
31,14818
31,14853
31,14866
31,14886
31,14995
31,15001
31,15064
31,15158
31,15174
31,15205
31,15226
31,15239
31,15246
31,15256
31,15266
31,15378
31,15439
31,15494
31,15551
31,15565
31,15669
31,15682
31,15699
31,15711
31,15809
31,15829
31,15907
31,15913
31,15923
31,15925
31,15985
31,16027
31,16111
31,16112
31,16114
31,16197
31,16241
31,16262
31,16293
31,16321
31,16406
31,16421
31,16458
31,16493
31,16498
31,16509
31,16744
31,16756
31,16799
31,16892
31,16939
31,17090
31,17114
31,17209
31,17221
31,17230
31,17432
31,17467
31,17620
31,17673
31,17717
31,17719
31,17730
31,17749
31,17760
31,17768
31,17804
31,17821
31,17838
31,18013
31,18043
31,18052
31,18059
31,18064
31,18070
31,18093
31,18187
31,18209
31,18314
31,18365
31,18397
31,18409
31,18422
31,18426
31,18437
31,18519
31,18565
31,18567
31,18646
31,18718
31,18755
31,18854
31,18875
31,18896
31,18900
31,18944
31,18954
31,18971
31,18988
31,18990
31,19081
31,19097
31,19180
31,19188
31,19218
31,19252
31,19300
31,19328
31,19347
31,19364
31,19509
31,19593
31,19607
31,19652
31,19656
31,19685
31,19698
31,19712
31,19723
31,19729
31,19818
31,19836
31,19890
31,19900
31,19907
31,19926
31,19964
31,19994
31,20042
31,20153
31,20211
31,20248
31,20256
31,20280
31,20281
31,20378
31,20412
31,20423
31,20427
31,20451
31,20465
31,20513
31,20534
31,20567
31,20613
31,20695
31,20704
31,20728
31,20736
31,20738
31,20760
31,20762
31,20809
31,20862
31,20920
31,20974
31,20981
31,20984
31,21090
31,21158
31,21173
31,21241
31,21247
31,21312
31,21377
31,21380
31,21424
31,21441
31,21475
31,21576
31,21642
31,21675
31,21679
31,21709
31,21754
31,21824
31,21831
31,21852
31,21862
31,21929
31,21941
31,21960
31,21974
31,22023
31,22031
31,22032
31,22136
31,22257
31,22268
31,22307
31,22319
31,22388
31,22485
31,22506
31,22532
31,22577
31,22641
31,22660
31,22687
31,22802
31,22824
31,22927
31,22963
31,23057
31,23120
31,23141
31,23180
31,23217
31,23288
31,23381
31,23392
31,23420
31,23433
31,23437
31,23464
31,23477
31,23536
31,23572
31,23672
31,23711
31,23713
31,23799
31,23869
31,23896
31,23905
31,23917
31,23927
31,23941
31,24014
31,24056
31,24064
31,24096
31,24108
31,24115
31,24130
31,24144
31,24185
31,24194
31,24243
31,24262
31,24335
31,24352
31,24442
31,24525
31,24598
31,24697
31,24737
31,24763
31,24842
31,24865
31,24882
31,24912
31,24921
31,24944
31,24980
31,24984
31,24986
31,25042
31,25063
31,25097
31,25128
31,25131
31,25134
31,25139
31,25170
31,25175
31,25197
31,25202
31,25230
31,25257
31,25259
31,25282
31,25351
31,25352
31,25381
31,25394
31,25415
31,25483
31,25497
31,25539
31,25578
31,25579
31,25597
31,25669
31,25684
31,25874
31,25883
31,25922
31,25972
31,25998
31,26037
31,26076
31,26118
31,26129
31,26243
31,26331
31,26359
31,26416
31,26456
31,26459
31,26527
31,26607
31,26613
31,26631
31,26637
31,26652
31,26663
31,26688
31,26715
31,26761
31,26803
31,26822
31,26837
31,26859
31,26897
31,26917
31,26950
31,26964
31,26986
31,27009
31,27043
31,27073
31,27148
31,27211
31,27265
31,27290
31,27291
31,27328
31,27459
31,27507
31,27511
31,27513
31,27521
31,27548
31,27562
31,27572
31,27576
31,27604
31,27617
31,27618
31,27644
31,27673
31,27795
31,27800
31,27870
31,27892
31,27898
31,27915
31,27953
31,28008
31,28040
31,28103
31,28105
31,28109
31,28197
31,28201
31,28306
31,28340
31,28378
31,28394
31,28479
31,28486
31,28637
31,28658
31,28708
31,28722
31,28779
31,28786
31,28794
31,28812
31,28827
31,28843
31,28870
31,28872
31,28880
31,28935
31,28983
31,29060
31,29157
31,29172
31,29197
31,29245
31,29307
31,29355
31,29393
32,68
32,118
32,160
32,220
32,268
32,284
32,299
32,435
32,446
32,448
32,488
32,549
32,572
32,607
32,618
32,646
32,651
32,655
32,777
32,794
32,802
32,882
32,894
32,895
32,908
32,925
32,938
32,957
32,984
32,1002
32,1008
32,1013
32,1104
32,1105
32,1169
32,1209
32,1243
32,1246
32,1279
32,1324
32,1401
32,1420
32,1433
32,1435
32,1440
32,1460
32,1469
32,1508
32,1553
32,1565
32,1569
32,1593
32,1617
32,1624
32,1666
32,1686
32,1715
32,1721
32,1769
32,1823
32,1828
32,1863
32,1867
32,1873
32,1938
32,1950
32,1985
32,2017
32,2061
32,2068
32,2083
32,2116
32,2155
32,2260
32,2274
32,2283
32,2300
32,2303
32,2358
32,2362
32,2464
32,2569
32,2624
32,2634
32,2665
32,2702
32,2710
32,2717
32,2744
32,2759
32,2786
32,2842
32,2879
32,2894
32,2902
32,2905
32,2938
32,2943
32,2951
32,2965
32,3000
32,3050
32,3057
32,3122
32,3317
32,3428
32,3437
32,3448
32,3451
32,3458
32,3478
32,3489
32,3509
32,3592
32,3602
32,3635
32,3647
32,3648
32,3688
32,3696
32,3725
32,3815
32,3834
32,3836
32,3910
32,3953
32,3964
32,3975
32,3990
32,3997
32,4004
32,4016
32,4088
32,4090
32,4114
32,4255
32,4271
32,4303
32,4314
32,4315
32,4386
32,4402
32,4474
32,4492
32,4518
32,4581
32,4666
32,4708
32,4719
32,4823
32,4834
32,4835
32,4848
32,4926
32,4948
32,5028
32,5090
32,5141
32,5143
32,5169
32,5215
32,5222
32,5229
32,5362
32,5364
32,5374
32,5415
32,5571
32,5755
32,5769
32,5880
32,5881
32,5988
32,5995
32,5996
32,6023
32,6030
32,6051
32,6064
32,6103
32,6117
32,6120
32,6191
32,6208
32,6451
32,6504
32,6522
32,6527
32,6637
32,6678
32,6679
32,6705
32,6724
32,6789
32,6845
32,6912
32,6959
32,6961
32,6974
32,6984
32,7003
32,7043
32,7088
32,7106
32,7215
32,7236
32,7293
32,7337
32,7343
32,7377
32,7461
32,7470
32,7474
32,7504
32,7525
32,7637
32,7639
32,7658
32,7711
32,7713
32,7778
32,7829
32,7845
32,7848
32,7880
32,7893
32,7894
32,7945
32,7950
32,7961
32,8000
32,8027
32,8049
32,8059
32,8109
32,8141
32,8163
32,8333
32,8400
32,8413
32,8457
32,8546
32,8548
32,8553
32,8654
32,8712
32,8721
32,8758
32,8846
32,8859
32,8880
32,8928
32,8984
32,9035
32,9041
32,9093
32,9134
32,9141
32,9179
32,9180
32,9201
32,9205
32,9221
32,9265
32,9273
32,9296
32,9310
32,9326
32,9327
32,9335
32,9337
32,9434
32,9493
32,9609
32,9728
32,9730
32,9758
32,9824
32,9877
32,9954
32,10014
32,10043
32,10073
32,10077
32,10121
32,10259
32,10360
32,10453
32,10462
32,10496
32,10513
32,10574
32,10576
32,10666
32,10689
32,10696
32,10727
32,10756
32,10775
32,10777
32,10814
32,10841
32,10932
32,11060
32,11080
32,11159
32,11177
32,11232
32,11409
32,11437
32,11475
32,11531
32,11583
32,11637
32,11640
32,11670
32,11702
32,11765
32,11770
32,11830
32,11834
32,11941
32,11973
32,11997
32,11998
32,12031
32,12043
32,12053
32,12143
32,12177
32,12189
32,12314
32,12325
32,12341
32,12435
32,12441
32,12447
32,12481
32,12489
32,12504
32,12616
32,12656
32,12750
32,12757
32,12802
32,12815
32,12853
32,12880
32,12897
32,12947
32,13100
32,13105
32,13186
32,13271
32,13354
32,13482
32,13540
32,13564
32,13585
32,13692
32,13704
32,13756
32,13769
32,13814
32,13819
32,13829
32,13835
32,13893
32,13938
32,13987
32,14000
32,14026
32,14038
32,14061
32,14131
32,14158
32,14159
32,14164
32,14194
32,14223
32,14267
32,14334
32,14351
32,14414
32,14429
32,14485
32,14576
32,14636
32,14687
32,14710
32,14805
32,14955
32,14985
32,15046
32,15069
32,15088
32,15148
32,15161
32,15174
32,15249
32,15274
32,15292
32,15402
32,15421
32,15439
32,15474
32,15534
32,15539
32,15560
32,15591
32,15606
32,15627
32,15635
32,15768
32,15853
32,15894
32,15974
32,16099
32,16138
32,16175
32,16181
32,16191
32,16195
32,16325
32,16348
32,16376
32,16413
32,16432
32,16446
32,16470
32,16518
32,16537
32,16549
32,16611
32,16720
32,16721
32,16774
32,16787
32,16839
32,16973
32,17010
32,17086
32,17132
32,17172
32,17258
32,17259
32,17341
32,17359
32,17554
32,17565
32,17570
32,17629
32,17637
32,17709
32,17784
32,17786
32,17813
32,17905
32,17911
32,17920
32,17938
32,18052
32,18152
32,18197
32,18246
32,18357
32,18519
32,18567
32,18583
32,18642
32,18670
32,18677
32,18722
32,18731
32,18755
32,18804
32,18818
32,18865
32,18867
32,18870
32,18877
32,18888
32,18935
32,18941
32,18961
32,18973
32,18988
32,19005
32,19048
32,19111
32,19141
32,19172
32,19210
32,19231
32,19254
32,19372
32,19406
32,19435
32,19455
32,19480
32,19535
32,19563
32,19695
32,19753
32,19906
32,19928
32,19938
32,20034
32,20166
32,20201
32,20228
32,20353
32,20392
32,20425
32,20445
32,20452
32,20458
32,20489
32,20505
32,20515
32,20596
32,20638
32,20692
32,20713
32,20758
32,20821
32,20850
32,20862
32,20877
32,20991
32,21007
32,21049
32,21109
32,21146
32,21159
32,21173
32,21258
32,21285
32,21327
32,21352
32,21370
32,21484
32,21505
32,21512
32,21519
32,21588
32,21601
32,21654
32,21663
32,21695
32,21782
32,21785
32,21794
32,21811
32,21826
32,21827
32,21919
32,21926
32,21976
32,21994
32,22094
32,22129
32,22210
32,22249
32,22287
32,22343
32,22475
32,22561
32,22568
32,22575
32,22581
32,22617
32,22665
32,22698
32,22827
32,22870
32,22885
32,22963
32,22998
32,23008
32,23047
32,23117
32,23143
32,23146
32,23164
32,23168
32,23199
32,23200
32,23350
32,23394
32,23501
32,23570
32,23607
32,23633
32,23685
32,23820
32,23845
32,23913
32,23998
32,24001
32,24012
32,24014
32,24063
32,24097
32,24155
32,24161
32,24175
32,24178
32,24182
32,24191
32,24218
32,24259
32,24298
32,24461
32,24473
32,24479
32,24493
32,24619
32,24646
32,24718
32,24762
32,24804
32,24932
32,24953
32,25053
32,25153
32,25173
32,25174
32,25224
32,25262
32,25321
32,25405
32,25464
32,25472
32,25483
32,25556
32,25644
32,25788
32,25801
32,25802
32,25814
32,25877
32,25906
32,25913
32,25915
32,25989
32,26036
32,26098
32,26253
32,26270
32,26314
32,26461
32,26466
32,26563
32,26616
32,26622
32,26638
32,26723
32,26755
32,26768
32,26769
32,26803
32,26845
32,26865
32,26869
32,26873
32,26943
32,26965
32,26973
32,27050
32,27144
32,27157
32,27180
32,27244
32,27305
32,27401
32,27408
32,27422
32,27572
32,27585
32,27611
32,27646
32,27709
32,27739
32,27748
32,27765
32,27769
32,27802
32,27860
32,27879
32,27906
32,27943
32,27990
32,28035
32,28038
32,28056
32,28107
32,28109
32,28139
32,28157
32,28164
32,28175
32,28200
32,28284
32,28325
32,28449
32,28521
32,28597
32,28612
32,28623
32,28686
32,28688
32,28701
32,28760
32,28833
32,28884
32,28892
32,28909
32,28913
32,28922
32,28924
32,28951
32,28975
32,28981
32,29032
32,29086
32,29094
32,29135
32,29203
32,29204
32,29296
32,29347
32,29360
32,29406
32,29420
32,29459
32,29467
32,29488
32,29502
32,29536
32,29553
33,52
33,70
33,129
33,184
33,192
33,221
33,222
33,223
33,238
33,250
33,279
33,344
33,396
33,479
33,572
33,588
33,602
33,646
33,758
33,785
33,878
33,890
33,898
33,904
33,974
33,993
33,1021
33,1211
33,1238
33,1270
33,1299
33,1303
33,1371
33,1378
33,1418
33,1538
33,1550
33,1558
33,1624
33,1626
33,1649
33,1700
33,1749
33,1858
33,1928
33,1943
33,1957
33,1971
33,1978
33,2210
33,2219
33,2254
33,2261
33,2267
33,2281
33,2356
33,2359
33,2385
33,2407
33,2438
33,2500
33,2512
33,2524
33,2588
33,2600
33,2640
33,2665
33,2712
33,2786
33,2876
33,2971
33,2991
33,2992
33,2993
33,3064
33,3144
33,3190
33,3221
33,3319
33,3320
33,3345
33,3357
33,3401
33,3501
33,3520
33,3523
33,3527
33,3594
33,3673
33,3744
33,3830
33,3844
33,3846
33,3887
33,3919
33,3921
33,3943
33,3986
33,4052
33,4169
33,4245
33,4258
33,4294
33,4310
33,4311
33,4314
33,4414
33,4430
33,4520
33,4546
33,4569
33,4610
33,4612
33,4618
33,4676
33,4711
33,4712
33,4728
33,4739
33,4754
33,4771
33,4903
33,4952
33,4970
33,5013
33,5044
33,5092
33,5120
33,5131
33,5146
33,5182
33,5235
33,5258
33,5288
33,5297
33,5377
33,5419
33,5432
33,5442
33,5476
33,5478
33,5479
33,5523
33,5599
33,5642
33,5863
33,5890
33,5969
33,5992
33,6017
33,6045
33,6069
33,6078
33,6264
33,6265
33,6279
33,6298
33,6424
33,6429
33,6442
33,6447
33,6448
33,6451
33,6465
33,6475
33,6476
33,6503
33,6506
33,6536
33,6549
33,6703
33,6720
33,6728
33,6762
33,6789
33,6876
33,6877
33,6881
33,6889
33,6946
33,7024
33,7070
33,7098
33,7163
33,7185
33,7192
33,7226
33,7228
33,7232
33,7261
33,7271
33,7278
33,7288
33,7330
33,7362
33,7414
33,7438
33,7484
33,7489
33,7571
33,7574
33,7695
33,7699
33,7716
33,7719
33,7762
33,7817
33,7891
33,7903
33,7910
33,7920
33,7974
33,7982
33,8026
33,8050
33,8075
33,8093
33,8171
33,8247
33,8270
33,8303
33,8356
33,8425
33,8480
33,8485
33,8523
33,8537
33,8646
33,8710
33,8727
33,8909
33,8924
33,8929
33,8990
33,9038
33,9045
33,9130
33,9150
33,9151
33,9157
33,9266
33,9330
33,9343
33,9349
33,9373
33,9408
33,9441
33,9504
33,9513
33,9552
33,9555
33,9574
33,9589
33,9614
33,9652
33,9702
33,9723
33,9726
33,9742
33,9844
33,9868
33,9948
33,10060
33,10113
33,10202
33,10229
33,10239
33,10266
33,10319
33,10327
33,10341
33,10385
33,10400
33,10419
33,10545
33,10573
33,10633
33,10654
33,10663
33,10761
33,10797
33,10803
33,10824
33,10969
33,11063
33,11124
33,11129
33,11179
33,11216
33,11219
33,11228
33,11330
33,11388
33,11398
33,11401
33,11410
33,11438
33,11496
33,11510
33,11534
33,11535
33,11545
33,11548
33,11568
33,11608
33,11682
33,11701
33,11738
33,11858
33,11891
33,11903
33,11952
33,12041
33,12045
33,12071
33,12079
33,12090
33,12097
33,12099
33,12123
33,12292
33,12333
33,12341
33,12352
33,12356
33,12406
33,12417
33,12533
33,12552
33,12572
33,12581
33,12606
33,12632
33,12646
33,12657
33,12710
33,12716
33,12761
33,12810
33,12840
33,12863
33,12870
33,12902
33,12932
33,12948
33,12951
33,13059
33,13090
33,13186
33,13239
33,13244
33,13284
33,13307
33,13322
33,13373
33,13385
33,13434
33,13445
33,13460
33,13624
33,13636
33,13840
33,13876
33,13902
33,13930
33,13942
33,13958
33,13973
33,14039
33,14158
33,14212
33,14249
33,14269
33,14287
33,14288
33,14341
33,14523
33,14534
33,14574
33,14599
33,14619
33,14632
33,14641
33,14689
33,14702
33,14713
33,14762
33,14794
33,14815
33,15104
33,15119
33,15134
33,15135
33,15173
33,15217
33,15320
33,15363
33,15392
33,15445
33,15451
33,15475
33,15492
33,15512
33,15525
33,15545
33,15566
33,15570
33,15625
33,15714
33,15780
33,15794
33,15821
33,15856
33,15936
33,15959
33,15992
33,16013
33,16072
33,16164
33,16201
33,16238
33,16313
33,16389
33,16415
33,16422
33,16430
33,16434
33,16443
33,16479
33,16487
33,16501
33,16555
33,16568
33,16601
33,16629
33,16688
33,16835
33,16846
33,16866
33,16884
33,16934
33,16961
33,17017
33,17044
33,17063
33,17066
33,17117
33,17203
33,17224
33,17259
33,17386
33,17441
33,17455
33,17481
33,17508
33,17565
33,17586
33,17600
33,17680
33,17713
33,17728
33,17756
33,18018
33,18033
33,18101
33,18108
33,18129
33,18271
33,18384
33,18386
33,18449
33,18469
33,18476
33,18570
33,18579
33,18591
33,18604
33,18606
33,18622
33,18637
33,18661
33,18682
33,18699
33,18722
33,18743
33,18777
33,18802
33,18804
33,18855
33,18896
33,18938
33,18988
33,18993
33,19028
33,19058
33,19137
33,19206
33,19256
33,19281
33,19285
33,19297
33,19329
33,19351
33,19447
33,19462
33,19476
33,19488
33,19548
33,19581
33,19665
33,19673
33,19684
33,19750
33,19779
33,19951
33,20031
33,20073
33,20124
33,20194
33,20212
33,20290
33,20306
33,20439
33,20485
33,20506
33,20511
33,20530
33,20619
33,20621
33,20623
33,20649
33,20702
33,20735
33,20844
33,20931
33,21025
33,21029
33,21088
33,21115
33,21198
33,21271
33,21285
33,21292
33,21350
33,21365
33,21398
33,21419
33,21450
33,21461
33,21469
33,21549
33,21556
33,21577
33,21625
33,21671
33,21715
33,21854
33,21861
33,21882
33,21891
33,21963
33,22063
33,22090
33,22130
33,22139
33,22143
33,22169
33,22177
33,22192
33,22214
33,22239
33,22262
33,22302
33,22331
33,22345
33,22349
33,22355
33,22390
33,22434
33,22452
33,22522
33,22538
33,22624
33,22689
33,22744
33,22757
33,22765
33,22799
33,22839
33,22840
33,22857
33,23017
33,23025
33,23027
33,23096
33,23105
33,23107
33,23159
33,23177
33,23178
33,23184
33,23291
33,23320
33,23324
33,23379
33,23384
33,23395
33,23404
33,23442
33,23460
33,23494
33,23624
33,23627
33,23654
33,23730
33,23745
33,23786
33,23791
33,23820
33,23828
33,23836
33,23839
33,23883
33,23947
33,23977
33,23979
33,24072
33,24095
33,24104
33,24127
33,24167
33,24229
33,24235
33,24246
33,24285
33,24365
33,24454
33,24485
33,24490
33,24528
33,24530
33,24533
33,24581
33,24688
33,24843
33,24862
33,24928
33,25022
33,25092
33,25188
33,25209
33,25256
33,25260
33,25367
33,25451
33,25462
33,25486
33,25508
33,25619
33,25724
33,25749
33,25750
33,25812
33,25841
33,25862
33,25867
33,25889
33,25901
33,25931
33,25965
33,26044
33,26048
33,26053
33,26079
33,26086
33,26091
33,26110
33,26172
33,26187
33,26282
33,26285
33,26294
33,26340
33,26444
33,26493
33,26506
33,26521
33,26529
33,26536
33,26568
33,26579
33,26644
33,26651
33,26667
33,26694
33,26707
33,26727
33,26735
33,26781
33,26906
33,26913
33,26975
33,27026
33,27117
33,27150
33,27194
33,27207
33,27240
33,27247
33,27295
33,27319
33,27344
33,27349
33,27417
33,27452
33,27472
33,27600
33,27603
33,27606
33,27616
33,27630
33,27634
33,27645
33,27678
33,27745
33,27754
33,27791
33,27843
33,27845
33,27868
33,27872
33,27972
33,27975
33,28060
33,28079
33,28098
33,28146
33,28184
33,28290
33,28375
33,28408
33,28432
33,28488
33,28514
33,28515
33,28519
33,28587
33,28607
33,28615
33,28628
33,28669
33,28674
33,28695
33,28704
33,28709
33,28756
33,28768
33,28827
33,28993
33,29056
33,29076
33,29119
33,29174
33,29192
33,29203
33,29224
33,29260
33,29274
33,29314
33,29347
33,29372
33,29411
33,29414
33,29441
33,29512
33,29520
33,29555
34,22
34,63
34,164
34,261
34,281
34,284
34,324
34,355
34,376
34,396
34,458
34,467
34,473
34,491
34,559
34,700
34,724
34,746
34,758
34,772
34,883
34,922
34,928
34,952
34,962
34,1080
34,1092
34,1150
34,1162
34,1170
34,1173
34,1194
34,1211
34,1234
34,1289
34,1292
34,1379
34,1401
34,1431
34,1446
34,1465
34,1468
34,1493
34,1554
34,1585
34,1586
34,1625
34,1637
34,1682
34,1711
34,1722
34,1798
34,1835
34,1885
34,1901
34,1911
34,2004
34,2010
34,2049
34,2134
34,2144
34,2177
34,2253
34,2325
34,2327
34,2383
34,2466
34,2477
34,2478
34,2483
34,2521
34,2535
34,2570
34,2642
34,2645
34,2700
34,2740
34,2766
34,2835
34,2974
34,2984
34,2995
34,3043
34,3167
34,3223
34,3301
34,3391
34,3465
34,3536
34,3539
34,3562
34,3677
34,3683
34,3760
34,3850
34,3866
34,3889
34,3912
34,3970
34,4017
34,4035
34,4059
34,4085
34,4132
34,4152
34,4153
34,4156
34,4218
34,4298
34,4306
34,4307
34,4371
34,4473
34,4634
34,4642
34,4732
34,4785
34,4836
34,4865
34,4872
34,4908
34,4961
34,5089
34,5091
34,5095
34,5142
34,5176
34,5200
34,5248
34,5273
34,5323
34,5379
34,5512
34,5526
34,5539
34,5554
34,5571
34,5604
34,5608
34,5622
34,5662
34,5701
34,5798
34,5833
34,5889
34,5907
34,5949
34,5991
34,5997
34,6009
34,6025
34,6055
34,6177
34,6181
34,6209
34,6228
34,6291
34,6342
34,6355
34,6363
34,6475
34,6572
34,6626
34,6675
34,6776
34,6789
34,6822
34,6930
34,6932
34,6944
34,6959
34,6966
34,7126
34,7139
34,7161
34,7188
34,7229
34,7237
34,7291
34,7320
34,7361
34,7440
34,7442
34,7484
34,7580
34,7594
34,7624
34,7692
34,7696
34,7698
34,7744
34,7756
34,7810
34,7932
34,7966
34,7972
34,7989
34,8087
34,8118
34,8128
34,8181
34,8222
34,8297
34,8315
34,8349
34,8350
34,8373
34,8375
34,8511
34,8542
34,8569
34,8580
34,8589
34,8626
34,8785
34,8811
34,8839
34,8854
34,8877
34,8953
34,9029
34,9049
34,9089
34,9112
34,9199
34,9209
34,9212
34,9230
34,9282
34,9316
34,9363
34,9376
34,9421
34,9424
34,9565
34,9629
34,9644
34,9654
34,9774
34,9779
34,9841
34,9932
34,9940
34,10046
34,10061
34,10162
34,10171
34,10186
34,10290
34,10322
34,10373
34,10392
34,10399
34,10406
34,10413
34,10441
34,10505
34,10523
34,10548
34,10588
34,10628
34,10686
34,10687
34,10736
34,10783
34,10817
34,10854
34,10878
34,10959
34,10971
34,11105
34,11124
34,11155
34,11227
34,11268
34,11279
34,11385
34,11423
34,11575
34,11664
34,11704
34,11706
34,11747
34,11835
34,11905
34,11924
34,11927
34,11996
34,12246
34,12283
34,12396
34,12426
34,12551
34,12595
34,12664
34,12676
34,12703
34,12801
34,12809
34,12912
34,12914
34,12998
34,13021
34,13081
34,13157
34,13159
34,13193
34,13198
34,13220
34,13224
34,13270
34,13288
34,13306
34,13317
34,13327
34,13366
34,13433
34,13485
34,13501
34,13511
34,13597
34,13611
34,13614
34,13634
34,13750
34,13786
34,13848
34,13864
34,13881
34,13899
34,13935
34,13976
34,13996
34,14031
34,14073
34,14207
34,14233
34,14276
34,14283
34,14393
34,14450
34,14491
34,14542
34,14584
34,14666
34,14669
34,14677
34,14802
34,14822
34,14968
34,14982
34,15053
34,15082
34,15133
34,15158
34,15166
34,15175
34,15225
34,15245
34,15292
34,15328
34,15355
34,15357
34,15361
34,15401
34,15434
34,15507
34,15509
34,15560
34,15592
34,15641
34,15696
34,15704
34,15733
34,15744
34,15763
34,15768
34,15793
34,15919
34,15950
34,16121
34,16132
34,16235
34,16376
34,16393
34,16457
34,16519
34,16586
34,16594
34,16702
34,16766
34,16769
34,16770
34,16817
34,16861
34,16868
34,16916
34,16917
34,16966
34,17002
34,17007
34,17032
34,17044
34,17046
34,17051
34,17185
34,17226
34,17237
34,17332
34,17414
34,17442
34,17480
34,17525
34,17536
34,17542
34,17564
34,17579
34,17664
34,17679
34,17684
34,17813
34,18018
34,18025
34,18143
34,18185
34,18195
34,18262
34,18264
34,18387
34,18487
34,18504
34,18523
34,18590
34,18632
34,18658
34,18735
34,18815
34,18835
34,18966
34,19015
34,19034
34,19051
34,19054
34,19141
34,19166
34,19202
34,19235
34,19252
34,19271
34,19273
34,19316
34,19406
34,19449
34,19457
34,19522
34,19544
34,19577
34,19630
34,19724
34,19725
34,19739
34,19801
34,19802
34,19815
34,19903
34,20038
34,20256
34,20262
34,20338
34,20346
34,20377
34,20388
34,20413
34,20424
34,20475
34,20491
34,20498
34,20509
34,20515
34,20521
34,20588
34,20615
34,20653
34,20782
34,20789
34,20823
34,20877
34,20947
34,20950
34,20970
34,20975
34,21035
34,21080
34,21164
34,21223
34,21286
34,21314
34,21337
34,21372
34,21497
34,21561
34,21565
34,21586
34,21659
34,21696
34,21697
34,21747
34,21763
34,21765
34,21787
34,21822
34,21911
34,22004
34,22049
34,22070
34,22107
34,22115
34,22136
34,22159
34,22162
34,22177
34,22201
34,22293
34,22348
34,22362
34,22393
34,22398
34,22487
34,22553
34,22570
34,22605
34,22612
34,22660
34,22716
34,22776
34,22935
34,22946
34,23043
34,23045
34,23219
34,23241
34,23299
34,23308
34,23334
34,23360
34,23366
34,23370
34,23425
34,23426
34,23472
34,23495
34,23620
34,23659
34,23673
34,23733
34,23757
34,23905
34,23981
34,24028
34,24080
34,24103
34,24281
34,24352
34,24360
34,24412
34,24425
34,24445
34,24456
34,24518
34,24538
34,24545
34,24555
34,24560
34,24604
34,24637
34,24704
34,24790
34,24813
34,24832
34,24840
34,24847
34,24851
34,24943
34,24954
34,24977
34,25023
34,25038
34,25285
34,25307
34,25331
34,25580
34,25585
34,25632
34,25797
34,25804
34,25826
34,25835
34,25856
34,25885
34,25895
34,25914
34,25929
34,25945
34,25949
34,26042
34,26046
34,26067
34,26105
34,26117
34,26167
34,26219
34,26230
34,26244
34,26315
34,26334
34,26389
34,26464
34,26467
34,26518
34,26522
34,26524
34,26541
34,26565
34,26624
34,26660
34,26713
34,26720
34,26723
34,26763
34,26790
34,26811
34,26874
34,26882
34,27006
34,27078
34,27250
34,27296
34,27305
34,27313
34,27319
34,27356
34,27358
34,27543
34,27597
34,27598
34,27609
34,27613
34,27698
34,27743
34,27750
34,27766
34,27778
34,27786
34,27809
34,27819
34,27834
34,27854
34,27885
34,27890
34,27920
34,27984
34,28042
34,28086
34,28160
34,28164
34,28169
34,28193
34,28201
34,28207
34,28257
34,28311
34,28316
34,28318
34,28372
34,28391
34,28396
34,28432
34,28495
34,28529
34,28669
34,28678
34,28715
34,28737
34,28797
34,28811
34,28823
34,28894
34,28925
34,28941
34,28947
34,29041
34,29063
34,29086
34,29109
34,29128
34,29176
34,29201
34,29243
34,29246
34,29257
34,29280
34,29287
34,29298
34,29394
34,29426
34,29469
34,29563
35,47
35,60
35,79
35,117
35,170
35,207
35,220
35,229
35,299
35,306
35,315
35,368
35,441
35,462
35,513
35,575
35,591
35,595
35,620
35,649
35,717
35,842
35,844
35,858
35,870
35,887
35,891
35,920
35,955
35,1018
35,1019
35,1176
35,1181
35,1282
35,1308
35,1342
35,1423
35,1586
35,1598
35,1617
35,1635
35,1675
35,1710
35,1736
35,1744
35,1799
35,1804
35,1808
35,1898
35,1912
35,1956
35,1971
35,2048
35,2084
35,2087
35,2131
35,2141
35,2149
35,2158
35,2205
35,2218
35,2275
35,2326
35,2348
35,2356
35,2370
35,2374
35,2386
35,2399
35,2461
35,2469
35,2487
35,2491
35,2493
35,2501
35,2509
35,2637
35,2756
35,2806
35,2829
35,2915
35,2930
35,2940
35,2963
35,3011
35,3018
35,3101
35,3110
35,3129
35,3144
35,3179
35,3184
35,3219
35,3271
35,3280
35,3296
35,3309
35,3315
35,3340
35,3347
35,3382
35,3411
35,3415
35,3438
35,3451
35,3535
35,3581
35,3602
35,3657
35,3658
35,3663
35,3722
35,3743
35,3747
35,3786
35,3794
35,3860
35,3869
35,3871
35,3880
35,3881
35,3907
35,3925
35,3935
35,3984
35,3987
35,4028
35,4056
35,4104
35,4114
35,4122
35,4221
35,4223
35,4226
35,4265
35,4275
35,4277
35,4365
35,4374
35,4381
35,4396
35,4414
35,4445
35,4453
35,4471
35,4572
35,4664
35,4681
35,4693
35,4694
35,4731
35,4786
35,4849
35,4903
35,4909
35,4910
35,4930
35,4932
35,4947
35,4950
35,4982
35,4988
35,5032
35,5052
35,5054
35,5081
35,5089
35,5112
35,5120
35,5131
35,5207
35,5242
35,5250
35,5260
35,5265
35,5314
35,5338
35,5349
35,5372
35,5418
35,5423
35,5451
35,5470
35,5493
35,5539
35,5579
35,5627
35,5633
35,5717
35,5816
35,5834
35,5849
35,5922
35,5963
35,5987
35,6065
35,6079
35,6092
35,6098
35,6099
35,6109
35,6128
35,6173
35,6181
35,6205
35,6206
35,6232
35,6233
35,6264
35,6279
35,6341
35,6371
35,6522
35,6542
35,6555
35,6575
35,6603
35,6622
35,6630
35,6635
35,6658
35,6688
35,6689
35,6732
35,6786
35,6812
35,6838
35,6923
35,6925
35,6949
35,7025
35,7048
35,7059
35,7063
35,7095
35,7120
35,7132
35,7135
35,7150
35,7211
35,7294
35,7307
35,7318
35,7335
35,7340
35,7404
35,7462
35,7538
35,7565
35,7573
35,7586
35,7587
35,7596
35,7618
35,7644
35,7685
35,7876
35,7915
35,7933
35,7964
35,7979
35,8002
35,8009
35,8012
35,8076
35,8112
35,8113
35,8204
35,8207
35,8251
35,8263
35,8333
35,8336
35,8346
35,8355
35,8407
35,8443
35,8488
35,8499
35,8543
35,8552
35,8560
35,8607
35,8656
35,8696
35,8732
35,8776
35,8841
35,8871
35,8886
35,8921
35,8939
35,8964
35,8969
35,9100
35,9129
35,9200
35,9234
35,9273
35,9365
35,9409
35,9416
35,9538
35,9556
35,9603
35,9649
35,9661
35,9727
35,9751
35,9772
35,9778
35,9781
35,9785
35,9840
35,9886
35,9963
35,9986
35,10015
35,10045
35,10063
35,10102
35,10127
35,10262
35,10296
35,10308
35,10355
35,10368
35,10388
35,10597
35,10604
35,10618
35,10647
35,10732
35,10737
35,10751
35,10774
35,10798
35,10822
35,10842
35,10875
35,10876
35,10931
35,10940
35,10987
35,10997
35,11038
35,11102
35,11165
35,11187
35,11205
35,11210
35,11230
35,11246
35,11267
35,11316
35,11323
35,11335
35,11373
35,11394
35,11451
35,11502
35,11531
35,11548
35,11551
35,11576
35,11578
35,11579
35,11580
35,11607
35,11794
35,11931
35,11946
35,11947
35,11970
35,12052
35,12055
35,12094
35,12136
35,12153
35,12185
35,12234
35,12252
35,12267
35,12310
35,12343
35,12381
35,12448
35,12509
35,12521
35,12581
35,12613
35,12631
35,12633
35,12672
35,12677
35,12694
35,12696
35,12762
35,12775
35,12902
35,12920
35,13065
35,13076
35,13093
35,13095
35,13234
35,13316
35,13362
35,13374
35,13424
35,13470
35,13587
35,13632
35,13659
35,13697
35,13713
35,13735
35,13795
35,13807
35,13828
35,13890
35,13915
35,13986
35,14154
35,14216
35,14219
35,14256
35,14296
35,14301
35,14313
35,14385
35,14418
35,14429
35,14471
35,14535
35,14568
35,14631
35,14702
35,14735
35,14739
35,14784
35,14792
35,14827
35,14855
35,14864
35,15001
35,15007
35,15069
35,15072
35,15137
35,15190
35,15197
35,15340
35,15449
35,15451
35,15490
35,15503
35,15545
35,15581
35,15601
35,15637
35,15752
35,15784
35,15803
35,15804
35,15833
35,15905
35,15929
35,15933
35,15942
35,15956
35,15984
35,16000
35,16004
35,16012
35,16143
35,16176
35,16193
35,16248
35,16261
35,16315
35,16505
35,16703
35,16730
35,16758
35,16789
35,16946
35,17073
35,17091
35,17111
35,17112
35,17131
35,17200
35,17299
35,17319
35,17360
35,17449
35,17476
35,17477
35,17487
35,17499
35,17576
35,17586
35,17664
35,17697
35,17716
35,17757
35,17762
35,17791
35,17792
35,17823
35,17857
35,17933
35,17941
35,17958
35,18021
35,18050
35,18053
35,18139
35,18145
35,18204
35,18222
35,18261
35,18303
35,18345
35,18366
35,18398
35,18404
35,18414
35,18420
35,18436
35,18438
35,18542
35,18549
35,18550
35,18563
35,18632
35,18693
35,18716
35,18717
35,18813
35,18869
35,18931
35,18970
35,18998
35,18999
35,19045
35,19059
35,19115
35,19138
35,19163
35,19169
35,19187
35,19198
35,19214
35,19270
35,19387
35,19413
35,19432
35,19450
35,19485
35,19503
35,19538
35,19549
35,19572
35,19573
35,19604
35,19678
35,19705
35,19710
35,19717
35,19730
35,19745
35,19810
35,19813
35,19892
35,19930
35,19987
35,20006
35,20041
35,20080
35,20105
35,20176
35,20189
35,20237
35,20242
35,20263
35,20275
35,20346
35,20573
35,20625
35,20674
35,20680
35,20683
35,20713
35,20733
35,20813
35,20839
35,20934
35,20944
35,20945
35,21021
35,21178
35,21191
35,21238
35,21287
35,21317
35,21328
35,21342
35,21405
35,21442
35,21443
35,21465
35,21485
35,21529
35,21531
35,21609
35,21618
35,21664
35,21710
35,21723
35,21794
35,21870
35,21884
35,21895
35,21997
35,22017
35,22078
35,22132
35,22212
35,22242
35,22281
35,22288
35,22319
35,22347
35,22369
35,22393
35,22396
35,22481
35,22583
35,22593
35,22598
35,22604
35,22616
35,22650
35,22656
35,22702
35,22703
35,22710
35,22748
35,22789
35,22908
35,22956
35,22985
35,23082
35,23111
35,23158
35,23167
35,23174
35,23259
35,23293
35,23326
35,23441
35,23460
35,23462
35,23482
35,23490
35,23496
35,23619
35,23626
35,23660
35,23724
35,23759
35,23809
35,23871
35,23970
35,23988
35,23995
35,24006
35,24025
35,24031
35,24034
35,24043
35,24044
35,24103
35,24200
35,24218
35,24221
35,24264
35,24274
35,24334
35,24370
35,24558
35,24564
35,24575
35,24630
35,24658
35,24685
35,24711
35,24716
35,24717
35,24725
35,24758
35,24801
35,24810
35,24854
35,24871
35,24888
35,24931
35,24993
35,25012
35,25017
35,25070
35,25112
35,25209
35,25215
35,25229
35,25236
35,25280
35,25286
35,25304
35,25346
35,25405
35,25461
35,25472
35,25535
35,25553
35,25580
35,25622
35,25649
35,25659
35,25671
35,25814
35,25825
35,25874
35,25935
35,25957
35,26058
35,26067
35,26096
35,26127
35,26165
35,26201
35,26267
35,26287
35,26349
35,26368
35,26378
35,26380
35,26414
35,26432
35,26458
35,26515
35,26531
35,26584
35,26587
35,26621
35,26629
35,26665
35,26677
35,26680
35,26699
35,26732
35,26800
35,26801
35,26861
35,26868
35,26880
35,26891
35,26912
35,26971
35,27067
35,27123
35,27164
35,27179
35,27192
35,27194
35,27195
35,27219
35,27225
35,27378
35,27419
35,27436
35,27456
35,27463
35,27488
35,27511
35,27528
35,27583
35,27615
35,27713
35,27733
35,27771
35,27787
35,27801
35,27856
35,27875
35,27931
35,27937
35,27941
35,28007
35,28073
35,28081
35,28089
35,28136
35,28209
35,28232
35,28237
35,28248
35,28308
35,28402
35,28415
35,28503
35,28537
35,28649
35,28665
35,28748
35,28797
35,28822
35,28859
35,28872
35,28877
35,28888
35,28900
35,28910
35,28933
35,28938
35,29031
35,29065
35,29128
35,29139
35,29144
35,29177
35,29192
35,29208
35,29210
35,29223
35,29261
35,29288
35,29296
35,29402
35,29497
35,29502
35,29505
35,29509
36,3
36,13
36,42
36,44
36,66
36,71
36,221
36,253
36,254
36,255
36,268
36,271
36,297
36,362
36,376
36,381
36,428
36,440
36,498
36,516
36,525
36,532
36,561
36,613
36,675
36,694
36,754
36,826
36,849
36,885
36,895
36,904
36,949
36,965
36,974
36,1009
36,1011
36,1019
36,1128
36,1149
36,1154
36,1166
36,1206
36,1229
36,1296
36,1313
36,1388
36,1392
36,1422
36,1435
36,1457
36,1467
36,1574
36,1602
36,1648
36,1696
36,1739
36,1806
36,1906
36,1907
36,1909
36,1931
36,1974
36,2028
36,2034
36,2035
36,2102
36,2109
36,2112
36,2238
36,2241
36,2268
36,2289
36,2307
36,2328
36,2337
36,2372
36,2469
36,2477
36,2609
36,2612
36,2616
36,2665
36,2675
36,2686
36,2718
36,2743
36,2749
36,2759
36,2760
36,2786
36,2794
36,2803
36,2818
36,2833
36,2869
36,2957
36,3009
36,3038
36,3050
36,3113
36,3156
36,3176
36,3203
36,3238
36,3249
36,3268
36,3300
36,3310
36,3361
36,3372
36,3379
36,3382
36,3394
36,3414
36,3463
36,3523
36,3527
36,3537
36,3543
36,3565
36,3579
36,3627
36,3653
36,3658
36,3808
36,3827
36,3914
36,3930
36,4000
36,4017
36,4089
36,4163
36,4218
36,4251
36,4268
36,4311
36,4314
36,4331
36,4409
36,4411
36,4476
36,4519
36,4581
36,4585
36,4591
36,4605
36,4609
36,4616
36,4634
36,4705
36,4714
36,4742
36,4753
36,4781
36,4793
36,4851
36,4859
36,4946
36,4957
36,4959
36,4989
36,5019
36,5044
36,5070
36,5075
36,5098
36,5126
36,5129
36,5163
36,5222
36,5229
36,5235
36,5267
36,5277
36,5287
36,5427
36,5526
36,5531
36,5567
36,5574
36,5586
36,5624
36,5740
36,5742
36,5749
36,5765
36,5801
36,5818
36,5838
36,5847
36,5871
36,5882
36,5889
36,6047
36,6097
36,6113
36,6155
36,6172
36,6180
36,6319
36,6331
36,6459
36,6460
36,6512
36,6527
36,6535
36,6576
36,6591
36,6625
36,6647
36,6697
36,6698
36,6754
36,6796
36,6828
36,6831
36,6872
36,6882
36,6926
36,6944
36,7006
36,7036
36,7037
36,7070
36,7151
36,7182
36,7191
36,7197
36,7360
36,7419
36,7422
36,7464
36,7465
36,7582
36,7584
36,7585
36,7594
36,7664
36,7699
36,7777
36,7799
36,7809
36,7816
36,7834
36,7941
36,7951
36,8010
36,8017
36,8025
36,8031
36,8057
36,8075
36,8095
36,8131
36,8149
36,8161
36,8267
36,8371
36,8379
36,8380
36,8418
36,8436
36,8493
36,8522
36,8536
36,8537
36,8548
36,8554
36,8557
36,8561
36,8594
36,8698
36,8771
36,8783
36,8801
36,8863
36,8897
36,8912
36,8967
36,9021
36,9042
36,9101
36,9135
36,9166
36,9258
36,9260
36,9276
36,9277
36,9281
36,9365
36,9438
36,9460
36,9495
36,9499
36,9516
36,9531
36,9607
36,9623
36,9642
36,9775
36,9786
36,9815
36,9818
36,9827
36,9831
36,9838
36,9840
36,9848
36,9854
36,9862
36,9886
36,9890
36,9892
36,9953
36,9958
36,9976
36,10046
36,10070
36,10125
36,10142
36,10151
36,10214
36,10240
36,10246
36,10260
36,10268
36,10360
36,10442
36,10446
36,10510
36,10569
36,10604
36,10635
36,10640
36,10641
36,10666
36,10675
36,10708
36,10756
36,10840
36,10901
36,10962
36,10996
36,11045
36,11047
36,11057
36,11063
36,11072
36,11079
36,11155
36,11156
36,11164
36,11243
36,11270
36,11276
36,11278
36,11282
36,11297
36,11306
36,11344
36,11364
36,11372
36,11470
36,11539
36,11546
36,11552
36,11567
36,11572
36,11663
36,11716
36,11752
36,11764
36,11769
36,11772
36,11775
36,11804
36,11808
36,11871
36,11885
36,11908
36,11976
36,11985
36,11993
36,12007
36,12025
36,12129
36,12145
36,12207
36,12223
36,12252
36,12326
36,12360
36,12426
36,12433
36,12445
36,12552
36,12558
36,12580
36,12595
36,12637
36,12643
36,12652
36,12701
36,12738
36,12743
36,12753
36,12799
36,12964
36,12999
36,13036
36,13039
36,13043
36,13183
36,13229
36,13243
36,13264
36,13284
36,13287
36,13288
36,13323
36,13328
36,13387
36,13391
36,13399
36,13403
36,13431
36,13513
36,13519
36,13610
36,13624
36,13637
36,13651
36,13658
36,13662
36,13701
36,13718
36,13720
36,13796
36,13802
36,13803
36,13836
36,13877
36,13880
36,13938
36,14023
36,14035
36,14050
36,14054
36,14074
36,14094
36,14145
36,14159
36,14165
36,14219
36,14324
36,14347
36,14382
36,14469
36,14496
36,14538
36,14555
36,14556
36,14564
36,14574
36,14579
36,14664
36,14673
36,14711
36,14762
36,14789
36,14802
36,14810
36,14847
36,14851
36,14852
36,14897
36,14901
36,14976
36,14994
36,15043
36,15044
36,15090
36,15133
36,15196
36,15232
36,15234
36,15281
36,15310
36,15327
36,15339
36,15359
36,15364
36,15378
36,15397
36,15451
36,15467
36,15469
36,15489
36,15547
36,15593
36,15611
36,15647
36,15652
36,15681
36,15693
36,15727
36,15821
36,15825
36,15953
36,15981
36,16014
36,16053
36,16058
36,16109
36,16156
36,16159
36,16228
36,16229
36,16357
36,16363
36,16366
36,16388
36,16404
36,16429
36,16434
36,16451
36,16459
36,16470
36,16498
36,16512
36,16571
36,16583
36,16637
36,16642
36,16647
36,16652
36,16709
36,16711
36,16773
36,16837
36,16860
36,16870
36,16908
36,16920
36,16923
36,16934
36,16958
36,16964
36,16976
36,17002
36,17048
36,17159
36,17171
36,17185
36,17214
36,17223
36,17238
36,17298
36,17318
36,17357
36,17380
36,17402
36,17496
36,17607
36,17618
36,17673
36,17678
36,17713
36,17735
36,17824
36,17876
36,17888
36,17895
36,17921
36,18005
36,18033
36,18099
36,18175
36,18194
36,18224
36,18226
36,18248
36,18278
36,18406
36,18441
36,18456
36,18501
36,18524
36,18558
36,18559
36,18593
36,18622
36,18654
36,18662
36,18746
36,18873
36,18882
36,18904
36,18945
36,19092
36,19153
36,19156
36,19237
36,19254
36,19282
36,19455
36,19493
36,19599
36,19604
36,19616
36,19728
36,19733
36,19745
36,19764
36,19774
36,19813
36,19958
36,20026
36,20073
36,20107
36,20148
36,20171
36,20229
36,20251
36,20264
36,20282
36,20296
36,20298
36,20327
36,20436
36,20472
36,20511
36,20592
36,20594
36,20607
36,20797
36,20925
36,20969
36,21014
36,21075
36,21076
36,21120
36,21128
36,21149
36,21170
36,21210
36,21242
36,21254
36,21308
36,21373
36,21430
36,21478
36,21483
36,21488
36,21492
36,21541
36,21542
36,21585
36,21604
36,21615
36,21630
36,21706
36,21727
36,21753
36,21797
36,21826
36,21858
36,21880
36,21889
36,21902
36,21904
36,21929
36,21956
36,22062
36,22105
36,22108
36,22110
36,22116
36,22125
36,22144
36,22165
36,22266
36,22279
36,22341
36,22345
36,22390
36,22402
36,22459
36,22486
36,22497
36,22511
36,22544
36,22577
36,22588
36,22603
36,22609
36,22687
36,22709
36,22736
36,22764
36,22794
36,22833
36,22916
36,22992
36,23045
36,23073
36,23076
36,23078
36,23163
36,23180
36,23185
36,23215
36,23232
36,23258
36,23269
36,23299
36,23332
36,23362
36,23368
36,23399
36,23458
36,23477
36,23480
36,23487
36,23647
36,23665
36,23714
36,23737
36,23774
36,23787
36,23813
36,23839
36,23943
36,24002
36,24016
36,24022
36,24064
36,24076
36,24101
36,24115
36,24127
36,24134
36,24191
36,24248
36,24264
36,24299
36,24321
36,24328
36,24332
36,24353
36,24368
36,24429
36,24442
36,24485
36,24522
36,24654
36,24722
36,24734
36,24736
36,24747
36,24793
36,24846
36,24903
36,24982
36,25025
36,25035
36,25063
36,25076
36,25079
36,25082
36,25198
36,25206
36,25218
36,25234
36,25254
36,25294
36,25318
36,25322
36,25343
36,25380
36,25388
36,25391
36,25394
36,25469
36,25530
36,25575
36,25587
36,25601
36,25655
36,25673
36,25787
36,25825
36,25856
36,25870
36,25892
36,25915
36,25958
36,25964
36,26005
36,26028
36,26031
36,26053
36,26087
36,26130
36,26156
36,26243
36,26248
36,26288
36,26391
36,26396
36,26400
36,26411
36,26453
36,26460
36,26469
36,26478
36,26479
36,26510
36,26541
36,26636
36,26649
36,26656
36,26679
36,26691
36,26752
36,26755
36,26758
36,26779
36,26780
36,26783
36,26800
36,26813
36,26829
36,26862
36,26900
36,26904
36,26951
36,27000
36,27042
36,27081
36,27093
36,27100
36,27117
36,27164
36,27177
36,27196
36,27225
36,27264
36,27268
36,27287
36,27297
36,27350
36,27373
36,27445
36,27458
36,27465
36,27518
36,27555
36,27564
36,27626
36,27673
36,27767
36,27776
36,27869
36,27899
36,27986
36,28001
36,28008
36,28010
36,28033
36,28047
36,28060
36,28100
36,28163
36,28188
36,28212
36,28245
36,28284
36,28298
36,28351
36,28428
36,28470
36,28477
36,28502
36,28528
36,28543
36,28557
36,28584
36,28601
36,28606
36,28612
36,28634
36,28668
36,28739
36,28770
36,28774
36,28869
36,28926
36,29005
36,29056
36,29101
36,29128
36,29165
36,29176
36,29210
36,29222
36,29226
36,29263
36,29271
36,29284
36,29309
36,29311
36,29328
36,29382
36,29396
36,29424
36,29432
36,29435
36,29455
36,29460
36,29531
36,29553
37,16
37,59
37,82
37,96
37,130
37,134
37,181
37,258
37,259
37,313
37,321
37,335
37,385
37,391
37,402
37,427
37,480
37,483
37,495
37,524
37,556
37,558
37,567
37,643
37,853
37,948
37,966
37,969
37,983
37,1047
37,1052
37,1061
37,1066
37,1137
37,1146
37,1149
37,1171
37,1186
37,1215
37,1219
37,1331
37,1332
37,1378
37,1387
37,1411
37,1469
37,1470
37,1479
37,1492
37,1543
37,1566
37,1628
37,1637
37,1646
37,1687
37,1717
37,1735
37,1741
37,1743
37,1774
37,1794
37,1803
37,1810
37,1812
37,1825
37,1826
37,1852
37,1863
37,1864
37,1877
37,1918
37,1973
37,2018
37,2137
37,2142
37,2210
37,2223
37,2229
37,2231
37,2377
37,2379
37,2386
37,2393
37,2427
37,2446
37,2468
37,2543
37,2558
37,2607
37,2621
37,2624
37,2638
37,2646
37,2663
37,2702
37,2759
37,2769
37,2790
37,2818
37,2822
37,2830
37,2877
37,2906
37,2913
37,2993
37,3106
37,3109
37,3155
37,3160
37,3167
37,3174
37,3190
37,3200
37,3206
37,3216
37,3228
37,3284
37,3291
37,3357
37,3362
37,3407
37,3425
37,3455
37,3465
37,3473
37,3528
37,3642
37,3650
37,3734
37,3785
37,3800
37,3831
37,3837
37,3838
37,3890
37,3931
37,3990
37,4042
37,4123
37,4132
37,4149
37,4161
37,4200
37,4217
37,4279
37,4287
37,4308
37,4312
37,4314
37,4418
37,4430
37,4509
37,4523
37,4551
37,4558
37,4584
37,4588
37,4606
37,4653
37,4663
37,4665
37,4682
37,4683
37,4716
37,4754
37,4793
37,4794
37,4807
37,4819
37,4886
37,4941
37,4966
37,4969
37,5001
37,5023
37,5039
37,5075
37,5096
37,5198
37,5247
37,5273
37,5337
37,5338
37,5354
37,5364
37,5370
37,5433
37,5452
37,5479
37,5497
37,5516
37,5575
37,5600
37,5644
37,5662
37,5692
37,5749
37,5752
37,5756
37,5810
37,5863
37,5884
37,5889
37,5893
37,5895
37,5936
37,5940
37,5950
37,5951
37,5977
37,5988
37,5994
37,6022
37,6024
37,6139
37,6179
37,6236
37,6296
37,6300
37,6346
37,6348
37,6350
37,6442
37,6491
37,6581
37,6594
37,6645
37,6647
37,6654
37,6686
37,6742
37,6749
37,6758
37,6780
37,6828
37,6897
37,6943
37,6948
37,6992
37,6998
37,7003
37,7008
37,7010
37,7017
37,7020
37,7025
37,7036
37,7050
37,7068
37,7094
37,7138
37,7178
37,7222
37,7378
37,7389
37,7400
37,7417
37,7433
37,7437
37,7454
37,7464
37,7495
37,7504
37,7507
37,7513
37,7531
37,7580
37,7716
37,7774
37,7775
37,7794
37,7851
37,7881
37,7896
37,7904
37,7907
37,7937
37,7942
37,8089
37,8097
37,8110
37,8121
37,8135
37,8172
37,8185
37,8235
37,8254
37,8271
37,8295
37,8302
37,8322
37,8340
37,8352
37,8371
37,8391
37,8419
37,8434
37,8438
37,8452
37,8454
37,8489
37,8493
37,8527
37,8597
37,8601
37,8611
37,8702
37,8737
37,8761
37,8834
37,8835
37,8861
37,8875
37,8960
37,8981
37,8996
37,9005
37,9053
37,9065
37,9076
37,9118
37,9164
37,9199
37,9221
37,9241
37,9276
37,9279
37,9312
37,9317
37,9374
37,9427
37,9503
37,9509
37,9594
37,9662
37,9666
37,9673
37,9697
37,9740
37,9803
37,9824
37,9941
37,10020
37,10042
37,10046
37,10209
37,10232
37,10234
37,10362
37,10372
37,10393
37,10411
37,10421
37,10456
37,10463
37,10475
37,10510
37,10513
37,10683
37,10727
37,10752
37,10786
37,10795
37,10807
37,10839
37,10840
37,10848
37,10851
37,10929
37,10932
37,10994
37,11012
37,11019
37,11112
37,11131
37,11136
37,11265
37,11275
37,11336
37,11367
37,11380
37,11412
37,11420
37,11429
37,11463
37,11474
37,11530
37,11534
37,11535
37,11584
37,11599
37,11620
37,11643
37,11682
37,11723
37,11766
37,11787
37,11789
37,11799
37,11807
37,11836
37,11874
37,11891
37,11915
37,11942
37,11944
37,11971
37,11999
37,12010
37,12019
37,12028
37,12029
37,12034
37,12102
37,12126
37,12130
37,12131
37,12160
37,12163
37,12172
37,12186
37,12221
37,12315
37,12340
37,12370
37,12455
37,12467
37,12549
37,12606
37,12645
37,12655
37,12690
37,12733
37,12738
37,12822
37,12844
37,12856
37,12887
37,12921
37,12975
37,12998
37,13013
37,13023
37,13044
37,13045
37,13067
37,13086
37,13118
37,13147
37,13178
37,13200
37,13246
37,13249
37,13257
37,13272
37,13318
37,13327
37,13349
37,13363
37,13400
37,13419
37,13496
37,13528
37,13562
37,13621
37,13676
37,13721
37,13749
37,13758
37,13808
37,13809
37,13879
37,13896
37,13914
37,13924
37,13978
37,13995
37,14026
37,14037
37,14091
37,14159
37,14196
37,14197
37,14223
37,14234
37,14235
37,14304
37,14306
37,14311
37,14348
37,14360
37,14379
37,14383
37,14395
37,14549
37,14557
37,14560
37,14564
37,14586
37,14587
37,14675
37,14678
37,14702
37,14721
37,14755
37,14811
37,14936
37,14943
37,14980
37,15006
37,15020
37,15028
37,15134
37,15203
37,15210
37,15221
37,15267
37,15277
37,15281
37,15298
37,15310
37,15318
37,15345
37,15371
37,15380
37,15394
37,15396
37,15403
37,15415
37,15425
37,15446
37,15483
37,15550
37,15563
37,15598
37,15601
37,15674
37,15685
37,15707
37,15708
37,15742
37,15806
37,15921
37,15928
37,15957
37,15991
37,16009
37,16066
37,16090
37,16106
37,16132
37,16206
37,16243
37,16248
37,16249
37,16264
37,16276
37,16337
37,16361
37,16424
37,16485
37,16488
37,16516
37,16554
37,16614
37,16651
37,16671
37,16676
37,16677
37,16741
37,16783
37,16785
37,16788
37,16801
37,16861
37,16868
37,16927
37,16965
37,17008
37,17030
37,17113
37,17118
37,17160
37,17180
37,17204
37,17250
37,17253
37,17265
37,17334
37,17399
37,17418
37,17457
37,17466
37,17513
37,17523
37,17543
37,17566
37,17572
37,17596
37,17631
37,17697
37,17710
37,17712
37,17713
37,17795
37,17828
37,17946
37,17968
37,17986
37,18006
37,18016
37,18047
37,18078
37,18141
37,18172
37,18215
37,18225
37,18243
37,18336
37,18382
37,18403
37,18428
37,18493
37,18502
37,18509
37,18545
37,18587
37,18588
37,18614
37,18695
37,18708
37,18716
37,18740
37,18787
37,18807
37,18881
37,18899
37,18928
37,18932
37,18963
37,18977
37,18982
37,19018
37,19022
37,19079
37,19096
37,19107
37,19147
37,19168
37,19175
37,19221
37,19356
37,19390
37,19435
37,19459
37,19463
37,19478
37,19502
37,19506
37,19576
37,19622
37,19628
37,19640
37,19655
37,19669
37,19710
37,19726
37,19742
37,19844
37,19913
37,19926
37,19929
37,19931
37,19952
37,20038
37,20057
37,20058
37,20064
37,20081
37,20097
37,20106
37,20151
37,20157
37,20184
37,20187
37,20221
37,20236
37,20324
37,20334
37,20372
37,20378
37,20406
37,20412
37,20445
37,20476
37,20501
37,20599
37,20604
37,20625
37,20664
37,20695
37,20721
37,20733
37,20736
37,20787
37,20802
37,20826
37,20848
37,20881
37,20882
37,20979
37,20980
37,21032
37,21036
37,21080
37,21091
37,21162
37,21204
37,21228
37,21237
37,21281
37,21288
37,21309
37,21370
37,21436
37,21460
37,21464
37,21474
37,21480
37,21493
37,21517
37,21569
37,21571
37,21588
37,21607
37,21609
37,21617
37,21628
37,21675
37,21679
37,21694
37,21852
37,21858
37,21897
37,21899
37,21911
37,21956
37,21985
37,22080
37,22108
37,22115
37,22119
37,22137
37,22149
37,22153
37,22236
37,22280
37,22283
37,22289
37,22310
37,22321
37,22347
37,22349
37,22358
37,22400
37,22491
37,22505
37,22528
37,22567
37,22572
37,22643
37,22688
37,22691
37,22693
37,22717
37,22724
37,22730
37,22761
37,22908
37,22939
37,22951
37,22966
37,22975
37,23034
37,23060
37,23180
37,23195
37,23200
37,23207
37,23216
37,23222
37,23273
37,23295
37,23310
37,23350
37,23368
37,23385
37,23435
37,23447
37,23488
37,23497
37,23512
37,23532
37,23557
37,23561
37,23597
37,23612
37,23622
37,23647
37,23706
37,23750
37,23771
37,23877
37,23886
37,24057
37,24079
37,24145
37,24176
37,24179
37,24186
37,24268
37,24270
37,24314
37,24358
37,24359
37,24402
37,24437
37,24440
37,24468
37,24471
37,24509
37,24551
37,24553
37,24559
37,24584
37,24644
37,24647
37,24652
37,24681
37,24733
37,24743
37,24781
37,24862
37,24886
37,24902
37,24905
37,24941
37,24986
37,24987
37,25011
37,25021
37,25055
37,25065
37,25072
37,25083
37,25112
37,25206
37,25218
37,25317
37,25363
37,25386
37,25443
37,25459
37,25482
37,25491
37,25510
37,25526
37,25586
37,25591
37,25598
37,25606
37,25615
37,25628
37,25730
37,25748
37,25773
37,25788
37,25795
37,25926
37,25941
37,25952
37,25960
37,26001
37,26046
37,26070
37,26090
37,26168
37,26251
37,26330
37,26395
37,26425
37,26437
37,26448
37,26475
37,26509
37,26535
37,26544
37,26556
37,26629
37,26631
37,26691
37,26697
37,26718
37,26771
37,26844
37,26845
37,26899
37,26917
37,26934
37,26945
37,26947
37,27009
37,27050
37,27077
37,27116
37,27160
37,27267
37,27305
37,27319
37,27359
37,27381
37,27385
37,27397
37,27428
37,27472
37,27474
37,27504
37,27520
37,27544
37,27594
37,27722
37,27723
37,27725
37,27783
37,27811
37,27860
37,27911
37,27975
37,28098
37,28112
37,28128
37,28188
37,28219
37,28232
37,28262
37,28295
37,28303
37,28399
37,28415
37,28419
37,28441
37,28457
37,28468
37,28545
37,28552
37,28605
37,28629
37,28674
37,28838
37,28845
37,28902
37,28957
37,29016
37,29059
37,29161
37,29172
37,29180
37,29261
37,29316
37,29323
37,29356
37,29390
37,29488
37,29490
37,29496
37,29557
38,39
38,63
38,120
38,159
38,229
38,231
38,235
38,239
38,242
38,292
38,395
38,408
38,419
38,454
38,491
38,499
38,524
38,557
38,585
38,616
38,624
38,637
38,661
38,682
38,684
38,691
38,694
38,723
38,745
38,765
38,770
38,774
38,775
38,793
38,816
38,820
38,845
38,906
38,911
38,931
38,952
38,970
38,990
38,992
38,1005
38,1029
38,1038
38,1086
38,1088
38,1116
38,1117
38,1138
38,1153
38,1176
38,1263
38,1272
38,1317
38,1342
38,1344
38,1356
38,1367
38,1386
38,1412
38,1457
38,1462
38,1499
38,1587
38,1588
38,1627
38,1656
38,1669
38,1680
38,1697
38,1728
38,1740
38,1755
38,1816
38,1839
38,1870
38,1884
38,1885
38,1940
38,1956
38,2099
38,2106
38,2119
38,2130
38,2131
38,2154
38,2167
38,2226
38,2331
38,2360
38,2364
38,2377
38,2424
38,2432
38,2463
38,2465
38,2477
38,2482
38,2499
38,2533
38,2564
38,2573
38,2576
38,2584
38,2601
38,2603
38,2611
38,2632
38,2645
38,2676
38,2679
38,2686
38,2805
38,2867
38,2911
38,2919
38,2947
38,2995
38,3010
38,3015
38,3026
38,3047
38,3099
38,3104
38,3148
38,3150
38,3197
38,3201
38,3211
38,3246
38,3266
38,3293
38,3319
38,3350
38,3388
38,3432
38,3454
38,3527
38,3532
38,3537
38,3573
38,3604
38,3609
38,3611
38,3618
38,3623
38,3624
38,3677
38,3686
38,3692
38,3703
38,3707
38,3717
38,3730
38,3740
38,3746
38,3772
38,3777
38,3804
38,3820
38,3824
38,3900
38,3928
38,3943
38,3955
38,3975
38,3981
38,3984
38,3997
38,4016
38,4018
38,4042
38,4075
38,4093
38,4116
38,4179
38,4183
38,4194
38,4206
38,4210
38,4252
38,4313
38,4349
38,4376
38,4398
38,4441
38,4476
38,4515
38,4516
38,4524
38,4526
38,4528
38,4529
38,4557
38,4563
38,4568
38,4597
38,4650
38,4652
38,4697
38,4699
38,4704
38,4710
38,4726
38,4758
38,4765
38,4767
38,4794
38,4798
38,4800
38,4802
38,4847
38,4853
38,4870
38,4871
38,4893
38,4928
38,4938
38,4949
38,4968
38,4973
38,5010
38,5030
38,5056
38,5069
38,5072
38,5107
38,5128
38,5139
38,5183
38,5203
38,5206
38,5216
38,5235
38,5293
38,5330
38,5413
38,5498
38,5522
38,5580
38,5585
38,5606
38,5636
38,5696
38,5706
38,5713
38,5718
38,5728
38,5743
38,5746
38,5773
38,5798
38,5807
38,5821
38,5827
38,5828
38,5836
38,5852
38,5853
38,5927
38,5948
38,5961
38,5964
38,6011
38,6072
38,6073
38,6092
38,6140
38,6142
38,6174
38,6186
38,6195
38,6206
38,6213
38,6258
38,6261
38,6268
38,6288
38,6309
38,6331
38,6395
38,6396
38,6418
38,6436
38,6451
38,6457
38,6475
38,6493
38,6525
38,6541
38,6596
38,6600
38,6620
38,6622
38,6637
38,6646
38,6656
38,6717
38,6735
38,6737
38,6750
38,6769
38,6786
38,6808
38,6821
38,6836
38,6843
38,6886
38,6903
38,6915
38,6918
38,6967
38,6995
38,7007
38,7028
38,7029
38,7032
38,7056
38,7071
38,7086
38,7087
38,7090
38,7096
38,7098
38,7099
38,7116
38,7119
38,7145
38,7152
38,7205
38,7218
38,7220
38,7227
38,7238
38,7256
38,7279
38,7283
38,7288
38,7290
38,7315
38,7328
38,7351
38,7386
38,7389
38,7395
38,7397
38,7446
38,7479
38,7481
38,7489
38,7504
38,7513
38,7518
38,7566
38,7575
38,7585
38,7599
38,7609
38,7621
38,7642
38,7704
38,7708
38,7719
38,7722
38,7725
38,7799
38,7821
38,7823
38,7828
38,7875
38,7915
38,7920
38,7974
38,7990
38,8012
38,8026
38,8037
38,8045
38,8062
38,8085
38,8098
38,8102
38,8108
38,8162
38,8183
38,8191
38,8209
38,8225
38,8238
38,8243
38,8244
38,8249
38,8311
38,8410
38,8426
38,8430
38,8445
38,8495
38,8543
38,8634
38,8638
38,8676
38,8690
38,8706
38,8707
38,8710
38,8715
38,8727
38,8757
38,8864
38,9056
38,9057
38,9095
38,9103
38,9157
38,9187
38,9222
38,9234
38,9235
38,9240
38,9289
38,9291
38,9300
38,9309
38,9329
38,9347
38,9351
38,9356
38,9478
38,9480
38,9524
38,9526
38,9548
38,9555
38,9666
38,9695
38,9706
38,9728
38,9751
38,9752
38,9758
38,9779
38,9788
38,9862
38,9868
38,9960
38,10017
38,10030
38,10043
38,10063
38,10080
38,10090
38,10125
38,10155
38,10182
38,10209
38,10249
38,10253
38,10273
38,10277
38,10339
38,10370
38,10371
38,10394
38,10412
38,10422
38,10426
38,10442
38,10484
38,10492
38,10505
38,10518
38,10610
38,10645
38,10732
38,10734
38,10764
38,10786
38,10865
38,10875
38,10921
38,10954
38,10957
38,11000
38,11020
38,11022
38,11046
38,11155
38,11180
38,11207
38,11216
38,11229
38,11237
38,11254
38,11285
38,11328
38,11368
38,11387
38,11431
38,11441
38,11443
38,11461
38,11561
38,11567
38,11568
38,11591
38,11618
38,11630
38,11648
38,11673
38,11689
38,11709
38,11712
38,11747
38,11802
38,11840
38,11859
38,11862
38,11914
38,11971
38,12009
38,12072
38,12079
38,12100
38,12109
38,12119
38,12167
38,12172
38,12194
38,12245
38,12247
38,12282
38,12288
38,12300
38,12388
38,12403
38,12413
38,12414
38,12459
38,12495
38,12556
38,12590
38,12597
38,12623
38,12640
38,12660
38,12708
38,12729
38,12733
38,12781
38,12791
38,12794
38,12817
38,12928
38,12944
38,12945
38,12981
38,13068
38,13078
38,13116
38,13138
38,13145
38,13153
38,13170
38,13200
38,13263
38,13267
38,13297
38,13320
38,13354
38,13366
38,13383
38,13386
38,13392
38,13407
38,13412
38,13422
38,13426
38,13459
38,13470
38,13480
38,13484
38,13491
38,13501
38,13532
38,13546
38,13553
38,13561
38,13563
38,13568
38,13593
38,13649
38,13657
38,13741
38,13762
38,13765
38,13779
38,13835
38,13847
38,13866
38,13897
38,13927
38,13974
38,13980
38,14014
38,14016
38,14021
38,14058
38,14078
38,14138
38,14208
38,14320
38,14336
38,14337
38,14339
38,14345
38,14349
38,14358
38,14463
38,14473
38,14474
38,14476
38,14481
38,14544
38,14581
38,14627
38,14633
38,14637
38,14656
38,14697
38,14716
38,14791
38,14816
38,14842
38,14845
38,14846
38,14847
38,14862
38,14886
38,14896
38,14915
38,14924
38,14965
38,14973
38,14993
38,15013
38,15016
38,15026
38,15036
38,15043
38,15127
38,15137
38,15171
38,15201
38,15236
38,15255
38,15259
38,15262
38,15313
38,15316
38,15342
38,15360
38,15385
38,15401
38,15492
38,15538
38,15602
38,15672
38,15703
38,15708
38,15723
38,15751
38,15770
38,15777
38,15782
38,15797
38,15799
38,15819
38,15829
38,15859
38,15865
38,15883
38,15937
38,15971
38,16046
38,16051
38,16056
38,16060
38,16072
38,16103
38,16107
38,16171
38,16174
38,16217
38,16223
38,16255
38,16274
38,16334
38,16356
38,16391
38,16452
38,16463
38,16470
38,16475
38,16518
38,16545
38,16557
38,16558
38,16575
38,16599
38,16634
38,16637
38,16719
38,16730
38,16765
38,16811
38,16822
38,16855
38,16910
38,16937
38,16939
38,16957
38,16966
38,16973
38,16976
38,16979
38,17025
38,17036
38,17058
38,17067
38,17083
38,17085
38,17118
38,17133
38,17148
38,17225
38,17237
38,17242
38,17249
38,17258
38,17283
38,17289
38,17313
38,17321
38,17365
38,17381
38,17409
38,17440
38,17447
38,17482
38,17544
38,17558
38,17620
38,17630
38,17652
38,17705
38,17706
38,17728
38,17732
38,17772
38,17785
38,17795
38,17799
38,17861
38,17881
38,17963
38,18013
38,18059
38,18098
38,18135
38,18138
38,18161
38,18162
38,18184
38,18202
38,18215
38,18224
38,18294
38,18367
38,18387
38,18390
38,18394
38,18408
38,18437
38,18472
38,18480
38,18515
38,18532
38,18549
38,18585
38,18595
38,18598
38,18659
38,18693
38,18707
38,18738
38,18750
38,18760
38,18764
38,18775
38,18785
38,18835
38,18859
38,18922
38,18944
38,18997
38,19018
38,19033
38,19039
38,19047
38,19062
38,19100
38,19106
38,19123
38,19147
38,19148
38,19158
38,19240
38,19291
38,19307
38,19313
38,19319
38,19324
38,19339
38,19352
38,19370
38,19378
38,19388
38,19402
38,19426
38,19431
38,19461
38,19498
38,19518
38,19524
38,19572
38,19581
38,19585
38,19587
38,19613
38,19637
38,19652
38,19662
38,19708
38,19733
38,19751
38,19761
38,19768
38,19775
38,19806
38,19807
38,19830
38,19934
38,19945
38,19960
38,19963
38,20026
38,20057
38,20060
38,20086
38,20111
38,20115
38,20131
38,20152
38,20185
38,20186
38,20229
38,20247
38,20358
38,20373
38,20397
38,20448
38,20474
38,20537
38,20541
38,20582
38,20592
38,20594
38,20616
38,20620
38,20647
38,20723
38,20739
38,20762
38,20801
38,20908
38,20913
38,20926
38,20935
38,20977
38,21008
38,21036
38,21044
38,21106
38,21111
38,21118
38,21162
38,21163
38,21168
38,21177
38,21179
38,21221
38,21223
38,21346
38,21389
38,21403
38,21440
38,21478
38,21511
38,21518
38,21524
38,21534
38,21543
38,21560
38,21587
38,21609
38,21612
38,21630
38,21632
38,21649
38,21727
38,21756
38,21787
38,21808
38,21811
38,21822
38,21825
38,21830
38,21835
38,21902
38,21949
38,21971
38,22013
38,22054
38,22147
38,22242
38,22246
38,22252
38,22280
38,22293
38,22337
38,22338
38,22344
38,22381
38,22427
38,22430
38,22437
38,22463
38,22515
38,22516
38,22529
38,22530
38,22548
38,22676
38,22702
38,22706
38,22711
38,22750
38,22781
38,22783
38,22787
38,22853
38,22877
38,22904
38,22905
38,22945
38,22949
38,22976
38,22978
38,23032
38,23037
38,23053
38,23083
38,23093
38,23110
38,23188
38,23197
38,23213
38,23288
38,23296
38,23307
38,23312
38,23372
38,23411
38,23414
38,23419
38,23437
38,23442
38,23499
38,23509
38,23539
38,23583
38,23626
38,23627
38,23641
38,23644
38,23668
38,23702
38,23703
38,23732
38,23775
38,23813
38,23821
38,23839
38,23840
38,23880
38,23898
38,23921
38,23925
38,23934
38,23961
38,24022
38,24041
38,24167
38,24201
38,24280
38,24298
38,24309
38,24335
38,24368
38,24406
38,24412
38,24414
38,24433
38,24465
38,24466
38,24570
38,24576
38,24601
38,24638
38,24667
38,24676
38,24698
38,24726
38,24763
38,24780
38,24801
38,24816
38,24825
38,24830
38,24876
38,24878
38,24911
38,24944
38,24962
38,24974
38,24994
38,25030
38,25104
38,25213
38,25232
38,25233
38,25235
38,25289
38,25309
38,25330
38,25417
38,25419
38,25478
38,25515
38,25585
38,25595
38,25645
38,25653
38,25695
38,25721
38,25767
38,25828
38,25872
38,25879
38,25890
38,25894
38,25901
38,25903
38,25933
38,25937
38,25946
38,25953
38,26033
38,26054
38,26072
38,26130
38,26132
38,26138
38,26145
38,26147
38,26183
38,26193
38,26195
38,26213
38,26225
38,26251
38,26286
38,26296
38,26304
38,26339
38,26353
38,26382
38,26398
38,26502
38,26508
38,26516
38,26524
38,26526
38,26530
38,26563
38,26618
38,26660
38,26662
38,26664
38,26692
38,26758
38,26806
38,26809
38,26821
38,26858
38,26869
38,26886
38,26917
38,26928
38,26943
38,26950
38,26964
38,26965
38,26994
38,26995
38,27000
38,27011
38,27048
38,27051
38,27087
38,27091
38,27100
38,27129
38,27170
38,27177
38,27202
38,27209
38,27237
38,27255
38,27283
38,27286
38,27297
38,27303
38,27419
38,27423
38,27452
38,27455
38,27456
38,27457
38,27491
38,27492
38,27539
38,27624
38,27666
38,27674
38,27701
38,27712
38,27720
38,27727
38,27746
38,27753
38,27783
38,27844
38,27873
38,27891
38,27926
38,27937
38,27940
38,27943
38,27994
38,28012
38,28018
38,28044
38,28049
38,28058
38,28064
38,28076
38,28078
38,28131
38,28146
38,28152
38,28167
38,28205
38,28217
38,28249
38,28281
38,28291
38,28340
38,28350
38,28381
38,28385
38,28453
38,28461
38,28475
38,28506
38,28518
38,28522
38,28523
38,28547
38,28597
38,28677
38,28690
38,28709
38,28712
38,28728
38,28730
38,28749
38,28760
38,28769
38,28774
38,28821
38,28882
38,28889
38,28891
38,28945
38,28976
38,28977
38,28985
38,29027
38,29041
38,29064
38,29149
38,29173
38,29207
38,29263
38,29288
38,29324
38,29342
38,29359
38,29374
38,29394
38,29409
38,29412
38,29418
38,29420
38,29436
38,29447
38,29483
38,29532
38,29535
38,29539
39,3
39,5
39,7
39,24
39,60
39,206
39,208
39,213
39,234
39,277
39,344
39,367
39,381
39,401
39,428
39,441
39,477
39,500
39,509
39,530
39,534
39,597
39,604
39,619
39,635
39,645
39,661
39,725
39,765
39,766
39,772
39,776
39,793
39,810
39,850
39,885
39,888
39,911
39,1005
39,1042
39,1056
39,1101
39,1213
39,1248
39,1256
39,1296
39,1312
39,1313
39,1328
39,1341
39,1358
39,1428
39,1446
39,1461
39,1480
39,1507
39,1578
39,1604
39,1625
39,1649
39,1672
39,1678
39,1697
39,1707
39,1725
39,1731
39,1733
39,1744
39,1765
39,1779
39,1817
39,1841
39,1868
39,1890
39,1896
39,1946
39,1968
39,1996
39,2005
39,2039
39,2042
39,2049
39,2098
39,2116
39,2158
39,2177
39,2191
39,2240
39,2241
39,2250
39,2254
39,2256
39,2297
39,2324
39,2326
39,2333
39,2349
39,2358
39,2366
39,2470
39,2473
39,2475
39,2563
39,2564
39,2570
39,2620
39,2638
39,2659
39,2662
39,2701
39,2729
39,2731
39,2736
39,2749
39,2820
39,2821
39,2858
39,2893
39,2912
39,3005
39,3010
39,3017
39,3024
39,3029
39,3065
39,3087
39,3101
39,3103
39,3120
39,3146
39,3150
39,3217
39,3222
39,3269
39,3314
39,3331
39,3333
39,3339
39,3341
39,3351
39,3362
39,3381
39,3382
39,3391
39,3398
39,3456
39,3471
39,3487
39,3521
39,3565
39,3576
39,3610
39,3639
39,3745
39,3775
39,3815
39,3848
39,3886
39,3916
39,3952
39,3977
39,4012
39,4030
39,4037
39,4042
39,4065
39,4073
39,4110
39,4126
39,4167
39,4223
39,4278
39,4291
39,4322
39,4376
39,4382
39,4425
39,4441
39,4469
39,4474
39,4488
39,4533
39,4587
39,4595
39,4633
39,4660
39,4689
39,4709
39,4710
39,4739
39,4752
39,4766
39,4790
39,4814
39,4872
39,4924
39,4928
39,4946
39,4950
39,4964
39,4971
39,4980
39,5000
39,5051
39,5105
39,5154
39,5173
39,5175
39,5192
39,5202
39,5208
39,5216
39,5262
39,5293
39,5355
39,5381
39,5395
39,5399
39,5432
39,5434
39,5460
39,5523
39,5535
39,5549
39,5598
39,5600
39,5616
39,5659
39,5691
39,5736
39,5771
39,5811
39,5829
39,5893
39,5933
39,5969
39,5986
39,5999
39,6054
39,6083
39,6119
39,6142
39,6169
39,6184
39,6212
39,6226
39,6267
39,6350
39,6367
39,6380
39,6389
39,6400
39,6437
39,6491
39,6524
39,6538
39,6575
39,6607
39,6716
39,6732
39,6742
39,6758
39,6779
39,6795
39,6857
39,6884
39,6885
39,6900
39,6917
39,6927
39,6941
39,6972
39,6981
39,7001
39,7021
39,7035
39,7090
39,7132
39,7166
39,7171
39,7176
39,7197
39,7232
39,7239
39,7276
39,7285
39,7320
39,7351
39,7371
39,7385
39,7390
39,7402
39,7416
39,7418
39,7471
39,7478
39,7501
39,7503
39,7527
39,7543
39,7566
39,7615
39,7715
39,7729
39,7741
39,7866
39,7903
39,7954
39,8005
39,8047
39,8067
39,8091
39,8096
39,8166
39,8210
39,8262
39,8272
39,8273
39,8281
39,8285
39,8287
39,8334
39,8392
39,8410
39,8414
39,8422
39,8481
39,8488
39,8508
39,8522
39,8532
39,8539
39,8582
39,8608
39,8628
39,8693
39,8695
39,8730
39,8799
39,8800
39,8807
39,8821
39,8828
39,8857
39,8872
39,8875
39,8888
39,8933
39,8955
39,8957
39,8962
39,8971
39,8983
39,9007
39,9014
39,9025
39,9033
39,9055
39,9056
39,9076
39,9097
39,9102
39,9233
39,9288
39,9291
39,9318
39,9335
39,9341
39,9351
39,9414
39,9465
39,9477
39,9503
39,9603
39,9641
39,9644
39,9692
39,9698
39,9711
39,9748
39,9754
39,9775
39,9834
39,9849
39,9852
39,9874
39,9917
39,9919
39,9978
39,9997
39,10026
39,10043
39,10085
39,10100
39,10109
39,10119
39,10128
39,10163
39,10165
39,10214
39,10223
39,10262
39,10267
39,10312
39,10323
39,10327
39,10341
39,10342
39,10371
39,10460
39,10497
39,10529
39,10577
39,10626
39,10637
39,10669
39,10678
39,10686
39,10716
39,10740
39,10767
39,10789
39,10799
39,10802
39,10878
39,10884
39,10906
39,10978
39,10981
39,10994
39,11008
39,11029
39,11031
39,11054
39,11069
39,11123
39,11136
39,11178
39,11216
39,11232
39,11248
39,11262
39,11287
39,11288
39,11298
39,11314
39,11370
39,11375
39,11422
39,11425
39,11478
39,11481
39,11487
39,11498
39,11499
39,11525
39,11543
39,11582
39,11618
39,11623
39,11638
39,11640
39,11642
39,11655
39,11661
39,11748
39,11758
39,11761
39,11764
39,11765
39,11786
39,11792
39,11800
39,11902
39,11914
39,11923
39,11928
39,11953
39,11966
39,11981
39,11985
39,12016
39,12050
39,12051
39,12071
39,12098
39,12100
39,12127
39,12130
39,12166
39,12187
39,12203
39,12243
39,12244
39,12258
39,12260
39,12341
39,12347
39,12383
39,12388
39,12390
39,12519
39,12521
39,12536
39,12553
39,12599
39,12640
39,12694
39,12712
39,12714
39,12743
39,12751
39,12763
39,12799
39,12809
39,12812
39,12845
39,12902
39,12963
39,12980
39,12996
39,12997
39,13025
39,13026
39,13072
39,13133
39,13182
39,13198
39,13233
39,13298
39,13356
39,13367
39,13371
39,13380
39,13414
39,13416
39,13464
39,13562
39,13581
39,13583
39,13633
39,13641
39,13711
39,13724
39,13726
39,13777
39,13784
39,13791
39,13832
39,13883
39,13938
39,13951
39,13952
39,13968
39,13971
39,13973
39,14050
39,14149
39,14186
39,14204
39,14205
39,14247
39,14288
39,14302
39,14351
39,14360
39,14375
39,14397
39,14402
39,14424
39,14432
39,14441
39,14445
39,14451
39,14465
39,14508
39,14546
39,14547
39,14563
39,14565
39,14698
39,14740
39,14742
39,14762
39,14768
39,14821
39,14854
39,14858
39,14888
39,14919
39,14949
39,14976
39,15033
39,15052
39,15094
39,15136
39,15201
39,15250
39,15280
39,15294
39,15380
39,15454
39,15475
39,15493
39,15496
39,15506
39,15526
39,15568
39,15583
39,15587
39,15595
39,15624
39,15625
39,15635
39,15692
39,15726
39,15734
39,15758
39,15797
39,15840
39,15875
39,15891
39,15932
39,15961
39,16051
39,16070
39,16100
39,16103
39,16139
39,16163
39,16174
39,16220
39,16227
39,16233
39,16270
39,16298
39,16311
39,16373
39,16378
39,16396
39,16399
39,16417
39,16457
39,16482
39,16507
39,16527
39,16580
39,16598
39,16610
39,16670
39,16676
39,16679
39,16710
39,16720
39,16735
39,16740
39,16764
39,16777
39,16787
39,16793
39,16800
39,16852
39,16877
39,16881
39,16915
39,16959
39,17002
39,17050
39,17058
39,17113
39,17136
39,17143
39,17194
39,17199
39,17229
39,17252
39,17309
39,17310
39,17313
39,17314
39,17375
39,17400
39,17401
39,17413
39,17415
39,17432
39,17456
39,17457
39,17469
39,17504
39,17511
39,17517
39,17536
39,17560
39,17603
39,17606
39,17633
39,17645
39,17661
39,17663
39,17689
39,17709
39,17726
39,17750
39,17776
39,17790
39,17801
39,17804
39,17816
39,17832
39,17868
39,17894
39,17961
39,17980
39,17984
39,17997
39,17998
39,18002
39,18003
39,18012
39,18052
39,18071
39,18081
39,18124
39,18127
39,18155
39,18197
39,18227
39,18228
39,18229
39,18231
39,18274
39,18325
39,18333
39,18348
39,18390
39,18457
39,18483
39,18524
39,18570
39,18586
39,18652
39,18681
39,18684
39,18690
39,18726
39,18729
39,18766
39,18815
39,18825
39,18843
39,18869
39,18876
39,18918
39,18926
39,18939
39,18942
39,18980
39,18993
39,19102
39,19141
39,19157
39,19159
39,19179
39,19192
39,19193
39,19194
39,19219
39,19283
39,19298
39,19340
39,19342
39,19376
39,19406
39,19410
39,19425
39,19467
39,19474
39,19595
39,19621
39,19652
39,19668
39,19676
39,19679
39,19727
39,19819
39,19828
39,19844
39,19856
39,19922
39,19924
39,19928
39,19945
39,19950
39,19982
39,20002
39,20036
39,20086
39,20100
39,20103
39,20110
39,20123
39,20126
39,20149
39,20160
39,20165
39,20171
39,20185
39,20215
39,20255
39,20260
39,20285
39,20311
39,20313
39,20327
39,20381
39,20385
39,20396
39,20411
39,20430
39,20462
39,20468
39,20522
39,20558
39,20572
39,20587
39,20679
39,20745
39,20777
39,20795
39,20822
39,20829
39,20831
39,20936
39,20959
39,21007
39,21039
39,21043
39,21078
39,21098
39,21114
39,21156
39,21177
39,21184
39,21185
39,21191
39,21223
39,21230
39,21246
39,21275
39,21320
39,21323
39,21346
39,21374
39,21376
39,21386
39,21404
39,21416
39,21417
39,21441
39,21447
39,21450
39,21459
39,21465
39,21497
39,21578
39,21629
39,21684
39,21770
39,21785
39,21786
39,21837
39,21872
39,21880
39,21884
39,21887
39,21965
39,22005
39,22039
39,22071
39,22078
39,22084
39,22104
39,22163
39,22167
39,22185
39,22216
39,22224
39,22263
39,22349
39,22428
39,22435
39,22542
39,22580
39,22587
39,22596
39,22598
39,22703
39,22728
39,22754
39,22759
39,22772
39,22816
39,22821
39,22837
39,22838
39,22839
39,22866
39,22872
39,22894
39,22940
39,22944
39,22961
39,22969
39,23002
39,23008
39,23010
39,23102
39,23131
39,23196
39,23217
39,23250
39,23253
39,23254
39,23273
39,23321
39,23330
39,23344
39,23368
39,23393
39,23442
39,23454
39,23489
39,23500
39,23512
39,23513
39,23518
39,23527
39,23528
39,23574
39,23583
39,23620
39,23648
39,23662
39,23716
39,23741
39,23761
39,23781
39,23811
39,23861
39,23870
39,23904
39,23930
39,24020
39,24031
39,24036
39,24043
39,24049
39,24055
39,24100
39,24103
39,24123
39,24140
39,24200
39,24269
39,24332
39,24336
39,24351
39,24417
39,24438
39,24446
39,24452
39,24473
39,24484
39,24537
39,24543
39,24547
39,24549
39,24589
39,24606
39,24642
39,24651
39,24660
39,24688
39,24713
39,24881
39,24886
39,24906
39,24946
39,24978
39,25010
39,25015
39,25020
39,25039
39,25060
39,25075
39,25096
39,25164
39,25207
39,25229
39,25260
39,25261
39,25309
39,25328
39,25337
39,25365
39,25372
39,25426
39,25429
39,25457
39,25491
39,25500
39,25501
39,25518
39,25550
39,25555
39,25563
39,25589
39,25591
39,25607
39,25609
39,25642
39,25681
39,25691
39,25774
39,25776
39,25781
39,25841
39,25852
39,25926
39,25928
39,25942
39,25993
39,26036
39,26054
39,26077
39,26131
39,26134
39,26168
39,26244
39,26258
39,26269
39,26278
39,26280
39,26295
39,26330
39,26368
39,26394
39,26397
39,26399
39,26426
39,26487
39,26643
39,26716
39,26743
39,26796
39,26857
39,26869
39,26885
39,26901
39,26925
39,26972
39,26975
39,26980
39,27015
39,27046
39,27097
39,27110
39,27164
39,27190
39,27269
39,27336
39,27352
39,27373
39,27398
39,27429
39,27447
39,27485
39,27532
39,27603
39,27645
39,27657
39,27696
39,27751
39,27786
39,27790
39,27795
39,27814
39,27840
39,27855
39,27875
39,27925
39,27933
39,27959
39,27968
39,28038
39,28113
39,28125
39,28223
39,28272
39,28288
39,28303
39,28319
39,28351
39,28387
39,28415
39,28439
39,28442
39,28447
39,28485
39,28529
39,28545
39,28560
39,28585
39,28618
39,28630
39,28656
39,28703
39,28711
39,28719
39,28750
39,28762
39,28774
39,28812
39,28822
39,28831
39,28866
39,28929
39,28956
39,28961
39,28975
39,28981
39,29009
39,29058
39,29100
39,29113
39,29127
39,29160
39,29161
39,29184
39,29280
39,29313
39,29352
39,29355
39,29377
39,29385
39,29386
39,29391
39,29392
39,29456
39,29500
39,29544
39,29553
40,17
40,59
40,75
40,79
40,86
40,123
40,158
40,205
40,232
40,239
40,256
40,259
40,268
40,281
40,293
40,297
40,323
40,327
40,331
40,379
40,391
40,406
40,425
40,431
40,449
40,497
40,503
40,511
40,594
40,596
40,604
40,622
40,664
40,717
40,736
40,765
40,776
40,818
40,851
40,862
40,879
40,903
40,956
40,960
40,1011
40,1061
40,1064
40,1101
40,1121
40,1124
40,1167
40,1183
40,1249
40,1252
40,1283
40,1288
40,1290
40,1320
40,1328
40,1332
40,1350
40,1353
40,1379
40,1431
40,1509
40,1522
40,1561
40,1589
40,1625
40,1626
40,1707
40,1766
40,1785
40,1797
40,1836
40,1840
40,1863
40,1865
40,1894
40,1978
40,1989
40,2014
40,2055
40,2066
40,2090
40,2117
40,2140
40,2223
40,2285
40,2292
40,2408
40,2420
40,2430
40,2436
40,2447
40,2455
40,2539
40,2550
40,2625
40,2660
40,2703
40,2743
40,2765
40,2774
40,2831
40,2840
40,2844
40,2874
40,2906
40,2918
40,2931
40,2949
40,2979
40,2980
40,2990
40,2998
40,3040
40,3088
40,3099
40,3103
40,3115
40,3116
40,3192
40,3208
40,3248
40,3253
40,3263
40,3265
40,3298
40,3326
40,3377
40,3395
40,3401
40,3406
40,3413
40,3426
40,3443
40,3483
40,3502
40,3509
40,3528
40,3530
40,3546
40,3623
40,3644
40,3652
40,3660
40,3712
40,3738
40,3756
40,3764
40,3862
40,3901
40,3933
40,3954
40,4072
40,4077
40,4082
40,4122
40,4143
40,4213
40,4217
40,4281
40,4305
40,4316
40,4322
40,4346
40,4400
40,4409
40,4442
40,4481
40,4483
40,4499
40,4503
40,4516
40,4520
40,4529
40,4534
40,4536
40,4561
40,4569
40,4573
40,4644
40,4681
40,4692
40,4695
40,4722
40,4748
40,4768
40,4778
40,4779
40,4785
40,4787
40,4789
40,4817
40,4858
40,4929
40,4934
40,4956
40,4971
40,5003
40,5011
40,5021
40,5046
40,5055
40,5084
40,5161
40,5166
40,5240
40,5368
40,5370
40,5380
40,5389
40,5428
40,5438
40,5440
40,5455
40,5489
40,5498
40,5499
40,5515
40,5521
40,5523
40,5536
40,5553
40,5678
40,5692
40,5701
40,5761
40,5782
40,5783
40,5834
40,5864
40,5872
40,5877
40,5885
40,5891
40,5893
40,5901
40,5923
40,5941
40,5964
40,5970
40,6008
40,6087
40,6106
40,6152
40,6181
40,6200
40,6207
40,6230
40,6269
40,6303
40,6346
40,6366
40,6377
40,6395
40,6403
40,6406
40,6415
40,6420
40,6430
40,6486
40,6550
40,6558
40,6570
40,6600
40,6630
40,6633
40,6637
40,6651
40,6660
40,6666
40,6684
40,6725
40,6726
40,6732
40,6743
40,6790
40,6810
40,6820
40,6862
40,6868
40,6913
40,6919
40,6963
40,7011
40,7042
40,7085
40,7090
40,7110
40,7193
40,7196
40,7246
40,7265
40,7270
40,7275
40,7289
40,7302
40,7304
40,7325
40,7330
40,7331
40,7363
40,7402
40,7406
40,7411
40,7443
40,7457
40,7459
40,7461
40,7493
40,7515
40,7528
40,7562
40,7575
40,7596
40,7619
40,7632
40,7637
40,7653
40,7661
40,7673
40,7693
40,7699
40,7715
40,7723
40,7732
40,7799
40,7818
40,7820
40,7822
40,7829
40,7837
40,7873
40,7901
40,7944
40,7968
40,8021
40,8035
40,8038
40,8045
40,8052
40,8123
40,8124
40,8137
40,8192
40,8217
40,8226
40,8231
40,8276
40,8304
40,8309
40,8329
40,8332
40,8355
40,8361
40,8363
40,8422
40,8433
40,8476
40,8519
40,8585
40,8670
40,8679
40,8716
40,8722
40,8724
40,8758
40,8826
40,8832
40,8845
40,8878
40,8893
40,8916
40,8968
40,8997
40,9013
40,9035
40,9037
40,9051
40,9052
40,9073
40,9083
40,9086
40,9109
40,9155
40,9187
40,9192
40,9200
40,9234
40,9267
40,9272
40,9274
40,9304
40,9326
40,9345
40,9415
40,9421
40,9423
40,9520
40,9545
40,9564
40,9588
40,9592
40,9599
40,9616
40,9636
40,9659
40,9680
40,9734
40,9738
40,9739
40,9741
40,9775
40,9802
40,9809
40,9815
40,9817
40,9836
40,9931
40,9944
40,9972
40,10100
40,10104
40,10120
40,10133
40,10143
40,10163
40,10218
40,10250
40,10256
40,10258
40,10262
40,10298
40,10303
40,10320
40,10333
40,10356
40,10437
40,10450
40,10486
40,10516
40,10531
40,10541
40,10593
40,10671
40,10681
40,10692
40,10702
40,10706
40,10721
40,10760
40,10807
40,10849
40,10861
40,10872
40,10874
40,10947
40,11011
40,11018
40,11049
40,11084
40,11092
40,11097
40,11112
40,11128
40,11134
40,11137
40,11139
40,11145
40,11206
40,11207
40,11208
40,11262
40,11297
40,11313
40,11392
40,11396
40,11489
40,11503
40,11507
40,11511
40,11540
40,11552
40,11582
40,11625
40,11626
40,11633
40,11711
40,11756
40,11807
40,11879
40,11915
40,11918
40,11930
40,11941
40,11950
40,11953
40,11963
40,12004
40,12013
40,12033
40,12042
40,12065
40,12083
40,12152
40,12197
40,12199
40,12204
40,12215
40,12219
40,12241
40,12244
40,12268
40,12365
40,12407
40,12443
40,12508
40,12538
40,12561
40,12577
40,12578
40,12586
40,12637
40,12643
40,12682
40,12713
40,12755
40,12774
40,12805
40,12813
40,12830
40,12853
40,12885
40,12889
40,12981
40,12986
40,13014
40,13027
40,13032
40,13039
40,13040
40,13094
40,13115
40,13136
40,13198
40,13241
40,13243
40,13249
40,13292
40,13318
40,13327
40,13329
40,13344
40,13368
40,13436
40,13476
40,13482
40,13502
40,13508
40,13531
40,13553
40,13569
40,13622
40,13625
40,13636
40,13655
40,13671
40,13790
40,13797
40,13812
40,13816
40,13833
40,13866
40,13879
40,13903
40,13916
40,13926
40,13954
40,13968
40,14025
40,14028
40,14033
40,14141
40,14143
40,14161
40,14186
40,14202
40,14225
40,14233
40,14269
40,14271
40,14288
40,14296
40,14337
40,14358
40,14372
40,14398
40,14427
40,14441
40,14478
40,14498
40,14531
40,14544
40,14546
40,14567
40,14647
40,14684
40,14698
40,14701
40,14774
40,14791
40,14795
40,14878
40,14897
40,14962
40,14999
40,15061
40,15072
40,15089
40,15095
40,15134
40,15213
40,15273
40,15284
40,15295
40,15334
40,15338
40,15341
40,15362
40,15368
40,15383
40,15387
40,15468
40,15476
40,15482
40,15490
40,15496
40,15498
40,15520
40,15549
40,15564
40,15573
40,15618
40,15643
40,15673
40,15676
40,15738
40,15751
40,15773
40,15779
40,15802
40,15877
40,15892
40,15921
40,15953
40,15984
40,16022
40,16033
40,16094
40,16116
40,16120
40,16122
40,16128
40,16166
40,16199
40,16201
40,16258
40,16265
40,16267
40,16273
40,16296
40,16329
40,16364
40,16376
40,16387
40,16389
40,16415
40,16416
40,16436
40,16452
40,16544
40,16546
40,16559
40,16581
40,16593
40,16600
40,16656
40,16682
40,16683
40,16704
40,16770
40,16792
40,16816
40,16855
40,16856
40,16901
40,16912
40,16916
40,16937
40,16950
40,17123
40,17134
40,17145
40,17168
40,17191
40,17200
40,17312
40,17335
40,17336
40,17344
40,17351
40,17367
40,17368
40,17478
40,17484
40,17527
40,17528
40,17549
40,17566
40,17574
40,17580
40,17601
40,17645
40,17663
40,17664
40,17693
40,17701
40,17714
40,17730
40,17806
40,17809
40,17821
40,17858
40,17861
40,17863
40,17885
40,17892
40,17917
40,17918
40,17941
40,17948
40,17970
40,17974
40,17988
40,18003
40,18035
40,18071
40,18094
40,18097
40,18099
40,18102
40,18122
40,18134
40,18159
40,18164
40,18174
40,18185
40,18194
40,18198
40,18204
40,18205
40,18256
40,18282
40,18339
40,18361
40,18365
40,18396
40,18406
40,18420
40,18444
40,18448
40,18449
40,18459
40,18476
40,18481
40,18512
40,18551
40,18566
40,18576
40,18601
40,18610
40,18620
40,18649
40,18652
40,18660
40,18700
40,18711
40,18746
40,18795
40,18832
40,18836
40,18838
40,18862
40,18864
40,18875
40,18933
40,18953
40,18956
40,18967
40,18986
40,18990
40,18994
40,19008
40,19024
40,19080
40,19104
40,19143
40,19146
40,19160
40,19188
40,19213
40,19241
40,19245
40,19254
40,19345
40,19369
40,19436
40,19440
40,19443
40,19472
40,19489
40,19493
40,19527
40,19540
40,19556
40,19581
40,19595
40,19630
40,19633
40,19669
40,19679
40,19704
40,19733
40,19743
40,19752
40,19761
40,19769
40,19773
40,19782
40,19787
40,19791
40,19804
40,19805
40,19819
40,19850
40,19851
40,19852
40,19878
40,19925
40,19972
40,19977
40,19997
40,20002
40,20003
40,20005
40,20041
40,20051
40,20062
40,20075
40,20092
40,20126
40,20136
40,20169
40,20186
40,20188
40,20204
40,20215
40,20219
40,20239
40,20256
40,20293
40,20296
40,20299
40,20335
40,20431
40,20462
40,20463
40,20510
40,20577
40,20580
40,20599
40,20608
40,20624
40,20658
40,20672
40,20678
40,20683
40,20713
40,20783
40,20796
40,20810
40,20821
40,20828
40,20838
40,20903
40,20905
40,20915
40,20934
40,20939
40,20946
40,20981
40,20984
40,20994
40,21031
40,21097
40,21100
40,21148
40,21189
40,21221
40,21257
40,21277
40,21280
40,21283
40,21287
40,21324
40,21331
40,21341
40,21388
40,21406
40,21426
40,21455
40,21468
40,21472
40,21482
40,21507
40,21508
40,21512
40,21527
40,21569
40,21582
40,21591
40,21602
40,21700
40,21707
40,21714
40,21765
40,21783
40,21821
40,21827
40,21829
40,21866
40,21882
40,21900
40,21911
40,21913
40,21916
40,21924
40,21942
40,21966
40,21979
40,21993
40,22006
40,22046
40,22064
40,22071
40,22072
40,22079
40,22117
40,22171
40,22206
40,22217
40,22224
40,22227
40,22245
40,22260
40,22272
40,22312
40,22403
40,22413
40,22418
40,22453
40,22460
40,22469
40,22475
40,22476
40,22493
40,22512
40,22535
40,22576
40,22609
40,22646
40,22670
40,22672
40,22686
40,22711
40,22748
40,22772
40,22781
40,22804
40,22815
40,22834
40,22839
40,22845
40,22863
40,22900
40,22952
40,23013
40,23081
40,23083
40,23110
40,23139
40,23189
40,23192
40,23221
40,23338
40,23423
40,23427
40,23466
40,23479
40,23482
40,23536
40,23543
40,23549
40,23572
40,23583
40,23594
40,23607
40,23614
40,23624
40,23638
40,23641
40,23653
40,23656
40,23665
40,23667
40,23733
40,23740
40,23802
40,23827
40,23833
40,23850
40,23860
40,23929
40,23941
40,23953
40,23999
40,24006
40,24045
40,24048
40,24059
40,24093
40,24106
40,24161
40,24166
40,24186
40,24199
40,24206
40,24220
40,24250
40,24277
40,24287
40,24290
40,24300
40,24318
40,24331
40,24345
40,24346
40,24375
40,24482
40,24505
40,24537
40,24549
40,24556
40,24559
40,24562
40,24579
40,24654
40,24734
40,24797
40,24834
40,24843
40,24893
40,24897
40,25021
40,25030
40,25076
40,25092
40,25098
40,25108
40,25125
40,25159
40,25161
40,25181
40,25182
40,25210
40,25233
40,25269
40,25299
40,25307
40,25329
40,25333
40,25340
40,25343
40,25357
40,25376
40,25389
40,25418
40,25434
40,25437
40,25454
40,25461
40,25466
40,25487
40,25533
40,25542
40,25549
40,25560
40,25646
40,25650
40,25673
40,25737
40,25765
40,25792
40,25796
40,25807
40,25812
40,25837
40,25882
40,25885
40,25893
40,25894
40,25945
40,25962
40,26059
40,26077
40,26091
40,26116
40,26148
40,26177
40,26179
40,26181
40,26249
40,26262
40,26278
40,26317
40,26372
40,26390
40,26395
40,26397
40,26426
40,26429
40,26446
40,26507
40,26514
40,26531
40,26534
40,26591
40,26609
40,26612
40,26675
40,26688
40,26691
40,26706
40,26712
40,26731
40,26749
40,26768
40,26779
40,26856
40,26937
40,26992
40,27004
40,27014
40,27035
40,27085
40,27108
40,27122
40,27124
40,27135
40,27140
40,27148
40,27176
40,27184
40,27192
40,27239
40,27332
40,27395
40,27399
40,27410
40,27418
40,27419
40,27430
40,27473
40,27494
40,27497
40,27510
40,27520
40,27550
40,27592
40,27608
40,27624
40,27657
40,27685
40,27709
40,27728
40,27793
40,27824
40,27825
40,27857
40,27869
40,27878
40,27899
40,27914
40,27967
40,27998
40,28005
40,28015
40,28045
40,28066
40,28103
40,28122
40,28135
40,28136
40,28232
40,28235
40,28244
40,28253
40,28291
40,28369
40,28373
40,28376
40,28423
40,28430
40,28437
40,28443
40,28445
40,28451
40,28513
40,28516
40,28538
40,28542
40,28553
40,28568
40,28595
40,28612
40,28621
40,28664
40,28703
40,28714
40,28764
40,28767
40,28773
40,28795
40,28857
40,28873
40,28901
40,29061
40,29067
40,29068
40,29070
40,29077
40,29140
40,29145
40,29155
40,29170
40,29225
40,29241
40,29316
40,29328
40,29334
40,29380
40,29388
40,29440
40,29450
40,29502
40,29531
41,42
41,48
41,92
41,98
41,127
41,138
41,150
41,158
41,162
41,171
41,213
41,217
41,218
41,279
41,299
41,383
41,387
41,390
41,431
41,484
41,520
41,606
41,680
41,710
41,716
41,787
41,793
41,796
41,827
41,855
41,856
41,869
41,879
41,947
41,973
41,1001
41,1129
41,1132
41,1159
41,1163
41,1169
41,1188
41,1199
41,1225
41,1243
41,1270
41,1290
41,1298
41,1314
41,1323
41,1352
41,1429
41,1482
41,1496
41,1498
41,1516
41,1590
41,1613
41,1641
41,1656
41,1710
41,1733
41,1766
41,1777
41,1804
41,1822
41,1845
41,1875
41,1880
41,1889
41,1924
41,1930
41,1950
41,1968
41,1974
41,1997
41,2017
41,2092
41,2098
41,2107
41,2118
41,2120
41,2127
41,2144
41,2150
41,2180
41,2196
41,2206
41,2231
41,2268
41,2284
41,2288
41,2331
41,2347
41,2376
41,2401
41,2448
41,2478
41,2484
41,2504
41,2506
41,2602
41,2614
41,2632
41,2659
41,2708
41,2766
41,2780
41,2812
41,2815
41,2855
41,2857
41,2864
41,2894
41,2981
41,3008
41,3032
41,3034
41,3125
41,3174
41,3264
41,3274
41,3282
41,3301
41,3327
41,3328
41,3339
41,3347
41,3359
41,3409
41,3418
41,3420
41,3433
41,3448
41,3452
41,3555
41,3557
41,3603
41,3635
41,3665
41,3669
41,3686
41,3753
41,3790
41,3800
41,3808
41,3835
41,3907
41,3914
41,3935
41,3941
41,3977
41,3990
41,3997
41,4051
41,4070
41,4073
41,4080
41,4090
41,4100
41,4102
41,4125
41,4134
41,4181
41,4185
41,4193
41,4196
41,4201
41,4278
41,4281
41,4295
41,4307
41,4327
41,4341
41,4356
41,4409
41,4451
41,4504
41,4522
41,4545
41,4561
41,4564
41,4573
41,4592
41,4688
41,4692
41,4730
41,4734
41,4775
41,4829
41,4858
41,4880
41,4918
41,4933
41,4947
41,4955
41,4990
41,4995
41,5012
41,5018
41,5067
41,5140
41,5166
41,5173
41,5201
41,5217
41,5300
41,5320
41,5364
41,5531
41,5571
41,5608
41,5734
41,5806
41,5813
41,5843
41,5880
41,5890
41,5893
41,5913
41,5950
41,5961
41,5975
41,5989
41,6012
41,6042
41,6075
41,6134
41,6136
41,6250
41,6254
41,6271
41,6284
41,6305
41,6315
41,6369
41,6379
41,6383
41,6487
41,6496
41,6500
41,6513
41,6516
41,6518
41,6587
41,6603
41,6653
41,6666
41,6672
41,6675
41,6678
41,6698
41,6821
41,6842
41,6848
41,6853
41,6860
41,6861
41,6870
41,6875
41,6887
41,6897
41,6939
41,6989
41,7022
41,7055
41,7060
41,7082
41,7085
41,7088
41,7109
41,7120
41,7148
41,7239
41,7276
41,7292
41,7295
41,7370
41,7379
41,7402
41,7431
41,7446
41,7454
41,7460
41,7461
41,7510
41,7571
41,7575
41,7622
41,7634
41,7681
41,7700
41,7713
41,7724
41,7734
41,7760
41,7762
41,7826
41,7856
41,7892
41,7913
41,7953
41,7982
41,8007
41,8011
41,8032
41,8067
41,8070
41,8093
41,8119
41,8120
41,8135
41,8142
41,8177
41,8265
41,8281
41,8283
41,8286
41,8332
41,8434
41,8452
41,8458
41,8484
41,8544
41,8577
41,8590
41,8686
41,8690
41,8739
41,8749
41,8773
41,8776
41,8792
41,8802
41,8804
41,8820
41,8829
41,8831
41,8850
41,8880
41,8885
41,8903
41,8919
41,8942
41,8962
41,8971
41,8995
41,8999
41,9073
41,9094
41,9106
41,9206
41,9215
41,9259
41,9273
41,9287
41,9306
41,9317
41,9339
41,9343
41,9351
41,9361
41,9377
41,9398
41,9464
41,9477
41,9529
41,9538
41,9589
41,9628
41,9652
41,9673
41,9678
41,9680
41,9727
41,9729
41,9779
41,9820
41,9917
41,9940
41,9950
41,9954
41,10006
41,10016
41,10046
41,10058
41,10097
41,10106
41,10131
41,10134
41,10157
41,10203
41,10220
41,10240
41,10243
41,10336
41,10381
41,10390
41,10402
41,10405
41,10421
41,10424
41,10450
41,10452
41,10508
41,10512
41,10514
41,10532
41,10547
41,10572
41,10579
41,10610
41,10620
41,10622
41,10663
41,10725
41,10732
41,10733
41,10741
41,10799
41,10800
41,10801
41,10808
41,10875
41,10878
41,10920
41,10922
41,10940
41,10970
41,11010
41,11056
41,11062
41,11068
41,11072
41,11073
41,11077
41,11115
41,11144
41,11158
41,11181
41,11220
41,11232
41,11250
41,11254
41,11256
41,11303
41,11304
41,11308
41,11345
41,11351
41,11359
41,11379
41,11387
41,11411
41,11450
41,11541
41,11561
41,11571
41,11582
41,11632
41,11669
41,11714
41,11736
41,11790
41,11806
41,11832
41,11836
41,11872
41,11881
41,11921
41,11998
41,12011
41,12027
41,12060
41,12064
41,12080
41,12084
41,12124
41,12131
41,12134
41,12149
41,12153
41,12215
41,12228
41,12258
41,12261
41,12272
41,12275
41,12283
41,12334
41,12337
41,12363
41,12376
41,12393
41,12398
41,12436
41,12460
41,12483
41,12486
41,12508
41,12532
41,12534
41,12535
41,12553
41,12582
41,12612
41,12632
41,12635
41,12647
41,12665
41,12675
41,12696
41,12727
41,12741
41,12760
41,12765
41,12778
41,12792
41,12850
41,12851
41,12862
41,12863
41,12878
41,12886
41,12901
41,12983
41,13021
41,13036
41,13054
41,13062
41,13096
41,13104
41,13123
41,13150
41,13170
41,13175
41,13184
41,13197
41,13229
41,13233
41,13245
41,13267
41,13286
41,13313
41,13333
41,13363
41,13366
41,13388
41,13409
41,13417
41,13421
41,13495
41,13530
41,13534
41,13556
41,13626
41,13673
41,13681
41,13715
41,13732
41,13771
41,13820
41,13824
41,13831
41,13856
41,13905
41,13924
41,13955
41,13958
41,13968
41,13976
41,14033
41,14076
41,14086
41,14095
41,14108
41,14129
41,14202
41,14204
41,14210
41,14228
41,14256
41,14263
41,14270
41,14338
41,14339
41,14340
41,14352
41,14372
41,14392
41,14421
41,14428
41,14439
41,14477
41,14491
41,14511
41,14517
41,14522
41,14589
41,14644
41,14666
41,14728
41,14730
41,14766
41,14795
41,14821
41,14839
41,14973
41,14997
41,15003
41,15014
41,15026
41,15030
41,15043
41,15058
41,15069
41,15146
41,15156
41,15159
41,15182
41,15202
41,15213
41,15217
41,15234
41,15271
41,15276
41,15278
41,15387
41,15398
41,15399
41,15407
41,15479
41,15546
41,15645
41,15666
41,15815
41,15824
41,15913
41,15914
41,15990
41,15992
41,16000
41,16052
41,16073
41,16074
41,16096
41,16140
41,16205
41,16206
41,16208
41,16223
41,16241
41,16272
41,16301
41,16308
41,16323
41,16334
41,16388
41,16409
41,16426
41,16438
41,16454
41,16464
41,16472
41,16482
41,16494
41,16499
41,16511
41,16520
41,16570
41,16571
41,16574
41,16652
41,16662
41,16715
41,16718
41,16720
41,16783
41,16796
41,16799
41,16824
41,16869
41,16874
41,16905
41,16917
41,16956
41,16971
41,16976
41,17017
41,17074
41,17126
41,17138
41,17147
41,17155
41,17190
41,17197
41,17254
41,17297
41,17311
41,17329
41,17384
41,17405
41,17428
41,17431
41,17444
41,17471
41,17496
41,17529
41,17536
41,17579
41,17635
41,17637
41,17666
41,17679
41,17689
41,17747
41,17774
41,17777
41,17867
41,17891
41,17904
41,17924
41,17939
41,17952
41,17979
41,18006
41,18035
41,18062
41,18075
41,18107
41,18116
41,18165
41,18182
41,18183
41,18335
41,18337
41,18436
41,18497
41,18501
41,18504
41,18518
41,18538
41,18567
41,18615
41,18644
41,18654
41,18669
41,18673
41,18724
41,18728
41,18746
41,18748
41,18772
41,18796
41,18800
41,18886
41,18899
41,18907
41,18959
41,19043
41,19063
41,19080
41,19104
41,19163
41,19164
41,19168
41,19216
41,19236
41,19240
41,19322
41,19328
41,19387
41,19390
41,19405
41,19417
41,19423
41,19467
41,19468
41,19484
41,19508
41,19543
41,19565
41,19631
41,19670
41,19741
41,19805
41,19814
41,19828
41,19837
41,19838
41,19842
41,19847
41,19866
41,19871
41,19883
41,19899
41,19913
41,19923
41,19930
41,19948
41,19951
41,19993
41,20010
41,20076
41,20121
41,20174
41,20243
41,20244
41,20262
41,20275
41,20281
41,20287
41,20313
41,20353
41,20358
41,20403
41,20414
41,20426
41,20452
41,20464
41,20478
41,20484
41,20488
41,20518
41,20520
41,20543
41,20545
41,20593
41,20619
41,20622
41,20693
41,20707
41,20820
41,20837
41,20883
41,20913
41,20923
41,20925
41,20956
41,21004
41,21023
41,21086
41,21091
41,21123
41,21169
41,21181
41,21223
41,21229
41,21286
41,21315
41,21442
41,21518
41,21530
41,21538
41,21591
41,21595
41,21598
41,21602
41,21635
41,21646
41,21657
41,21732
41,21748
41,21824
41,21841
41,21852
41,21871
41,21879
41,21912
41,21960
41,21962
41,21971
41,21989
41,21995
41,22020
41,22023
41,22083
41,22126
41,22139
41,22156
41,22166
41,22167
41,22170
41,22189
41,22196
41,22201
41,22230
41,22245
41,22260
41,22328
41,22356
41,22358
41,22385
41,22411
41,22430
41,22476
41,22481
41,22491
41,22509
41,22547
41,22587
41,22600
41,22619
41,22627
41,22656
41,22736
41,22742
41,22745
41,22783
41,22814
41,22819
41,22832
41,22862
41,22877
41,22898
41,22911
41,22953
41,22959
41,22975
41,23003
41,23034
41,23162
41,23216
41,23221
41,23224
41,23251
41,23253
41,23279
41,23304
41,23334
41,23343
41,23349
41,23359
41,23405
41,23437
41,23468
41,23471
41,23481
41,23485
41,23491
41,23501
41,23506
41,23534
41,23541
41,23555
41,23573
41,23615
41,23633
41,23637
41,23679
41,23688
41,23755
41,23820
41,23833
41,23875
41,23900
41,23922
41,23962
41,24015
41,24024
41,24035
41,24047
41,24096
41,24109
41,24124
41,24255
41,24308
41,24310
41,24332
41,24344
41,24355
41,24403
41,24446
41,24461
41,24532
41,24555
41,24576
41,24643
41,24667
41,24682
41,24716
41,24728
41,24746
41,24751
41,24791
41,24831
41,24832
41,24859
41,24878
41,24889
41,24910
41,24995
41,25064
41,25147
41,25153
41,25158
41,25174
41,25186
41,25187
41,25207
41,25225
41,25234
41,25251
41,25252
41,25319
41,25324
41,25330
41,25348
41,25413
41,25440
41,25479
41,25554
41,25571
41,25576
41,25616
41,25628
41,25640
41,25642
41,25658
41,25659
41,25669
41,25673
41,25719
41,25736
41,25765
41,25770
41,25774
41,25776
41,25781
41,25789
41,25820
41,25873
41,25875
41,25968
41,25977
41,25999
41,26010
41,26013
41,26026
41,26052
41,26076
41,26105
41,26117
41,26164
41,26174
41,26219
41,26238
41,26241
41,26250
41,26349
41,26357
41,26374
41,26392
41,26454
41,26491
41,26509
41,26524
41,26579
41,26615
41,26633
41,26678
41,26707
41,26722
41,26725
41,26771
41,26778
41,26783
41,26803
41,26849
41,26884
41,26893
41,26895
41,26896
41,26929
41,26976
41,26998
41,27011
41,27045
41,27049
41,27058
41,27101
41,27102
41,27136
41,27152
41,27161
41,27179
41,27188
41,27279
41,27286
41,27289
41,27291
41,27335
41,27342
41,27368
41,27378
41,27390
41,27483
41,27572
41,27583
41,27642
41,27649
41,27656
41,27661
41,27706
41,27797
41,27804
41,27821
41,27845
41,27888
41,27961
41,27996
41,28013
41,28032
41,28045
41,28054
41,28095
41,28131
41,28138
41,28152
41,28162
41,28181
41,28198
41,28217
41,28228
41,28236
41,28317
41,28335
41,28403
41,28429
41,28435
41,28441
41,28491
41,28495
41,28521
41,28530
41,28534
41,28537
41,28547
41,28549
41,28598
41,28618
41,28619
41,28651
41,28676
41,28682
41,28694
41,28749
41,28791
41,28797
41,28800
41,28844
41,28910
41,28922
41,28927
41,29008
41,29014
41,29019
41,29020
41,29031
41,29035
41,29073
41,29099
41,29227
41,29238
41,29286
41,29313
41,29408
41,29436
41,29443
41,29476
41,29481
41,29486
41,29506
41,29510
41,29518
42,7
42,37
42,50
42,60
42,98
42,135
42,151
42,166
42,170
42,190
42,202
42,207
42,210
42,239
42,278
42,294
42,303
42,315
42,324
42,330
42,338
42,339
42,343
42,345
42,352
42,448
42,450
42,481
42,494
42,501
42,521
42,538
42,579
42,586
42,639
42,648
42,720
42,722
42,750
42,768
42,818
42,858
42,863
42,949
42,953
42,982
42,983
42,984
42,1022
42,1069
42,1072
42,1086
42,1121
42,1130
42,1147
42,1175
42,1220
42,1238
42,1258
42,1312
42,1330
42,1347
42,1359
42,1406
42,1418
42,1448
42,1464
42,1472
42,1490
42,1491
42,1529
42,1539
42,1564
42,1573
42,1579
42,1583
42,1590
42,1615
42,1640
42,1654
42,1660
42,1679
42,1709
42,1738
42,1765
42,1767
42,1770
42,1783
42,1792
42,1826
42,1855
42,1933
42,1943
42,1958
42,2005
42,2013
42,2048
42,2073
42,2080
42,2148
42,2177
42,2227
42,2259
42,2273
42,2340
42,2350
42,2356
42,2395
42,2409
42,2525
42,2555
42,2556
42,2570
42,2592
42,2601
42,2611
42,2697
42,2698
42,2723
42,2725
42,2755
42,2777
42,2806
42,2814
42,2846
42,2891
42,2911
42,2915
42,2938
42,2983
42,3008
42,3031
42,3077
42,3086
42,3107
42,3127
42,3136
42,3137
42,3177
42,3195
42,3214
42,3229
42,3299
42,3344
42,3356
42,3362
42,3370
42,3388
42,3390
42,3403
42,3462
42,3500
42,3559
42,3587
42,3614
42,3619
42,3635
42,3649
42,3656
42,3688
42,3724
42,3768
42,3820
42,3822
42,3825
42,3829
42,3849
42,3878
42,3886
42,3905
42,3921
42,3928
42,3929
42,3932
42,3941
42,3980
42,4030
42,4048
42,4090
42,4105
42,4109
42,4134
42,4140
42,4168
42,4175
42,4204
42,4213
42,4216
42,4229
42,4237
42,4267
42,4278
42,4306
42,4331
42,4351
42,4377
42,4392
42,4449
42,4485
42,4504
42,4520
42,4540
42,4549
42,4580
42,4592
42,4607
42,4648
42,4654
42,4684
42,4724
42,4734
42,4744
42,4760
42,4829
42,4850
42,4912
42,4919
42,4920
42,4921
42,4934
42,4946
42,4952
42,4964
42,4996
42,5027
42,5047
42,5071
42,5084
42,5092
42,5135
42,5143
42,5187
42,5205
42,5211
42,5213
42,5228
42,5262
42,5269
42,5271
42,5284
42,5292
42,5296
42,5306
42,5308
42,5318
42,5366
42,5371
42,5376
42,5467
42,5472
42,5510
42,5547
42,5571
42,5584
42,5585
42,5618
42,5622
42,5657
42,5700
42,5754
42,5762
42,5777
42,5794
42,5877
42,5882
42,5896
42,5929
42,5942
42,5982
42,6037
42,6053
42,6099
42,6103
42,6115
42,6132
42,6154
42,6179
42,6180
42,6224
42,6260
42,6265
42,6266
42,6302
42,6312
42,6326
42,6353
42,6365
42,6380
42,6410
42,6418
42,6490
42,6514
42,6524
42,6588
42,6608
42,6613
42,6624
42,6641
42,6704
42,6710
42,6729
42,6746
42,6758
42,6832
42,6850
42,6886
42,6888
42,6891
42,6893
42,6956
42,6970
42,6971
42,6999
42,7033
42,7034
42,7076
42,7084
42,7085
42,7104
42,7150
42,7156
42,7174
42,7194
42,7206
42,7216
42,7244
42,7253
42,7255
42,7299
42,7331
42,7332
42,7337
42,7341
42,7346
42,7353
42,7363
42,7364
42,7453
42,7456
42,7472
42,7475
42,7508
42,7513
42,7525
42,7586
42,7602
42,7630
42,7636
42,7739
42,7747
42,7795
42,7814
42,7827
42,7839
42,7855
42,7867
42,7870
42,7878
42,7908
42,7977
42,7983
42,8040
42,8097
42,8105
42,8110
42,8127
42,8142
42,8152
42,8174
42,8178
42,8188
42,8273
42,8295
42,8318
42,8346
42,8416
42,8420
42,8431
42,8461
42,8463
42,8464
42,8499
42,8506
42,8535
42,8551
42,8587
42,8592
42,8603
42,8608
42,8613
42,8628
42,8641
42,8643
42,8720
42,8737
42,8763
42,8794
42,8803
42,8840
42,8862
42,8932
42,9004
42,9025
42,9127
42,9152
42,9175
42,9202
42,9210
42,9230
42,9248
42,9253
42,9258
42,9282
42,9307
42,9326
42,9383
42,9439
42,9465
42,9474
42,9483
42,9522
42,9569
42,9587
42,9624
42,9637
42,9642
42,9670
42,9674
42,9731
42,9764
42,9769
42,9797
42,9813
42,9870
42,9879
42,9890
42,9899
42,9907
42,9921
42,9928
42,9944
42,9976
42,10077
42,10100
42,10106
42,10147
42,10151
42,10182
42,10195
42,10367
42,10370
42,10380
42,10391
42,10402
42,10409
42,10431
42,10453
42,10476
42,10492
42,10526
42,10542
42,10557
42,10597
42,10607
42,10619
42,10641
42,10664
42,10673
42,10691
42,10718
42,10721
42,10728
42,10744
42,10749
42,10780
42,10785
42,10791
42,10792
42,10795
42,10835
42,10855
42,10877
42,10889
42,10890
42,10895
42,10912
42,10935
42,10944
42,10955
42,10957
42,10971
42,10985
42,10995
42,11004
42,11007
42,11014
42,11137
42,11147
42,11164
42,11169
42,11291
42,11316
42,11320
42,11321
42,11365
42,11418
42,11459
42,11461
42,11469
42,11559
42,11579
42,11588
42,11617
42,11618
42,11649
42,11663
42,11706
42,11763
42,11788
42,11819
42,11834
42,11846
42,11906
42,11908
42,11925
42,11973
42,11986
42,12008
42,12035
42,12040
42,12087
42,12153
42,12201
42,12212
42,12225
42,12239
42,12254
42,12311
42,12365
42,12376
42,12398
42,12400
42,12409
42,12411
42,12434
42,12439
42,12461
42,12497
42,12556
42,12564
42,12605
42,12609
42,12614
42,12629
42,12655
42,12659
42,12663
42,12668
42,12669
42,12717
42,12732
42,12749
42,12756
42,12784
42,12791
42,12816
42,12819
42,12852
42,12864
42,12898
42,12910
42,12914
42,12922
42,12949
42,12973
42,12986
42,13015
42,13035
42,13069
42,13070
42,13109
42,13127
42,13159
42,13161
42,13164
42,13179
42,13181
42,13197
42,13204
42,13224
42,13247
42,13257
42,13262
42,13266
42,13305
42,13321
42,13363
42,13366
42,13368
42,13370
42,13383
42,13401
42,13409
42,13443
42,13458
42,13466
42,13485
42,13486
42,13529
42,13573
42,13579
42,13594
42,13608
42,13611
42,13638
42,13639
42,13645
42,13709
42,13777
42,13780
42,13786
42,13800
42,13820
42,13822
42,13828
42,13871
42,13879
42,13880
42,13928
42,13938
42,13964
42,13988
42,14009
42,14039
42,14069
42,14072
42,14079
42,14115
42,14116
42,14143
42,14166
42,14203
42,14222
42,14223
42,14231
42,14233
42,14258
42,14262
42,14279
42,14285
42,14336
42,14356
42,14370
42,14403
42,14425
42,14461
42,14464
42,14479
42,14491
42,14492
42,14493
42,14529
42,14533
42,14537
42,14597
42,14598
42,14602
42,14608
42,14645
42,14683
42,14755
42,14765
42,14802
42,14837
42,14905
42,14936
42,14982
42,14989
42,15018
42,15020
42,15035
42,15040
42,15044
42,15048
42,15057
42,15061
42,15090
42,15097
42,15105
42,15115
42,15146
42,15174
42,15190
42,15194
42,15204
42,15220
42,15232
42,15289
42,15313
42,15366
42,15385
42,15391
42,15413
42,15415
42,15450
42,15500
42,15514
42,15541
42,15548
42,15561
42,15567
42,15590
42,15632
42,15636
42,15640
42,15674
42,15698
42,15702
42,15739
42,15764
42,15773
42,15787
42,15812
42,15825
42,15833
42,15852
42,15868
42,15888
42,15949
42,15957
42,15983
42,15985
42,15989
42,16004
42,16072
42,16079
42,16082
42,16099
42,16117
42,16137
42,16176
42,16196
42,16210
42,16211
42,16213
42,16219
42,16236
42,16261
42,16265
42,16364
42,16378
42,16425
42,16470
42,16497
42,16504
42,16511
42,16513
42,16519
42,16537
42,16559
42,16562
42,16576
42,16614
42,16627
42,16631
42,16650
42,16670
42,16675
42,16684
42,16777
42,16789
42,16803
42,16808
42,16820
42,16828
42,16847
42,16868
42,16972
42,16998
42,17005
42,17023
42,17064
42,17070
42,17082
42,17103
42,17130
42,17134
42,17138
42,17143
42,17163
42,17195
42,17208
42,17233
42,17268
42,17295
42,17333
42,17334
42,17344
42,17372
42,17407
42,17434
42,17435
42,17442
42,17453
42,17470
42,17488
42,17551
42,17568
42,17594
42,17605
42,17618
42,17634
42,17771
42,17797
42,17828
42,17831
42,17846
42,17856
42,17862
42,17897
42,17928
42,18024
42,18026
42,18084
42,18088
42,18093
42,18131
42,18164
42,18185
42,18191
42,18208
42,18248
42,18306
42,18335
42,18341
42,18352
42,18397
42,18433
42,18438
42,18443
42,18457
42,18473
42,18508
42,18516
42,18551
42,18605
42,18615
42,18629
42,18642
42,18692
42,18731
42,18739
42,18752
42,18754
42,18839
42,18888
42,18904
42,18939
42,19022
42,19037
42,19071
42,19097
42,19103
42,19150
42,19191
42,19228
42,19247
42,19257
42,19281
42,19282
42,19285
42,19331
42,19352
42,19362
42,19365
42,19418
42,19420
42,19427
42,19440
42,19491
42,19512
42,19520
42,19530
42,19553
42,19606
42,19609
42,19613
42,19624
42,19626
42,19641
42,19733
42,19747
42,19799
42,19804
42,19855
42,19898
42,19987
42,20053
42,20058
42,20074
42,20093
42,20101
42,20151
42,20195
42,20252
42,20335
42,20358
42,20373
42,20378
42,20408
42,20442
42,20495
42,20513
42,20542
42,20551
42,20555
42,20564
42,20567
42,20599
42,20606
42,20611
42,20624
42,20666
42,20729
42,20769
42,20777
42,20798
42,20823
42,20829
42,20840
42,20844
42,20852
42,20857
42,20874
42,20876
42,20891
42,20926
42,20932
42,20940
42,20945
42,20979
42,21022
42,21036
42,21069
42,21077
42,21092
42,21096
42,21113
42,21203
42,21213
42,21239
42,21246
42,21281
42,21283
42,21307
42,21320
42,21340
42,21373
42,21379
42,21387
42,21403
42,21433
42,21474
42,21491
42,21502
42,21517
42,21552
42,21553
42,21556
42,21558
42,21574
42,21627
42,21653
42,21672
42,21695
42,21707
42,21772
42,21775
42,21776
42,21777
42,21808
42,21821
42,21827
42,21839
42,21845
42,21880
42,21950
42,21956
42,21970
42,22018
42,22043
42,22086
42,22112
42,22131
42,22149
42,22207
42,22254
42,22258
42,22288
42,22327
42,22332
42,22363
42,22365
42,22409
42,22473
42,22498
42,22501
42,22540
42,22605
42,22612
42,22618
42,22627
42,22662
42,22704
42,22779
42,22784
42,22785
42,22835
42,22898
42,22901
42,22916
42,22954
42,22978
42,22989
42,23009
42,23012
42,23029
42,23033
42,23039
42,23047
42,23065
42,23125
42,23254
42,23279
42,23297
42,23309
42,23350
42,23358
42,23362
42,23384
42,23399
42,23435
42,23438
42,23451
42,23471
42,23514
42,23519
42,23520
42,23522
42,23550
42,23575
42,23586
42,23643
42,23653
42,23656
42,23683
42,23690
42,23693
42,23740
42,23749
42,23797
42,23810
42,23825
42,23887
42,23892
42,23918
42,23933
42,23944
42,23958
42,23972
42,23976
42,23977
42,23986
42,24068
42,24077
42,24113
42,24137
42,24152
42,24184
42,24185
42,24186
42,24209
42,24213
42,24217
42,24220
42,24251
42,24296
42,24339
42,24345
42,24376
42,24380
42,24386
42,24412
42,24425
42,24430
42,24446
42,24473
42,24485
42,24513
42,24542
42,24576
42,24611
42,24614
42,24646
42,24674
42,24723
42,24725
42,24841
42,24858
42,24943
42,24954
42,24976
42,25077
42,25090
42,25128
42,25159
42,25185
42,25242
42,25262
42,25272
42,25277
42,25314
42,25330
42,25333
42,25336
42,25446
42,25447
42,25493
42,25501
42,25554
42,25556
42,25560
42,25585
42,25625
42,25632
42,25668
42,25749
42,25772
42,25777
42,25794
42,25796
42,25804
42,25807
42,25825
42,25839
42,25894
42,25895
42,25910
42,25953
42,25960
42,25967
42,26007
42,26025
42,26029
42,26036
42,26128
42,26133
42,26139
42,26147
42,26167
42,26236
42,26252
42,26305
42,26327
42,26334
42,26357
42,26395
42,26438
42,26439
42,26459
42,26466
42,26472
42,26489
42,26528
42,26546
42,26549
42,26571
42,26576
42,26595
42,26610
42,26627
42,26645
42,26650
42,26680
42,26784
42,26796
42,26832
42,26838
42,26850
42,26879
42,26890
42,26892
42,26901
42,26902
42,26931
42,26966
42,26983
42,26985
42,26991
42,26999
42,27060
42,27081
42,27122
42,27148
42,27157
42,27225
42,27231
42,27276
42,27289
42,27308
42,27318
42,27342
42,27371
42,27377
42,27406
42,27423
42,27451
42,27465
42,27471
42,27474
42,27480
42,27538
42,27539
42,27555
42,27569
42,27576
42,27579
42,27629
42,27632
42,27673
42,27681
42,27705
42,27710
42,27732
42,27740
42,27762
42,27768
42,27770
42,27781
42,27786
42,27807
42,27827
42,27880
42,27909
42,27911
42,27921
42,27922
42,27951
42,27955
42,27956
42,27971
42,27980
42,28048
42,28060
42,28104
42,28128
42,28131
42,28158
42,28172
42,28173
42,28208
42,28215
42,28242
42,28284
42,28290
42,28301
42,28316
42,28324
42,28352
42,28379
42,28389
42,28420
42,28450
42,28451
42,28461
42,28506
42,28526
42,28531
42,28534
42,28543
42,28558
42,28572
42,28586
42,28593
42,28603
42,28612
42,28628
42,28631
42,28632
42,28658
42,28692
42,28694
42,28700
42,28754
42,28787
42,28859
42,28912
42,28919
42,28922
42,28923
42,28966
42,28989
42,28994
42,28997
42,29017
42,29033
42,29035
42,29050
42,29073
42,29081
42,29099
42,29115
42,29124
42,29135
42,29139
42,29144
42,29175
42,29179
42,29231
42,29252
42,29257
42,29274
42,29294
42,29335
42,29349
42,29360
42,29378
42,29391
42,29393
42,29425
42,29450
42,29468
42,29487
42,29492
42,29498
42,29501
42,29508
42,29528
42,29555
43,1
43,6
43,30
43,53
43,95
43,121
43,125
43,135
43,145
43,151
43,195
43,246
43,281
43,379
43,413
43,418
43,429
43,437
43,451
43,452
43,453
43,474
43,539
43,556
43,571
43,574
43,582
43,585
43,589
43,604
43,615
43,665
43,682
43,688
43,743
43,765
43,772
43,783
43,795
43,893
43,911
43,913
43,929
43,971
43,988
43,1045
43,1053
43,1076
43,1152
43,1178
43,1185
43,1270
43,1283
43,1294
43,1313
43,1332
43,1342
43,1362
43,1440
43,1480
43,1481
43,1518
43,1526
43,1537
43,1538
43,1570
43,1575
43,1600
43,1623
43,1645
43,1693
43,1728
43,1738
43,1770
43,1781
43,1783
43,1790
43,1838
43,1842
43,1847
43,1883
43,1938
43,1964
43,1969
43,1972
43,1988
43,1992
43,2004
43,2035
43,2041
43,2098
43,2110
43,2122
43,2128
43,2152
43,2188
43,2199
43,2212
43,2217
43,2248
43,2268
43,2279
43,2309
43,2310
43,2345
43,2353
43,2357
43,2391
43,2417
43,2463
43,2479
43,2495
43,2554
43,2572
43,2573
43,2600
43,2622
43,2639
43,2644
43,2662
43,2681
43,2702
43,2711
43,2761
43,2783
43,2791
43,2805
43,2835
43,2862
43,2901
43,2911
43,2924
43,2957
43,2961
43,2962
43,3034
43,3083
43,3095
43,3121
43,3122
43,3143
43,3151
43,3156
43,3193
43,3206
43,3248
43,3427
43,3467
43,3546
43,3570
43,3571
43,3613
43,3631
43,3643
43,3810
43,3836
43,3872
43,3877
43,3899
43,3903
43,3904
43,3977
43,4044
43,4092
43,4131
43,4144
43,4156
43,4176
43,4237
43,4261
43,4269
43,4277
43,4315
43,4408
43,4438
43,4468
43,4491
43,4501
43,4541
43,4559
43,4576
43,4588
43,4607
43,4625
43,4630
43,4690
43,4705
43,4729
43,4745
43,4748
43,4756
43,4773
43,4775
43,4784
43,4792
43,4800
43,4802
43,4803
43,4808
43,4841
43,4845
43,4849
43,4860
43,4876
43,4885
43,4900
43,4913
43,4922
43,4929
43,4936
43,4989
43,5007
43,5019
43,5040
43,5071
43,5078
43,5095
43,5110
43,5112
43,5118
43,5138
43,5242
43,5258
43,5319
43,5322
43,5339
43,5341
43,5357
43,5359
43,5370
43,5382
43,5433
43,5441
43,5450
43,5481
43,5540
43,5556
43,5583
43,5624
43,5688
43,5722
43,5770
43,5802
43,5833
43,5842
43,5860
43,5869
43,5893
43,5900
43,5932
43,5938
43,5967
43,5971
43,6000
43,6011
43,6022
43,6024
43,6029
43,6110
43,6125
43,6131
43,6162
43,6171
43,6174
43,6175
43,6225
43,6227
43,6298
43,6378
43,6420
43,6470
43,6472
43,6478
43,6484
43,6594
43,6605
43,6621
43,6640
43,6666
43,6675
43,6680
43,6701
43,6703
43,6728
43,6732
43,6801
43,6846
43,6888
43,6929
43,6930
43,6951
43,6953
43,6964
43,6972
43,7050
43,7051
43,7066
43,7071
43,7097
43,7119
43,7143
43,7154
43,7179
43,7200
43,7206
43,7217
43,7221
43,7260
43,7275
43,7288
43,7293
43,7315
43,7324
43,7330
43,7334
43,7338
43,7393
43,7424
43,7434
43,7468
43,7478
43,7497
43,7499
43,7505
43,7511
43,7514
43,7529
43,7541
43,7574
43,7597
43,7634
43,7636
43,7652
43,7670
43,7712
43,7716
43,7724
43,7767
43,7797
43,7826
43,7849
43,7863
43,7872
43,7898
43,7901
43,7919
43,7921
43,7945
43,7981
43,7982
43,8029
43,8031
43,8064
43,8085
43,8123
43,8127
43,8150
43,8155
43,8170
43,8181
43,8184
43,8192
43,8216
43,8234
43,8254
43,8269
43,8337
43,8350
43,8371
43,8390
43,8398
43,8434
43,8440
43,8448
43,8488
43,8571
43,8582
43,8586
43,8588
43,8605
43,8608
43,8610
43,8628
43,8668
43,8671
43,8685
43,8696
43,8699
43,8720
43,8729
43,8738
43,8741
43,8772
43,8773
43,8779
43,8790
43,8792
43,8825
43,8858
43,8871
43,8900
43,8960
43,8969
43,9013
43,9064
43,9084
43,9091
43,9159
43,9202
43,9203
43,9208
43,9239
43,9254
43,9255
43,9269
43,9276
43,9283
43,9342
43,9353
43,9354
43,9376
43,9417
43,9422
43,9448
43,9449
43,9457
43,9464
43,9465
43,9483
43,9491
43,9511
43,9516
43,9527
43,9543
43,9575
43,9598
43,9609
43,9649
43,9680
43,9710
43,9718
43,9759
43,9774
43,9775
43,9788
43,9799
43,9839
43,9863
43,9867
43,9886
43,9900
43,9912
43,9915
43,9929
43,9943
43,9989
43,9998
43,9999
43,10068
43,10124
43,10134
43,10150
43,10237
43,10298
43,10308
43,10312
43,10318
43,10322
43,10326
43,10333
43,10394
43,10395
43,10408
43,10431
43,10477
43,10529
43,10533
43,10537
43,10541
43,10581
43,10613
43,10633
43,10652
43,10676
43,10678
43,10680
43,10742
43,10775
43,10790
43,10797
43,10802
43,10804
43,10814
43,10846
43,10877
43,10927
43,10941
43,10948
43,10955
43,10976
43,11020
43,11024
43,11045
43,11053
43,11108
43,11117
43,11130
43,11134
43,11140
43,11173
43,11194
43,11204
43,11224
43,11276
43,11312
43,11321
43,11369
43,11373
43,11405
43,11427
43,11436
43,11455
43,11457
43,11477
43,11483
43,11498
43,11535
43,11576
43,11621
43,11629
43,11654
43,11724
43,11725
43,11739
43,11772
43,11773
43,11852
43,11856
43,11877
43,11889
43,11893
43,11957
43,11958
43,12005
43,12016
43,12038
43,12058
43,12068
43,12142
43,12143
43,12160
43,12173
43,12188
43,12249
43,12264
43,12276
43,12277
43,12326
43,12330
43,12337
43,12375
43,12378
43,12450
43,12532
43,12537
43,12551
43,12590
43,12594
43,12599
43,12600
43,12640
43,12647
43,12662
43,12667
43,12695
43,12716
43,12742
43,12752
43,12753
43,12754
43,12755
43,12779
43,12783
43,12784
43,12790
43,12796
43,12797
43,12798
43,12832
43,12850
43,12864
43,12873
43,12888
43,12932
43,12943
43,12978
43,12996
43,13011
43,13022
43,13038
43,13042
43,13045
43,13062
43,13068
43,13109
43,13127
43,13134
43,13136
43,13156
43,13161
43,13194
43,13196
43,13198
43,13215
43,13232
43,13244
43,13263
43,13267
43,13318
43,13331
43,13332
43,13343
43,13367
43,13408
43,13411
43,13431
43,13463
43,13480
43,13516
43,13543
43,13556
43,13570
43,13578
43,13593
43,13596
43,13599
43,13604
43,13608
43,13616
43,13617
43,13636
43,13638
43,13640
43,13656
43,13685
43,13701
43,13707
43,13751
43,13768
43,13787
43,13799
43,13843
43,13871
43,13903
43,13941
43,14024
43,14057
43,14082
43,14088
43,14094
43,14126
43,14137
43,14143
43,14147
43,14156
43,14171
43,14176
43,14202
43,14207
43,14231
43,14316
43,14337
43,14344
43,14400
43,14428
43,14439
43,14446
43,14479
43,14502
43,14520
43,14523
43,14590
43,14668
43,14681
43,14682
43,14700
43,14731
43,14751
43,14811
43,14828
43,14847
43,14872
43,14882
43,14894
43,14924
43,14955
43,14984
43,15038
43,15069
43,15070
43,15083
43,15105
43,15114
43,15131
43,15176
43,15250
43,15253
43,15263
43,15275
43,15334
43,15389
43,15407
43,15429
43,15449
43,15518
43,15550
43,15585
43,15592
43,15597
43,15600
43,15606
43,15611
43,15619
43,15624
43,15633
43,15638
43,15655
43,15672
43,15720
43,15731
43,15749
43,15754
43,15768
43,15770
43,15778
43,15790
43,15803
43,15850
43,15878
43,15887
43,15889
43,15900
43,15993
43,15996
43,16018
43,16022
43,16026
43,16040
43,16055
43,16057
43,16060
43,16072
43,16109
43,16179
43,16193
43,16233
43,16241
43,16268
43,16277
43,16284
43,16299
43,16308
43,16310
43,16383
43,16396
43,16411
43,16424
43,16426
43,16443
43,16445
43,16455
43,16471
43,16473
43,16494
43,16497
43,16538
43,16540
43,16571
43,16587
43,16622
43,16630
43,16636
43,16706
43,16735
43,16766
43,16776
43,16802
43,16807
43,16857
43,16859
43,16865
43,16880
43,16940
43,16991
43,17005
43,17020
43,17036
43,17042
43,17064
43,17128
43,17136
43,17141
43,17147
43,17150
43,17163
43,17200
43,17249
43,17253
43,17257
43,17261
43,17290
43,17305
43,17322
43,17368
43,17395
43,17398
43,17400
43,17420
43,17490
43,17504
43,17539
43,17573
43,17624
43,17629
43,17634
43,17655
43,17677
43,17696
43,17731
43,17772
43,17800
43,17818
43,17821
43,17869
43,17876
43,17904
43,17937
43,17945
43,17989
43,18001
43,18073
43,18078
43,18115
43,18172
43,18205
43,18216
43,18218
43,18241
43,18268
43,18287
43,18351
43,18358
43,18372
43,18397
43,18415
43,18418
43,18445
43,18572
43,18586
43,18699
43,18716
43,18719
43,18724
43,18739
43,18741
43,18759
43,18785
43,18795
43,18798
43,18809
43,18852
43,18855
43,18890
43,18891
43,18902
43,18978
43,19000
43,19020
43,19067
43,19069
43,19080
43,19098
43,19137
43,19158
43,19206
43,19246
43,19341
43,19343
43,19364
43,19401
43,19422
43,19429
43,19479
43,19494
43,19500
43,19528
43,19560
43,19568
43,19569
43,19575
43,19586
43,19604
43,19658
43,19692
43,19751
43,19777
43,19798
43,19805
43,19837
43,19841
43,19855
43,19866
43,19882
43,19910
43,19926
43,19929
43,19933
43,19996
43,20016
43,20040
43,20095
43,20110
43,20111
43,20143
43,20147
43,20194
43,20217
43,20219
43,20222
43,20228
43,20239
43,20269
43,20281
43,20331
43,20340
43,20355
43,20368
43,20374
43,20375
43,20422
43,20430
43,20446
43,20473
43,20487
43,20497
43,20498
43,20551
43,20577
43,20595
43,20611
43,20628
43,20652
43,20662
43,20702
43,20721
43,20747
43,20752
43,20753
43,20760
43,20789
43,20854
43,20901
43,20908
43,20920
43,20928
43,20984
43,20996
43,21023
43,21032
43,21056
43,21065
43,21067
43,21076
43,21123
43,21217
43,21219
43,21239
43,21255
43,21277
43,21319
43,21356
43,21370
43,21382
43,21414
43,21422
43,21429
43,21442
43,21513
43,21515
43,21532
43,21547
43,21554
43,21568
43,21687
43,21739
43,21762
43,21764
43,21765
43,21774
43,21776
43,21819
43,21832
43,21899
43,21916
43,21996
43,22020
43,22029
43,22036
43,22130
43,22164
43,22167
43,22184
43,22191
43,22208
43,22220
43,22228
43,22234
43,22266
43,22283
43,22294
43,22299
43,22351
43,22364
43,22401
43,22403
43,22416
43,22522
43,22548
43,22567
43,22580
43,22619
43,22627
43,22648
43,22756
43,22759
43,22762
43,22764
43,22772
43,22774
43,22777
43,22787
43,22790
43,22797
43,22853
43,22966
43,23007
43,23106
43,23126
43,23132
43,23138
43,23163
43,23182
43,23192
43,23206
43,23211
43,23248
43,23271
43,23274
43,23299
43,23300
43,23310
43,23319
43,23323
43,23332
43,23378
43,23395
43,23432
43,23457
43,23470
43,23522
43,23539
43,23546
43,23547
43,23604
43,23614
43,23695
43,23703
43,23731
43,23774
43,23802
43,23822
43,23826
43,23833
43,23866
43,23918
43,23948
43,23955
43,23958
43,24010
43,24016
43,24039
43,24074
43,24077
43,24089
43,24104
43,24109
43,24125
43,24137
43,24151
43,24164
43,24222
43,24296
43,24337
43,24378
43,24385
43,24392
43,24446
43,24447
43,24453
43,24488
43,24568
43,24601
43,24625
43,24638
43,24668
43,24706
43,24709
43,24718
43,24728
43,24773
43,24786
43,24790
43,24800
43,24875
43,24884
43,24906
43,24922
43,24929
43,24952
43,24959
43,25027
43,25045
43,25100
43,25105
43,25111
43,25152
43,25164
43,25202
43,25216
43,25251
43,25297
43,25326
43,25345
43,25359
43,25370
43,25373
43,25382
43,25414
43,25419
43,25440
43,25511
43,25523
43,25556
43,25592
43,25597
43,25621
43,25627
43,25633
43,25670
43,25718
43,25738
43,25896
43,25987
43,26000
43,26089
43,26106
43,26121
43,26131
43,26170
43,26187
43,26233
43,26267
43,26274
43,26275
43,26291
43,26364
43,26390
43,26402
43,26505
43,26513
43,26553
43,26558
43,26580
43,26602
43,26604
43,26676
43,26681
43,26689
43,26691
43,26744
43,26800
43,26811
43,26824
43,26830
43,26835
43,26859
43,26882
43,26918
43,26939
43,26952
43,26973
43,26999
43,27003
43,27018
43,27020
43,27086
43,27093
43,27103
43,27119
43,27170
43,27231
43,27239
43,27246
43,27352
43,27372
43,27407
43,27419
43,27523
43,27543
43,27561
43,27591
43,27594
43,27628
43,27667
43,27674
43,27708
43,27738
43,27747
43,27759
43,27806
43,27808
43,27829
43,27855
43,27877
43,27880
43,27925
43,27976
43,27978
43,28008
43,28014
43,28081
43,28098
43,28118
43,28132
43,28163
43,28167
43,28207
43,28213
43,28256
43,28274
43,28288
43,28295
43,28302
43,28305
43,28330
43,28352
43,28369
43,28384
43,28396
43,28424
43,28440
43,28444
43,28556
43,28566
43,28587
43,28588
43,28605
43,28612
43,28616
43,28621
43,28628
43,28663
43,28696
43,28711
43,28714
43,28726
43,28730
43,28735
43,28815
43,28825
43,28833
43,28844
43,28878
43,28881
43,28916
43,28929
43,28949
43,28965
43,28966
43,28970
43,28971
43,28990
43,29008
43,29009
43,29010
43,29096
43,29111
43,29146
43,29152
43,29156
43,29179
43,29223
43,29237
43,29257
43,29285
43,29372
43,29384
43,29394
43,29409
43,29426
43,29436
43,29456
43,29482
43,29487
43,29506
43,29522
43,29554
43,29555
44,69
44,82
44,126
44,236
44,239
44,240
44,241
44,296
44,298
44,319
44,324
44,333
44,345
44,356
44,367
44,405
44,446
44,459
44,496
44,545
44,550
44,579
44,660
44,711
44,719
44,756
44,783
44,799
44,851
44,948
44,986
44,1033
44,1061
44,1081
44,1087
44,1125
44,1138
44,1153
44,1172
44,1189
44,1211
44,1303
44,1325
44,1350
44,1421
44,1428
44,1491
44,1519
44,1563
44,1604
44,1606
44,1622
44,1659
44,1718
44,1834
44,1835
44,1858
44,1870
44,1874
44,1879
44,1890
44,1933
44,1949
44,2005
44,2019
44,2043
44,2048
44,2085
44,2182
44,2246
44,2249
44,2268
44,2281
44,2287
44,2322
44,2325
44,2327
44,2329
44,2362
44,2384
44,2392
44,2403
44,2414
44,2487
44,2495
44,2512
44,2514
44,2520
44,2571
44,2608
44,2689
44,2693
44,2711
44,2746
44,2755
44,2760
44,2783
44,2798
44,2802
44,3046
44,3092
44,3128
44,3150
44,3151
44,3152
44,3203
44,3253
44,3254
44,3262
44,3309
44,3322
44,3355
44,3364
44,3387
44,3456
44,3468
44,3506
44,3517
44,3520
44,3532
44,3577
44,3596
44,3657
44,3681
44,3702
44,3711
44,3724
44,3759
44,3769
44,3792
44,3811
44,3986
44,4011
44,4061
44,4124
44,4148
44,4150
44,4154
44,4169
44,4307
44,4320
44,4322
44,4324
44,4344
44,4406
44,4416
44,4445
44,4483
44,4523
44,4597
44,4612
44,4617
44,4645
44,4652
44,4676
44,4727
44,4730
44,4735
44,4743
44,4744
44,4749
44,4766
44,4779
44,4795
44,4823
44,4865
44,4923
44,4940
44,4962
44,4968
44,4980
44,5007
44,5026
44,5079
44,5082
44,5101
44,5122
44,5124
44,5127
44,5185
44,5252
44,5294
44,5316
44,5351
44,5363
44,5437
44,5479
44,5529
44,5559
44,5565
44,5573
44,5641
44,5679
44,5749
44,5750
44,5756
44,5762
44,5768
44,5826
44,5935
44,5976
44,6006
44,6019
44,6052
44,6089
44,6111
44,6116
44,6129
44,6147
44,6154
44,6172
44,6183
44,6188
44,6246
44,6253
44,6352
44,6354
44,6449
44,6486
44,6503
44,6521
44,6551
44,6689
44,6692
44,6701
44,6712
44,6727
44,6804
44,6876
44,6904
44,6911
44,6937
44,6959
44,7033
44,7034
44,7107
44,7110
44,7142
44,7150
44,7213
44,7219
44,7226
44,7237
44,7278
44,7348
44,7390
44,7415
44,7421
44,7434
44,7490
44,7492
44,7536
44,7550
44,7580
44,7599
44,7683
44,7690
44,7697
44,7712
44,7770
44,7803
44,7821
44,7857
44,7877
44,7887
44,7947
44,7978
44,7988
44,8011
44,8043
44,8058
44,8064
44,8112
44,8255
44,8277
44,8279
44,8294
44,8327
44,8331
44,8338
44,8397
44,8413
44,8436
44,8445
44,8509
44,8531
44,8546
44,8554
44,8589
44,8590
44,8595
44,8602
44,8621
44,8622
44,8648
44,8760
44,8773
44,8813
44,8834
44,8842
44,8873
44,8875
44,8887
44,8931
44,8934
44,8943
44,8984
44,8988
44,9005
44,9048
44,9057
44,9067
44,9086
44,9133
44,9147
44,9206
44,9220
44,9284
44,9290
44,9302
44,9310
44,9323
44,9327
44,9382
44,9390
44,9422
44,9455
44,9458
44,9470
44,9472
44,9507
44,9531
44,9554
44,9622
44,9625
44,9630
44,9636
44,9672
44,9695
44,9725
44,9728
44,9758
44,9809
44,9835
44,9837
44,9838
44,9845
44,9848
44,9856
44,9885
44,9913
44,9918
44,9964
44,10044
44,10082
44,10086
44,10104
44,10130
44,10180
44,10191
44,10219
44,10224
44,10226
44,10230
44,10237
44,10278
44,10308
44,10314
44,10340
44,10411
44,10414
44,10516
44,10536
44,10557
44,10573
44,10583
44,10648
44,10684
44,10690
44,10697
44,10709
44,10854
44,10873
44,10881
44,10894
44,10936
44,11016
44,11050
44,11073
44,11092
44,11094
44,11134
44,11136
44,11157
44,11197
44,11218
44,11227
44,11228
44,11231
44,11232
44,11250
44,11259
44,11268
44,11361
44,11497
44,11517
44,11543
44,11570
44,11571
44,11580
44,11588
44,11650
44,11653
44,11665
44,11668
44,11732
44,11764
44,11766
44,11773
44,11782
44,11814
44,11826
44,11854
44,11857
44,11921
44,11933
44,11935
44,12022
44,12032
44,12069
44,12079
44,12086
44,12096
44,12148
44,12155
44,12176
44,12210
44,12310
44,12333
44,12384
44,12410
44,12431
44,12441
44,12446
44,12508
44,12512
44,12519
44,12529
44,12613
44,12644
44,12781
44,12812
44,12813
44,12816
44,12823
44,12867
44,12931
44,12975
44,13040
44,13072
44,13101
44,13112
44,13128
44,13198
44,13218
44,13226
44,13275
44,13335
44,13385
44,13400
44,13426
44,13429
44,13431
44,13469
44,13477
44,13520
44,13523
44,13564
44,13570
44,13581
44,13586
44,13588
44,13603
44,13783
44,13804
44,13808
44,13834
44,13858
44,13892
44,13932
44,13971
44,13972
44,13983
44,13986
44,13990
44,14020
44,14082
44,14117
44,14125
44,14155
44,14170
44,14171
44,14181
44,14182
44,14190
44,14237
44,14244
44,14283
44,14300
44,14334
44,14355
44,14400
44,14446
44,14452
44,14461
44,14463
44,14525
44,14528
44,14550
44,14585
44,14620
44,14621
44,14634
44,14691
44,14694
44,14721
44,14738
44,14750
44,14765
44,14798
44,14833
44,14847
44,14888
44,14954
44,14958
44,14997
44,14999
44,15006
44,15021
44,15067
44,15075
44,15088
44,15090
44,15116
44,15124
44,15174
44,15272
44,15288
44,15319
44,15329
44,15338
44,15436
44,15478
44,15509
44,15525
44,15532
44,15534
44,15544
44,15548
44,15555
44,15568
44,15587
44,15646
44,15702
44,15766
44,15809
44,15833
44,15865
44,15926
44,15941
44,16018
44,16108
44,16115
44,16123
44,16127
44,16158
44,16163
44,16224
44,16229
44,16231
44,16243
44,16247
44,16273
44,16288
44,16298
44,16303
44,16327
44,16331
44,16349
44,16391
44,16436
44,16443
44,16450
44,16462
44,16473
44,16495
44,16525
44,16578
44,16580
44,16590
44,16687
44,16694
44,16695
44,16757
44,16810
44,16838
44,16910
44,16943
44,16961
44,16984
44,17015
44,17017
44,17043
44,17124
44,17130
44,17134
44,17137
44,17154
44,17291
44,17294
44,17296
44,17306
44,17310
44,17339
44,17344
44,17351
44,17366
44,17374
44,17376
44,17554
44,17562
44,17584
44,17602
44,17615
44,17624
44,17640
44,17680
44,17691
44,17721
44,17753
44,17756
44,17758
44,17787
44,17837
44,17839
44,17874
44,17921
44,17965
44,17977
44,17999
44,18025
44,18036
44,18068
44,18071
44,18101
44,18114
44,18127
44,18135
44,18141
44,18182
44,18184
44,18212
44,18234
44,18261
44,18340
44,18475
44,18568
44,18570
44,18597
44,18608
44,18613
44,18637
44,18640
44,18678
44,18687
44,18805
44,18826
44,18854
44,18864
44,18875
44,18876
44,18885
44,18892
44,18898
44,18914
44,18950
44,19032
44,19082
44,19091
44,19112
44,19113
44,19114
44,19121
44,19122
44,19136
44,19149
44,19169
44,19280
44,19345
44,19360
44,19369
44,19408
44,19432
44,19441
44,19485
44,19504
44,19523
44,19571
44,19634
44,19686
44,19697
44,19701
44,19708
44,19765
44,19799
44,19886
44,19899
44,19958
44,20056
44,20070
44,20140
44,20181
44,20189
44,20219
44,20243
44,20254
44,20277
44,20315
44,20334
44,20335
44,20336
44,20343
44,20344
44,20368
44,20403
44,20418
44,20447
44,20453
44,20460
44,20464
44,20488
44,20535
44,20591
44,20614
44,20638
44,20646
44,20678
44,20687
44,20712
44,20784
44,20840
44,20846
44,20912
44,21002
44,21055
44,21068
44,21079
44,21081
44,21086
44,21121
44,21156
44,21184
44,21192
44,21217
44,21261
44,21267
44,21327
44,21341
44,21350
44,21360
44,21399
44,21438
44,21439
44,21454
44,21489
44,21498
44,21555
44,21564
44,21593
44,21617
44,21660
44,21674
44,21721
44,21724
44,21728
44,21812
44,21814
44,21886
44,21889
44,21907
44,21917
44,21963
44,21993
44,21994
44,22060
44,22086
44,22089
44,22157
44,22175
44,22183
44,22193
44,22239
44,22268
44,22285
44,22286
44,22356
44,22381
44,22395
44,22450
44,22490
44,22496
44,22498
44,22570
44,22604
44,22612
44,22651
44,22653
44,22666
44,22686
44,22700
44,22749
44,22791
44,22824
44,22871
44,22962
44,22967
44,23000
44,23036
44,23037
44,23049
44,23076
44,23096
44,23100
44,23152
44,23201
44,23217
44,23275
44,23292
44,23335
44,23343
44,23344
44,23419
44,23434
44,23439
44,23463
44,23559
44,23583
44,23588
44,23632
44,23635
44,23699
44,23738
44,23745
44,23755
44,23757
44,23826
44,23827
44,23831
44,23835
44,23840
44,23842
44,23845
44,23859
44,23864
44,23910
44,23918
44,23980
44,24019
44,24040
44,24088
44,24094
44,24157
44,24166
44,24199
44,24225
44,24275
44,24292
44,24321
44,24344
44,24363
44,24386
44,24387
44,24400
44,24403
44,24428
44,24470
44,24516
44,24535
44,24540
44,24570
44,24591
44,24604
44,24607
44,24618
44,24643
44,24651
44,24659
44,24781
44,24833
44,24835
44,24860
44,24900
44,24903
44,24915
44,24937
44,24972
44,25030
44,25089
44,25090
44,25105
44,25106
44,25132
44,25227
44,25277
44,25325
44,25328
44,25333
44,25343
44,25372
44,25413
44,25434
44,25449
44,25454
44,25500
44,25510
44,25559
44,25566
44,25575
44,25634
44,25698
44,25770
44,25788
44,25803
44,25806
44,25889
44,25915
44,25921
44,25966
44,25974
44,26000
44,26002
44,26033
44,26039
44,26049
44,26059
44,26122
44,26128
44,26141
44,26152
44,26251
44,26262
44,26276
44,26292
44,26388
44,26576
44,26583
44,26588
44,26610
44,26638
44,26762
44,26773
44,26810
44,26824
44,26837
44,26869
44,26883
44,26947
44,26951
44,26954
44,26961
44,26997
44,27007
44,27010
44,27030
44,27081
44,27112
44,27139
44,27161
44,27174
44,27203
44,27236
44,27256
44,27268
44,27376
44,27381
44,27385
44,27405
44,27419
44,27471
44,27489
44,27524
44,27533
44,27538
44,27544
44,27549
44,27568
44,27592
44,27608
44,27640
44,27663
44,27670
44,27691
44,27700
44,27704
44,27807
44,27860
44,27918
44,27925
44,27945
44,27984
44,28070
44,28117
44,28238
44,28252
44,28328
44,28360
44,28370
44,28393
44,28403
44,28409
44,28442
44,28450
44,28550
44,28560
44,28594
44,28653
44,28684
44,28690
44,28709
44,28715
44,28717
44,28753
44,28807
44,28881
44,28908
44,28979
44,29000
44,29020
44,29080
44,29081
44,29146
44,29165
44,29194
44,29204
44,29265
44,29266
44,29277
44,29298
44,29313
44,29484
44,29503
44,29526
45,26
45,71
45,81
45,92
45,137
45,146
45,148
45,231
45,255
45,361
45,362
45,373
45,407
45,420
45,489
45,508
45,581
45,612
45,627
45,660
45,661
45,727
45,740
45,753
45,859
45,867
45,868
45,878
45,927
45,966
45,988
45,1002
45,1009
45,1017
45,1018
45,1109
45,1139
45,1150
45,1267
45,1300
45,1343
45,1382
45,1430
45,1452
45,1472
45,1507
45,1522
45,1566
45,1580
45,1586
45,1603
45,1608
45,1652
45,1726
45,1799
45,1800
45,1872
45,1901
45,1912
45,1939
45,1996
45,2145
45,2196
45,2228
45,2235
45,2236
45,2274
45,2282
45,2283
45,2335
45,2337
45,2402
45,2403
45,2406
45,2417
45,2466
45,2492
45,2500
45,2514
45,2551
45,2574
45,2616
45,2669
45,2670
45,2759
45,2842
45,2873
45,2879
45,2937
45,2939
45,2958
45,2974
45,3139
45,3165
45,3181
45,3193
45,3216
45,3225
45,3227
45,3229
45,3258
45,3329
45,3331
45,3334
45,3355
45,3407
45,3423
45,3489
45,3664
45,3665
45,3692
45,3694
45,3767
45,3797
45,3826
45,3860
45,3861
45,3968
45,4041
45,4092
45,4099
45,4110
45,4120
45,4241
45,4307
45,4372
45,4382
45,4488
45,4516
45,4526
45,4537
45,4609
45,4726
45,4881
45,4907
45,5022
45,5138
45,5172
45,5191
45,5194
45,5196
45,5291
45,5317
45,5450
45,5557
45,5573
45,5628
45,5671
45,5721
45,5754
45,5764
45,5840
45,5901
45,5935
45,5937
45,5940
45,5973
45,5979
45,6021
45,6023
45,6031
45,6049
45,6162
45,6164
45,6423
45,6462
45,6484
45,6508
45,6524
45,6554
45,6587
45,6640
45,6692
45,6782
45,6842
45,6853
45,6920
45,6948
45,6969
45,6972
45,7035
45,7067
45,7078
45,7124
45,7150
45,7172
45,7174
45,7184
45,7261
45,7275
45,7305
45,7350
45,7367
45,7412
45,7413
45,7459
45,7460
45,7469
45,7482
45,7501
45,7506
45,7516
45,7627
45,7646
45,7703
45,7709
45,7714
45,7763
45,7801
45,7820
45,7830
45,7860
45,7954
45,7973
45,8004
45,8020
45,8059
45,8152
45,8324
45,8338
45,8353
45,8400
45,8468
45,8485
45,8489
45,8512
45,8546
45,8547
45,8558
45,8626
45,8641
45,8651
45,8679
45,8745
45,8794
45,8801
45,8806
45,8846
45,8861
45,8877
45,9010
45,9051
45,9123
45,9153
45,9287
45,9322
45,9342
45,9371
45,9391
45,9414
45,9454
45,9465
45,9493
45,9532
45,9603
45,9640
45,9651
45,9674
45,9768
45,9790
45,9800
45,9836
45,9869
45,10040
45,10048
45,10063
45,10136
45,10151
45,10152
45,10217
45,10248
45,10294
45,10321
45,10379
45,10436
45,10473
45,10510
45,10515
45,10566
45,10573
45,10579
45,10622
45,10659
45,10675
45,10711
45,10735
45,10736
45,10753
45,10765
45,10786
45,10787
45,10790
45,10838
45,10841
45,10865
45,10874
45,10895
45,10896
45,10921
45,10929
45,11055
45,11113
45,11122
45,11303
45,11335
45,11356
45,11464
45,11476
45,11479
45,11497
45,11543
45,11579
45,11622
45,11627
45,11704
45,11710
45,11733
45,11885
45,11920
45,11930
45,11945
45,12004
45,12060
45,12071
45,12101
45,12167
45,12186
45,12187
45,12203
45,12218
45,12233
45,12265
45,12294
45,12327
45,12328
45,12337
45,12353
45,12355
45,12387
45,12418
45,12434
45,12479
45,12555
45,12605
45,12651
45,12672
45,12699
45,12710
45,12744
45,12755
45,12802
45,12831
45,12931
45,12948
45,13041
45,13051
45,13063
45,13078
45,13136
45,13178
45,13180
45,13224
45,13249
45,13267
45,13269
45,13304
45,13312
45,13351
45,13370
45,13397
45,13410
45,13480
45,13510
45,13531
45,13571
45,13669
45,13696
45,13734
45,13806
45,13811
45,13871
45,13913
45,13914
45,13953
45,13967
45,14103
45,14115
45,14141
45,14159
45,14194
45,14232
45,14233
45,14247
45,14248
45,14273
45,14298
45,14309
45,14315
45,14332
45,14371
45,14402
45,14428
45,14487
45,14521
45,14524
45,14525
45,14572
45,14590
45,14600
45,14731
45,14767
45,14813
45,14863
45,14983
45,15061
45,15117
45,15153
45,15239
45,15274
45,15306
45,15307
45,15403
45,15405
45,15439
45,15441
45,15460
45,15470
45,15514
45,15549
45,15561
45,15562
45,15635
45,15660
45,15698
45,15725
45,15774
45,15784
45,15790
45,15939
45,16066
45,16071
45,16083
45,16089
45,16133
45,16172
45,16223
45,16260
45,16298
45,16311
45,16369
45,16395
45,16400
45,16425
45,16456
45,16464
45,16509
45,16544
45,16581
45,16674
45,16677
45,16755
45,16859
45,16903
45,16918
45,16919
45,16960
45,16983
45,17039
45,17069
45,17072
45,17086
45,17112
45,17130
45,17202
45,17292
45,17311
45,17329
45,17374
45,17411
45,17417
45,17434
45,17442
45,17490
45,17525
45,17576
45,17614
45,17634
45,17662
45,17701
45,17804
45,17810
45,17827
45,17831
45,17855
45,17859
45,17861
45,17878
45,17880
45,17933
45,17994
45,18039
45,18067
45,18072
45,18082
45,18097
45,18156
45,18159
45,18160
45,18223
45,18296
45,18381
45,18387
45,18397
45,18412
45,18418
45,18433
45,18452
45,18481
45,18488
45,18619
45,18620
45,18651
45,18722
45,18754
45,18829
45,18839
45,18977
45,19145
45,19147
45,19181
45,19204
45,19237
45,19327
45,19347
45,19365
45,19391
45,19411
45,19418
45,19434
45,19504
45,19525
45,19632
45,19667
45,19787
45,19845
45,19859
45,19870
45,19876
45,19879
45,19891
45,19935
45,19945
45,19979
45,20000
45,20090
45,20147
45,20151
45,20164
45,20191
45,20214
45,20219
45,20232
45,20281
45,20285
45,20324
45,20339
45,20381
45,20418
45,20507
45,20541
45,20548
45,20627
45,20655
45,20685
45,20686
45,20687
45,20764
45,20793
45,20795
45,20848
45,20956
45,20993
45,21006
45,21014
45,21042
45,21159
45,21306
45,21375
45,21400
45,21417
45,21429
45,21448
45,21488
45,21569
45,21625
45,21660
45,21673
45,21694
45,21712
45,21753
45,21963
45,21985
45,21999
45,22032
45,22046
45,22062
45,22095
45,22141
45,22148
45,22163
45,22168
45,22183
45,22208
45,22297
45,22298
45,22421
45,22429
45,22462
45,22471
45,22472
45,22497
45,22532
45,22595
45,22598
45,22616
45,22635
45,22642
45,22645
45,22661
45,22664
45,22689
45,22713
45,22718
45,22806
45,22839
45,22920
45,22922
45,22996
45,23035
45,23038
45,23062
45,23072
45,23102
45,23127
45,23131
45,23155
45,23215
45,23237
45,23245
45,23254
45,23318
45,23329
45,23346
45,23358
45,23363
45,23376
45,23416
45,23442
45,23536
45,23652
45,23655
45,23662
45,23731
45,23826
45,23877
45,23886
45,24010
45,24119
45,24179
45,24237
45,24249
45,24365
45,24373
45,24376
45,24416
45,24442
45,24499
45,24501
45,24509
45,24541
45,24602
45,24616
45,24669
45,24682
45,24778
45,24797
45,24879
45,24938
45,24973
45,25041
45,25115
45,25211
45,25360
45,25446
45,25476
45,25513
45,25514
45,25517
45,25527
45,25537
45,25641
45,25713
45,25744
45,25746
45,25813
45,25826
45,25840
45,25853
45,25921
45,25942
45,25961
45,25980
45,26002
45,26026
45,26141
45,26216
45,26247
45,26270
45,26285
45,26325
45,26334
45,26382
45,26444
45,26448
45,26480
45,26482
45,26496
45,26682
45,26693
45,26724
45,26727
45,26731
45,26882
45,26907
45,26956
45,26978
45,26987
45,27020
45,27027
45,27105
45,27115
45,27310
45,27321
45,27329
45,27342
45,27398
45,27414
45,27459
45,27460
45,27471
45,27517
45,27580
45,27584
45,27611
45,27631
45,27691
45,27703
45,27856
45,27883
45,27926
45,27933
45,27992
45,28010
45,28108
45,28111
45,28154
45,28177
45,28199
45,28201
45,28208
45,28261
45,28319
45,28403
45,28441
45,28476
45,28482
45,28539
45,28554
45,28555
45,28620
45,28642
45,28663
45,28668
45,28735
45,28741
45,28754
45,28913
45,28933
45,28963
45,29000
45,29006
45,29019
45,29027
45,29092
45,29113
45,29120
45,29164
45,29220
45,29276
45,29287
45,29298
45,29306
45,29309
45,29332
45,29362
45,29473
45,29490
45,29494
45,29564
46,15
46,63
46,114
46,129
46,150
46,156
46,157
46,181
46,186
46,188
46,218
46,281
46,282
46,296
46,298
46,312
46,319
46,342
46,348
46,354
46,390
46,597
46,696
46,723
46,825
46,835
46,869
46,949
46,980
46,986
46,1017
46,1025
46,1026
46,1051
46,1072
46,1119
46,1127
46,1143
46,1152
46,1189
46,1230
46,1231
46,1253
46,1259
46,1395
46,1426
46,1463
46,1466
46,1516
46,1534
46,1542
46,1583
46,1682
46,1693
46,1707
46,1789
46,1798
46,1815
46,1816
46,1946
46,1966
46,1976
46,2024
46,2069
46,2070
46,2149
46,2178
46,2221
46,2250
46,2275
46,2325
46,2386
46,2419
46,2510
46,2569
46,2687
46,2717
46,2725
46,2788
46,2791
46,2792
46,2806
46,2807
46,2808
46,2872
46,2888
46,2983
46,3006
46,3026
46,3048
46,3065
46,3114
46,3136
46,3189
46,3199
46,3206
46,3236
46,3341
46,3346
46,3366
46,3450
46,3529
46,3535
46,3583
46,3672
46,3761
46,3762
46,3797
46,3799
46,3812
46,3878
46,3900
46,3918
46,3930
46,3938
46,3949
46,3953
46,4027
46,4033
46,4040
46,4052
46,4092
46,4116
46,4268
46,4310
46,4311
46,4338
46,4386
46,4442
46,4480
46,4574
46,4607
46,4686
46,4691
46,4747
46,4894
46,4901
46,4948
46,4954
46,4972
46,5056
46,5149
46,5174
46,5187
46,5195
46,5205
46,5250
46,5256
46,5258
46,5270
46,5278
46,5291
46,5296
46,5302
46,5308
46,5311
46,5323
46,5358
46,5368
46,5401
46,5409
46,5410
46,5415
46,5423
46,5444
46,5493
46,5516
46,5546
46,5594
46,5638
46,5646
46,5735
46,5766
46,5773
46,5795
46,5838
46,5839
46,5907
46,5923
46,5939
46,5946
46,6003
46,6064
46,6151
46,6172
46,6183
46,6204
46,6247
46,6279
46,6316
46,6330
46,6346
46,6475
46,6503
46,6518
46,6530
46,6576
46,6601
46,6637
46,6638
46,6639
46,6689
46,6782
46,6794
46,6834
46,6920
46,6922
46,6948
46,6955
46,6989
46,6993
46,7039
46,7215
46,7226
46,7228
46,7248
46,7300
46,7305
46,7330
46,7348
46,7360
46,7423
46,7449
46,7452
46,7458
46,7510
46,7538
46,7543
46,7694
46,7724
46,7799
46,7807
46,7846
46,7863
46,7899
46,7963
46,8010
46,8014
46,8044
46,8052
46,8056
46,8069
46,8111
46,8123
46,8154
46,8184
46,8236
46,8265
46,8311
46,8370
46,8381
46,8392
46,8399
46,8423
46,8542
46,8557
46,8601
46,8645
46,8695
46,8702
46,8850
46,8886
46,8887
46,8946
46,8967
46,8968
46,8978
46,8987
46,9008
46,9030
46,9049
46,9087
46,9183
46,9314
46,9347
46,9388
46,9447
46,9520
46,9565
46,9589
46,9608
46,9631
46,9690
46,9744
46,9793
46,9806
46,9831
46,9835
46,9972
46,10013
46,10075
46,10106
46,10133
46,10162
46,10223
46,10308
46,10375
46,10384
46,10393
46,10404
46,10414
46,10441
46,10449
46,10486
46,10589
46,10597
46,10609
46,10614
46,10617
46,10659
46,10678
46,10682
46,10749
46,10769
46,10814
46,10817
46,10839
46,10879
46,10886
46,10984
46,11009
46,11050
46,11079
46,11105
46,11160
46,11177
46,11244
46,11326
46,11337
46,11384
46,11413
46,11489
46,11492
46,11578
46,11583
46,11604
46,11639
46,11650
46,11704
46,11791
46,11798
46,11803
46,11811
46,11825
46,11841
46,11868
46,11914
46,11958
46,11986
46,12019
46,12062
46,12141
46,12148
46,12155
46,12188
46,12191
46,12214
46,12218
46,12228
46,12229
46,12253
46,12260
46,12286
46,12323
46,12370
46,12378
46,12389
46,12430
46,12472
46,12478
46,12489
46,12509
46,12559
46,12692
46,12721
46,12806
46,12898
46,12929
46,13038
46,13128
46,13140
46,13200
46,13248
46,13276
46,13292
46,13324
46,13369
46,13370
46,13529
46,13582
46,13670
46,13758
46,13787
46,13788
46,13858
46,13923
46,13929
46,13968
46,13980
46,14034
46,14035
46,14055
46,14076
46,14141
46,14142
46,14161
46,14277
46,14358
46,14551
46,14555
46,14562
46,14617
46,14638
46,14686
46,14698
46,14862
46,14941
46,14967
46,14974
46,15022
46,15062
46,15063
46,15066
46,15069
46,15074
46,15127
46,15140
46,15195
46,15291
46,15308
46,15377
46,15401
46,15442
46,15461
46,15476
46,15504
46,15560
46,15561
46,15578
46,15584
46,15648
46,15712
46,15795
46,15837
46,15846
46,15889
46,15930
46,15935
46,15955
46,15969
46,16178
46,16187
46,16203
46,16206
46,16245
46,16297
46,16301
46,16388
46,16399
46,16482
46,16513
46,16533
46,16539
46,16565
46,16573
46,16595
46,16707
46,16720
46,16789
46,16937
46,16963
46,17072
46,17078
46,17079
46,17115
46,17129
46,17147
46,17149
46,17167
46,17168
46,17202
46,17237
46,17262
46,17325
46,17482
46,17543
46,17569
46,17581
46,17591
46,17632
46,17642
46,17708
46,17842
46,17855
46,17865
46,17893
46,17926
46,17937
46,18004
46,18119
46,18125
46,18155
46,18231
46,18238
46,18273
46,18291
46,18298
46,18347
46,18389
46,18475
46,18495
46,18520
46,18542
46,18562
46,18600
46,18630
46,18650
46,18692
46,18722
46,18738
46,18754
46,18835
46,18898
46,18903
46,18920
46,18967
46,19061
46,19101
46,19146
46,19218
46,19227
46,19280
46,19326
46,19327
46,19328
46,19340
46,19365
46,19376
46,19449
46,19503
46,19578
46,19642
46,19659
46,19690
46,19736
46,19761
46,19810
46,19821
46,19822
46,19836
46,19892
46,19934
46,19964
46,20028
46,20266
46,20279
46,20317
46,20337
46,20365
46,20370
46,20382
46,20436
46,20475
46,20629
46,20634
46,20694
46,20715
46,20752
46,20798
46,20882
46,20958
46,21019
46,21043
46,21068
46,21078
46,21088
46,21099
46,21111
46,21165
46,21172
46,21224
46,21237
46,21253
46,21263
46,21319
46,21335
46,21400
46,21511
46,21525
46,21583
46,21750
46,21760
46,21777
46,21787
46,21844
46,21855
46,21891
46,21907
46,21989
46,22006
46,22020
46,22040
46,22119
46,22148
46,22198
46,22273
46,22289
46,22349
46,22381
46,22498
46,22583
46,22617
46,22634
46,22661
46,22696
46,22735
46,22809
46,22814
46,22815
46,22821
46,22828
46,22879
46,22888
46,22923
46,22928
46,22931
46,22951
46,22992
46,23015
46,23017
46,23080
46,23141
46,23154
46,23161
46,23170
46,23188
46,23229
46,23309
46,23373
46,23425
46,23454
46,23485
46,23493
46,23557
46,23679
46,23683
46,23698
46,23838
46,23870
46,23876
46,23927
46,23934
46,23936
46,23943
46,23954
46,24008
46,24033
46,24052
46,24081
46,24124
46,24172
46,24191
46,24195
46,24270
46,24286
46,24302
46,24357
46,24402
46,24436
46,24526
46,24625
46,24641
46,24793
46,24864
46,24918
46,24926
46,24931
46,24940
46,25007
46,25179
46,25288
46,25382
46,25394
46,25405
46,25415
46,25428
46,25437
46,25441
46,25505
46,25516
46,25519
46,25554
46,25593
46,25595
46,25641
46,25677
46,25731
46,25820
46,25970
46,26069
46,26087
46,26153
46,26175
46,26193
46,26194
46,26214
46,26242
46,26253
46,26403
46,26404
46,26447
46,26541
46,26626
46,26634
46,26679
46,26750
46,26787
46,26799
46,26822
46,26855
46,26872
46,26910
46,26918
46,26971
46,26977
46,26993
46,27022
46,27028
46,27041
46,27113
46,27119
46,27121
46,27168
46,27336
46,27350
46,27396
46,27449
46,27450
46,27489
46,27515
46,27546
46,27604
46,27606
46,27699
46,27726
46,27749
46,27765
46,27780
46,27781
46,27851
46,27867
46,27928
46,27981
46,27994
46,28003
46,28015
46,28042
46,28073
46,28082
46,28084
46,28142
46,28150
46,28217
46,28225
46,28236
46,28266
46,28307
46,28324
46,28349
46,28376
46,28407
46,28430
46,28490
46,28529
46,28547
46,28594
46,28822
46,28861
46,28914
46,28932
46,28967
46,28992
46,29008
46,29029
46,29068
46,29090
46,29160
46,29201
46,29247
46,29248
46,29278
46,29317
46,29321
46,29329
46,29340
46,29369
46,29377
46,29396
46,29412
46,29504
46,29510
47,55
47,66
47,75
47,109
47,122
47,136
47,194
47,201
47,203
47,358
47,375
47,403
47,433
47,491
47,593
47,606
47,610
47,621
47,781
47,805
47,809
47,913
47,945
47,1034
47,1044
47,1105
47,1200
47,1230
47,1232
47,1258
47,1329
47,1339
47,1370
47,1437
47,1501
47,1587
47,1603
47,1634
47,1649
47,1650
47,1686
47,1729
47,1745
47,1748
47,1827
47,1910
47,1981
47,1994
47,2079
47,2151
47,2191
47,2371
47,2375
47,2452
47,2530
47,2561
47,2575
47,2617
47,2621
47,2623
47,2648
47,2659
47,2712
47,2756
47,2804
47,2806
47,2846
47,2850
47,2898
47,2969
47,2972
47,3002
47,3040
47,3125
47,3133
47,3203
47,3320
47,3432
47,3460
47,3509
47,3531
47,3559
47,3564
47,3608
47,3626
47,3675
47,3676
47,3677
47,3735
47,3738
47,3743
47,3757
47,3779
47,3787
47,3843
47,3899
47,3941
47,4043
47,4203
47,4224
47,4229
47,4245
47,4250
47,4285
47,4366
47,4406
47,4419
47,4457
47,4552
47,4556
47,4598
47,4610
47,4633
47,4650
47,4703
47,4714
47,4747
47,4755
47,4763
47,4772
47,4795
47,4841
47,4850
47,4876
47,4906
47,4940
47,4983
47,5036
47,5098
47,5147
47,5168
47,5214
47,5220
47,5251
47,5285
47,5292
47,5302
47,5318
47,5370
47,5425
47,5540
47,5570
47,5604
47,5607
47,5681
47,5804
47,5856
47,5887
47,5906
47,5922
47,5976
47,5987
47,6010
47,6029
47,6062
47,6066
47,6078
47,6084
47,6155
47,6215
47,6252
47,6272
47,6286
47,6313
47,6361
47,6378
47,6399
47,6419
47,6429
47,6465
47,6473
47,6543
47,6544
47,6552
47,6566
47,6590
47,6613
47,6616
47,6632
47,6643
47,6656
47,6669
47,6751
47,6758
47,6766
47,6787
47,6788
47,6826
47,6893
47,6915
47,6919
47,6951
47,7006
47,7037
47,7065
47,7105
47,7209
47,7269
47,7350
47,7454
47,7526
47,7540
47,7588
47,7656
47,7725
47,7731
47,7765
47,7812
47,7817
47,7857
47,7932
47,7952
47,7954
47,7983
47,8011
47,8040
47,8153
47,8263
47,8275
47,8383
47,8443
47,8517
47,8521
47,8642
47,8705
47,8713
47,8729
47,8853
47,8905
47,8909
47,8931
47,8960
47,8966
47,9001
47,9124
47,9150
47,9249
47,9303
47,9361
47,9363
47,9455
47,9457
47,9522
47,9558
47,9632
47,9712
47,9729
47,9754
47,9814
47,9827
47,9834
47,9837
47,9899
47,9981
47,10043
47,10116
47,10121
47,10136
47,10143
47,10157
47,10163
47,10203
47,10205
47,10223
47,10225
47,10291
47,10303
47,10380
47,10384
47,10386
47,10445
47,10457
47,10598
47,10652
47,10682
47,10697
47,10787
47,10895
47,10899
47,10921
47,10926
47,10960
47,11009
47,11024
47,11080
47,11213
47,11227
47,11234
47,11300
47,11301
47,11320
47,11341
47,11374
47,11478
47,11546
47,11610
47,11666
47,11695
47,11732
47,11734
47,11750
47,11809
47,11908
47,11942
47,11976
47,12024
47,12076
47,12093
47,12135
47,12181
47,12192
47,12327
47,12354
47,12373
47,12395
47,12397
47,12420
47,12442
47,12540
47,12552
47,12582
47,12594
47,12635
47,12653
47,12658
47,12700
47,12806
47,12845
47,12852
47,12959
47,13036
47,13118
47,13219
47,13225
47,13229
47,13272
47,13320
47,13344
47,13349
47,13397
47,13401
47,13415
47,13417
47,13439
47,13455
47,13480
47,13482
47,13537
47,13557
47,13658
47,13674
47,13693
47,13716
47,13726
47,13777
47,13871
47,13971
47,14028
47,14043
47,14060
47,14160
47,14162
47,14187
47,14206
47,14222
47,14273
47,14348
47,14455
47,14496
47,14519
47,14568
47,14583
47,14604
47,14620
47,14632
47,14646
47,14708
47,14737
47,14739
47,14795
47,14814
47,14821
47,14866
47,14946
47,14947
47,15027
47,15045
47,15053
47,15078
47,15095
47,15137
47,15278
47,15300
47,15318
47,15418
47,15481
47,15516
47,15539
47,15561
47,15584
47,15601
47,15606
47,15617
47,15637
47,15698
47,15731
47,15738
47,15770
47,15776
47,15851
47,15881
47,15883
47,15889
47,15929
47,15966
47,15978
47,15983
47,15992
47,15996
47,16033
47,16034
47,16111
47,16154
47,16164
47,16204
47,16211
47,16247
47,16318
47,16359
47,16367
47,16383
47,16407
47,16431
47,16472
47,16510
47,16543
47,16565
47,16585
47,16598
47,16649
47,16665
47,16693
47,16718
47,16838
47,16876
47,16910
47,17039
47,17042
47,17058
47,17063
47,17090
47,17091
47,17138
47,17178
47,17318
47,17323
47,17370
47,17393
47,17398
47,17423
47,17435
47,17436
47,17504
47,17573
47,17607
47,17653
47,17800
47,17810
47,17953
47,17980
47,18003
47,18030
47,18059
47,18083
47,18087
47,18114
47,18159
47,18183
47,18252
47,18273
47,18287
47,18348
47,18349
47,18362
47,18383
47,18400
47,18409
47,18460
47,18502
47,18590
47,18635
47,18686
47,18749
47,18830
47,18838
47,19021
47,19033
47,19067
47,19098
47,19169
47,19213
47,19416
47,19478
47,19486
47,19521
47,19585
47,19626
47,19631
47,19644
47,19659
47,19669
47,19673
47,19687
47,19784
47,19816
47,19893
47,20026
47,20043
47,20051
47,20053
47,20061
47,20065
47,20066
47,20205
47,20257
47,20338
47,20342
47,20349
47,20353
47,20423
47,20437
47,20443
47,20466
47,20476
47,20507
47,20526
47,20529
47,20572
47,20581
47,20588
47,20613
47,20673
47,20688
47,20689
47,20726
47,20742
47,20744
47,20782
47,20792
47,20863
47,20919
47,20954
47,20976
47,21010
47,21049
47,21078
47,21105
47,21107
47,21108
47,21262
47,21266
47,21267
47,21297
47,21331
47,21402
47,21427
47,21485
47,21623
47,21679
47,21792
47,21846
47,21847
47,21864
47,21877
47,21892
47,21898
47,21919
47,21932
47,21965
47,21975
47,21986
47,22039
47,22051
47,22131
47,22161
47,22173
47,22232
47,22273
47,22287
47,22329
47,22333
47,22358
47,22364
47,22371
47,22489
47,22555
47,22572
47,22592
47,22636
47,22698
47,22788
47,22805
47,22828
47,22866
47,22881
47,22887
47,22901
47,22920
47,22995
47,23008
47,23040
47,23060
47,23062
47,23083
47,23122
47,23212
47,23246
47,23248
47,23288
47,23305
47,23328
47,23346
47,23375
47,23413
47,23469
47,23523
47,23607
47,23628
47,23681
47,23725
47,23796
47,23808
47,23861
47,23866
47,23906
47,23967
47,24061
47,24064
47,24102
47,24157
47,24206
47,24235
47,24249
47,24264
47,24305
47,24390
47,24392
47,24396
47,24464
47,24520
47,24526
47,24570
47,24612
47,24639
47,24682
47,24719
47,24876
47,24900
47,24902
47,24905
47,24934
47,24996
47,25140
47,25162
47,25164
47,25180
47,25185
47,25269
47,25331
47,25369
47,25510
47,25547
47,25552
47,25586
47,25671
47,25684
47,25866
47,25946
47,25959
47,25984
47,26011
47,26101
47,26105
47,26144
47,26172
47,26280
47,26289
47,26306
47,26317
47,26373
47,26425
47,26452
47,26464
47,26502
47,26513
47,26527
47,26554
47,26573
47,26611
47,26618
47,26680
47,26684
47,26725
47,26757
47,26772
47,26805
47,26919
47,26942
47,27007
47,27051
47,27056
47,27077
47,27084
47,27086
47,27108
47,27132
47,27158
47,27242
47,27299
47,27388
47,27390
47,27446
47,27461
47,27498
47,27531
47,27588
47,27605
47,27640
47,27660
47,27665
47,27678
47,27783
47,27797
47,27837
47,27852
47,27939
47,27958
47,28038
47,28050
47,28092
47,28115
47,28157
47,28168
47,28236
47,28290
47,28307
47,28315
47,28362
47,28384
47,28409
47,28501
47,28666
47,28683
47,28714
47,28748
47,28758
47,28965
47,29007
47,29056
47,29153
47,29211
47,29234
47,29239
47,29245
47,29363
47,29405
47,29413
47,29461
47,29480
47,29485
47,29489
47,29491
47,29541
48,14
48,29
48,320
48,547
48,582
48,610
48,673
48,709
48,718
48,739
48,748
48,751
48,804
48,827
48,913
48,972
48,988
48,1010
48,1051
48,1067
48,1077
48,1112
48,1163
48,1197
48,1215
48,1245
48,1300
48,1315
48,1317
48,1331
48,1362
48,1395
48,1406
48,1414
48,1453
48,1461
48,1467
48,1507
48,1516
48,1592
48,1793
48,1811
48,1909
48,1993
48,2017
48,2051
48,2079
48,2125
48,2160
48,2190
48,2191
48,2200
48,2263
48,2295
48,2329
48,2337
48,2371
48,2446
48,2476
48,2479
48,2485
48,2493
48,2550
48,2593
48,2607
48,2609
48,2613
48,2615
48,2770
48,2803
48,2811
48,2834
48,2838
48,2902
48,2913
48,2956
48,2988
48,3165
48,3205
48,3235
48,3261
48,3305
48,3322
48,3341
48,3369
48,3378
48,3390
48,3426
48,3436
48,3487
48,3500
48,3546
48,3562
48,3563
48,3602
48,3629
48,3749
48,3755
48,3770
48,3780
48,3812
48,3845
48,3881
48,3892
48,3899
48,3939
48,3949
48,3983
48,4044
48,4074
48,4098
48,4131
48,4162
48,4170
48,4196
48,4267
48,4272
48,4281
48,4282
48,4388
48,4406
48,4486
48,4488
48,4572
48,4577
48,4629
48,4682
48,4687
48,4730
48,4765
48,4811
48,4818
48,4837
48,4873
48,4954
48,4963
48,4991
48,5027
48,5040
48,5049
48,5102
48,5116
48,5159
48,5195
48,5205
48,5240
48,5343
48,5344
48,5358
48,5363
48,5380
48,5424
48,5444
48,5446
48,5516
48,5549
48,5628
48,5638
48,5644
48,5793
48,5882
48,5906
48,5907
48,5944
48,5958
48,5984
48,6009
48,6020
48,6118
48,6158
48,6188
48,6207
48,6238
48,6349
48,6369
48,6373
48,6394
48,6461
48,6470
48,6521
48,6549
48,6582
48,6620
48,6637
48,6650
48,6654
48,6705
48,6754
48,6793
48,6798
48,6843
48,6857
48,6899
48,6969
48,7010
48,7032
48,7036
48,7073
48,7125
48,7165
48,7201
48,7222
48,7289
48,7316
48,7321
48,7350
48,7395
48,7456
48,7498
48,7536
48,7539
48,7541
48,7578
48,7579
48,7598
48,7682
48,7704
48,7706
48,7790
48,7870
48,7890
48,7908
48,8043
48,8055
48,8078
48,8089
48,8108
48,8135
48,8174
48,8190
48,8192
48,8327
48,8363
48,8493
48,8629
48,8681
48,8682
48,8714
48,8741
48,8794
48,8845
48,8862
48,8875
48,8927
48,8947
48,8956
48,8989
48,9009
48,9037
48,9097
48,9124
48,9145
48,9165
48,9180
48,9196
48,9230
48,9557
48,9600
48,9613
48,9626
48,9651
48,9700
48,9718
48,9768
48,9793
48,9808
48,9848
48,9860
48,9931
48,9942
48,9949
48,10004
48,10035
48,10068
48,10085
48,10088
48,10135
48,10171
48,10185
48,10229
48,10377
48,10379
48,10400
48,10461
48,10478
48,10517
48,10542
48,10588
48,10595
48,10606
48,10607
48,10645
48,10773
48,10835
48,10853
48,10883
48,10946
48,10948
48,10969
48,11002
48,11036
48,11134
48,11171
48,11199
48,11201
48,11271
48,11284
48,11360
48,11377
48,11405
48,11410
48,11428
48,11447
48,11461
48,11463
48,11478
48,11501
48,11502
48,11511
48,11542
48,11543
48,11580
48,11596
48,11608
48,11689
48,11707
48,11745
48,11773
48,11924
48,11926
48,11962
48,12032
48,12050
48,12073
48,12087
48,12146
48,12168
48,12188
48,12200
48,12259
48,12281
48,12305
48,12312
48,12329
48,12348
48,12351
48,12361
48,12419
48,12485
48,12505
48,12559
48,12620
48,12622
48,12639
48,12684
48,12692
48,12761
48,12778
48,12834
48,12852
48,12886
48,12889
48,13093
48,13098
48,13107
48,13118
48,13127
48,13162
48,13205
48,13289
48,13388
48,13425
48,13456
48,13501
48,13514
48,13588
48,13607
48,13613
48,13685
48,13688
48,13743
48,13797
48,13858
48,13865
48,13908
48,13924
48,13960
48,13979
48,14039
48,14050
48,14098
48,14127
48,14134
48,14193
48,14198
48,14250
48,14337
48,14508
48,14551
48,14559
48,14726
48,14735
48,14739
48,14921
48,14974
48,14994
48,14997
48,15009
48,15023
48,15032
48,15061
48,15067
48,15117
48,15134
48,15154
48,15189
48,15220
48,15258
48,15262
48,15264
48,15267
48,15291
48,15302
48,15315
48,15349
48,15351
48,15383
48,15397
48,15422
48,15434
48,15443
48,15449
48,15477
48,15490
48,15534
48,15551
48,15558
48,15588
48,15620
48,15722
48,15782
48,15791
48,15818
48,15856
48,15900
48,15939
48,15940
48,16012
48,16031
48,16131
48,16163
48,16195
48,16233
48,16236
48,16307
48,16309
48,16333
48,16374
48,16430
48,16435
48,16451
48,16459
48,16485
48,16514
48,16519
48,16539
48,16543
48,16570
48,16588
48,16645
48,16696
48,16718
48,16735
48,16786
48,16862
48,16903
48,16972
48,17052
48,17102
48,17107
48,17225
48,17227
48,17258
48,17281
48,17320
48,17343
48,17380
48,17412
48,17464
48,17528
48,17559
48,17563
48,17622
48,17637
48,17661
48,17664
48,17668
48,17733
48,17739
48,17764
48,17792
48,17871
48,17878
48,18021
48,18107
48,18134
48,18242
48,18270
48,18437
48,18450
48,18487
48,18496
48,18603
48,18640
48,18699
48,18780
48,18782
48,18894
48,18898
48,18906
48,18908
48,18945
48,18984
48,18991
48,19004
48,19020
48,19029
48,19038
48,19087
48,19117
48,19128
48,19156
48,19169
48,19182
48,19207
48,19313
48,19316
48,19319
48,19464
48,19472
48,19514
48,19558
48,19565
48,19593
48,19594
48,19600
48,19629
48,19630
48,19640
48,19695
48,19715
48,19757
48,19786
48,19797
48,19827
48,19830
48,19854
48,19864
48,19918
48,19941
48,19990
48,20008
48,20039
48,20066
48,20119
48,20127
48,20129
48,20149
48,20208
48,20321
48,20330
48,20340
48,20341
48,20373
48,20479
48,20494
48,20530
48,20588
48,20606
48,20621
48,20654
48,20706
48,20769
48,20794
48,20803
48,20840
48,20851
48,20922
48,20928
48,21072
48,21127
48,21131
48,21165
48,21187
48,21210
48,21222
48,21263
48,21268
48,21270
48,21279
48,21324
48,21333
48,21348
48,21380
48,21467
48,21473
48,21522
48,21578
48,21607
48,21626
48,21697
48,21810
48,21946
48,21976
48,21983
48,22008
48,22022
48,22076
48,22125
48,22154
48,22191
48,22208
48,22235
48,22278
48,22319
48,22381
48,22390
48,22553
48,22580
48,22652
48,22679
48,22683
48,22707
48,22838
48,22865
48,22897
48,22904
48,22929
48,23008
48,23028
48,23033
48,23151
48,23157
48,23158
48,23191
48,23211
48,23234
48,23340
48,23367
48,23470
48,23485
48,23527
48,23546
48,23579
48,23640
48,23820
48,23836
48,23850
48,23885
48,23938
48,24023
48,24066
48,24075
48,24118
48,24144
48,24208
48,24212
48,24234
48,24244
48,24280
48,24332
48,24339
48,24475
48,24493
48,24510
48,24541
48,24584
48,24594
48,24644
48,24646
48,24669
48,24687
48,24785
48,24839
48,24859
48,24886
48,24891
48,24897
48,24935
48,24963
48,24973
48,25022
48,25026
48,25041
48,25050
48,25105
48,25170
48,25177
48,25247
48,25301
48,25308
48,25325
48,25361
48,25411
48,25534
48,25538
48,25556
48,25688
48,25722
48,25739
48,25749
48,25782
48,25800
48,25812
48,25855
48,25871
48,25882
48,25898
48,25952
48,26003
48,26005
48,26033
48,26059
48,26061
48,26194
48,26259
48,26260
48,26269
48,26305
48,26323
48,26508
48,26545
48,26565
48,26568
48,26640
48,26749
48,26773
48,26776
48,26804
48,26852
48,26873
48,26889
48,26896
48,26938
48,26960
48,26980
48,27066
48,27146
48,27149
48,27157
48,27191
48,27200
48,27210
48,27253
48,27273
48,27278
48,27286
48,27288
48,27297
48,27335
48,27358
48,27373
48,27380
48,27430
48,27455
48,27504
48,27592
48,27605
48,27630
48,27644
48,27681
48,27704
48,27709
48,27717
48,27728
48,27734
48,27751
48,27752
48,27821
48,27858
48,27863
48,27879
48,27883
48,27922
48,27934
48,27939
48,28082
48,28172
48,28179
48,28182
48,28185
48,28198
48,28204
48,28297
48,28305
48,28333
48,28364
48,28399
48,28403
48,28409
48,28452
48,28596
48,28600
48,28617
48,28677
48,28682
48,28719
48,28774
48,28875
48,29023
48,29037
48,29109
48,29159
48,29160
48,29169
48,29205
48,29215
48,29262
48,29263
48,29341
48,29348
48,29405
48,29406
48,29435
48,29436
48,29533
49,65
49,91
49,103
49,183
49,332
49,383
49,400
49,428
49,462
49,463
49,489
49,510
49,626
49,637
49,683
49,759
49,817
49,822
49,966
49,1025
49,1051
49,1061
49,1117
49,1123
49,1157
49,1200
49,1221
49,1265
49,1274
49,1279
49,1333
49,1364
49,1479
49,1537
49,1571
49,1609
49,1658
49,1743
49,1809
49,1883
49,1913
49,1938
49,2069
49,2070
49,2108
49,2120
49,2146
49,2180
49,2209
49,2305
49,2314
49,2365
49,2368
49,2383
49,2386
49,2447
49,2452
49,2459
49,2473
49,2587
49,2594
49,2678
49,2690
49,2733
49,2739
49,2875
49,2904
49,2949
49,3003
49,3019
49,3039
49,3111
49,3127
49,3167
49,3265
49,3281
49,3296
49,3402
49,3427
49,3444
49,3561
49,3588
49,3701
49,3756
49,3797
49,3854
49,3862
49,3935
49,3994
49,4053
49,4070
49,4163
49,4286
49,4439
49,4494
49,4547
49,4572
49,4625
49,4735
49,4851
49,4941
49,4973
49,5002
49,5006
49,5169
49,5252
49,5304
49,5396
49,5413
49,5419
49,5424
49,5488
49,5573
49,5718
49,5727
49,5779
49,5810
49,5836
49,5931
49,6000
49,6059
49,6065
49,6070
49,6083
49,6173
49,6269
49,6308
49,6316
49,6458
49,6459
49,6513
49,6514
49,6609
49,6694
49,6700
49,6772
49,6812
49,6839
49,6878
49,6889
49,6891
49,6920
49,7056
49,7215
49,7232
49,7234
49,7277
49,7353
49,7385
49,7391
49,7415
49,7505
49,7514
49,7529
49,7579
49,7649
49,7699
49,7766
49,7886
49,7890
49,7893
49,7977
49,8143
49,8155
49,8171
49,8230
49,8246
49,8272
49,8290
49,8298
49,8315
49,8342
49,8431
49,8440
49,8463
49,8529
49,8539
49,8545
49,8581
49,8584
49,8589
49,8595
49,8596
49,8633
49,8641
49,8700
49,8735
49,8753
49,8923
49,8996
49,9024
49,9073
49,9249
49,9387
49,9581
49,9681
49,9715
49,9721
49,9770
49,9788
49,9821
49,9854
49,9863
49,9867
49,9873
49,9896
49,9914
49,10102
49,10104
49,10144
49,10216
49,10236
49,10278
49,10293
49,10411
49,10448
49,10502
49,10516
49,10611
49,10653
49,10677
49,10756
49,10779
49,10794
49,10822
49,10827
49,10870
49,10887
49,10913
49,11034
49,11063
49,11064
49,11091
49,11110
49,11196
49,11431
49,11505
49,11528
49,11565
49,11619
49,11627
49,11694
49,11774
49,11793
49,11849
49,11861
49,11923
49,11935
49,11999
49,12023
49,12103
49,12146
49,12164
49,12175
49,12177
49,12250
49,12396
49,12510
49,12526
49,12544
49,12565
49,12571
49,12632
49,12680
49,12769
49,12787
49,12826
49,12841
49,12879
49,12965
49,13007
49,13031
49,13038
49,13165
49,13197
49,13334
49,13343
49,13348
49,13381
49,13388
49,13423
49,13498
49,13507
49,13542
49,13550
49,13583
49,13592
49,13632
49,13701
49,13712
49,13787
49,13794
49,13891
49,13955
49,13965
49,14008
49,14021
49,14107
49,14116
49,14151
49,14181
49,14285
49,14307
49,14377
49,14428
49,14464
49,14474
49,14499
49,14619
49,14649
49,14651
49,14732
49,14750
49,14894
49,14919
49,14957
49,14970
49,14977
49,15046
49,15098
49,15129
49,15144
49,15145
49,15146
49,15154
49,15166
49,15200
49,15235
49,15306
49,15417
49,15520
49,15589
49,15608
49,15637
49,15766
49,15794
49,15853
49,15884
49,15924
49,15928
49,15999
49,16028
49,16109
49,16125
49,16126
49,16163
49,16190
49,16275
49,16293
49,16378
49,16385
49,16400
49,16445
49,16507
49,16510
49,16533
49,16550
49,16630
49,16663
49,16722
49,16769
49,16802
49,16805
49,16824
49,16885
49,16910
49,16959
49,16980
49,17033
49,17087
49,17121
49,17148
49,17213
49,17214
49,17286
49,17299
49,17321
49,17438
49,17463
49,17466
49,17554
49,17629
49,17686
49,17765
49,17769
49,17803
49,17874
49,17912
49,17920
49,17932
49,17953
49,18003
49,18131
49,18203
49,18219
49,18227
49,18259
49,18529
49,18583
49,18659
49,18781
49,18809
49,18874
49,18991
49,19013
49,19059
49,19129
49,19276
49,19307
49,19365
49,19367
49,19384
49,19419
49,19427
49,19435
49,19442
49,19479
49,19547
49,19650
49,19668
49,19824
49,19881
49,19928
49,19933
49,19981
49,20011
49,20061
49,20131
49,20136
49,20224
49,20226
49,20235
49,20273
49,20346
49,20457
49,20520
49,20532
49,20538
49,20573
49,20580
49,20667
49,20701
49,20705
49,20730
49,20735
49,20767
49,20778
49,20819
49,20867
49,20946
49,20969
49,21049
49,21143
49,21193
49,21213
49,21330
49,21342
49,21356
49,21437
49,21457
49,21517
49,21598
49,21614
49,21693
49,21726
49,21788
49,21877
49,21944
49,22067
49,22106
49,22114
49,22123
49,22197
49,22220
49,22236
49,22365
49,22455
49,22486
49,22499
49,22505
49,22516
49,22531
49,22567
49,22577
49,22617
49,22642
49,22656
49,22661
49,22670
49,22734
49,22735
49,22796
49,22812
49,22831
49,22986
49,23021
49,23037
49,23086
49,23232
49,23279
49,23313
49,23342
49,23421
49,23469
49,23524
49,23576
49,23579
49,23593
49,23606
49,23635
49,23645
49,23734
49,23770
49,23832
49,23838
49,23848
49,23913
49,23952
49,23995
49,24014
49,24101
49,24128
49,24148
49,24151
49,24235
49,24240
49,24322
49,24328
49,24410
49,24489
49,24524
49,24525
49,24555
49,24689
49,24781
49,24787
49,24834
49,24986
49,25021
49,25118
49,25178
49,25193
49,25272
49,25352
49,25433
49,25448
49,25489
49,25497
49,25544
49,25551
49,25590
49,25687
49,25896
49,25915
49,25924
49,26059
49,26142
49,26183
49,26197
49,26232
49,26255
49,26272
49,26438
49,26458
49,26494
49,26551
49,26657
49,26687
49,26731
49,26850
49,26973
49,26989
49,27026
49,27052
49,27071
49,27249
49,27283
49,27393
49,27403
49,27491
49,27631
49,27632
49,27660
49,27669
49,27796
49,27840
49,27886
49,27902
49,27908
49,27971
49,28033
49,28051
49,28179
49,28192
49,28212
49,28223
49,28246
49,28289
49,28314
49,28353
49,28360
49,28401
49,28402
49,28437
49,28487
49,28544
49,28606
49,28620
49,28623
49,28634
49,28663
49,28701
49,28722
49,28738
49,29019
49,29035
49,29036
49,29043
49,29081
49,29086
49,29092
49,29171
49,29200
49,29317
49,29392
49,29412
49,29444
49,29465
49,29471
49,29479
49,29524
50,13
50,67
50,99
50,164
50,175
50,195
50,222
50,356
50,407
50,465
50,517
50,529
50,532
50,578
50,580
50,593
50,599
50,789
50,830
50,849
50,890
50,978
50,1007
50,1025
50,1065
50,1105
50,1107
50,1225
50,1316
50,1323
50,1325
50,1377
50,1384
50,1493
50,1641
50,1736
50,1882
50,1909
50,1959
50,1982
50,2052
50,2067
50,2090
50,2119
50,2225
50,2260
50,2267
50,2316
50,2336
50,2352
50,2466
50,2562
50,2573
50,2668
50,2935
50,3032
50,3137
50,3188
50,3219
50,3263
50,3305
50,3313
50,3353
50,3407
50,3543
50,3707
50,3748
50,3845
50,3867
50,3895
50,3969
50,3978
50,4014
50,4033
50,4060
50,4079
50,4110
50,4128
50,4180
50,4218
50,4260
50,4267
50,4335
50,4403
50,4439
50,4494
50,4527
50,4558
50,4665
50,4717
50,4831
50,4919
50,4931
50,4959
50,5023
50,5032
50,5042
50,5044
50,5145
50,5173
50,5247
50,5306
50,5341
50,5347
50,5479
50,5533
50,5546
50,5575
50,5597
50,5643
50,5656
50,5665
50,5692
50,5714
50,5749
50,5784
50,5930
50,5931
50,5941
50,6021
50,6062
50,6126
50,6135
50,6206
50,6249
50,6506
50,6574
50,6661
50,6708
50,6923
50,6986
50,7055
50,7148
50,7240
50,7269
50,7304
50,7325
50,7502
50,7659
50,7737
50,7807
50,7840
50,7909
50,8031
50,8036
50,8071
50,8214
50,8238
50,8241
50,8271
50,8359
50,8381
50,8438
50,8490
50,8493
50,8564
50,8598
50,8607
50,8655
50,8659
50,8696
50,8697
50,8781
50,8839
50,8843
50,8890
50,8896
50,9048
50,9072
50,9110
50,9200
50,9298
50,9324
50,9337
50,9378
50,9380
50,9478
50,9576
50,9623
50,9633
50,9891
50,9898
50,9917
50,9976
50,10009
50,10031
50,10069
50,10118
50,10119
50,10171
50,10239
50,10267
50,10275
50,10284
50,10335
50,10340
50,10440
50,10482
50,10515
50,10571
50,10667
50,10675
50,10696
50,10703
50,10731
50,10743
50,10800
50,10823
50,10853
50,10958
50,11111
50,11154
50,11172
50,11226
50,11283
50,11396
50,11444
50,11479
50,11547
50,11565
50,11686
50,11864
50,11888
50,12078
50,12113
50,12179
50,12200
50,12209
50,12266
50,12276
50,12400
50,12420
50,12443
50,12543
50,12561
50,12576
50,12830
50,12855
50,12970
50,13080
50,13144
50,13148
50,13193
50,13205
50,13218
50,13263
50,13267
50,13330
50,13480
50,13523
50,13562
50,13665
50,13669
50,13692
50,13735
50,13877
50,13906
50,13927
50,13941
50,14005
50,14018
50,14043
50,14054
50,14135
50,14195
50,14204
50,14207
50,14270
50,14309
50,14442
50,14627
50,14640
50,14652
50,14716
50,14747
50,14779
50,14791
50,14845
50,14849
50,14862
50,14918
50,14929
50,14986
50,15022
50,15027
50,15030
50,15040
50,15072
50,15125
50,15134
50,15167
50,15231
50,15278
50,15334
50,15343
50,15373
50,15402
50,15435
50,15438
50,15518
50,15581
50,15640
50,15670
50,15718
50,15783
50,15849
50,15852
50,15942
50,15948
50,15981
50,16078
50,16186
50,16298
50,16311
50,16451
50,16464
50,16528
50,16532
50,16569
50,16579
50,16624
50,16634
50,16691
50,16740
50,16767
50,16832
50,16836
50,16842
50,16852
50,16933
50,16987
50,17007
50,17023
50,17058
50,17126
50,17235
50,17334
50,17391
50,17429
50,17495
50,17529
50,17599
50,17675
50,17787
50,17850
50,17863
50,17882
50,17900
50,17907
50,17988
50,18084
50,18087
50,18100
50,18161
50,18176
50,18222
50,18259
50,18287
50,18318
50,18352
50,18368
50,18379
50,18466
50,18518
50,18592
50,18710
50,18721
50,18768
50,18771
50,18831
50,18875
50,18885
50,18931
50,18951
50,18966
50,18972
50,19003
50,19080
50,19174
50,19177
50,19227
50,19234
50,19281
50,19367
50,19370
50,19426
50,19485
50,19497
50,19500
50,19575
50,19657
50,19694
50,19747
50,19843
50,19886
50,19913
50,19914
50,19931
50,19934
50,19970
50,19997
50,20023
50,20034
50,20104
50,20131
50,20146
50,20165
50,20200
50,20272
50,20312
50,20456
50,20468
50,20475
50,20530
50,20539
50,20582
50,20583
50,20642
50,20703
50,20767
50,20811
50,20919
50,21215
50,21226
50,21375
50,21437
50,21493
50,21503
50,21629
50,21635
50,21675
50,21727
50,21729
50,21911
50,21944
50,21990
50,22002
50,22046
50,22089
50,22101
50,22107
50,22181
50,22225
50,22252
50,22273
50,22289
50,22290
50,22317
50,22342
50,22450
50,22452
50,22506
50,22578
50,22668
50,22761
50,22799
50,22803
50,22804
50,22962
50,22982
50,23022
50,23039
50,23135
50,23154
50,23164
50,23205
50,23386
50,23387
50,23425
50,23447
50,23503
50,23529
50,23615
50,23658
50,23779
50,23780
50,23830
50,23879
50,23888
50,23921
50,24003
50,24155
50,24171
50,24187
50,24277
50,24278
50,24519
50,24528
50,24544
50,24717
50,24722
50,24740
50,24752
50,24785
50,24794
50,24838
50,24938
50,24974
50,25032
50,25036
50,25048
50,25165
50,25177
50,25366
50,25426
50,25460
50,25695
50,25759
50,25778
50,25797
50,25806
50,25822
50,25939
50,25952
50,25998
50,26047
50,26053
50,26122
50,26129
50,26184
50,26196
50,26248
50,26298
50,26362
50,26389
50,26421
50,26446
50,26493
50,26502
50,26506
50,26518
50,26544
50,26591
50,26609
50,26622
50,26654
50,26674
50,26696
50,26743
50,26746
50,26835
50,26857
50,26889
50,26984
50,27013
50,27095
50,27103
50,27114
50,27118
50,27178
50,27187
50,27222
50,27272
50,27370
50,27373
50,27414
50,27438
50,27472
50,27532
50,27620
50,27632
50,27858
50,27892
50,27973
50,28020
50,28028
50,28034
50,28092
50,28097
50,28138
50,28175
50,28188
50,28205
50,28261
50,28318
50,28408
50,28453
50,28522
50,28548
50,28550
50,28563
50,28628
50,28634
50,28681
50,28788
50,28801
50,28820
50,28823
50,28876
50,28931
50,28939
50,29187
50,29274
50,29290
50,29327
50,29359
50,29378
51,139
51,157
51,174
51,321
51,375
51,407
51,416
51,434
51,463
51,484
51,489
51,533
51,542
51,555
51,629
51,636
51,681
51,683
51,694
51,771
51,956
51,965
51,993
51,1034
51,1066
51,1104
51,1177
51,1268
51,1298
51,1301
51,1322
51,1430
51,1466
51,1503
51,1509
51,1595
51,1596
51,1673
51,1766
51,1770
51,1858
51,1955
51,2005
51,2156
51,2230
51,2261
51,2264
51,2282
51,2298
51,2348
51,2432
51,2447
51,2457
51,2617
51,2777
51,2797
51,2942
51,3081
51,3108
51,3143
51,3158
51,3188
51,3248
51,3296
51,3397
51,3624
51,3633
51,3655
51,3659
51,3713
51,3735
51,3828
51,3862
51,3907
51,3991
51,4000
51,4014
51,4126
51,4148
51,4172
51,4216
51,4243
51,4281
51,4426
51,4459
51,4517
51,4543
51,4670
51,4712
51,4715
51,4762
51,4794
51,4864
51,4904
51,4980
51,5160
51,5163
51,5204
51,5228
51,5266
51,5302
51,5386
51,5392
51,5403
51,5456
51,5463
51,5477
51,5512
51,5593
51,5597
51,5647
51,5667
51,5701
51,5705
51,5768
51,5989
51,6038
51,6042
51,6230
51,6281
51,6337
51,6403
51,6435
51,6464
51,6499
51,6536
51,6559
51,6571
51,6577
51,6590
51,6674
51,6740
51,6745
51,6841
51,6858
51,6862
51,6863
51,6896
51,6974
51,7056
51,7131
51,7151
51,7195
51,7240
51,7241
51,7428
51,7445
51,7457
51,7478
51,7493
51,7557
51,7624
51,7704
51,7813
51,7927
51,7947
51,8063
51,8081
51,8125
51,8162
51,8236
51,8243
51,8252
51,8264
51,8290
51,8334
51,8410
51,8429
51,8458
51,8461
51,8519
51,8631
51,8649
51,8673
51,8682
51,8801
51,8802
51,8902
51,9138
51,9146
51,9150
51,9208
51,9249
51,9286
51,9368
51,9389
51,9403
51,9720
51,9925
51,9929
51,10043
51,10150
51,10295
51,10382
51,10397
51,10398
51,10436
51,10540
51,10578
51,10636
51,10657
51,10660
51,10704
51,10735
51,10737
51,10757
51,10835
51,10897
51,10926
51,10985
51,11044
51,11045
51,11146
51,11184
51,11356
51,11370
51,11395
51,11445
51,11521
51,11697
51,11704
51,11900
51,12042
51,12141
51,12182
51,12225
51,12239
51,12259
51,12324
51,12336
51,12429
51,12584
51,12655
51,12788
51,12813
51,12831
51,12852
51,12865
51,12874
51,12923
51,12931
51,12943
51,12958
51,13126
51,13263
51,13281
51,13316
51,13327
51,13401
51,13510
51,13662
51,13685
51,13739
51,13766
51,13811
51,13856
51,13892
51,13928
51,13994
51,14038
51,14056
51,14060
51,14074
51,14090
51,14151
51,14182
51,14185
51,14247
51,14298
51,14393
51,14471
51,14484
51,14577
51,14624
51,14636
51,14695
51,14696
51,14697
51,14699
51,14732
51,14797
51,14873
51,14924
51,14964
51,14995
51,15157
51,15263
51,15270
51,15328
51,15380
51,15389
51,15430
51,15635
51,15686
51,15790
51,15834
51,15840
51,15916
51,16009
51,16011
51,16013
51,16091
51,16104
51,16177
51,16400
51,16405
51,16485
51,16519
51,16614
51,16697
51,16795
51,16835
51,16854
51,16891
51,17092
51,17108
51,17173
51,17189
51,17197
51,17275
51,17315
51,17381
51,17412
51,17438
51,17482
51,17494
51,17508
51,17555
51,17585
51,17730
51,17850
51,18010
51,18027
51,18102
51,18258
51,18284
51,18359
51,18425
51,18429
51,18453
51,18564
51,18579
51,18593
51,18708
51,18721
51,18749
51,18789
51,18844
51,18900
51,18941
51,18969
51,19047
51,19115
51,19218
51,19305
51,19309
51,19310
51,19366
51,19399
51,19449
51,19463
51,19499
51,19515
51,19548
51,19590
51,19623
51,19677
51,19704
51,19735
51,19862
51,19880
51,19927
51,19955
51,19977
51,20071
51,20073
51,20123
51,20146
51,20167
51,20199
51,20259
51,20268
51,20288
51,20347
51,20369
51,20389
51,20467
51,20619
51,20654
51,20659
51,20690
51,20699
51,20727
51,20750
51,20791
51,20898
51,20973
51,21029
51,21059
51,21271
51,21273
51,21355
51,21379
51,21441
51,21446
51,21488
51,21509
51,21515
51,21517
51,21520
51,21640
51,21656
51,21663
51,21692
51,21737
51,21822
51,21875
51,21904
51,21910
51,22069
51,22082
51,22205
51,22224
51,22273
51,22283
51,22299
51,22391
51,22395
51,22496
51,22616
51,22619
51,22626
51,22729
51,22822
51,22828
51,22941
51,23121
51,23135
51,23166
51,23267
51,23301
51,23336
51,23432
51,23556
51,23642
51,23670
51,23672
51,23744
51,23863
51,23933
51,23943
51,24080
51,24242
51,24290
51,24304
51,24346
51,24349
51,24405
51,24429
51,24511
51,24542
51,24594
51,24691
51,24776
51,24788
51,24864
51,24922
51,24939
51,25048
51,25067
51,25118
51,25128
51,25199
51,25200
51,25201
51,25270
51,25305
51,25392
51,25423
51,25484
51,25513
51,25535
51,25609
51,25662
51,25664
51,25737
51,25767
51,25772
51,25796
51,25949
51,26036
51,26129
51,26214
51,26465
51,26488
51,26516
51,26568
51,26579
51,26602
51,26729
51,26882
51,26894
51,26922
51,26969
51,27052
51,27092
51,27116
51,27171
51,27223
51,27244
51,27291
51,27305
51,27323
51,27334
51,27447
51,27450
51,27506
51,27601
51,27716
51,27733
51,27765
51,27771
51,27836
51,27845
51,27959
51,28116
51,28173
51,28183
51,28192
51,28299
51,28388
51,28429
51,28437
51,28520
51,28557
51,28649
51,28759
51,28785
51,28870
51,28872
51,28912
51,29001
51,29057
51,29071
51,29112
51,29123
51,29172
51,29338
51,29396
51,29424
51,29443
51,29521
51,29538
51,29544
51,29546
51,29554
52,26
52,33
52,81
52,82
52,117
52,124
52,443
52,466
52,496
52,504
52,518
52,539
52,569
52,641
52,681
52,731
52,772
52,782
52,800
52,851
52,881
52,944
52,959
52,1062
52,1073
52,1075
52,1127
52,1142
52,1154
52,1162
52,1323
52,1360
52,1538
52,1554
52,1610
52,1663
52,1688
52,1711
52,1764
52,1804
52,1942
52,1951
52,1959
52,1997
52,2014
52,2059
52,2077
52,2081
52,2093
52,2187
52,2266
52,2315
52,2410
52,2443
52,2474
52,2480
52,2556
52,2564
52,2606
52,2666
52,2714
52,2787
52,2854
52,2869
52,2912
52,2913
52,2949
52,2966
52,3002
52,3020
52,3038
52,3041
52,3112
52,3172
52,3185
52,3202
52,3278
52,3291
52,3294
52,3448
52,3559
52,3575
52,3681
52,3685
52,3703
52,3715
52,3759
52,3780
52,3789
52,3851
52,3983
52,4046
52,4104
52,4110
52,4128
52,4149
52,4179
52,4396
52,4407
52,4481
52,4574
52,4634
52,4682
52,4741
52,4796
52,4799
52,4862
52,4917
52,4944
52,4950
52,4978
52,4981
52,4997
52,5036
52,5167
52,5379
52,5387
52,5488
52,5560
52,5570
52,5699
52,5790
52,5820
52,5845
52,5847
52,5864
52,5974
52,6015
52,6043
52,6092
52,6102
52,6128
52,6160
52,6164
52,6173
52,6309
52,6322
52,6343
52,6400
52,6469
52,6511
52,6519
52,6529
52,6646
52,6721
52,6736
52,6747
52,6832
52,6889
52,6929
52,6995
52,7008
52,7113
52,7211
52,7227
52,7229
52,7337
52,7351
52,7375
52,7424
52,7499
52,7545
52,7593
52,7666
52,7682
52,7700
52,7759
52,7845
52,7861
52,8005
52,8039
52,8125
52,8140
52,8211
52,8286
52,8322
52,8339
52,8341
52,8374
52,8382
52,8397
52,8578
52,8669
52,8729
52,8912
52,8960
52,8964
52,8976
52,9034
52,9077
52,9107
52,9140
52,9200
52,9313
52,9480
52,9506
52,9576
52,9694
52,9700
52,9802
52,9856
52,9985
52,10009
52,10041
52,10190
52,10194
52,10198
52,10236
52,10258
52,10384
52,10392
52,10417
52,10436
52,10484
52,10522
52,10568
52,10593
52,10644
52,10663
52,10681
52,10838
52,10843
52,10854
52,10855
52,10876
52,10944
52,10979
52,10984
52,10988
52,11007
52,11074
52,11114
52,11129
52,11154
52,11301
52,11348
52,11415
52,11512
52,11513
52,11516
52,11520
52,11882
52,11929
52,11956
52,11979
52,11989
52,12027
52,12107
52,12199
52,12254
52,12260
52,12351
52,12437
52,12484
52,12603
52,12645
52,12714
52,12738
52,12856
52,12880
52,12922
52,13003
52,13096
52,13157
52,13244
52,13411
52,13514
52,13695
52,13830
52,13975
52,13987
52,14070
52,14100
52,14126
52,14232
52,14498
52,14532
52,14543
52,14605
52,14607
52,14630
52,14669
52,14670
52,14719
52,14720
52,14736
52,14757
52,14800
52,14871
52,14877
52,14881
52,14888
52,14904
52,14959
52,14965
52,14976
52,15009
52,15066
52,15091
52,15108
52,15153
52,15236
52,15329
52,15373
52,15483
52,15506
52,15510
52,15535
52,15585
52,15594
52,15654
52,15692
52,15778
52,15817
52,15873
52,15917
52,15925
52,15955
52,16051
52,16141
52,16150
52,16343
52,16356
52,16390
52,16395
52,16505
52,16522
52,16801
52,16826
52,16846
52,16859
52,16895
52,16967
52,16992
52,17042
52,17051
52,17085
52,17232
52,17266
52,17289
52,17301
52,17339
52,17384
52,17446
52,17454
52,17566
52,17606
52,17657
52,17672
52,17852
52,17872
52,17898
52,17928
52,17934
52,17948
52,17953
52,18000
52,18064
52,18198
52,18199
52,18224
52,18244
52,18310
52,18357
52,18442
52,18500
52,18581
52,18587
52,18648
52,18651
52,18736
52,18958
52,19021
52,19037
52,19061
52,19071
52,19098
52,19104
52,19112
52,19228
52,19261
52,19278
52,19404
52,19408
52,19439
52,19461
52,19555
52,19594
52,19633
52,19759
52,19796
52,19820
52,19844
52,19858
52,19863
52,19896
52,19909
52,19929
52,19967
52,19994
52,20012
52,20107
52,20113
52,20117
52,20161
52,20191
52,20260
52,20309
52,20325
52,20349
52,20407
52,20442
52,20493
52,20516
52,20530
52,20670
52,20700
52,20711
52,20841
52,20848
52,20881
52,20951
52,21018
52,21055
52,21125
52,21191
52,21360
52,21474
52,21649
52,21671
52,21688
52,21708
52,21711
52,21712
52,21720
52,21728
52,21755
52,21790
52,21801
52,21888
52,21905
52,21912
52,21919
52,21964
52,21988
52,22019
52,22171
52,22193
52,22227
52,22387
52,22420
52,22454
52,22566
52,22583
52,22601
52,22622
52,22634
52,22646
52,22666
52,22670
52,22698
52,22792
52,22910
52,23029
52,23063
52,23259
52,23332
52,23347
52,23348
52,23399
52,23405
52,23408
52,23445
52,23488
52,23735
52,23820
52,23877
52,23885
52,23909
52,23919
52,23965
52,24007
52,24028
52,24102
52,24235
52,24280
52,24432
52,24452
52,24475
52,24481
52,24554
52,24574
52,24637
52,24732
52,24801
52,24806
52,24980
52,25004
52,25043
52,25067
52,25226
52,25325
52,25375
52,25448
52,25450
52,25529
52,25573
52,25585
52,25619
52,25625
52,25659
52,25675
52,25676
52,25723
52,25756
52,25786
52,25787
52,25794
52,25813
52,25836
52,25838
52,25848
52,25926
52,25983
52,25997
52,26068
52,26097
52,26216
52,26298
52,26347
52,26417
52,26535
52,26589
52,26648
52,26659
52,26710
52,26811
52,26860
52,26870
52,26946
52,26980
52,27109
52,27187
52,27204
52,27283
52,27511
52,27525
52,27552
52,27636
52,27637
52,27711
52,27892
52,27902
52,27977
52,28099
52,28194
52,28323
52,28425
52,28426
52,28612
52,28651
52,28811
52,28824
52,28826
52,28913
52,29015
52,29039
52,29044
52,29125
52,29190
52,29244
52,29375
52,29394
52,29422
52,29475
52,29508
53,19
53,44
53,68
53,111
53,140
53,189
53,282
53,368
53,401
53,425
53,430
53,472
53,479
53,497
53,508
53,605
53,709
53,724
53,827
53,857
53,889
53,941
53,963
53,1111
53,1114
53,1275
53,1283
53,1304
53,1308
53,1333
53,1401
53,1467
53,1474
53,1483
53,1626
53,1694
53,1706
53,1739
53,1829
53,1879
53,1950
53,2080
53,2083
53,2109
53,2152
53,2226
53,2261
53,2304
53,2309
53,2327
53,2328
53,2399
53,2471
53,2485
53,2540
53,2605
53,2669
53,2689
53,2747
53,2756
53,2782
53,2808
53,2824
53,2870
53,2880
53,2886
53,2972
53,2976
53,3018
53,3077
53,3080
53,3085
53,3135
53,3171
53,3196
53,3246
53,3255
53,3317
53,3394
53,3437
53,3692
53,3698
53,3705
53,3740
53,3826
53,3831
53,3850
53,3924
53,3955
53,4032
53,4099
53,4118
53,4240
53,4243
53,4244
53,4252
53,4275
53,4310
53,4319
53,4389
53,4461
53,4469
53,4493
53,4567
53,4617
53,4627
53,4653
53,4669
53,4687
53,4719
53,4730
53,4749
53,4780
53,4837
53,4933
53,4960
53,4978
53,5052
53,5093
53,5119
53,5149
53,5172
53,5175
53,5232
53,5284
53,5340
53,5369
53,5421
53,5438
53,5463
53,5560
53,5619
53,5677
53,5821
53,5860
53,5910
53,5912
53,5945
53,6023
53,6033
53,6079
53,6143
53,6179
53,6226
53,6329
53,6368
53,6378
53,6527
53,6561
53,6603
53,6611
53,6637
53,6669
53,6671
53,6731
53,6747
53,6764
53,6837
53,6921
53,7003
53,7005
53,7015
53,7037
53,7060
53,7150
53,7168
53,7284
53,7296
53,7309
53,7332
53,7339
53,7459
53,7476
53,7498
53,7516
53,7544
53,7703
53,7728
53,7749
53,7759
53,7777
53,7789
53,7797
53,7812
53,7840
53,7853
53,7910
53,8024
53,8066
53,8121
53,8135
53,8156
53,8260
53,8317
53,8387
53,8423
53,8426
53,8437
53,8509
53,8517
53,8531
53,8611
53,8613
53,8677
53,8692
53,8736
53,8799
53,8815
53,8822
53,8834
53,8853
53,8873
53,8983
53,9010
53,9058
53,9110
53,9152
53,9166
53,9170
53,9295
53,9369
53,9383
53,9396
53,9470
53,9488
53,9507
53,9600
53,9605
53,9629
53,9639
53,9642
53,9668
53,9711
53,9780
53,9838
53,9845
53,9944
53,9960
53,9974
53,10130
53,10141
53,10178
53,10191
53,10297
53,10370
53,10382
53,10403
53,10405
53,10430
53,10497
53,10537
53,10587
53,10637
53,10666
53,10743
53,10787
53,10803
53,10816
53,10844
53,10861
53,10935
53,10955
53,11075
53,11090
53,11125
53,11144
53,11211
53,11288
53,11331
53,11350
53,11362
53,11421
53,11424
53,11462
53,11475
53,11571
53,11600
53,11673
53,11753
53,11767
53,11787
53,11805
53,11879
53,11890
53,11950
53,11988
53,11994
53,12012
53,12015
53,12018
53,12021
53,12090
53,12140
53,12177
53,12213
53,12255
53,12286
53,12303
53,12376
53,12377
53,12378
53,12491
53,12497
53,12509
53,12599
53,12694
53,12709
53,12726
53,12734
53,12747
53,12773
53,12794
53,12813
53,13066
53,13106
53,13145
53,13207
53,13214
53,13250
53,13257
53,13268
53,13333
53,13356
53,13444
53,13491
53,13495
53,13534
53,13671
53,13740
53,13744
53,13766
53,13808
53,13914
53,13920
53,13976
53,13978
53,14007
53,14016
53,14081
53,14096
53,14241
53,14248
53,14310
53,14337
53,14458
53,14480
53,14546
53,14569
53,14589
53,14621
53,14641
53,14650
53,14657
53,14749
53,14773
53,14786
53,14795
53,14806
53,14811
53,14814
53,14843
53,14885
53,14964
53,14988
53,15023
53,15068
53,15077
53,15095
53,15107
53,15132
53,15133
53,15134
53,15166
53,15195
53,15200
53,15223
53,15230
53,15270
53,15328
53,15387
53,15477
53,15530
53,15593
53,15620
53,15631
53,15641
53,15744
53,15769
53,15796
53,15813
53,15832
53,15867
53,15944
53,16079
53,16108
53,16250
53,16251
53,16279
53,16298
53,16352
53,16360
53,16363
53,16392
53,16481
53,16522
53,16543
53,16552
53,16584
53,16609
53,16710
53,16738
53,16764
53,16891
53,16958
53,17034
53,17047
53,17123
53,17141
53,17196
53,17226
53,17245
53,17271
53,17316
53,17330
53,17347
53,17355
53,17429
53,17463
53,17508
53,17526
53,17552
53,17569
53,17633
53,17639
53,17745
53,17790
53,17852
53,17924
53,17970
53,17974
53,18100
53,18121
53,18161
53,18255
53,18283
53,18365
53,18395
53,18415
53,18448
53,18473
53,18558
53,18627
53,18634
53,18720
53,18733
53,18765
53,18781
53,18836
53,18848
53,18906
53,18920
53,18934
53,18968
53,19016
53,19095
53,19150
53,19208
53,19214
53,19237
53,19247
53,19265
53,19292
53,19458
53,19462
53,19467
53,19487
53,19495
53,19559
53,19615
53,19626
53,19675
53,19771
53,19796
53,19833
53,19836
53,19853
53,19921
53,19977
53,20106
53,20212
53,20263
53,20308
53,20404
53,20425
53,20490
53,20510
53,20640
53,20645
53,20662
53,20667
53,20682
53,20703
53,20730
53,20800
53,20827
53,20878
53,20921
53,20926
53,20935
53,20960
53,21121
53,21138
53,21189
53,21198
53,21205
53,21266
53,21307
53,21313
53,21321
53,21426
53,21453
53,21518
53,21533
53,21549
53,21617
53,21665
53,21714
53,21738
53,21785
53,21868
53,21893
53,21940
53,21952
53,21984
53,22030
53,22062
53,22227
53,22253
53,22259
53,22280
53,22329
53,22380
53,22404
53,22457
53,22481
53,22496
53,22503
53,22508
53,22658
53,22734
53,22753
53,22757
53,22817
53,22842
53,22917
53,22923
53,22932
53,22940
53,22965
53,22979
53,23046
53,23085
53,23114
53,23121
53,23126
53,23177
53,23178
53,23194
53,23195
53,23238
53,23312
53,23320
53,23353
53,23382
53,23389
53,23396
53,23442
53,23466
53,23477
53,23482
53,23509
53,23552
53,23558
53,23587
53,23589
53,23681
53,23686
53,23742
53,24048
53,24093
53,24170
53,24266
53,24268
53,24287
53,24300
53,24301
53,24326
53,24378
53,24389
53,24419
53,24433
53,24454
53,24457
53,24554
53,24574
53,24578
53,24581
53,24592
53,24597
53,24607
53,24673
53,24679
53,24722
53,24773
53,24811
53,24814
53,24908
53,24933
53,24952
53,24959
53,24962
53,25063
53,25094
53,25096
53,25127
53,25207
53,25209
53,25216
53,25316
53,25417
53,25575
53,25604
53,25627
53,25630
53,25669
53,25706
53,25719
53,25770
53,25812
53,25835
53,25841
53,25849
53,25947
53,26014
53,26067
53,26093
53,26117
53,26150
53,26206
53,26218
53,26310
53,26337
53,26358
53,26450
53,26498
53,26526
53,26620
53,26628
53,26635
53,26686
53,26705
53,26716
53,26810
53,26854
53,26862
53,26898
53,26917
53,26954
53,27055
53,27105
53,27215
53,27243
53,27268
53,27397
53,27401
53,27417
53,27418
53,27419
53,27422
53,27482
53,27539
53,27544
53,27578
53,27579
53,27595
53,27674
53,27683
53,27702
53,27743
53,27748
53,27752
53,27753
53,27760
53,27886
53,27909
53,27915
53,27945
53,27956
53,27974
53,28025
53,28069
53,28092
53,28103
53,28117
53,28135
53,28146
53,28191
53,28204
53,28206
53,28215
53,28220
53,28237
53,28248
53,28309
53,28318
53,28332
53,28347
53,28358
53,28400
53,28402
53,28420
53,28432
53,28472
53,28479
53,28545
53,28553
53,28558
53,28631
53,28685
53,28687
53,28693
53,28701
53,28730
53,28791
53,28822
53,28841
53,28885
53,28950
53,28961
53,28981
53,29066
53,29067
53,29094
53,29161
53,29184
53,29215
53,29229
53,29262
53,29265
53,29309
53,29323
53,29358
53,29367
53,29416
53,29439
53,29504
53,29538
53,29566
54,9
54,43
54,45
54,64
54,83
54,104
54,115
54,219
54,279
54,294
54,328
54,392
54,449
54,501
54,520
54,577
54,597
54,598
54,629
54,671
54,718
54,760
54,821
54,856
54,867
54,886
54,904
54,937
54,1007
54,1046
54,1051
54,1138
54,1142
54,1143
54,1177
54,1210
54,1251
54,1292
54,1342
54,1410
54,1435
54,1549
54,1754
54,1757
54,1931
54,1959
54,1961
54,1977
54,2003
54,2052
54,2060
54,2078
54,2097
54,2126
54,2160
54,2229
54,2246
54,2285
54,2455
54,2457
54,2480
54,2649
54,2669
54,2705
54,2740
54,2781
54,2782
54,2789
54,2800
54,2838
54,2890
54,2895
54,2928
54,2933
54,2993
54,3030
54,3045
54,3117
54,3177
54,3180
54,3208
54,3218
54,3259
54,3336
54,3368
54,3387
54,3417
54,3511
54,3553
54,3619
54,3626
54,3677
54,3767
54,3807
54,3818
54,3903
54,3954
54,4086
54,4204
54,4235
54,4292
54,4334
54,4341
54,4422
54,4521
54,4566
54,4609
54,4630
54,4656
54,4687
54,4740
54,4781
54,4814
54,4845
54,4911
54,4975
54,5112
54,5204
54,5210
54,5221
54,5301
54,5317
54,5371
54,5439
54,5567
54,5615
54,5625
54,5669
54,5695
54,5702
54,5719
54,5739
54,5758
54,5783
54,5784
54,5795
54,5799
54,5822
54,5881
54,5890
54,6011
54,6085
54,6097
54,6121
54,6125
54,6180
54,6268
54,6323
54,6325
54,6326
54,6329
54,6390
54,6432
54,6453
54,6614
54,6630
54,6649
54,6658
54,6699
54,6723
54,6747
54,6755
54,6810
54,6850
54,6903
54,6928
54,7043
54,7060
54,7146
54,7147
54,7172
54,7197
54,7255
54,7340
54,7353
54,7362
54,7365
54,7406
54,7453
54,7454
54,7493
54,7500
54,7510
54,7548
54,7581
54,7582
54,7602
54,7604
54,7658
54,7663
54,7705
54,7719
54,7801
54,7939
54,7958
54,7962
54,8057
54,8062
54,8177
54,8209
54,8214
54,8220
54,8253
54,8273
54,8313
54,8469
54,8490
54,8497
54,8534
54,8565
54,8634
54,8654
54,8721
54,8727
54,8756
54,8791
54,8823
54,8853
54,8855
54,8867
54,8979
54,9021
54,9077
54,9093
54,9134
54,9160
54,9236
54,9239
54,9278
54,9323
54,9326
54,9412
54,9421
54,9472
54,9489
54,9566
54,9581
54,9582
54,9617
54,9629
54,9630
54,9633
54,9643
54,9651
54,9689
54,9750
54,9761
54,9801
54,9803
54,9842
54,9866
54,9868
54,9918
54,9955
54,9969
54,10020
54,10048
54,10068
54,10138
54,10344
54,10363
54,10369
54,10380
54,10469
54,10530
54,10545
54,10613
54,10620
54,10798
54,10802
54,10844
54,11125
54,11180
54,11293
54,11298
54,11305
54,11329
54,11335
54,11353
54,11381
54,11420
54,11442
54,11444
54,11460
54,11493
54,11512
54,11518
54,11531
54,11542
54,11569
54,11571
54,11596
54,11606
54,11632
54,11669
54,11687
54,11705
54,11739
54,11740
54,11790
54,11805
54,11865
54,11897
54,11916
54,11938
54,11969
54,11999
54,12049
54,12059
54,12071
54,12131
54,12237
54,12263
54,12278
54,12295
54,12318
54,12332
54,12339
54,12375
54,12396
54,12452
54,12527
54,12530
54,12657
54,12704
54,12852
54,12878
54,12896
54,12927
54,12985
54,12989
54,13051
54,13060
54,13107
54,13132
54,13136
54,13250
54,13253
54,13291
54,13303
54,13322
54,13328
54,13343
54,13352
54,13354
54,13360
54,13377
54,13378
54,13381
54,13410
54,13524
54,13534
54,13554
54,13588
54,13592
54,13637
54,13639
54,13643
54,13672
54,13686
54,13689
54,13737
54,13772
54,13795
54,13816
54,13864
54,13868
54,13906
54,13910
54,13937
54,13968
54,14027
54,14046
54,14135
54,14204
54,14272
54,14364
54,14394
54,14399
54,14416
54,14438
54,14475
54,14481
54,14557
54,14569
54,14621
54,14685
54,14703
54,14706
54,14778
54,14780
54,14920
54,14936
54,15064
54,15177
54,15219
54,15221
54,15276
54,15277
54,15289
54,15292
54,15404
54,15520
54,15550
54,15558
54,15588
54,15595
54,15610
54,15630
54,15691
54,15707
54,15750
54,15799
54,15906
54,15940
54,15964
54,16020
54,16044
54,16099
54,16126
54,16140
54,16192
54,16199
54,16219
54,16230
54,16240
54,16244
54,16252
54,16312
54,16358
54,16377
54,16389
54,16391
54,16405
54,16410
54,16444
54,16453
54,16454
54,16477
54,16484
54,16510
54,16539
54,16552
54,16556
54,16577
54,16657
54,16663
54,16737
54,16770
54,16992
54,16998
54,17054
54,17060
54,17156
54,17183
54,17189
54,17267
54,17350
54,17376
54,17410
54,17447
54,17499
54,17567
54,17701
54,17718
54,17751
54,17767
54,17768
54,17774
54,17794
54,17836
54,17841
54,17867
54,17903
54,17914
54,18076
54,18081
54,18160
54,18171
54,18172
54,18185
54,18204
54,18234
54,18243
54,18293
54,18308
54,18368
54,18392
54,18416
54,18422
54,18501
54,18505
54,18544
54,18569
54,18596
54,18627
54,18650
54,18687
54,18741
54,18765
54,18774
54,18834
54,18923
54,18986
54,19040
54,19085
54,19088
54,19133
54,19277
54,19343
54,19353
54,19404
54,19438
54,19441
54,19466
54,19519
54,19598
54,19602
54,19613
54,19658
54,19662
54,19741
54,19758
54,19895
54,19935
54,19966
54,19969
54,20028
54,20064
54,20090
54,20155
54,20168
54,20178
54,20201
54,20305
54,20310
54,20333
54,20369
54,20379
54,20399
54,20456
54,20603
54,20645
54,20675
54,20717
54,20719
54,20741
54,20746
54,20829
54,20949
54,21014
54,21058
54,21089
54,21090
54,21094
54,21103
54,21121
54,21140
54,21149
54,21158
54,21170
54,21211
54,21243
54,21263
54,21270
54,21355
54,21520
54,21534
54,21580
54,21604
54,21634
54,21657
54,21659
54,21699
54,21718
54,21781
54,21849
54,21935
54,21997
54,22004
54,22036
54,22062
54,22066
54,22076
54,22091
54,22097
54,22226
54,22228
54,22233
54,22272
54,22411
54,22433
54,22468
54,22484
54,22500
54,22506
54,22551
54,22618
54,22622
54,22650
54,22674
54,22786
54,22817
54,22863
54,22888
54,23060
54,23093
54,23098
54,23122
54,23166
54,23259
54,23268
54,23370
54,23391
54,23405
54,23449
54,23496
54,23498
54,23501
54,23573
54,23650
54,23655
54,23798
54,23825
54,23847
54,23854
54,23863
54,23873
54,23908
54,23956
54,23969
54,23976
54,24033
54,24036
54,24056
54,24077
54,24088
54,24097
54,24116
54,24138
54,24178
54,24202
54,24218
54,24257
54,24325
54,24327
54,24434
54,24443
54,24463
54,24473
54,24507
54,24536
54,24635
54,24648
54,24706
54,24770
54,24919
54,24961
54,24975
54,24980
54,25028
54,25039
54,25048
54,25054
54,25070
54,25094
54,25101
54,25137
54,25162
54,25233
54,25249
54,25294
54,25344
54,25357
54,25365
54,25380
54,25413
54,25430
54,25583
54,25632
54,25670
54,25684
54,25882
54,25883
54,25915
54,25978
54,26091
54,26208
54,26213
54,26285
54,26314
54,26390
54,26428
54,26480
54,26510
54,26537
54,26577
54,26651
54,26741
54,26754
54,26785
54,26826
54,26841
54,26896
54,26904
54,26909
54,26919
54,26996
54,27043
54,27079
54,27119
54,27130
54,27151
54,27157
54,27187
54,27230
54,27245
54,27351
54,27499
54,27500
54,27542
54,27559
54,27616
54,27686
54,27706
54,27725
54,27781
54,27849
54,27880
54,27906
54,28004
54,28066
54,28126
54,28147
54,28148
54,28158
54,28185
54,28266
54,28267
54,28290
54,28395
54,28423
54,28530
54,28537
54,28556
54,28577
54,28579
54,28692
54,28743
54,28819
54,28940
54,28998
54,29086
54,29091
54,29097
54,29158
54,29294
54,29298
54,29389
54,29401
54,29406
54,29439
54,29517
54,29525
54,29552
55,16
55,95
55,186
55,187
55,196
55,261
55,271
55,288
55,337
55,440
55,442
55,460
55,651
55,691
55,751
55,815
55,825
55,837
55,867
55,1029
55,1187
55,1258
55,1343
55,1416
55,1481
55,1483
55,1490
55,1495
55,1547
55,1661
55,1678
55,1680
55,1698
55,1710
55,1728
55,1896
55,1919
55,2051
55,2149
55,2172
55,2204
55,2228
55,2239
55,2274
55,2290
55,2326
55,2446
55,2488
55,2572
55,2580
55,2599
55,2633
55,2849
55,2858
55,2883
55,2932
55,3007
55,3046
55,3072
55,3105
55,3122
55,3217
55,3301
55,3397
55,3506
55,3559
55,3578
55,3620
55,3690
55,3704
55,3735
55,3747
55,3815
55,3851
55,3866
55,4186
55,4201
55,4280
55,4292
55,4296
55,4303
55,4340
55,4370
55,4404
55,4425
55,4581
55,4602
55,4640
55,4706
55,4707
55,4733
55,4824
55,5038
55,5059
55,5105
55,5112
55,5196
55,5211
55,5335
55,5539
55,5547
55,5559
55,5599
55,5634
55,5727
55,5772
55,5785
55,5814
55,5855
55,5968
55,5998
55,6007
55,6037
55,6084
55,6090
55,6126
55,6214
55,6219
55,6389
55,6465
55,6470
55,6540
55,6631
55,6634
55,6657
55,6670
55,6752
55,6811
55,6909
55,7023
55,7028
55,7097
55,7173
55,7216
55,7254
55,7289
55,7448
55,7545
55,7565
55,7586
55,7655
55,7764
55,7831
55,7894
55,8201
55,8239
55,8250
55,8335
55,8361
55,8370
55,8394
55,8473
55,8502
55,8563
55,8627
55,8762
55,8856
55,8899
55,8989
55,9203
55,9297
55,9352
55,9354
55,9527
55,9533
55,9614
55,9629
55,9647
55,9726
55,9780
55,9784
55,9914
55,9978
55,10025
55,10037
55,10038
55,10074
55,10081
55,10108
55,10113
55,10185
55,10216
55,10262
55,10390
55,10479
55,10492
55,10516
55,10544
55,10566
55,10722
55,10751
55,10992
55,11030
55,11039
55,11078
55,11124
55,11145
55,11235
55,11241
55,11311
55,11319
55,11337
55,11369
55,11376
55,11523
55,11542
55,11595
55,11613
55,11631
55,11746
55,11774
55,11816
55,11885
55,11944
55,12032
55,12043
55,12138
55,12238
55,12247
55,12304
55,12390
55,12412
55,12429
55,12449
55,12571
55,12638
55,12657
55,12679
55,12702
55,12716
55,12873
55,12955
55,12967
55,13052
55,13136
55,13293
55,13316
55,13430
55,13474
55,13513
55,13515
55,13615
55,13620
55,13633
55,13644
55,13660
55,13699
55,13711
55,13716
55,13800
55,13851
55,13885
55,13951
55,14018
55,14379
55,14392
55,14425
55,14588
55,14623
55,14707
55,14753
55,14915
55,14947
55,15103
55,15198
55,15286
55,15309
55,15333
55,15449
55,15503
55,15615
55,15620
55,15689
55,15692
55,15737
55,15877
55,15932
55,15948
55,16024
55,16026
55,16043
55,16052
55,16096
55,16140
55,16194
55,16235
55,16252
55,16289
55,16307
55,16313
55,16362
55,16540
55,16595
55,16711
55,16758
55,16789
55,16794
55,16904
55,16922
55,16930
55,16932
55,16944
55,16968
55,17064
55,17124
55,17131
55,17133
55,17136
55,17279
55,17281
55,17300
55,17312
55,17326
55,17454
55,17472
55,17508
55,17573
55,17583
55,17618
55,17652
55,17656
55,17658
55,17706
55,17752
55,17811
55,18000
55,18017
55,18021
55,18079
55,18080
55,18171
55,18182
55,18213
55,18245
55,18290
55,18292
55,18310
55,18378
55,18381
55,18435
55,18457
55,18525
55,18538
55,18544
55,18560
55,18689
55,18701
55,18764
55,18936
55,18982
55,18994
55,19028
55,19195
55,19313
55,19336
55,19375
55,19466
55,19482
55,19540
55,19577
55,19680
55,19691
55,19714
55,19891
55,19958
55,20035
55,20110
55,20163
55,20209
55,20247
55,20469
55,20474
55,20522
55,20533
55,20565
55,20652
55,20684
55,20700
55,20710
55,20731
55,20756
55,20762
55,20805
55,20823
55,20828
55,20897
55,21030
55,21051
55,21118
55,21152
55,21191
55,21263
55,21314
55,21484
55,21507
55,21516
55,21576
55,21610
55,21676
55,21701
55,21721
55,21784
55,22056
55,22197
55,22251
55,22347
55,22354
55,22369
55,22464
55,22528
55,22604
55,22609
55,22701
55,22735
55,22756
55,22873
55,22892
55,22917
55,22952
55,22992
55,23038
55,23084
55,23145
55,23190
55,23199
55,23239
55,23256
55,23300
55,23366
55,23374
55,23501
55,23502
55,23581
55,23605
55,23666
55,23767
55,23775
55,23786
55,23795
55,23799
55,23808
55,23953
55,23974
55,24083
55,24127
55,24139
55,24239
55,24315
55,24352
55,24398
55,24420
55,24519
55,24524
55,24531
55,24551
55,24581
55,24602
55,24621
55,24710
55,24749
55,24787
55,24810
55,24818
55,24861
55,24874
55,24897
55,25008
55,25009
55,25074
55,25182
55,25190
55,25263
55,25271
55,25344
55,25349
55,25394
55,25462
55,25573
55,25689
55,25696
55,25732
55,25736
55,25777
55,25787
55,25790
55,25817
55,26018
55,26118
55,26135
55,26207
55,26243
55,26249
55,26341
55,26389
55,26450
55,26465
55,26498
55,26514
55,26543
55,26547
55,26660
55,26665
55,26819
55,26842
55,26884
55,26900
55,26948
55,26999
55,27025
55,27055
55,27249
55,27337
55,27353
55,27421
55,27435
55,27471
55,27520
55,27671
55,27672
55,27750
55,27899
55,27985
55,28108
55,28121
55,28123
55,28225
55,28241
55,28288
55,28299
55,28348
55,28493
55,28524
55,28643
55,28682
55,28684
55,28705
55,28728
55,28759
55,28832
55,28955
55,29002
55,29088
55,29092
55,29113
55,29114
55,29291
55,29309
55,29343
55,29367
55,29419
55,29428
55,29449
55,29453
55,29567
56,28
56,130
56,216
56,359
56,387
56,446
56,666
56,754
56,801
56,832
56,893
56,906
56,923
56,924
56,1080
56,1132
56,1133
56,1164
56,1172
56,1201
56,1218
56,1233
56,1289
56,1400
56,1408
56,1445
56,1484
56,1574
56,1578
56,1579
56,1714
56,1817
56,1845
56,1881
56,1934
56,2112
56,2133
56,2157
56,2179
56,2237
56,2323
56,2358
56,2411
56,2426
56,2451
56,2477
56,2550
56,2732
56,2774
56,2864
56,2905
56,3041
56,3075
56,3143
56,3346
56,3370
56,3424
56,3486
56,3586
56,3600
56,3732
56,3854
56,3861
56,3926
56,3928
56,3980
56,4071
56,4140
56,4271
56,4368
56,4400
56,4447
56,4477
56,4528
56,4561
56,4615
56,4623
56,4707
56,4741
56,4949
56,4964
56,4994
56,5156
56,5179
56,5267
56,5322
56,5438
56,5444
56,5472
56,5520
56,5522
56,5591
56,5620
56,5686
56,5742
56,5856
56,5932
56,5958
56,5976
56,6069
56,6128
56,6147
56,6340
56,6384
56,6429
56,6450
56,6477
56,6604
56,6619
56,6622
56,6956
56,7054
56,7059
56,7116
56,7134
56,7137
56,7150
56,7201
56,7268
56,7273
56,7334
56,7433
56,7467
56,7539
56,7565
56,7569
56,7636
56,7642
56,7722
56,7739
56,7826
56,7831
56,7858
56,7921
56,7947
56,7964
56,8175
56,8194
56,8196
56,8256
56,8504
56,8522
56,8529
56,8688
56,8803
56,8880
56,8881
56,9006
56,9072
56,9129
56,9152
56,9201
56,9230
56,9263
56,9296
56,9343
56,9532
56,9582
56,9595
56,9624
56,9651
56,9687
56,9707
56,9788
56,9807
56,9840
56,9903
56,9994
56,10077
56,10102
56,10150
56,10300
56,10460
56,10467
56,10503
56,10530
56,10535
56,10553
56,10557
56,10563
56,10603
56,10652
56,10806
56,10854
56,10865
56,10937
56,11023
56,11112
56,11164
56,11166
56,11237
56,11327
56,11503
56,11505
56,11564
56,11650
56,11729
56,11754
56,11813
56,11822
56,11954
56,12120
56,12264
56,12330
56,12336
56,12365
56,12493
56,12530
56,12637
56,12648
56,12674
56,12718
56,12770
56,12898
56,12988
56,13007
56,13122
56,13200
56,13301
56,13333
56,13351
56,13419
56,13506
56,13603
56,13604
56,13628
56,13649
56,13743
56,13813
56,13825
56,13835
56,13881
56,13915
56,13918
56,14069
56,14127
56,14331
56,14341
56,14379
56,14428
56,14448
56,14463
56,14471
56,14518
56,14560
56,14620
56,14644
56,14700
56,14729
56,14731
56,14773
56,14788
56,14839
56,14844
56,14853
56,14880
56,14922
56,15081
56,15188
56,15318
56,15375
56,15433
56,15535
56,15573
56,15690
56,15802
56,15817
56,15821
56,15833
56,15900
56,15902
56,15971
56,15993
56,16333
56,16411
56,16488
56,16656
56,16807
56,16809
56,16979
56,17011
56,17021
56,17070
56,17101
56,17110
56,17232
56,17282
56,17314
56,17325
56,17342
56,17385
56,17418
56,17437
56,17470
56,17524
56,17584
56,17596
56,17705
56,17738
56,17754
56,17755
56,17875
56,17882
56,17953
56,18124
56,18140
56,18319
56,18352
56,18441
56,18444
56,18609
56,18636
56,18658
56,18794
56,18822
56,19014
56,19043
56,19075
56,19155
56,19179
56,19182
56,19247
56,19320
56,19393
56,19398
56,19488
56,19595
56,19631
56,19779
56,19823
56,19863
56,19882
56,19975
56,19987
56,20046
56,20113
56,20142
56,20238
56,20336
56,20376
56,20425
56,20522
56,20671
56,20701
56,20756
56,20774
56,20825
56,20884
56,20901
56,20936
56,20964
56,21070
56,21083
56,21198
56,21215
56,21223
56,21298
56,21310
56,21379
56,21542
56,21570
56,21769
56,21775
56,21806
56,21810
56,21849
56,22004
56,22048
56,22056
56,22120
56,22259
56,22316
56,22322
56,22343
56,22390
56,22395
56,22566
56,22695
56,22894
56,22985
56,23080
56,23164
56,23194
56,23214
56,23248
56,23304
56,23312
56,23370
56,23484
56,23512
56,23529
56,23769
56,23835
56,23920
56,24010
56,24017
56,24056
56,24116
56,24251
56,24256
56,24265
56,24283
56,24406
56,24444
56,24446
56,24458
56,24484
56,24544
56,24645
56,24717
56,24722
56,24750
56,24815
56,25031
56,25125
56,25328
56,25337
56,25363
56,25431
56,25638
56,25658
56,25712
56,25797
56,25827
56,25863
56,25880
56,25899
56,25934
56,25935
56,25940
56,26317
56,26512
56,26534
56,26610
56,26633
56,26647
56,26682
56,26719
56,26721
56,26855
56,26875
56,26989
56,27092
56,27103
56,27119
56,27210
56,27312
56,27375
56,27406
56,27594
56,27602
56,27622
56,27697
56,27902
56,27907
56,27910
56,27926
56,28052
56,28094
56,28165
56,28188
56,28250
56,28279
56,28371
56,28473
56,28503
56,28613
56,28982
56,29046
56,29064
56,29157
56,29159
56,29187
56,29255
56,29263
56,29358
56,29390
56,29391
56,29483
56,29532
56,29557
57,9
57,100
57,134
57,438
57,447
57,526
57,606
57,814
57,1019
57,1032
57,1150
57,1166
57,1264
57,1318
57,1421
57,1518
57,1568
57,1624
57,1791
57,1825
57,1843
57,1956
57,2168
57,2426
57,2470
57,2652
57,2801
57,2913
57,2927
57,2937
57,3004
57,3030
57,3038
57,3047
57,3127
57,3138
57,3185
57,3507
57,3726
57,3769
57,3801
57,3841
57,3884
57,3939
57,3947
57,4040
57,4091
57,4092
57,4143
57,4166
57,4167
57,4193
57,4341
57,4445
57,4476
57,4640
57,4714
57,4717
57,4823
57,4936
57,4948
57,5035
57,5057
57,5127
57,5143
57,5188
57,5266
57,5289
57,5321
57,5378
57,5440
57,5595
57,5623
57,5656
57,5790
57,5887
57,5916
57,5988
57,6009
57,6014
57,6024
57,6044
57,6074
57,6102
57,6133
57,6156
57,6195
57,6226
57,6351
57,6394
57,6412
57,6452
57,6455
57,6555
57,6599
57,6818
57,6897
57,7043
57,7241
57,7335
57,7349
57,7405
57,7440
57,7578
57,7686
57,7882
57,8016
57,8025
57,8327
57,8340
57,8360
57,8442
57,8457
57,8508
57,8526
57,8585
57,8659
57,8696
57,8775
57,8861
57,9145
57,9153
57,9156
57,9239
57,9260
57,9343
57,9371
57,9513
57,9523
57,9529
57,9608
57,9683
57,9764
57,9924
57,10191
57,10283
57,10345
57,10434
57,10565
57,10626
57,10631
57,10647
57,10678
57,10686
57,10779
57,10801
57,10981
57,10984
57,11072
57,11095
57,11103
57,11159
57,11178
57,11250
57,11391
57,11413
57,11424
57,11484
57,11498
57,11555
57,11762
57,11785
57,11811
57,11815
57,12045
57,12046
57,12194
57,12286
57,12328
57,12531
57,12566
57,12596
57,12648
57,12685
57,13080
57,13157
57,13201
57,13324
57,13338
57,13405
57,13686
57,13769
57,13957
57,13958
57,14022
57,14127
57,14150
57,14168
57,14207
57,14232
57,14371
57,14519
57,14572
57,14599
57,14648
57,14741
57,14879
57,14883
57,15028
57,15058
57,15320
57,15355
57,15377
57,15421
57,15424
57,15542
57,15608
57,15703
57,15717
57,15777
57,15854
57,15881
57,15973
57,16008
57,16035
57,16043
57,16174
57,16264
57,16287
57,16401
57,16632
57,16682
57,16720
57,16738
57,16793
57,16799
57,16848
57,16989
57,17012
57,17108
57,17149
57,17224
57,17300
57,17307
57,17495
57,17633
57,17652
57,17684
57,17685
57,17686
57,17756
57,17803
57,17825
57,17884
57,17899
57,17967
57,18002
57,18130
57,18185
57,18218
57,18220
57,18280
57,18398
57,18435
57,18449
57,18513
57,18571
57,18640
57,18736
57,18772
57,18822
57,18827
57,18832
57,19013
57,19133
57,19169
57,19250
57,19258
57,19260
57,19279
57,19356
57,19390
57,19442
57,19713
57,19774
57,19884
57,19891
57,20104
57,20285
57,20326
57,20380
57,20402
57,20580
57,20618
57,20698
57,20718
57,20882
57,20995
57,21109
57,21118
57,21127
57,21209
57,21258
57,21309
57,21425
57,21716
57,21737
57,21750
57,21793
57,21838
57,21876
57,21906
57,22017
57,22039
57,22048
57,22085
57,22100
57,22127
57,22184
57,22249
57,22285
57,22420
57,22459
57,22464
57,22475
57,22518
57,22576
57,22647
57,22752
57,22759
57,22812
57,22853
57,23362
57,23410
57,23416
57,23487
57,23668
57,23697
57,23702
57,23722
57,23731
57,23817
57,23900
57,23939
57,24069
57,24149
57,24158
57,24270
57,24273
57,24364
57,24419
57,24463
57,24464
57,24487
57,24519
57,24553
57,24770
57,24908
57,24923
57,24924
57,25094
57,25140
57,25202
57,25273
57,25314
57,25372
57,25396
57,25462
57,25557
57,25569
57,25609
57,25612
57,25658
57,25706
57,25735
57,25747
57,25784
57,25831
57,25853
57,25869
57,25907
57,25935
57,26018
57,26021
57,26076
57,26121
57,26139
57,26165
57,26306
57,26334
57,26446
57,26465
57,26475
57,26550
57,26594
57,26606
57,26621
57,26897
57,27009
57,27024
57,27139
57,27177
57,27185
57,27314
57,27357
57,27373
57,27383
57,27390
57,27420
57,27559
57,27560
57,27591
57,27715
57,27796
57,27908
57,27955
57,27971
57,28041
57,28230
57,28270
57,28335
57,28376
57,28564
57,28576
57,28614
57,28651
57,28709
57,28718
57,28755
57,28840
57,28927
57,28963
57,28986
57,29010
57,29049
57,29080
57,29206
57,29219
57,29243
57,29323
57,29468
57,29546
57,29552
58,1
58,2
58,33
58,66
58,107
58,274
58,289
58,318
58,428
58,538
58,552
58,695
58,767
58,778
58,856
58,908
58,956
58,1045
58,1068
58,1229
58,1242
58,1283
58,1349
58,1376
58,1396
58,1525
58,1584
58,1594
58,1790
58,1862
58,2008
58,2025
58,2114
58,2185
58,2231
58,2402
58,2491
58,2669
58,2700
58,2743
58,2765
58,2807
58,2900
58,3074
58,3096
58,3174
58,3388
58,3450
58,3468
58,3548
58,3566
58,3684
58,3727
58,3816
58,3871
58,4139
58,4295
58,4337
58,4403
58,4415
58,4550
58,4600
58,4629
58,4646
58,4718
58,4844
58,4875
58,4880
58,4934
58,4959
58,5156
58,5195
58,5261
58,5333
58,5400
58,5544
58,5660
58,5693
58,6037
58,6179
58,6194
58,6230
58,6260
58,6385
58,6420
58,6597
58,6625
58,6764
58,6800
58,6845
58,6876
58,6964
58,7327
58,7464
58,7623
58,7704
58,7713
58,7802
58,7912
58,8423
58,8532
58,8706
58,8976
58,9022
58,9120
58,9178
58,9207
58,9253
58,9328
58,9351
58,9495
58,9527
58,9873
58,9956
58,9961
58,10023
58,10026
58,10103
58,10130
58,10248
58,10249
58,10279
58,10358
58,10386
58,10421
58,10512
58,10516
58,10576
58,10620
58,10625
58,10687
58,10801
58,10814
58,10817
58,10969
58,10985
58,11081
58,11116
58,11189
58,11213
58,11214
58,11218
58,11245
58,11307
58,11410
58,11455
58,11474
58,11494
58,11684
58,11751
58,11795
58,11865
58,11868
58,12052
58,12053
58,12169
58,12307
58,12453
58,12457
58,12509
58,12577
58,12606
58,12654
58,12693
58,12870
58,13010
58,13117
58,13220
58,13395
58,13438
58,13647
58,13696
58,13708
58,13895
58,13909
58,13951
58,14015
58,14052
58,14173
58,14323
58,14327
58,14351
58,14352
58,14485
58,14597
58,14649
58,14670
58,15095
58,15105
58,15162
58,15170
58,15299
58,15418
58,15559
58,15581
58,15689
58,15715
58,15740
58,15770
58,15926
58,15936
58,16205
58,16323
58,16416
58,16438
58,16502
58,16579
58,16620
58,16745
58,16877
58,16898
58,16920
58,16953
58,17038
58,17064
58,17091
58,17141
58,17230
58,17366
58,17402
58,17486
58,17531
58,17539
58,17550
58,17568
58,17657
58,17796
58,17852
58,17978
58,18070
58,18181
58,18231
58,18244
58,18302
58,18325
58,18333
58,18398
58,18521
58,18538
58,18723
58,18744
58,18802
58,18814
58,18826
58,18942
58,19113
58,19141
58,19169
58,19319
58,19394
58,19446
58,19527
58,19544
58,19559
58,19730
58,19745
58,19759
58,20180
58,20386
58,20434
58,20463
58,20540
58,20569
58,20578
58,20594
58,20662
58,20707
58,20714
58,20743
58,20932
58,20985
58,20990
58,21132
58,21151
58,21315
58,21330
58,21567
58,21597
58,21600
58,21617
58,21632
58,21719
58,21740
58,21917
58,21939
58,22112
58,22156
58,22158
58,22182
58,22243
58,22245
58,22307
58,22391
58,22579
58,22606
58,22679
58,22736
58,22792
58,22811
58,22865
58,22993
58,23051
58,23148
58,23180
58,23199
58,23543
58,23680
58,23725
58,23811
58,23949
58,23975
58,24045
58,24061
58,24145
58,24224
58,24319
58,24332
58,24404
58,24426
58,24433
58,24454
58,24458
58,24482
58,24518
58,24630
58,24677
58,24714
58,24716
58,24789
58,24795
58,24838
58,24944
58,25106
58,25128
58,25182
58,25183
58,25218
58,25327
58,25458
58,25587
58,25728
58,25899
58,25984
58,26086
58,26127
58,26152
58,26160
58,26200
58,26239
58,26292
58,26322
58,26470
58,26497
58,26652
58,26676
58,26822
58,26895
58,26907
58,26912
58,27293
58,27307
58,27340
58,27457
58,27464
58,27472
58,27593
58,27596
58,27737
58,27872
58,27937
58,27980
58,28047
58,28061
58,28092
58,28097
58,28270
58,28320
58,28535
58,28617
58,28625
58,28638
58,28695
58,28699
58,28855
58,28964
58,29055
58,29167
58,29243
58,29293
58,29352
58,29378
58,29411
58,29426
59,194
59,346
59,380
59,571
59,576
59,868
59,907
59,1206
59,1449
59,1582
59,1590
59,1773
59,1880
59,1886
59,1913
59,1951
59,2231
59,2478
59,2508
59,2538
59,2635
59,2897
59,2967
59,3044
59,3055
59,3066
59,3237
59,3345
59,3405
59,3471
59,3582
59,3620
59,3700
59,3886
59,3966
59,4008
59,4152
59,4512
59,4594
59,4612
59,4639
59,4745
59,4941
59,4957
59,4973
59,5204
59,5380
59,5506
59,5511
59,5634
59,5718
59,5999
59,6394
59,6457
59,6480
59,6517
59,6756
59,6772
59,6781
59,6906
59,6943
59,6953
59,7071
59,7257
59,7333
59,7386
59,7553
59,7989
59,8019
59,8238
59,8313
59,8431
59,8528
59,8556
59,8637
59,8660
59,8678
59,8681
59,8713
59,8942
59,8960
59,9057
59,9439
59,9610
59,9688
59,9909
59,9924
59,10008
59,10060
59,10094
59,10219
59,10451
59,10521
59,10539
59,10638
59,10859
59,10949
59,11131
59,11158
59,11277
59,11349
59,11373
59,11427
59,11513
59,11596
59,11598
59,11630
59,11648
59,11669
59,11680
59,11841
59,11846
59,11913
59,11989
59,12105
59,12231
59,12479
59,12504
59,12743
59,12793
59,12918
59,12949
59,13163
59,13197
59,13296
59,13381
59,13393
59,13451
59,13651
59,13670
59,13677
59,13706
59,13947
59,14191
59,14212
59,14218
59,14391
59,14443
59,14490
59,14548
59,14891
59,14926
59,14957
59,15030
59,15149
59,15160
59,15303
59,15357
59,15414
59,15528
59,15552
59,15614
59,15869
59,15876
59,15916
59,16015
59,16094
59,16136
59,16185
59,16325
59,16454
59,16648
59,16706
59,16763
59,16779
59,16806
59,16898
59,17035
59,17039
59,17130
59,17199
59,17207
59,17208
59,17237
59,17694
59,17783
59,18002
59,18004
59,18072
59,18104
59,18118
59,18147
59,18258
59,18298
59,18366
59,18439
59,18510
59,18639
59,18741
59,18931
59,18954
59,19072
59,19108
59,19240
59,19352
59,19401
59,19661
59,19911
59,19947
59,20028
59,20085
59,20094
59,20153
59,20276
59,20385
59,20562
59,20726
59,20865
59,20911
59,20921
59,21019
59,21051
59,21061
59,21086
59,21240
59,21343
59,21428
59,21436
59,21449
59,21521
59,21697
59,21776
59,21786
59,21970
59,22007
59,22089
59,22491
59,22523
59,22602
59,22948
59,22980
59,23005
59,23211
59,23303
59,23518
59,23539
59,23608
59,23827
59,24212
59,24369
59,24807
59,24810
59,24859
59,24944
59,25198
59,25275
59,25295
59,25384
59,25724
59,25772
59,26142
59,26162
59,26185
59,26192
59,26229
59,26372
59,26481
59,26658
59,26818
59,26849
59,26901
59,26904
59,26934
59,27033
59,27083
59,27172
59,27180
59,27299
59,27317
59,27323
59,27497
59,27536
59,27537
59,27558
59,27565
59,27585
59,27712
59,27783
59,27989
59,28241
59,28315
59,28510
59,28603
59,28635
59,28669
59,28744
59,28853
59,29011
59,29044
59,29048
59,29056
59,29348
59,29544
60,30
60,101
60,111
60,309
60,402
60,410
60,428
60,771
60,1011
60,1017
60,1100
60,1211
60,1277
60,1461
60,1524
60,1618
60,1623
60,1831
60,1868
60,2190
60,2284
60,2317
60,2523
60,2580
60,2663
60,2979
60,3090
60,3118
60,3142
60,3145
60,3161
60,3288
60,3482
60,3529
60,3548
60,3564
60,3689
60,3770
60,3812
60,4021
60,4026
60,4115
60,4213
60,4259
60,4284
60,4363
60,4365
60,4395
60,4852
60,4856
60,5165
60,5215
60,5257
60,5296
60,5482
60,5704
60,5726
60,5753
60,5766
60,5841
60,6309
60,6333
60,6465
60,6717
60,6831
60,6868
60,6926
60,7110
60,7224
60,7270
60,7276
60,7380
60,7568
60,7605
60,7726
60,7880
60,7918
60,8089
60,8155
60,8165
60,8339
60,8407
60,8634
60,8644
60,8694
60,8934
60,9049
60,9227
60,9234
60,9307
60,9336
60,9488
60,9499
60,9583
60,9864
60,9889
60,10020
60,10206
60,10231
60,10417
60,10510
60,10511
60,10684
60,10753
60,10848
60,11018
60,11168
60,11174
60,11216
60,11247
60,11477
60,11655
60,11681
60,11769
60,11824
60,11871
60,11878
60,11951
60,12027
60,12146
60,12363
60,12479
60,12484
60,12584
60,12620
60,12690
60,12805
60,12867
60,12937
60,13058
60,13140
60,13215
60,13264
60,13265
60,13275
60,13379
60,13430
60,13617
60,13923
60,14060
60,14065
60,14080
60,14091
60,14149
60,14305
60,14652
60,14674
60,14747
60,15128
60,15230
60,15316
60,15318
60,15532
60,15938
60,15951
60,16150
60,16281
60,16445
60,16446
60,16572
60,16681
60,16683
60,16919
60,17068
60,17204
60,17401
60,17490
60,17523
60,17658
60,17814
60,17840
60,17869
60,17897
60,18272
60,18301
60,18312
60,18341
60,18484
60,18578
60,18601
60,18828
60,19183
60,19188
60,19350
60,19587
60,19772
60,19786
60,20012
60,20028
60,20193
60,20412
60,20487
60,20553
60,20999
60,21022
60,21346
60,21487
60,21507
60,21520
60,21701
60,21765
60,21836
60,22032
60,22083
60,22322
60,22381
60,22522
60,22532
60,22537
60,22702
60,22757
60,23027
60,23406
60,23454
60,23571
60,23591
60,23883
60,23911
60,24012
60,24067
60,24278
60,24286
60,24335
60,24365
60,24643
60,24734
60,24766
60,24782
60,24876
60,24950
60,25253
60,25427
60,25577
60,25721
60,25763
60,25838
60,25936
60,25975
60,26063
60,26235
60,26418
60,26461
60,26807
60,27090
60,27336
60,27384
60,27458
60,27478
60,27542
60,27630
60,27695
60,27748
60,27868
60,27882
60,28076
60,28186
60,28262
60,28323
60,28327
60,28410
60,28424
60,28435
60,28467
60,28508
60,28542
60,28625
60,28762
60,28790
60,28903
60,28926
60,29066
60,29400
60,29445
60,29506
61,103
61,296
61,468
61,539
61,555
61,685
61,784
61,991
61,995
61,1265
61,1281
61,1451
61,1594
61,1675
61,1762
61,1876
61,2310
61,2428
61,2560
61,2565
61,2790
61,2859
61,3008
61,3018
61,3585
61,3823
61,3945
61,4221
61,4273
61,4303
61,4321
61,4581
61,4721
61,4810
61,4893
61,4997
61,5001
61,5239
61,5420
61,5454
61,5547
61,5629
61,5695
61,5761
61,5946
61,5983
61,6001
61,6059
61,6068
61,6288
61,6295
61,6312
61,6355
61,6598
61,6819
61,6823
61,7281
61,7312
61,7471
61,7492
61,7577
61,7723
61,8108
61,8579
61,8748
61,8975
61,8987
61,9284
61,9321
61,9334
61,9471
61,9655
61,9661
61,9727
61,9741
61,9917
61,10052
61,10103
61,10509
61,11085
61,11275
61,11337
61,11576
61,11815
61,11948
61,11962
61,12003
61,12073
61,12338
61,12367
61,12452
61,12462
61,12795
61,12871
61,12970
61,13042
61,13268
61,13403
61,13445
61,13675
61,13764
61,13862
61,13867
61,13976
61,14170
61,14173
61,14262
61,14396
61,14406
61,14520
61,14741
61,14838
61,14946
61,14965
61,15028
61,15072
61,15080
61,15096
61,15257
61,15394
61,15408
61,15466
61,15618
61,15728
61,16132
61,16168
61,16296
61,16511
61,16613
61,16647
61,16679
61,16934
61,17015
61,17036
61,17088
61,17138
61,17175
61,17226
61,17305
61,17575
61,17609
61,17733
61,17984
61,18031
61,18498
61,18534
61,18536
61,18542
61,18695
61,18719
61,18944
61,19371
61,19490
61,19515
61,19657
61,19675
61,20424
61,20621
61,20687
61,20861
61,20988
61,21176
61,21320
61,21674
61,21713
61,21805
61,21876
61,22113
61,22144
61,22410
61,22549
61,22754
61,22794
61,23128
61,23188
61,23277
61,23335
61,23877
61,23916
61,23959
61,23993
61,24079
61,24165
61,24208
61,24248
61,24342
61,24403
61,24619
61,24652
61,24874
61,25934
61,25938
61,25959
61,25967
61,25989
61,25993
61,26000
61,26068
61,26084
61,26089
61,26105
61,26166
61,26220
61,26222
61,26364
61,26720
61,27308
61,27406
61,27422
61,27451
61,27576
61,27923
61,28020
61,28236
61,28259
61,28327
61,28405
61,28564
61,28677
61,28717
61,28763
61,28915
61,28959
61,28972
61,29163
61,29223
61,29247
61,29527
61,29567
62,254
62,491
62,550
62,564
62,584
62,755
62,790
62,1012
62,1272
62,1311
62,1355
62,1368
62,1374
62,1670
62,1687
62,1905
62,2033
62,2082
62,2114
62,2505
62,2516
62,2526
62,2637
62,2736
62,2754
62,2871
62,3190
62,3419
62,3467
62,3643
62,3667
62,3745
62,3836
62,3963
62,4029
62,4080
62,4120
62,4253
62,4322
62,4632
62,4694
62,4757
62,4830
62,4831
62,4917
62,5091
62,5159
62,5181
62,5189
62,5230
62,5396
62,5499
62,5650
62,5974
62,6235
62,6358
62,6762
62,6826
62,6886
62,7216
62,7450
62,7727
62,7753
62,7790
62,7824
62,8007
62,8237
62,8365
62,8390
62,8710
62,8828
62,8865
62,9186
62,9240
62,9555
62,9713
62,9788
62,10119
62,10181
62,10426
62,10471
62,10657
62,10697
62,10815
62,11209
62,11384
62,11536
62,11541
62,11685
62,11795
62,11960
62,11968
62,12137
62,12241
62,12603
62,12770
62,12888
62,13002
62,13073
62,13123
62,13201
62,13216
62,13257
62,13258
62,13334
62,13462
62,13524
62,13562
62,13679
62,13701
62,13749
62,13878
62,14103
62,14255
62,14316
62,14515
62,14650
62,14669
62,14724
62,14838
62,14852
62,14958
62,15266
62,15743
62,15823
62,15924
62,15962
62,16527
62,16533
62,16619
62,16823
62,16844
62,16975
62,17016
62,17038
62,17114
62,17385
62,17562
62,17798
62,17878
62,18161
62,18321
62,18355
62,18384
62,18388
62,18463
62,18534
62,19068
62,19263
62,19737
62,20088
62,20362
62,20596
62,20851
62,21144
62,21386
62,21390
62,21476
62,21867
62,21877
62,22172
62,22180
62,22242
62,22278
62,22764
62,22891
62,22963
62,23007
62,23237
62,23312
62,23467
62,23504
62,23518
62,23641
62,23697
62,23701
62,23717
62,23782
62,23790
62,23997
62,24169
62,24225
62,24258
62,24393
62,24698
62,24699
62,24783
62,25129
62,25251
62,25335
62,25451
62,25456
62,25511
62,25565
62,25695
62,25852
62,25904
62,25967
62,26092
62,26265
62,26292
62,26648
62,26932
62,26950
62,26971
62,26994
62,27086
62,27288
62,27314
62,27713
62,27898
62,28131
62,28157
62,28297
62,28389
62,28624
62,28665
62,28697
62,28785
62,28825
63,229
63,454
63,622
63,778
63,945
63,1047
63,1084
63,1209
63,1717
63,1722
63,1897
63,2064
63,2303
63,2357
63,2604
63,2669
63,2896
63,3060
63,3109
63,3179
63,3186
63,3392
63,3664
63,3683
63,3704
63,3882
63,3924
63,4198
63,4276
63,4475
63,4518
63,4843
63,5011
63,5740
63,6110
63,6139
63,6309
63,7079
63,7101
63,7144
63,7376
63,7537
63,7712
63,7814
63,9128
63,9151
63,9186
63,9541
63,9683
63,9747
63,9765
63,9797
63,9994
63,10154
63,10409
63,10716
63,10753
63,10819
63,11016
63,11119
63,11962
63,11988
63,12033
63,12118
63,12296
63,12641
63,12662
63,12670
63,12866
63,13135
63,13350
63,13533
63,13593
63,13752
63,13756
63,13910
63,13945
63,14094
63,14212
63,14293
63,14439
63,14687
63,14732
63,14809
63,14844
63,15122
63,15616
63,15645
63,15656
63,15794
63,15858
63,17033
63,17382
63,17648
63,17838
63,17893
63,17901
63,18002
63,18062
63,18920
63,19104
63,19239
63,19374
63,19663
63,19670
63,19717
63,19778
63,19796
63,19797
63,20628
63,20957
63,21130
63,21169
63,21448
63,21458
63,21573
63,22265
63,22289
63,22327
63,22639
63,23161
63,23540
63,23695
63,24078
63,24160
63,24182
63,24431
63,24694
63,24727
63,24960
63,25040
63,25064
63,25198
63,25636
63,26057
63,26399
63,26450
63,26456
63,26487
63,26589
63,26996
63,27132
63,27312
63,27391
63,27429
63,27779
63,27820
63,27894
63,28170
63,28188
63,28234
63,28271
63,28414
63,28485
63,28505
63,28928
63,29363
63,29434
63,29545
64,188
64,305
64,709
64,922
64,1178
64,1293
64,1337
64,2193
64,2432
64,2805
64,2942
64,4241
64,4396
64,4698
64,4759
64,4904
64,4906
64,4997
64,5868
64,5935
64,6018
64,6200
64,6357
64,7056
64,7071
64,7185
64,7703
64,7815
64,8102
64,8630
64,8641
64,9148
64,9354
64,9446
64,9488
64,9604
64,9710
64,9902
64,9958
64,10119
64,10244
64,11009
64,11072
64,11153
64,11246
64,11681
64,11708
64,11768
64,11852
64,12637
64,12650
64,12799
64,12967
64,13163
64,13339
64,13410
64,13555
64,13559
64,13882
64,13993
64,14292
64,14378
64,14433
64,14482
64,14577
64,14890
64,15136
64,15351
64,15382
64,15711
64,15981
64,16100
64,16115
64,16166
64,16400
64,16514
64,16654
64,16687
64,16790
64,16809
64,16907
64,17244
64,17429
64,17497
64,17699
64,17717
64,18069
64,18556
64,18655
64,18667
64,18676
64,18852
64,18982
64,19061
64,19367
64,19570
64,19703
64,20475
64,20504
64,20580
64,20598
64,20873
64,20962
64,20984
64,20993
64,21293
64,21475
64,22452
64,22604
64,23067
64,23633
64,23706
64,23731
64,23798
64,24500
64,24689
64,24723
64,24732
64,24839
64,24865
64,25003
64,25182
64,25354
64,25404
64,25468
64,25494
64,25671
64,25982
64,26549
64,26965
64,26985
64,27136
64,27239
64,27312
64,27530
64,27553
64,27699
64,27982
64,28599
64,28629
64,28652
64,29008
64,29023
64,29447
65,48
65,120
65,252
65,402
65,498
65,917
65,1312
65,1582
65,1973
65,1974
65,2131
65,2260
65,2273
65,2490
65,2531
65,3060
65,3071
65,3147
65,3601
65,3657
65,3668
65,3687
65,3783
65,3930
65,4341
65,4372
65,4681
65,4972
65,5030
65,5097
65,5221
65,5322
65,5416
65,5907
65,5987
65,6003
65,6514
65,6636
65,6670
65,6671
65,7050
65,7398
65,7570
65,8439
65,8546
65,8672
65,8675
65,8842
65,8971
65,9046
65,9216
65,9634
65,9698
65,9825
65,9859
65,10036
65,10113
65,10159
65,10236
65,10374
65,10400
65,10449
65,10476
65,10627
65,10790
65,11457
65,11793
65,11873
65,11984
65,12267
65,12357
65,12363
65,12657
65,12728
65,12782
65,12920
65,13215
65,13297
65,13691
65,14058
65,14248
65,14442
65,14448
65,14570
65,14613
65,14672
65,14801
65,15111
65,15293
65,15319
65,15754
65,15859
65,16150
65,16406
65,16680
65,17137
65,17223
65,17284
65,17455
65,17726
65,17809
65,17840
65,17962
65,18109
65,18121
65,18201
65,18349
65,18502
65,18673
65,18681
65,19032
65,19980
65,20271
65,20388
65,20520
65,20524
65,21112
65,21157
65,21999
65,22801
65,22888
65,23032
65,23147
65,23177
65,23237
65,23489
65,23815
65,23854
65,24326
65,24586
65,24773
65,24793
65,25055
65,25056
65,25061
65,26319
65,26358
65,27059
65,27559
65,28593
65,29083
65,29310
66,22
66,86
66,309
66,370
66,456
66,704
66,1227
66,1272
66,1751
66,1808
66,1837
66,2169
66,2227
66,2326
66,2356
66,2543
66,2600
66,2643
66,2854
66,2864
66,3006
66,3010
66,3293
66,3334
66,3418
66,3577
66,3673
66,3801
66,3897
66,4647
66,4907
66,5018
66,5403
66,5516
66,5980
66,6041
66,6675
66,6823
66,6859
66,6901
66,7379
66,7440
66,7759
66,8209
66,8399
66,8459
66,8540
66,8739
66,8970
66,9324
66,9775
66,9930
66,10176
66,10242
66,10407
66,10959
66,11026
66,11406
66,11425
66,11510
66,11671
66,11963
66,12623
66,12802
66,13979
66,14369
66,14425
66,14493
66,14754
66,14766
66,14843
66,14923
66,15161
66,15210
66,15346
66,15418
66,15509
66,15677
66,15866
66,16038
66,16188
66,16250
66,16313
66,16919
66,16948
66,17237
66,17582
66,17792
66,18698
66,18971
66,19125
66,19179
66,19675
66,20002
66,20031
66,20519
66,20755
66,20759
66,20900
66,21120
66,21431
66,21597
66,22047
66,22055
66,22272
66,22360
66,22406
66,22788
66,23061
66,23269
66,23391
66,23555
66,23567
66,23600
66,23601
66,23990
66,24182
66,24523
66,24524
66,24878
66,24921
66,25035
66,25336
66,25589
66,25927
66,25954
66,26282
66,26290
66,26369
66,26448
66,26491
66,26564
66,26832
66,26912
66,27626
66,27862
66,27865
66,27958
66,28034
66,28252
66,28442
66,28487
66,28904
66,28950
67,122
67,160
67,341
67,501
67,865
67,1037
67,1153
67,1271
67,1431
67,1654
67,1698
67,1970
67,2120
67,2207
67,2669
67,3262
67,3413
67,3416
67,3492
67,3498
67,3600
67,3837
67,4047
67,4209
67,4269
67,4300
67,4349
67,4419
67,4595
67,4626
67,4746
67,4850
67,4894
67,5138
67,5166
67,5437
67,5537
67,5590
67,5689
67,5820
67,5910
67,6079
67,6202
67,6349
67,6364
67,6701
67,6755
67,6768
67,6922
67,7224
67,7351
67,7356
67,7372
67,7414
67,7581
67,7637
67,7889
67,7900
67,7925
67,8093
67,8923
67,9331
67,9502
67,10065
67,10230
67,10310
67,10345
67,11085
67,11505
67,11531
67,11797
67,11969
67,12058
67,12445
67,12929
67,13096
67,13118
67,13300
67,13413
67,13500
67,13544
67,13855
67,13903
67,13971
67,14492
67,14598
67,14736
67,15079
67,15152
67,15203
67,15218
67,15304
67,15327
67,15509
67,15614
67,15780
67,16026
67,16590
67,16776
67,16820
67,17226
67,17258
67,17508
67,17759
67,17855
67,17931
67,17987
67,18134
67,18528
67,19211
67,19279
67,19315
67,19317
67,19386
67,19607
67,19626
67,19676
67,20081
67,20083
67,20149
67,20364
67,20390
67,20581
67,20628
67,20806
67,20977
67,21221
67,21281
67,21342
67,21351
67,21538
67,21577
67,21615
67,21819
67,22116
67,22136
67,22311
67,22401
67,22411
67,22435
67,22541
67,22605
67,23446
67,23518
67,23659
67,23847
67,23891
67,24084
67,24159
67,24254
67,24540
67,24707
67,25417
67,25524
67,25899
67,25920
67,26152
67,26209
67,26220
67,26280
67,26458
67,26895
67,26911
67,26959
67,27064
67,27110
67,27222
67,27564
67,27622
67,27914
67,28150
67,28336
67,28423
67,28769
67,29129
67,29393
68,45
68,46
68,290
68,334
68,402
68,656
68,994
68,1182
68,1396
68,1762
68,1804
68,2015
68,2031
68,2051
68,2066
68,2103
68,2288
68,2379
68,2732
68,2842
68,2905
68,3016
68,3032
68,3991
68,4165
68,4334
68,4481
68,4602
68,5192
68,5248
68,5280
68,5547
68,5639
68,5725
68,5799
68,6162
68,6166
68,6200
68,6224
68,6309
68,6321
68,6514
68,6730
68,7110
68,7201
68,7306
68,7353
68,7466
68,7915
68,8156
68,8225
68,8464
68,8640
68,8649
68,8656
68,8683
68,8744
68,8927
68,9314
68,9544
68,9718
68,9738
68,9775
68,9824
68,9871
68,10079
68,10529
68,10598
68,10700
68,11161
68,11309
68,11326
68,11407
68,11493
68,11639
68,11772
68,11856
68,11964
68,12034
68,12076
68,12266
68,12489
68,12795
68,12811
68,13299
68,13405
68,13425
68,13451
68,13489
68,13651
68,13681
68,13818
68,14202
68,14263
68,14300
68,14485
68,14723
68,14890
68,15022
68,15125
68,15185
68,15419
68,15567
68,15628
68,15824
68,15878
68,15955
68,16062
68,16185
68,16243
68,16449
68,16756
68,16973
68,17011
68,17517
68,17669
68,17698
68,17716
68,18055
68,18061
68,18065
68,18363
68,18449
68,18825
68,19269
68,19672
68,19697
68,19840
68,20154
68,20377
68,20563
68,20616
68,20643
68,20652
68,20849
68,20952
68,21054
68,21329
68,21360
68,21407
68,21562
68,21600
68,21763
68,21996
68,22056
68,22115
68,22212
68,22376
68,22585
68,22648
68,22689
68,22940
68,22989
68,23310
68,23654
68,23663
68,23729
68,23886
68,24051
68,24078
68,24120
68,24224
68,24325
68,24415
68,24531
68,24935
68,25127
68,25162
68,25697
68,25725
68,25770
68,25825
68,25982
68,26641
68,26691
68,26939
68,27080
68,27349
68,27562
68,27652
68,28019
68,28065
68,28153
68,28596
68,28757
68,28817
68,29481
69,110
69,187
69,189
69,353
69,1090
69,1175
69,1590
69,1748
69,1779
69,1789
69,1947
69,1998
69,2429
69,2470
69,2545
69,2573
69,2613
69,2759
69,2799
69,2819
69,2825
69,2918
69,2995
69,3240
69,3402
69,3639
69,3696
69,3780
69,4266
69,4357
69,4390
69,4501
69,4596
69,4663
69,4677
69,4749
69,4790
69,4858
69,5411
69,5704
69,5710
69,5802
69,6307
69,6336
69,6450
69,6547
69,6640
69,6662
69,6693
69,6851
69,7037
69,7078
69,7096
69,7100
69,7244
69,7268
69,7332
69,7410
69,7703
69,7884
69,8046
69,8274
69,8374
69,8596
69,8714
69,8768
69,8793
69,8957
69,9016
69,9280
69,9334
69,9530
69,9546
69,9628
69,9629
69,9636
69,9850
69,10012
69,10210
69,10535
69,10701
69,10871
69,10936
69,11160
69,11205
69,11560
69,11749
69,11783
69,11793
69,12095
69,12356
69,12364
69,12670
69,13107
69,13281
69,13408
69,13436
69,13443
69,13860
69,13982
69,13993
69,14057
69,14165
69,14271
69,14448
69,14473
69,14593
69,14600
69,15026
69,15318
69,15463
69,15618
69,15687
69,15737
69,15828
69,15837
69,16090
69,16225
69,16670
69,16696
69,16699
69,17017
69,17134
69,17227
69,17264
69,17319
69,17404
69,17548
69,17558
69,17621
69,17703
69,17863
69,18027
69,18127
69,18189
69,18203
69,18887
69,18937
69,19145
69,19630
69,19639
69,19813
69,19850
69,19940
69,20094
69,20119
69,20257
69,20274
69,20405
69,20761
69,20868
69,21006
69,21255
69,21380
69,21397
69,21599
69,21666
69,21805
69,21976
69,22149
69,22499
69,22531
69,22591
69,22939
69,23217
69,23637
69,23804
69,24009
69,24037
69,24132
69,24213
69,24284
69,24342
69,24594
69,24629
69,24881
69,24949
69,25213
69,25362
69,25641
69,25791
69,26368
69,26431
69,26516
69,26528
69,26915
69,26959
69,27562
69,27720
69,27835
69,27871
69,27964
69,28493
69,28689
69,29045
69,29078
69,29179
69,29338
69,29555
70,133
70,703
70,720
70,799
70,838
70,1011
70,1077
70,1124
70,1312
70,1374
70,1888
70,1901
70,2038
70,2522
70,2895
70,3198
70,3491
70,3554
70,3617
70,3732
70,3773
70,3801
70,3942
70,4135
70,4189
70,4532
70,4594
70,4620
70,4731
70,4785
70,5058
70,5272
70,6579
70,6583
70,6917
70,7031
70,7120
70,7254
70,7985
70,8184
70,8437
70,8661
70,8789
70,8809
70,8963
70,9694
70,10036
70,10120
70,10165
70,10279
70,10404
70,10503
70,10854
70,11019
70,11080
70,11264
70,11301
70,11328
70,11851
70,11941
70,12329
70,12334
70,12338
70,12420
70,13010
70,13018
70,13303
70,13585
70,13857
70,14640
70,15120
70,15205
70,15376
70,15463
70,15510
70,15612
70,15622
70,16118
70,16156
70,16284
70,16302
70,16393
70,16585
70,16708
70,16761
70,16974
70,17644
70,18130
70,18162
70,18280
70,18364
70,18680
70,18871
70,19027
70,19091
70,19138
70,19536
70,19583
70,19807
70,19860
70,20226
70,20623
70,20651
70,20662
70,20682
70,20884
70,20965
70,21103
70,21143
70,21184
70,21278
70,21363
70,21532
70,21975
70,22305
70,22312
70,22471
70,22691
70,22755
70,22861
70,23132
70,23157
70,23558
70,23640
70,23703
70,23987
70,24013
70,24086
70,24448
70,24669
70,24678
70,25222
70,25245
70,25508
70,25601
70,25883
70,26211
70,26365
70,26561
70,26830
70,26852
70,26967
70,26995
70,27015
70,27163
70,27741
70,27991
70,28101
70,28142
70,28402
70,28489
70,28590
70,28651
70,28945
70,29414
70,29424
70,29444
71,452
71,756
71,1462
71,2009
71,2274
71,2493
71,2572
71,2753
71,2776
71,2836
71,2927
71,3048
71,3239
71,4228
71,4239
71,4301
71,4722
71,4769
71,5011
71,5316
71,5406
71,5453
71,5575
71,5686
71,5870
71,6413
71,6514
71,6608
71,6640
71,6692
71,7630
71,7908
71,8273
71,8338
71,8827
71,8900
71,9127
71,9367
71,9442
71,9484
71,9708
71,10158
71,10165
71,10198
71,10637
71,10639
71,11232
71,12214
71,12289
71,12533
71,12626
71,12706
71,13094
71,13183
71,13557
71,13776
71,13887
71,14131
71,14509
71,14689
71,14740
71,14946
71,15274
71,15481
71,16002
71,16174
71,16648
71,16710
71,16907
71,17237
71,17328
71,17423
71,17476
71,17821
71,17932
71,18150
71,18470
71,18499
71,18565
71,18660
71,18842
71,19134
71,19394
71,19642
71,20044
71,20476
71,20702
71,20948
71,21027
71,21034
71,21265
71,21336
71,21982
71,22568
71,22715
71,22729
71,22737
71,22812
71,23090
71,23345
71,23371
71,23579
71,23674
71,23710
71,23717
71,23759
71,23860
71,23963
71,24080
71,24115
71,24178
71,24195
71,24515
71,24715
71,24907
71,24987
71,25261
71,25366
71,25617
71,25871
71,25916
71,26404
71,26816
71,27271
71,27464
71,27548
71,27711
71,27780
71,28663
72,859
72,1056
72,1466
72,1555
72,1570
72,2068
72,2100
72,2385
72,2506
72,3046
72,3068
72,3163
72,3360
72,3725
72,3878
72,4056
72,4302
72,4513
72,4549
72,4623
72,4630
72,4790
72,6026
72,6351
72,6648
72,6940
72,7245
72,7384
72,7883
72,7919
72,8973
72,9115
72,9238
72,9417
72,9638
72,9893
72,10070
72,10370
72,10606
72,10698
72,11404
72,11756
72,12286
72,12627
72,12734
72,13591
72,13640
72,13676
72,13680
72,13883
72,13903
72,13925
72,14031
72,14445
72,14935
72,15248
72,15302
72,15507
72,16330
72,16714
72,16961
72,16965
72,17376
72,17684
72,17819
72,17854
72,17940
72,18296
72,19041
72,19146
72,19870
72,19886
72,20296
72,20806
72,20889
72,21555
72,22692
72,22822
72,23396
72,23822
72,23936
72,24044
72,24061
72,24996
72,25035
72,25136
72,25215
72,25216
72,25582
72,25593
72,25651
72,25861
72,26261
72,26410
72,26556
72,27295
72,27513
72,27956
72,28227
72,28238
72,28379
72,28612
72,28842
72,29338
72,29382
73,684
73,846
73,870
73,894
73,913
73,1274
73,1395
73,1545
73,1560
73,1666
73,2395
73,2599
73,2703
73,2768
73,2914
73,3085
73,3221
73,3490
73,3850
73,3942
73,4284
73,4826
73,5311
73,5641
73,5767
73,5796
73,5888
73,6113
73,6864
73,7265
73,8431
73,8476
73,8572
73,8701
73,8844
73,9160
73,9345
73,9465
73,9544
73,9876
73,10042
73,10136
73,10375
73,10829
73,11195
73,11759
73,11774
73,12093
73,12096
73,12112
73,12521
73,13023
73,13100
73,13668
73,13814
73,14216
73,15838
73,15862
73,16247
73,16260
73,16262
73,17352
73,18669
73,18947
73,18963
73,19020
73,19065
73,19240
73,19342
73,19400
73,19882
73,20252
73,20637
73,20693
73,20736
73,20756
73,20989
73,21105
73,21412
73,21650
73,22175
73,22193
73,22227
73,22275
73,22322
73,22541
73,23312
73,23634
73,23735
73,23754
73,23795
73,24003
73,24007
73,24190
73,24240
73,24699
73,25187
73,25651
73,25673
73,25722
73,25834
73,26038
73,26320
73,26507
73,26651
73,26711
73,26770
73,27000
73,27066
73,27618
73,27732
73,27995
73,28073
73,28353
73,28376
73,29022
73,29248
73,29261
73,29488
74,91
74,438
74,681
74,1016
74,1131
74,1242
74,1244
74,1420
74,2042
74,2232
74,2522
74,2662
74,2817
74,2882
74,2997
74,3124
74,3323
74,3519
74,3851
74,4652
74,5506
74,5770
74,5970
74,6311
74,6404
74,6471
74,6685
74,6799
74,6840
74,7049
74,7877
74,8248
74,9018
74,9257
74,9545
74,10243
74,10408
74,10568
74,10627
74,10772
74,11140
74,11604
74,11725
74,11790
74,11795
74,11918
74,12212
74,12272
74,12309
74,13420
74,13602
74,13997
74,14105
74,14142
74,14299
74,14642
74,14873
74,14980
74,15564
74,16034
74,16213
74,16826
74,17004
74,17127
74,17441
74,17694
74,17966
74,18218
74,18335
74,18627
74,18825
74,19040
74,19425
74,19581
74,20714
74,20799
74,20986
74,21156
74,21414
74,21417
74,21505
74,21509
74,21843
74,21887
74,21917
74,22070
74,22391
74,23204
74,23305
74,23358
74,23400
74,23437
74,23482
74,24276
74,24320
74,24361
74,24635
74,24854
74,25529
74,25686
74,26119
74,26316
74,26608
74,26612
74,26770
74,27512
74,27661
74,28011
74,28126
74,28225
74,28290
74,28453
74,28740
74,28861
74,29464
74,29502
75,135
75,203
75,455
75,569
75,597
75,608
75,660
75,710
75,713
75,775
75,794
75,902
75,1079
75,1847
75,2202
75,2766
75,2965
75,3564
75,3683
75,3936
75,3954
75,3974
75,4522
75,4536
75,4974
75,5155
75,5415
75,6386
75,6552
75,6897
75,6924
75,6987
75,7168
75,7207
75,7288
75,7305
75,7679
75,7771
75,7822
75,7828
75,7884
75,8150
75,8319
75,8599
75,8634
75,8643
75,8657
75,9069
75,9151
75,9327
75,9455
75,9583
75,9641
75,9661
75,9723
75,9824
75,9832
75,9963
75,10021
75,10362
75,10517
75,10689
75,11014
75,11265
75,11305
75,11760
75,11975
75,12761
75,13010
75,13027
75,13124
75,13143
75,13401
75,13461
75,13489
75,13600
75,14329
75,14453
75,14628
75,15604
75,15616
75,15641
75,15785
75,16037
75,16596
75,17558
75,17608
75,17714
75,17797
75,17896
75,18399
75,19189
75,19454
75,19670
75,19680
75,19808
75,19815
75,19861
75,20083
75,20230
75,20517
75,20519
75,20524
75,21238
75,21508
75,21729
75,21763
75,21873
75,21886
75,21908
75,22083
75,22650
75,22723
75,23027
75,23281
75,23313
75,23457
75,23484
75,23563
75,24187
75,24298
75,24430
75,24584
75,24968
75,25330
75,25450
75,25578
75,25827
75,26090
75,26272
75,26654
75,26839
75,26886
75,27039
75,27391
75,27513
75,27517
75,27598
75,27753
75,27839
75,28028
75,28714
75,29215
75,29309
76,61
76,146
76,231
76,281
76,396
76,687
76,815
76,838
76,937
76,1030
76,1936
76,2148
76,2841
76,3405
76,3675
76,3774
76,3972
76,3988
76,4025
76,4053
76,4905
76,5054
76,5819
76,5827
76,5836
76,6090
76,6432
76,6628
76,6836
76,7205
76,7452
76,7570
76,7664
76,8088
76,8151
76,8352
76,8422
76,8587
76,9469
76,9671
76,9754
76,9992
76,10199
76,10304
76,10316
76,10782
76,11047
76,11092
76,11151
76,11331
76,11511
76,11570
76,11732
76,11763
76,11817
76,11825
76,12190
76,12643
76,12698
76,12781
76,13153
76,13200
76,13300
76,13601
76,13602
76,13698
76,14118
76,14213
76,14224
76,14418
76,14544
76,14581
76,14762
76,15006
76,15199
76,15594
76,15598
76,15697
76,15972
76,16141
76,16356
76,16476
76,16529
76,16660
76,17019
76,17132
76,17406
76,17513
76,17614
76,17856
76,18348
76,18560
76,18586
76,18843
76,19233
76,19364
76,19400
76,19627
76,20057
76,20611
76,20657
76,20762
76,20788
76,20879
76,20889
76,20892
76,21051
76,21361
76,21786
76,22219
76,22449
76,22461
76,22507
76,22829
76,23185
76,23284
76,23514
76,23715
76,24060
76,24377
76,24450
76,24460
76,24574
76,24604
76,24749
76,24962
76,25881
76,25910
76,26121
76,26130
76,26172
76,26468
76,26828
76,26880
76,26913
76,27253
76,27276
76,27321
76,27349
76,27384
76,27486
76,28592
76,28691
76,28696
76,28698
76,28735
76,28902
76,28936
76,29240
76,29263
76,29426
76,29555
77,101
77,125
77,270
77,282
77,340
77,535
77,636
77,899
77,958
77,1100
77,1106
77,1174
77,1244
77,1249
77,1272
77,1302
77,1326
77,1465
77,1543
77,1572
77,1875
77,2081
77,2174
77,2179
77,2238
77,2265
77,2451
77,2484
77,2506
77,2533
77,2565
77,2626
77,2894
77,2928
77,3034
77,3105
77,3239
77,3243
77,3273
77,3324
77,3344
77,3351
77,3373
77,3451
77,3485
77,3487
77,3491
77,3515
77,3631
77,3959
77,4093
77,4224
77,4387
77,4513
77,4878
77,4882
77,5290
77,5293
77,5381
77,5426
77,5509
77,5949
77,5970
77,6202
77,6520
77,6563
77,6681
77,6815
77,6822
77,6830
77,6838
77,6895
77,7053
77,7373
77,7383
77,7403
77,7695
77,7939
77,8019
77,8029
77,8077
77,8124
77,8144
77,8175
77,8316
77,8341
77,8405
77,8566
77,8647
77,8677
77,8788
77,8873
77,8940
77,8970
77,9040
77,9201
77,9217
77,9220
77,9384
77,9478
77,9780
77,9878
77,10127
77,10256
77,10543
77,10572
77,10655
77,10682
77,10722
77,10738
77,10789
77,10877
77,10922
77,11104
77,11112
77,11194
77,11226
77,11725
77,11866
77,12288
77,12359
77,12424
77,12491
77,12621
77,12699
77,12863
77,12876
77,12888
77,12938
77,13002
77,13038
77,13224
77,13377
77,13422
77,13458
77,13559
77,13706
77,13800
77,14022
77,14044
77,14068
77,14167
77,14296
77,14467
77,14759
77,14836
77,14864
77,14879
77,14993
77,15026
77,15067
77,15147
77,15152
77,15561
77,15581
77,15635
77,15761
77,15937
77,15987
77,16328
77,16359
77,16539
77,16894
77,16921
77,17129
77,17252
77,17298
77,17345
77,17492
77,17496
77,17521
77,17547
77,17603
77,17650
77,17657
77,17806
77,17850
77,17893
77,17955
77,18158
77,18161
77,18188
77,18308
77,18410
77,18531
77,18626
77,18977
77,19134
77,19228
77,19285
77,19320
77,19331
77,19508
77,19726
77,19829
77,19927
77,20000
77,20005
77,20146
77,20189
77,20281
77,20339
77,20369
77,20688
77,20793
77,20894
77,20900
77,20908
77,21059
77,21105
77,21280
77,21337
77,21382
77,22235
77,22419
77,22420
77,22510
77,22838
77,22878
77,23031
77,23091
77,23127
77,23244
77,23307
77,23527
77,23627
77,23665
77,23790
77,23817
77,24276
77,24303
77,24432
77,24482
77,24613
77,24653
77,24704
77,24871
77,25050
77,25169
77,25176
77,25416
77,25467
77,25837
77,26024
77,26141
77,26153
77,26245
77,26631
77,26659
77,26675
77,26683
77,26722
77,26857
77,26952
77,27043
77,27083
77,27129
77,27174
77,27289
77,27469
77,27597
77,27938
77,28205
77,28445
77,28692
77,28807
77,29095
77,29353
77,29494
78,67
78,74
78,137
78,148
78,164
78,236
78,252
78,410
78,442
78,491
78,535
78,578
78,587
78,699
78,751
78,778
78,833
78,852
78,887
78,915
78,939
78,954
78,992
78,1099
78,1192
78,1291
78,1304
78,1349
78,1357
78,1376
78,1384
78,1392
78,1466
78,1540
78,1556
78,1572
78,1608
78,1713
78,1718
78,1748
78,1789
78,1899
78,1936
78,2109
78,2163
78,2276
78,2342
78,2360
78,2364
78,2442
78,2446
78,2468
78,2527
78,2531
78,2605
78,2695
78,2716
78,2738
78,2762
78,2772
78,2812
78,2900
78,2910
78,2943
78,2980
78,3054
78,3192
78,3193
78,3225
78,3266
78,3286
78,3358
78,3372
78,3400
78,3438
78,3495
78,3503
78,3512
78,3642
78,3653
78,3697
78,3714
78,3836
78,3890
78,3892
78,3920
78,3971
78,3989
78,4101
78,4162
78,4175
78,4236
78,4264
78,4284
78,4287
78,4318
78,4340
78,4379
78,4515
78,4607
78,4621
78,4638
78,4642
78,4679
78,4776
78,4802
78,4808
78,4817
78,4896
78,4995
78,5010
78,5138
78,5164
78,5181
78,5259
78,5339
78,5382
78,5436
78,5443
78,5444
78,5477
78,5671
78,5717
78,5746
78,5759
78,5871
78,5953
78,5957
78,6001
78,6009
78,6012
78,6063
78,6093
78,6166
78,6247
78,6255
78,6261
78,6307
78,6309
78,6328
78,6334
78,6341
78,6364
78,6425
78,6453
78,6584
78,6635
78,6661
78,6708
78,6773
78,6775
78,6873
78,6874
78,6948
78,6985
78,7003
78,7106
78,7161
78,7212
78,7250
78,7313
78,7381
78,7391
78,7424
78,7432
78,7455
78,7466
78,7480
78,7497
78,7551
78,7672
78,7677
78,7850
78,7915
78,7924
78,7945
78,7952
78,7987
78,8019
78,8173
78,8415
78,8517
78,8529
78,8560
78,8606
78,8623
78,8631
78,8652
78,8659
78,8711
78,8769
78,8789
78,8876
78,8982
78,8998
78,8999
78,9127
78,9177
78,9180
78,9205
78,9245
78,9296
78,9402
78,9420
78,9552
78,9593
78,9633
78,9701
78,9710
78,9734
78,9802
78,9812
78,9890
78,9910
78,9916
78,9958
78,10095
78,10097
78,10111
78,10114
78,10198
78,10260
78,10279
78,10280
78,10327
78,10332
78,10343
78,10344
78,10392
78,10470
78,10519
78,10522
78,10524
78,10525
78,10584
78,10589
78,10615
78,10620
78,10635
78,10656
78,10687
78,10719
78,10739
78,10775
78,10845
78,10860
78,10903
78,10933
78,10940
78,10993
78,11005
78,11041
78,11129
78,11133
78,11138
78,11152
78,11158
78,11197
78,11204
78,11228
78,11275
78,11337
78,11376
78,11458
78,11468
78,11486
78,11510
78,11570
78,11611
78,11674
78,11712
78,11779
78,11813
78,11818
78,11860
78,11867
78,11931
78,11936
78,12002
78,12016
78,12040
78,12042
78,12065
78,12141
78,12177
78,12181
78,12322
78,12398
78,12456
78,12548
78,12556
78,12558
78,12583
78,12642
78,12652
78,12845
78,12860
78,12914
78,12916
78,13060
78,13135
78,13151
78,13154
78,13165
78,13170
78,13171
78,13181
78,13337
78,13451
78,13460
78,13515
78,13530
78,13626
78,13640
78,13695
78,13739
78,13773
78,13895
78,13905
78,13941
78,14016
78,14021
78,14032
78,14053
78,14419
78,14564
78,14660
78,14732
78,14744
78,14829
78,14832
78,14855
78,14867
78,14868
78,14954
78,14962
78,15028
78,15057
78,15100
78,15107
78,15148
78,15275
78,15292
78,15300
78,15338
78,15341
78,15364
78,15398
78,15443
78,15576
78,15627
78,15628
78,15684
78,15768
78,15770
78,15773
78,15787
78,15832
78,15948
78,16083
78,16291
78,16395
78,16402
78,16441
78,16498
78,16511
78,16550
78,16609
78,16646
78,16703
78,16883
78,16898
78,16941
78,17127
78,17137
78,17197
78,17213
78,17263
78,17299
78,17318
78,17325
78,17356
78,17436
78,17443
78,17487
78,17566
78,17674
78,17882
78,17914
78,17972
78,17980
78,18127
78,18140
78,18168
78,18219
78,18242
78,18245
78,18279
78,18321
78,18330
78,18367
78,18410
78,18454
78,18474
78,18480
78,18516
78,18564
78,18745
78,18803
78,18816
78,18854
78,18856
78,18957
78,19014
78,19028
78,19058
78,19063
78,19091
78,19176
78,19193
78,19237
78,19262
78,19277
78,19302
78,19321
78,19486
78,19493
78,19572
78,19630
78,19642
78,19721
78,19790
78,19793
78,19941
78,19969
78,20021
78,20059
78,20154
78,20182
78,20265
78,20275
78,20284
78,20340
78,20436
78,20500
78,20504
78,20534
78,20790
78,20829
78,20916
78,20954
78,21129
78,21175
78,21235
78,21283
78,21303
78,21396
78,21412
78,21437
78,21528
78,21530
78,21556
78,21562
78,21607
78,21702
78,21706
78,21734
78,21753
78,21813
78,21934
78,21972
78,21986
78,21991
78,22014
78,22060
78,22073
78,22078
78,22100
78,22108
78,22124
78,22280
78,22312
78,22360
78,22412
78,22466
78,22478
78,22493
78,22508
78,22645
78,22715
78,22777
78,22872
78,22904
78,22943
78,23029
78,23032
78,23037
78,23055
78,23154
78,23240
78,23290
78,23292
78,23296
78,23391
78,23405
78,23432
78,23464
78,23483
78,23554
78,23555
78,23561
78,23567
78,23628
78,23651
78,23696
78,23709
78,23757
78,23784
78,23826
78,23836
78,23892
78,23924
78,23934
78,23954
78,23987
78,24019
78,24085
78,24130
78,24154
78,24168
78,24191
78,24192
78,24217
78,24243
78,24251
78,24266
78,24271
78,24306
78,24449
78,24479
78,24519
78,24586
78,24642
78,24685
78,24776
78,24822
78,24843
78,24850
78,24932
78,24958
78,24971
78,25044
78,25121
78,25208
78,25335
78,25389
78,25419
78,25438
78,25451
78,25531
78,25541
78,25557
78,25573
78,25580
78,25611
78,25620
78,25707
78,25708
78,25772
78,25776
78,25802
78,25855
78,25881
78,25914
78,25934
78,25974
78,26004
78,26060
78,26102
78,26182
78,26185
78,26234
78,26296
78,26384
78,26430
78,26441
78,26475
78,26526
78,26591
78,26635
78,26673
78,26709
78,26769
78,26788
78,26811
78,26843
78,26888
78,26896
78,26928
78,26967
78,27101
78,27318
78,27366
78,27495
78,27550
78,27580
78,27581
78,27605
78,27652
78,27753
78,27757
78,27807
78,27829
78,27914
78,27976
78,28068
78,28081
78,28092
78,28104
78,28106
78,28127
78,28199
78,28237
78,28241
78,28249
78,28259
78,28327
78,28419
78,28453
78,28466
78,28502
78,28569
78,28580
78,28637
78,28703
78,28715
78,28716
78,28728
78,28794
78,28861
78,28877
78,28924
78,28936
78,28941
78,28976
78,29017
78,29086
78,29127
78,29143
78,29331
79,3
79,57
79,64
79,75
79,165
79,242
79,245
79,299
79,304
79,334
79,532
79,544
79,572
79,587
79,589
79,665
79,683
79,684
79,696
79,699
79,757
79,783
79,809
79,812
79,870
79,995
79,1019
79,1120
79,1174
79,1199
79,1208
79,1279
79,1360
79,1372
79,1400
79,1434
79,1437
79,1521
79,1528
79,1550
79,1554
79,1624
79,1668
79,1798
79,1832
79,1837
79,1842
79,1863
79,1906
79,1928
79,1984
79,2013
79,2039
79,2085
79,2091
79,2128
79,2173
79,2176
79,2184
79,2196
79,2266
79,2338
79,2360
79,2373
79,2447
79,2455
79,2487
79,2520
79,2539
79,2548
79,2578
79,2607
79,2615
79,2672
79,2690
79,2754
79,2785
79,2799
79,2902
79,2912
79,2921
79,3010
79,3014
79,3018
79,3032
79,3097
79,3101
79,3107
79,3120
79,3126
79,3142
79,3150
79,3162
79,3166
79,3193
79,3207
79,3212
79,3278
79,3283
79,3343
79,3344
79,3363
79,3443
79,3453
79,3456
79,3463
79,3470
79,3484
79,3578
79,3585
79,3654
79,3693
79,3841
79,3860
79,3883
79,3958
79,4033
79,4061
79,4062
79,4103
79,4171
79,4174
79,4198
79,4218
79,4249
79,4255
79,4335
79,4356
79,4380
79,4420
79,4422
79,4446
79,4473
79,4499
79,4500
79,4531
79,4542
79,4561
79,4752
79,4800
79,4821
79,4839
79,4851
79,4861
79,4867
79,4883
79,4891
79,4936
79,4970
79,5052
79,5058
79,5112
79,5169
79,5214
79,5245
79,5247
79,5268
79,5280
79,5284
79,5360
79,5516
79,5522
79,5557
79,5611
79,5613
79,5649
79,5675
79,5741
79,5750
79,5755
79,5790
79,5825
79,5909
79,5969
79,6038
79,6105
79,6120
79,6147
79,6238
79,6262
79,6347
79,6408
79,6417
79,6485
79,6493
79,6535
79,6548
79,6642
79,6690
79,6747
79,6775
79,6789
79,6792
79,6819
79,6824
79,6828
79,6842
79,6877
79,6899
79,6900
79,6953
79,6967
79,6981
79,7014
79,7037
79,7045
79,7047
79,7075
79,7076
79,7103
79,7106
79,7107
79,7170
79,7198
79,7224
79,7313
79,7316
79,7321
79,7328
79,7348
79,7363
79,7401
79,7428
79,7458
79,7489
79,7502
79,7518
79,7551
79,7568
79,7585
79,7597
79,7606
79,7625
79,7627
79,7639
79,7661
79,7679
79,7681
79,7732
79,7751
79,7764
79,7838
79,8034
79,8079
79,8134
79,8227
79,8280
79,8283
79,8292
79,8295
79,8316
79,8320
79,8339
79,8422
79,8434
79,8462
79,8542
79,8608
79,8651
79,8672
79,8691
79,8692
79,8729
79,8778
79,8805
79,8846
79,8925
79,8965
79,8967
79,8992
79,9010
79,9040
79,9041
79,9045
79,9050
79,9052
79,9097
79,9103
79,9117
79,9163
79,9203
79,9256
79,9271
79,9274
79,9278
79,9326
79,9349
79,9388
79,9389
79,9495
79,9506
79,9517
79,9538
79,9561
79,9597
79,9598
79,9617
79,9619
79,9654
79,9742
79,9843
79,9846
79,9876
79,9932
79,9956
79,10072
79,10076
79,10083
79,10110
79,10157
79,10203
79,10271
79,10283
79,10284
79,10314
79,10322
79,10328
79,10341
79,10356
79,10389
79,10477
79,10548
79,10608
79,10660
79,10667
79,10697
79,10699
79,10745
79,10929
79,10930
79,10989
79,11062
79,11082
79,11119
79,11127
79,11154
79,11160
79,11171
79,11182
79,11226
79,11250
79,11291
79,11373
79,11374
79,11403
79,11444
79,11510
79,11522
79,11642
79,11675
79,11698
79,11723
79,11771
79,11792
79,11800
79,11804
79,11805
79,11816
79,11826
79,11878
79,11906
79,11979
79,11995
79,12026
79,12072
79,12075
79,12082
79,12106
79,12153
79,12161
79,12189
79,12214
79,12248
79,12322
79,12330
79,12351
79,12364
79,12395
79,12401
79,12438
79,12473
79,12483
79,12533
79,12580
79,12604
79,12639
79,12694
79,12824
79,12856
79,12864
79,12869
79,12927
79,12933
79,12994
79,13037
79,13105
79,13180
79,13217
79,13219
79,13242
79,13335
79,13341
79,13347
79,13428
79,13443
79,13467
79,13468
79,13471
79,13483
79,13557
79,13562
79,13588
79,13609
79,13709
79,13711
79,13734
79,13770
79,13808
79,13813
79,13821
79,13829
79,13893
79,13902
79,13905
79,13908
79,13909
79,13933
79,13941
79,13952
79,14050
79,14072
79,14081
79,14136
79,14151
79,14202
79,14212
79,14277
79,14330
79,14343
79,14355
79,14404
79,14427
79,14452
79,14566
79,14567
79,14607
79,14687
79,14714
79,14715
79,14780
79,14836
79,14850
79,14859
79,14863
79,14897
79,14929
79,14959
79,15063
79,15069
79,15142
79,15149
79,15162
79,15185
79,15187
79,15209
79,15220
79,15265
79,15267
79,15284
79,15315
79,15367
79,15422
79,15442
79,15497
79,15499
79,15503
79,15699
79,15702
79,15718
79,15723
79,15735
79,15754
79,15843
79,15869
79,15878
79,15882
79,15899
79,15902
79,15918
79,15931
79,15953
79,15961
79,15979
79,16032
79,16056
79,16102
79,16127
79,16167
79,16210
79,16218
79,16266
79,16303
79,16316
79,16320
79,16371
79,16399
79,16405
79,16423
79,16425
79,16435
79,16458
79,16481
79,16488
79,16508
79,16568
79,16576
79,16582
79,16613
79,16617
79,16721
79,16739
79,16749
79,16768
79,16795
79,16870
79,16895
79,16902
79,16904
79,16938
79,16941
79,16969
79,17051
79,17068
79,17090
79,17127
79,17153
79,17163
79,17253
79,17255
79,17257
79,17267
79,17288
79,17312
79,17319
79,17324
79,17327
79,17334
79,17348
79,17376
79,17417
79,17430
79,17431
79,17450
79,17455
79,17472
79,17511
79,17521
79,17537
79,17578
79,17580
79,17637
79,17686
79,17689
79,17711
79,17770
79,17793
79,17817
79,17826
79,17837
79,17884
79,17931
79,17934
79,17943
79,17978
79,17999
79,18026
79,18077
79,18085
79,18088
79,18120
79,18132
79,18150
79,18185
79,18219
79,18243
79,18312
79,18380
79,18409
79,18488
79,18509
79,18526
79,18564
79,18571
79,18574
79,18715
79,18721
79,18730
79,18830
79,18841
79,18914
79,18925
79,18929
79,18957
79,18981
79,18986
79,19043
79,19055
79,19165
79,19273
79,19310
79,19428
79,19549
79,19623
79,19630
79,19680
79,19695
79,19697
79,19787
79,19788
79,19792
79,19808
79,19866
79,19879
79,19886
79,19895
79,19929
79,19948
79,19979
79,20006
79,20028
79,20040
79,20044
79,20101
79,20106
79,20109
79,20153
79,20179
79,20180
79,20185
79,20356
79,20424
79,20434
79,20447
79,20516
79,20517
79,20543
79,20572
79,20590
79,20644
79,20649
79,20694
79,20739
79,20765
79,20774
79,20863
79,20889
79,20932
79,20949
79,20959
79,20984
79,20992
79,21086
79,21145
79,21166
79,21171
79,21275
79,21304
79,21364
79,21385
79,21461
79,21552
79,21556
79,21573
79,21575
79,21587
79,21618
79,21634
79,21641
79,21644
79,21646
79,21654
79,21699
79,21749
79,21764
79,21802
79,21820
79,21838
79,21866
79,21931
79,21946
79,21993
79,22029
79,22071
79,22106
79,22176
79,22186
79,22199
79,22201
79,22205
79,22212
79,22243
79,22288
79,22290
79,22324
79,22385
79,22418
79,22472
79,22513
79,22577
79,22590
79,22646
79,22662
79,22681
79,22699
79,22717
79,22720
79,22726
79,22829
79,22856
79,22879
79,22899
79,22902
79,22937
79,22974
79,22991
79,23016
79,23041
79,23076
79,23078
79,23146
79,23150
79,23183
79,23207
79,23244
79,23317
79,23324
79,23335
79,23338
79,23372
79,23390
79,23448
79,23459
79,23492
79,23496
79,23627
79,23662
79,23704
79,23722
79,23736
79,23760
79,23779
79,23783
79,23811
79,23900
79,23945
79,23960
79,24066
79,24106
79,24125
79,24128
79,24148
79,24153
79,24174
79,24188
79,24241
79,24260
79,24271
79,24337
79,24359
79,24365
79,24446
79,24448
79,24454
79,24482
79,24496
79,24538
79,24564
79,24575
79,24581
79,24602
79,24642
79,24674
79,24696
79,24701
79,24741
79,24767
79,24889
79,24926
79,25047
79,25070
79,25071
79,25309
79,25326
79,25334
79,25345
79,25369
79,25373
79,25381
79,25385
79,25416
79,25419
79,25472
79,25474
79,25508
79,25548
79,25562
79,25619
79,25666
79,25766
79,25846
79,25896
79,25915
79,25967
79,25989
79,26027
79,26035
79,26066
79,26125
79,26126
79,26143
79,26255
79,26307
79,26319
79,26326
79,26432
79,26459
79,26461
79,26464
79,26524
79,26536
79,26540
79,26549
79,26626
79,26652
79,26663
79,26718
79,26723
79,26751
79,26754
79,26768
79,26788
79,26822
79,26845
79,26877
79,26881
79,26885
79,26900
79,26933
79,26960
79,26971
79,27047
79,27096
79,27107
79,27130
79,27148
79,27218
79,27221
79,27263
79,27289
79,27310
79,27330
79,27358
79,27370
79,27420
79,27428
79,27451
79,27453
79,27466
79,27469
79,27580
79,27583
79,27692
79,27748
79,27756
79,27784
79,27830
79,27895
79,27897
79,27903
79,27927
79,27960
79,28021
79,28022
79,28033
79,28070
79,28077
79,28088
79,28092
79,28103
79,28128
79,28149
79,28151
79,28216
79,28239
79,28297
79,28308
79,28316
79,28375
79,28415
79,28478
79,28614
79,28628
79,28651
79,28662
79,28665
79,28749
79,28808
79,28821
79,28840
79,28984
79,29040
79,29079
79,29091
79,29146
79,29157
79,29221
79,29240
79,29245
79,29251
79,29278
79,29280
79,29288
79,29293
79,29299
79,29330
79,29345
79,29391
79,29440
79,29474
79,29485
79,29531
79,29559
79,29566
